V1,V2,V3,V4,V5,V6,V7,Class
0,0,0,0,39,3.415,25.045,1
2,0,48,0,12,3.415,25.045,1
1,0,35,0,38,3.415,25.045,1
2,0,53,0,12,3.415,25.045,1
0,0,0,0,51,3.415,25.045,1
0,0,0,0,42,3.415,25.045,1
1,0,38,0,23,3.415,25.045,1
1,0,14,0,50,3.415,25.045,1
0,0,0,0,34,3.415,25.045,1
0,0,0,0,31,3.415,25.045,1
0,0,32,0,14,3.415,25.045,1
1,0,30,0,43,3.415,25.045,1
0,0,0,0,36,3.415,25.045,1
0,0,47,0,44,3.415,25.045,1
0,0,0,0,4,3.415,25.045,1
1,0,10,0,16,3.415,25.045,1
0,0,0,0,10,3.415,25.045,1
1,0,36,0,23,3.415,25.045,1
2,0,42,0,30,3.415,25.045,1
1,0,16,0,35,3.415,25.045,1
1,0,32,0,22,3.415,25.045,1
0,0,0,0,17,3.415,25.045,1
3,0,44,0,26,3.415,25.045,1
1,0,15,0,16,3.415,25.045,1
1,0,20,0,8,6.27,25.045,1
0,0,0,0,31,6.27,25.045,1
1,0,15,0,25,6.27,25.045,1
1,0,17,0,0,6.27,25.045,1
1,0,10,0,39,6.27,25.045,1
1,0,11,0,24,6.27,25.045,1
1,0,12,0,40,6.27,25.045,1
1,0,17,0,30,6.27,25.045,1
0,0,34,0,0,6.27,25.045,1
1,0,20,0,37,6.27,25.045,1
0,0,23,0,44,6.27,25.045,1
1,0,21,0,8,6.995,25.045,1
1,0,8,0,32,6.995,25.045,1
1,0,21,0,18,6.995,25.045,1
0,0,27,0,20,6.995,25.045,1
0,0,0,0,25,6.995,25.045,1
0,0,0,0,17,6.995,25.045,1
0,0,0,0,25,6.995,25.045,1
0,0,0,0,30,6.995,25.045,1
1,0,11,0,30,6.995,25.045,1
1,0,14,0,35,6.995,25.045,1
0,0,40,0,18,6.995,25.045,1
1,0,8,0,14,6.995,25.045,1
1,0,6,0,5,6.995,25.045,1
0,0,0,0,23,6.995,25.045,1
1,0,60,0,17,6.995,25.045,1
0,0,0,0,42,6.995,25.045,1
2,0,53,0,27,6.995,25.045,1
0,0,0,0,11,6.995,25.045,1
0,0,0,0,10,6.995,25.045,1
0,0,0,0,23,6.995,27.63,1
0,0,0,0,22,6.995,27.63,1
0,0,27,0,8,6.995,27.63,1
0,0,0,0,12,6.995,27.63,1
1,0,10,0,32,6.995,27.63,1
1,0,22,0,27,6.995,27.63,1
1,0,30,0,8,6.995,27.63,1
1,0,24,0,5,6.995,27.63,1
1,0,33,0,8,6.995,27.63,1
1,0,17,0,0,6.995,27.63,1
0,0,0,0,6,6.995,29.652,1
0,0,0,0,37,6.995,29.652,1
1,0,38,0,14,6.995,29.652,1
1,0,14,0,38,6.995,29.652,1
1,0,21,0,35,6.995,29.652,1
1,0,16,0,0,6.995,29.652,1
1,0,24,0,12,6.995,29.652,1
0,0,0,0,-2,6.995,29.652,1
0,0,0,0,38,7.67,29.652,1
1,0,24,0,45,7.67,29.652,1
0,0,0,0,7,7.67,29.652,1
1,0,4,0,44,7.67,29.652,1
0,0,0,0,36,7.67,29.652,1
1,0,18,0,17,7.67,29.652,1
0,0,0,0,29,7.67,29.652,1
0,0,0,0,22,7.67,29.652,1
0,0,0,0,21,7.67,29.652,1
0,0,0,0,8,7.67,29.652,1
1,0,12,0,16,7.67,29.652,1
1,0,32,0,10,7.67,29.652,1
1,0,8,0,18,7.67,29.652,1
1,0,16,0,29,7.67,29.652,1
0,0,0,0,34,7.67,29.652,1
0,0,0,0,8,8.530000000000001,29.652,1
3,0,44,0,12,8.530000000000001,29.652,1
1,0,5,0,27,8.530000000000001,29.652,1
1,0,16,0,10,8.530000000000001,29.652,1
1,0,12,0,7,8.530000000000001,29.652,1
1,0,46,0,10,8.530000000000001,29.652,1
0,0,0,0,17,8.530000000000001,29.652,1
1,0,12,0,7,8.530000000000001,29.652,1
0,0,0,0,0,8.530000000000001,29.652,1
0,0,0,0,39,8.530000000000001,29.652,1
1,0,8,0,47,8.530000000000001,29.652,1
0,0,0,0,16,8.530000000000001,29.652,1
0,0,27,0,19,8.530000000000001,29.652,1
1,0,13,0,48,8.530000000000001,29.652,1
1,0,20,0,6,8.530000000000001,29.652,1
1,0,13,0,38,8.530000000000001,29.652,1
1,0,39,0,-2,8.530000000000001,29.652,1
1,0,13,0,23,8.530000000000001,29.652,1
1,0,22,0,9,8.530000000000001,29.652,1
1,0,24,0,18,8.530000000000001,29.652,1
1,0,30,0,40,8.530000000000001,29.652,1
0,0,40,0,37,8.530000000000001,29.652,1
0,0,0,0,30,8.530000000000001,29.652,1
2,0,19,0,18,8.530000000000001,29.652,1
1,0,16,0,34,8.530000000000001,29.652,1
1,0,24,0,17,8.530000000000001,29.652,1
1,0,21,0,20,8.530000000000001,29.652,1
0,0,0,0,6,8.530000000000001,29.652,1
1,0,27,0,23,8.530000000000001,29.652,1
0,0,0,0,18,8.530000000000001,29.652,1
0,0,0,0,40,8.530000000000001,29.652,1
0,0,0,0,21,8.530000000000001,29.652,1
0,0,0,0,29,8.530000000000001,31.717000000000002,1
0,0,0,0,36,8.530000000000001,31.717000000000002,1
1,0,39,0,23,8.530000000000001,31.717000000000002,1
0,0,29,0,37,8.530000000000001,31.717000000000002,1
0,0,23,0,22,9.5,31.717000000000002,1
1,0,12,0,21,9.5,31.717000000000002,1
1,0,26,0,26,9.5,31.717000000000002,1
1,0,35,0,27,9.5,31.717000000000002,1
1,0,18,0,6,9.5,31.717000000000002,1
1,0,21,0,24,9.5,31.717000000000002,1
2,0,19,0,18,9.5,31.717000000000002,1
1,0,18,0,23,9.5,31.717000000000002,1
2,0,53,0,32,9.5,31.717000000000002,1
0,0,0,0,7,9.5,31.717000000000002,1
1,0,16,0,0,9.5,31.717000000000002,1
1,0,28,0,17,9.5,31.717000000000002,1
1,0,26,0,6,9.5,31.717000000000002,1
1,0,21,0,27,9.5,31.717000000000002,1
2,0,43,0,20,9.5,31.717000000000002,1
1,0,35,0,39,9.5,33.370000000000005,1
1,0,22,0,11,9.5,33.370000000000005,1
1,0,27,0,12,9.5,33.370000000000005,1
1,0,14,0,8,9.5,33.370000000000005,1
1,0,20,0,24,9.5,33.370000000000005,1
0,0,0,0,24,9.5,33.370000000000005,1
1,0,7,0,18,9.5,33.370000000000005,1
1,0,18,0,21,9.5,33.370000000000005,1
1,0,28,0,8,9.5,33.370000000000005,1
0,0,0,0,33,9.5,33.370000000000005,1
3,0,53,0,11,9.5,33.370000000000005,1
1,0,24,0,8,9.5,33.370000000000005,1
0,0,0,0,14,9.5,33.370000000000005,1
1,0,4,0,25,9.5,33.370000000000005,1
1,0,25,0,38,9.5,33.370000000000005,1
1,0,60,0,31,9.5,33.370000000000005,1
0,0,0,0,22,9.5,33.370000000000005,1
0,0,0,0,58,9.5,33.370000000000005,1
1,0,24,0,6,9.5,33.370000000000005,1
1,0,8,0,-2,9.5,33.370000000000005,1
1,0,15,0,10,9.5,33.370000000000005,1
0,0,9,0,9,9.5,33.370000000000005,1
0,0,0,0,20,9.5,33.370000000000005,1
1,0,8,0,11,9.5,33.370000000000005,1
1,0,30,0,7,9.5,33.370000000000005,1
1,0,6,0,-2,9.5,33.370000000000005,1
1,0,21,0,15,9.5,33.370000000000005,1
1,0,12,0,21,10.5,33.370000000000005,1
0,0,0,0,33,10.5,33.370000000000005,1
1,0,12,0,25,10.5,33.370000000000005,1
0,0,34,0,22,10.5,33.370000000000005,1
0,0,0,0,19,10.5,33.370000000000005,1
1,0,13,0,7,10.5,33.370000000000005,1
0,0,45,0,10,10.5,33.370000000000005,1
1,0,32,0,27,10.5,33.370000000000005,1
1,0,38,0,14,10.5,33.370000000000005,1
1,0,17,0,29,10.5,33.370000000000005,1
1,0,8,0,32,10.5,33.370000000000005,1
1,0,12,0,28,10.5,33.370000000000005,1
0,0,0,0,21,10.5,33.370000000000005,1
1,0,37,0,1,10.5,33.370000000000005,1
1,0,22,0,47,10.5,33.370000000000005,1
1,0,5,0,6,10.5,33.370000000000005,1
1,0,10,0,21,10.5,33.370000000000005,1
1,0,24,0,17,10.5,33.370000000000005,1
1,0,25,0,4,10.5,33.370000000000005,1
0,0,0,0,11,10.5,33.370000000000005,1
1,0,27,0,21,10.5,33.370000000000005,1
1,0,37,0,7,10.5,33.370000000000005,1
0,0,0,0,27,10.5,33.370000000000005,1
1,0,22,0,21,10.5,33.370000000000005,1
0,0,0,0,32,10.5,33.370000000000005,1
0,0,0,0,20,10.5,33.370000000000005,1
1,0,11,0,41,10.5,33.370000000000005,1
1,0,12,0,26,10.5,33.370000000000005,1
0,0,31,0,28,10.5,33.370000000000005,1
0,0,0,0,36,10.5,33.370000000000005,1
1,0,25,0,12,10.5,33.370000000000005,1
1,0,16,0,16,11.35,33.370000000000005,1
1,0,29,0,5,11.35,33.370000000000005,1
0,0,0,0,26,11.35,34.980000000000004,1
1,0,13,0,29,11.35,34.980000000000004,1
1,0,10,0,36,11.35,34.980000000000004,1
1,0,15,0,12,11.35,34.980000000000004,1
1,0,10,0,12,11.35,34.980000000000004,1
0,0,0,0,38,11.35,34.980000000000004,1
0,0,0,0,0,11.35,34.980000000000004,1
1,0,16,0,34,11.35,34.980000000000004,1
1,0,22,0,23,11.35,34.980000000000004,1
0,0,0,0,0,11.35,34.980000000000004,1
1,0,21,0,22,11.35,34.980000000000004,1
1,0,17,0,32,11.35,34.980000000000004,1
1,0,20,0,21,11.35,34.980000000000004,1
1,0,7,0,30,11.35,34.980000000000004,1
1,0,8,0,38,11.35,34.980000000000004,1
1,0,38,0,12,11.35,34.980000000000004,1
2,0,56,0,34,11.35,34.980000000000004,1
0,0,34,0,8,11.35,34.980000000000004,1
1,0,38,0,36,11.35,34.980000000000004,1
1,0,36,0,7,11.35,34.980000000000004,1
1,0,7,0,4,11.35,34.980000000000004,1
1,0,30,0,13,11.35,34.980000000000004,1
1,0,8,0,7,11.35,34.980000000000004,1
1,0,24,0,33,12.35,34.980000000000004,1
0,0,0,0,24,12.35,34.980000000000004,1
1,0,21,0,0,12.35,34.980000000000004,1
0,0,0,0,22,12.35,34.980000000000004,1
1,0,22,0,33,12.35,34.980000000000004,1
1,0,14,0,20,12.35,34.980000000000004,1
0,0,0,0,21,12.35,34.980000000000004,1
0,0,0,0,10,12.35,34.980000000000004,1
1,0,22,0,18,3.415,18.575000000000003,2
0,0,0,0,26,12.35,34.980000000000004,1
0,0,0,0,33,12.35,34.980000000000004,1
0,0,0,0,20,12.35,34.980000000000004,1
1,0,35,0,6,3.415,18.575000000000003,2
0,0,0,0,18,12.35,34.980000000000004,1
0,0,0,0,13,12.35,34.980000000000004,1
0,0,0,0,35,12.35,34.980000000000004,1
1,0,10,0,6,3.415,18.575000000000003,2
1,0,31,0,12,3.415,18.575000000000003,2
1,0,20,0,10,3.415,18.575000000000003,2
0,0,0,0,34,12.35,34.980000000000004,1
0,0,0,0,24,12.35,34.980000000000004,1
0,0,47,0,30,12.35,34.980000000000004,1
1,0,17,0,20,3.415,18.575000000000003,2
1,0,20,0,49,3.415,18.575000000000003,2
1,0,32,0,11,3.415,18.575000000000003,2
1,0,7,0,36,3.415,18.575000000000003,2
2,0,45,0,38,12.35,34.980000000000004,1
1,0,32,0,27,3.415,18.575000000000003,2
1,0,60,0,6,3.415,18.575000000000003,2
0,0,0,0,30,12.35,34.980000000000004,1
1,0,18,0,14,3.415,27.63,2
1,0,12,0,27,3.415,27.63,2
1,0,17,0,27,3.415,27.63,2
1,0,17,0,0,3.415,27.63,2
0,0,0,0,29,12.35,34.980000000000004,1
1,0,32,0,31,3.415,27.63,2
1,0,18,0,28,3.415,27.63,2
0,0,0,0,0,12.35,34.980000000000004,1
1,0,5,0,33,3.415,29.652,2
1,0,26,0,9,3.415,29.652,2
2,0,45,0,31,12.35,34.980000000000004,1
1,0,20,0,10,3.415,29.652,2
3,0,53,0,30,12.35,34.980000000000004,1
0,0,9,0,36,12.35,34.980000000000004,1
1,0,21,0,16,3.415,29.652,2
0,0,0,0,42,12.35,34.980000000000004,1
1,0,12,0,18,3.415,29.652,2
0,0,0,0,42,12.35,34.980000000000004,1
1,0,26,0,25,3.415,29.652,2
0,0,0,0,4,12.35,36.45,1
1,0,35,0,20,3.415,29.652,2
1,0,31,0,20,3.415,29.652,2
1,0,16,0,8,3.415,29.652,2
1,0,7,0,20,3.415,29.652,2
0,0,0,0,41,12.35,36.45,1
0,0,0,0,7,12.35,36.45,1
1,0,22,0,25,3.415,29.652,2
0,0,0,0,14,12.35,36.45,1
1,0,25,0,17,3.415,29.652,2
1,0,8,0,18,3.415,29.652,2
0,0,0,0,6,12.35,36.45,1
1,0,32,0,10,3.415,29.652,2
3,0,53,0,24,12.35,36.45,1
0,0,0,0,30,12.35,36.45,1
1,0,7,0,15,3.415,29.652,2
1,0,15,0,1,3.415,29.652,2
2,0,45,0,24,12.35,36.45,1
1,0,25,0,40,3.415,29.652,2
3,0,46,0,27,12.35,36.45,1
0,0,0,0,16,12.35,36.45,1
1,0,22,0,26,3.415,29.652,2
1,0,12,0,36,3.415,29.652,2
0,0,0,0,23,12.35,36.45,1
0,0,0,0,42,12.35,36.45,1
0,0,0,0,12,12.35,36.45,1
0,0,0,0,17,12.35,36.45,1
1,0,24,0,21,3.415,29.652,2
0,0,0,0,9,12.35,36.45,1
1,0,5,0,16,3.415,29.652,2
0,0,0,0,43,12.35,36.45,1
1,0,24,0,33,3.415,29.652,2
0,0,0,0,36,12.35,36.45,1
1,0,21,0,1,3.415,31.717000000000002,2
1,0,36,0,33,3.415,31.717000000000002,2
0,0,0,0,31,12.35,36.45,1
1,0,12,0,0,3.415,31.717000000000002,2
0,0,0,0,30,12.35,36.45,1
0,0,0,0,9,12.35,36.45,1
0,0,0,0,30,12.35,36.45,1
1,0,8,0,22,3.415,31.717000000000002,2
1,0,37,0,17,3.415,31.717000000000002,2
1,0,10,0,28,3.415,31.717000000000002,2
1,0,6,0,29,3.415,31.717000000000002,2
0,0,0,0,16,12.35,36.45,1
1,0,6,0,43,3.415,31.717000000000002,2
1,0,22,0,21,3.415,31.717000000000002,2
1,0,33,0,37,3.415,31.717000000000002,2
0,0,0,0,9,12.35,36.45,1
0,0,0,0,5,12.35,36.45,1
1,0,14,0,22,3.415,31.717000000000002,2
1,0,9,0,33,6.27,31.717000000000002,2
3,0,44,0,20,12.35,36.45,1
1,0,32,0,7,6.27,31.717000000000002,2
0,0,34,0,36,12.35,36.45,1
1,0,21,0,44,6.27,31.717000000000002,2
1,0,21,0,22,6.27,31.717000000000002,2
2,0,45,0,8,12.35,36.45,1
0,0,0,0,32,12.35,36.45,1
0,0,0,0,19,12.35,36.45,1
0,0,0,0,30,12.35,36.45,1
1,0,14,0,22,6.27,31.717000000000002,2
1,0,21,0,22,6.27,31.717000000000002,2
1,0,18,0,0,6.27,31.717000000000002,2
1,0,32,0,18,6.27,31.717000000000002,2
1,0,11,0,13,6.27,31.717000000000002,2
1,0,35,0,58,6.27,33.370000000000005,2
0,0,0,0,31,12.35,36.45,1
1,0,16,0,15,6.27,33.370000000000005,2
0,0,0,0,47,13.5,36.45,1
0,0,23,0,5,13.5,36.45,1
1,0,30,0,0,6.27,33.370000000000005,2
1,0,25,0,6,6.27,33.370000000000005,2
1,0,18,0,10,6.27,33.370000000000005,2
0,0,0,0,22,13.5,36.45,1
1,0,6,0,24,6.27,33.370000000000005,2
1,0,9,0,7,6.27,33.370000000000005,2
0,0,0,0,17,13.5,36.45,1
1,0,4,0,48,6.27,33.370000000000005,2
2,0,10,0,53,13.5,36.45,1
1,0,13,0,20,6.27,33.370000000000005,2
1,0,11,0,18,6.27,33.370000000000005,2
0,0,0,0,42,13.5,36.45,1
1,0,18,0,6,6.27,33.370000000000005,2
2,0,45,0,6,13.5,36.45,1
1,0,24,0,34,6.27,33.370000000000005,2
1,0,21,0,35,6.27,33.370000000000005,2
1,0,12,0,27,6.27,33.370000000000005,2
0,0,0,0,42,13.5,36.45,1
0,0,0,0,8,13.5,36.45,1
1,0,24,0,28,6.27,33.370000000000005,2
1,0,16,0,22,6.27,33.370000000000005,2
1,0,30,0,9,6.27,33.370000000000005,2
0,0,0,0,6,6.27,33.370000000000005,2
1,0,7,0,24,6.27,33.370000000000005,2
0,0,0,0,13,6.27,33.370000000000005,2
1,0,31,0,7,6.27,33.370000000000005,2
0,0,0,0,18,6.27,34.980000000000004,2
0,0,34,0,2,6.27,34.980000000000004,2
0,0,23,0,14,6.27,34.980000000000004,2
1,0,24,0,7,6.27,34.980000000000004,2
1,0,28,0,24,6.27,34.980000000000004,2
1,0,12,0,22,6.27,34.980000000000004,2
1,0,7,0,53,6.27,34.980000000000004,2
0,0,0,0,38,6.27,34.980000000000004,2
0,0,23,0,32,6.27,34.980000000000004,2
1,0,12,0,9,6.27,34.980000000000004,2
0,0,0,0,16,6.27,34.980000000000004,2
0,0,0,0,0,6.27,34.980000000000004,2
1,0,9,0,7,6.27,34.980000000000004,2
1,0,25,0,35,6.27,34.980000000000004,2
1,0,11,0,7,6.27,36.45,2
3,0,46,0,26,13.5,36.45,1
0,0,0,0,0,6.27,36.45,2
0,0,0,0,10,6.27,36.45,2
1,0,25,0,35,6.27,36.45,2
1,0,20,0,11,6.27,36.45,2
1,0,20,0,8,6.27,36.45,2
2,0,19,0,18,13.5,36.45,1
1,0,21,0,6,6.27,36.45,2
0,0,34,0,30,6.27,36.45,2
2,0,10,0,7,13.5,36.45,1
1,0,13,0,11,6.27,36.45,2
2,0,52,0,31,13.5,36.45,1
0,0,0,0,0,6.27,36.45,2
0,0,0,0,26,6.27,36.45,2
1,0,7,0,23,6.27,36.45,2
0,0,34,0,34,6.27,36.45,2
0,0,0,0,57,6.995,36.45,2
1,0,24,0,33,6.995,36.45,2
0,0,0,0,24,6.995,36.45,2
0,0,0,0,0,6.995,36.45,2
3,0,46,0,38,13.5,36.45,1
0,0,0,0,32,6.995,36.45,2
1,0,31,0,46,6.995,36.45,2
2,0,19,0,30,13.5,37.875,1
0,0,0,0,10,6.995,36.45,2
1,0,27,0,0,6.995,36.45,2
1,0,26,0,4,6.995,37.875,2
1,0,60,0,45,6.995,37.875,2
0,0,47,0,20,6.995,37.875,2
0,0,0,0,10,6.995,37.875,2
1,0,13,0,45,6.995,37.875,2
0,0,0,0,24,6.995,37.875,2
2,0,56,0,22,13.5,37.875,1
1,0,7,0,9,6.995,37.875,2
1,0,18,0,11,6.995,37.875,2
1,0,30,0,18,6.995,37.875,2
1,0,31,0,16,6.995,37.875,2
0,0,0,0,12,6.995,37.875,2
0,0,0,0,24,6.995,37.875,2
1,0,6,0,26,6.995,37.875,2
0,0,0,0,27,6.995,37.875,2
1,0,12,0,38,6.995,37.875,2
0,0,23,0,22,6.995,37.875,2
0,0,0,0,47,6.995,37.875,2
0,0,0,0,7,6.995,37.875,2
1,0,14,0,31,6.995,37.875,2
0,0,0,0,18,6.995,37.875,2
0,0,0,0,7,6.995,37.875,2
1,0,24,0,-2,6.995,39.315,2
1,0,12,0,2,6.995,39.315,2
1,0,9,0,16,6.995,39.315,2
1,0,30,0,20,6.995,39.315,2
0,0,0,0,17,6.995,39.315,2
0,0,0,0,22,6.995,39.315,2
1,0,22,0,10,6.995,39.315,2
0,0,0,0,35,6.995,39.315,2
0,0,0,0,23,6.995,39.315,2
1,0,5,0,28,6.995,39.315,2
2,0,17,0,28,13.5,37.875,1
1,0,5,0,26,6.995,39.315,2
2,0,10,0,27,13.5,37.875,1
0,0,0,0,12,6.995,39.315,2
1,0,9,0,30,6.995,39.315,2
2,0,45,0,34,13.5,37.875,1
0,0,0,0,4,6.995,39.315,2
1,0,12,0,10,6.995,39.315,2
1,0,36,0,6,6.995,39.315,2
1,0,26,0,30,6.995,39.315,2
2,0,52,0,31,13.5,37.875,1
2,0,10,0,34,13.5,37.875,1
1,0,4,0,8,6.995,39.315,2
1,0,6,0,8,6.995,39.315,2
1,0,37,0,32,6.995,39.315,2
1,0,36,0,17,6.995,39.315,2
0,0,0,0,13,6.995,39.315,2
1,0,30,0,0,6.995,39.315,2
1,0,4,0,11,6.995,39.315,2
1,0,24,0,13,6.995,40.67,2
1,0,7,0,1,6.995,40.67,2
2,0,19,0,31,13.5,37.875,1
1,0,6,0,22,6.995,40.67,2
0,0,47,0,17,6.995,40.67,2
1,0,31,0,35,6.995,40.67,2
1,0,8,0,0,6.995,40.67,2
2,0,48,0,12,13.5,37.875,1
1,0,41,0,34,6.995,40.67,2
1,0,7,0,13,7.67,40.67,2
1,0,8,0,16,7.67,40.67,2
1,0,30,0,27,7.67,40.67,2
0,0,0,0,11,7.67,40.67,2
1,0,38,0,11,7.67,40.67,2
1,0,14,0,1,7.67,40.67,2
1,0,21,0,34,7.67,40.67,2
1,0,20,0,24,7.67,40.67,2
1,0,24,0,7,7.67,40.67,2
0,0,0,0,19,7.67,40.67,2
1,0,41,0,24,7.67,40.67,2
1,0,63,0,12,7.67,40.67,2
0,0,0,0,9,7.67,40.67,2
2,0,52,0,33,13.5,37.875,1
1,0,18,0,10,7.67,40.67,2
2,0,42,0,7,13.5,37.875,1
0,0,40,0,19,7.67,40.67,2
1,0,30,0,25,7.67,40.67,2
1,0,6,0,16,7.67,40.67,2
1,0,8,0,25,7.67,40.67,2
2,0,10,0,13,13.5,37.875,1
0,0,0,0,2,7.67,40.67,2
1,0,8,0,14,7.67,40.67,2
1,0,7,0,30,7.67,40.67,2
0,0,0,0,7,8.530000000000001,40.67,2
0,0,0,0,31,8.530000000000001,40.67,2
0,0,0,0,12,8.530000000000001,40.67,2
0,0,0,0,10,8.530000000000001,40.67,2
1,0,15,0,6,8.530000000000001,40.67,2
0,0,0,0,40,8.530000000000001,40.67,2
0,0,0,0,21,8.530000000000001,40.67,2
0,0,0,0,10,8.530000000000001,40.67,2
1,0,6,0,33,8.530000000000001,40.67,2
1,0,35,0,27,8.530000000000001,40.67,2
1,0,63,0,13,8.530000000000001,40.67,2
1,0,6,0,27,8.530000000000001,40.67,2
0,0,0,0,7,8.530000000000001,40.67,2
1,0,6,0,31,8.530000000000001,43.345,2
1,0,20,0,50,8.530000000000001,43.345,2
1,0,12,0,39,8.530000000000001,43.345,2
1,0,24,0,25,8.530000000000001,43.345,2
1,0,22,0,24,8.530000000000001,43.345,2
1,0,24,0,7,8.530000000000001,43.345,2
0,0,0,0,20,8.530000000000001,43.345,2
1,0,34,0,45,9.5,43.345,2
1,0,39,0,16,9.5,43.345,2
0,0,0,0,10,9.5,43.345,2
2,0,19,0,37,13.5,37.875,1
0,0,0,0,45,9.5,43.345,2
1,0,41,0,18,9.5,43.345,2
0,0,0,0,30,9.5,43.345,2
0,0,47,0,7,9.5,43.345,2
1,0,36,0,52,9.5,43.345,2
1,0,25,0,41,3.415,29.652,3
0,0,0,0,24,9.5,43.345,2
1,0,16,0,0,3.415,29.652,3
1,0,24,0,6,3.415,29.652,3
1,0,7,0,20,3.415,29.652,3
1,0,21,0,13,3.415,29.652,3
2,0,19,0,12,13.5,37.875,1
1,0,14,0,30,3.415,29.652,3
2,0,19,0,10,13.5,37.875,1
1,0,34,0,12,3.415,29.652,3
0,0,0,0,34,9.5,43.345,2
1,0,12,0,5,3.415,29.652,3
1,0,35,0,50,3.415,29.652,3
1,0,8,0,36,3.415,29.652,3
2,0,17,0,11,13.5,37.875,1
1,0,22,0,19,3.415,29.652,3
2,0,43,0,42,13.5,37.875,1
0,0,0,0,10,9.5,43.345,2
0,0,0,0,9,9.5,43.345,2
1,0,6,0,2,3.415,29.652,3
0,0,0,0,27,9.5,43.345,2
1,0,18,0,0,3.415,29.652,3
1,0,7,0,13,3.415,29.652,3
0,0,0,0,36,9.5,43.345,2
0,0,0,0,28,9.5,43.345,2
1,0,9,0,10,3.415,29.652,3
0,0,54,0,19,9.5,43.345,2
1,0,26,0,26,3.415,29.652,3
0,0,0,0,49,9.5,43.345,2
3,0,46,0,18,13.5,37.875,1
1,0,26,0,23,3.415,29.652,3
0,0,0,0,-2,9.5,43.345,2
1,0,25,0,10,3.415,29.652,3
1,0,15,0,7,3.415,29.652,3
1,0,27,0,29,3.415,29.652,3
0,0,0,0,29,9.5,43.345,2
1,0,33,0,13,3.415,29.652,3
0,0,0,0,27,9.5,43.345,2
0,0,0,0,52,9.5,43.345,2
2,0,58,0,36,13.5,37.875,1
1,0,7,0,14,3.415,29.652,3
0,0,0,0,31,9.5,43.345,2
1,0,8,0,13,3.415,29.652,3
1,0,18,0,0,3.415,29.652,3
0,0,0,0,52,9.5,43.345,2
1,0,38,0,6,3.415,29.652,3
1,0,37,0,12,3.415,29.652,3
0,0,0,0,34,9.5,43.345,2
0,0,0,0,24,9.5,43.345,2
1,0,6,0,12,3.415,29.652,3
1,0,28,0,23,3.415,29.652,3
0,0,0,0,32,9.5,43.345,2
1,0,20,0,26,3.415,29.652,3
0,0,0,0,28,9.5,43.345,2
1,0,29,0,0,3.415,29.652,3
1,0,24,0,5,3.415,29.652,3
3,0,53,0,32,13.5,37.875,1
1,0,14,0,1,3.415,29.652,3
0,0,0,0,6,9.5,43.345,2
0,0,0,0,42,9.5,43.345,2
0,0,0,0,24,9.5,43.345,2
1,0,25,0,37,3.415,29.652,3
1,0,20,0,44,3.415,29.652,3
0,0,0,0,22,9.5,43.345,2
1,0,13,0,22,3.415,29.652,3
0,0,0,0,30,9.5,43.345,2
1,0,13,0,7,3.415,29.652,3
1,0,16,0,28,3.415,29.652,3
1,0,7,0,12,3.415,29.652,3
1,0,27,0,13,3.415,29.652,3
0,0,0,0,10,9.5,43.345,2
0,0,0,0,34,9.5,43.345,2
3,0,53,0,11,13.5,37.875,1
1,0,25,0,40,3.415,29.652,3
1,0,25,0,24,3.415,29.652,3
1,0,24,0,28,3.415,29.652,3
0,0,0,0,35,9.5,43.345,2
0,0,0,0,24,9.5,45.235,2
1,0,27,0,16,3.415,29.652,3
1,0,18,0,12,3.415,29.652,3
2,0,43,0,21,13.5,37.875,1
0,0,0,0,30,9.5,45.235,2
0,0,0,0,13,10.5,45.235,2
2,0,10,0,25,13.5,37.875,1
0,0,0,0,15,10.5,45.235,2
1,0,6,0,32,3.415,31.717000000000002,3
0,0,0,0,39,10.5,45.235,2
0,0,0,0,8,10.5,45.235,2
1,0,13,0,38,3.415,31.717000000000002,3
1,0,7,0,30,3.415,31.717000000000002,3
0,0,0,0,10,10.5,45.235,2
0,0,0,0,37,10.5,45.235,2
1,0,31,0,12,3.415,31.717000000000002,3
1,0,6,0,12,3.415,31.717000000000002,3
1,0,32,0,16,3.415,33.370000000000005,3
1,0,14,0,37,3.415,33.370000000000005,3
1,0,12,0,25,3.415,33.370000000000005,3
1,0,30,0,39,3.415,33.370000000000005,3
1,0,36,0,38,3.415,33.370000000000005,3
1,0,16,0,24,3.415,33.370000000000005,3
1,0,14,0,8,3.415,33.370000000000005,3
1,0,24,0,0,3.415,33.370000000000005,3
1,0,18,0,28,3.415,33.370000000000005,3
2,0,45,0,9,13.5,37.875,1
0,0,54,0,13,10.5,45.235,2
0,0,0,0,26,10.5,45.235,2
1,0,11,0,12,3.415,33.370000000000005,3
1,0,14,0,43,3.415,33.370000000000005,3
0,0,0,0,7,10.5,45.235,2
1,0,25,0,38,3.415,33.370000000000005,3
1,0,20,0,0,3.415,33.370000000000005,3
2,0,48,0,28,13.5,37.875,1
1,0,6,0,18,3.415,33.370000000000005,3
1,0,36,0,22,3.415,33.370000000000005,3
1,0,20,0,24,3.415,33.370000000000005,3
0,0,0,0,43,10.5,45.235,2
2,0,48,0,21,13.5,37.875,1
1,0,22,0,16,3.415,33.370000000000005,3
1,0,11,0,10,3.415,33.370000000000005,3
0,0,0,0,22,10.5,45.235,2
1,0,22,0,4,3.415,33.370000000000005,3
1,0,7,0,26,3.415,33.370000000000005,3
2,0,19,0,20,13.5,37.875,1
0,0,0,0,21,10.5,45.235,2
1,0,8,0,35,3.415,33.370000000000005,3
0,0,0,0,33,10.5,45.235,2
0,0,0,0,0,10.5,45.235,2
0,0,0,0,32,10.5,45.235,2
1,0,24,0,19,3.415,33.370000000000005,3
1,0,22,0,8,3.415,33.370000000000005,3
2,0,10,0,43,13.5,37.875,1
1,0,11,0,12,3.415,33.370000000000005,3
1,0,32,0,20,3.415,33.370000000000005,3
1,0,21,0,38,6.27,33.370000000000005,3
1,0,23,0,11,6.27,33.370000000000005,3
0,0,0,0,11,10.5,45.235,2
1,0,24,0,14,6.27,33.370000000000005,3
1,0,7,0,33,6.27,33.370000000000005,3
1,0,16,0,10,6.27,33.370000000000005,3
1,0,26,0,34,6.27,33.370000000000005,3
1,0,9,0,10,6.27,33.370000000000005,3
1,0,18,0,54,6.27,33.370000000000005,3
1,0,21,0,12,6.27,33.370000000000005,3
2,0,10,0,19,14.5,37.875,1
1,0,13,0,31,6.27,33.370000000000005,3
0,0,0,0,55,10.5,45.235,2
1,0,14,0,6,6.27,33.370000000000005,3
1,0,12,0,27,6.27,33.370000000000005,3
0,0,0,0,14,10.5,45.235,2
0,0,0,0,46,10.5,45.235,2
1,0,18,0,7,6.27,33.370000000000005,3
0,0,0,0,34,10.5,45.235,2
1,0,12,0,16,6.27,33.370000000000005,3
0,0,0,0,46,10.5,45.235,2
0,0,0,0,6,10.5,45.235,2
1,0,21,0,10,6.27,33.370000000000005,3
0,0,0,0,6,10.5,45.235,2
0,0,0,0,30,10.5,45.235,2
1,0,33,0,18,6.27,33.370000000000005,3
0,0,0,0,21,10.5,45.235,2
1,0,31,0,34,6.27,33.370000000000005,3
1,0,18,0,30,6.27,33.370000000000005,3
1,0,25,0,12,6.27,33.370000000000005,3
1,0,29,0,13,6.27,33.370000000000005,3
0,0,0,0,47,10.5,45.235,2
1,0,18,0,36,6.27,33.370000000000005,3
1,0,6,0,12,6.27,36.45,3
1,0,25,0,18,6.27,36.45,3
0,0,47,0,11,10.5,45.235,2
1,0,30,0,9,6.27,36.45,3
1,0,14,0,11,6.27,36.45,3
1,0,14,0,6,6.27,36.45,3
1,0,14,0,28,6.27,36.45,3
1,0,11,0,14,6.27,36.45,3
2,0,17,0,24,14.5,37.875,1
1,0,22,0,27,6.27,36.45,3
0,0,0,0,23,10.5,45.235,2
1,0,24,0,17,6.27,36.45,3
1,0,21,0,0,6.995,36.45,3
0,0,0,0,8,10.5,45.235,2
0,0,0,0,47,10.5,45.235,2
1,0,21,0,12,6.995,36.45,3
1,0,22,0,20,6.995,36.45,3
1,0,20,0,16,6.995,36.45,3
1,0,18,0,27,6.995,36.45,3
1,0,31,0,41,6.995,36.45,3
1,0,13,0,24,6.995,36.45,3
2,0,19,0,22,14.5,37.875,1
1,0,18,0,0,6.995,36.45,3
1,0,8,0,53,6.995,36.45,3
1,0,11,0,11,6.995,36.45,3
0,0,0,0,21,10.5,45.235,2
1,0,29,0,12,6.995,36.45,3
1,0,11,0,11,6.995,36.45,3
1,0,36,0,8,6.995,36.45,3
1,0,38,0,57,6.995,36.45,3
1,0,21,0,18,6.995,36.45,3
1,0,32,0,12,6.995,36.45,3
2,0,17,0,35,14.5,37.875,1
1,0,30,0,23,6.995,36.45,3
0,0,0,0,55,10.5,45.235,2
1,0,8,0,26,6.995,36.45,3
1,0,8,0,18,6.995,36.45,3
1,0,22,0,20,6.995,36.45,3
1,0,22,0,7,3.415,25.045,4
1,0,9,0,12,3.415,25.045,4
1,0,14,0,32,6.27,25.045,4
0,0,0,0,24,10.5,45.235,2
1,0,14,0,34,6.27,25.045,4
0,0,0,0,0,10.5,45.235,2
1,0,9,0,9,6.27,25.045,4
2,0,17,0,13,14.5,37.875,1
1,0,29,0,35,6.27,25.045,4
0,0,0,0,9,10.5,45.235,2
1,0,25,0,12,6.27,25.045,4
0,0,0,0,55,10.5,45.235,2
1,0,30,0,6,6.27,25.045,4
3,0,46,0,43,14.5,37.875,1
0,0,0,0,14,11.35,45.235,2
0,0,0,0,8,11.35,45.235,2
1,0,27,0,0,6.27,25.045,4
1,0,38,0,16,6.27,25.045,4
1,0,22,0,12,6.27,25.045,4
3,0,44,0,11,14.5,37.875,1
1,0,20,0,36,6.27,25.045,4
0,0,0,0,18,6.995,36.45,3
1,0,16,0,8,6.27,25.045,4
1,0,20,0,19,6.27,25.045,4
1,0,22,0,28,6.27,25.045,4
1,0,30,0,13,6.27,25.045,4
1,0,35,0,11,6.27,25.045,4
1,0,8,0,17,6.27,25.045,4
0,0,0,0,35,6.995,36.45,3
1,0,24,0,29,6.27,25.045,4
1,0,35,0,25,6.27,25.045,4
1,0,21,0,38,6.27,25.045,4
1,0,21,0,15,6.27,25.045,4
1,0,23,0,8,6.27,25.045,4
2,0,43,0,14,14.5,37.875,1
1,0,14,0,27,6.27,25.045,4
0,0,0,0,19,6.995,39.315,3
3,0,49,0,13,14.5,37.875,1
1,0,22,0,26,6.27,25.045,4
0,0,0,0,38,6.995,39.315,3
1,0,28,0,11,6.27,25.045,4
1,0,29,0,12,6.27,25.045,4
0,0,0,0,29,6.995,39.315,3
0,0,0,0,9,6.995,39.315,3
0,0,0,0,32,6.995,39.315,3
0,0,0,0,9,6.995,39.315,3
0,0,0,0,36,6.995,39.315,3
1,0,8,0,21,6.27,25.045,4
1,0,12,0,26,6.27,25.045,4
3,0,44,0,8,14.5,37.875,1
1,0,39,0,30,6.27,25.045,4
1,0,29,0,28,6.27,25.045,4
1,0,27,0,38,6.27,25.045,4
1,0,11,0,26,6.27,25.045,4
1,0,18,0,16,6.27,25.045,4
1,0,34,0,9,6.27,25.045,4
1,0,13,0,30,6.27,25.045,4
1,0,15,0,10,6.27,25.045,4
1,0,33,0,40,6.27,25.045,4
2,0,19,0,19,14.5,37.875,1
1,0,31,0,32,6.27,25.045,4
1,0,63,0,24,6.995,25.045,4
0,0,0,0,25,6.995,39.315,3
1,0,38,0,6,6.995,25.045,4
2,0,54,0,40,14.5,37.875,1
1,0,11,0,0,6.995,25.045,4
1,0,59,0,9,6.995,25.045,4
0,0,0,0,21,6.995,39.315,3
2,0,19,0,32,14.5,37.875,1
2,0,17,0,9,14.5,37.875,1
0,0,0,0,33,6.995,39.315,3
1,0,4,0,33,6.995,25.045,4
1,0,63,0,9,6.995,25.045,4
1,0,7,0,39,6.995,25.045,4
1,0,22,0,11,6.995,25.045,4
0,0,0,0,28,6.995,39.315,3
1,0,8,0,5,6.995,25.045,4
1,0,29,0,48,6.995,25.045,4
0,0,0,0,38,6.995,39.315,3
2,0,19,0,47,14.5,37.875,1
1,0,22,0,8,6.995,25.045,4
0,0,0,0,6,6.995,39.315,3
2,0,17,0,10,14.5,37.875,1
0,0,0,0,39,6.995,39.315,3
0,0,0,0,31,6.995,39.315,3
2,0,10,0,18,14.5,37.875,1
2,0,30,0,0,14.5,37.875,1
1,0,32,0,22,6.995,25.045,4
1,0,6,0,17,6.995,25.045,4
0,0,0,0,33,6.995,39.315,3
2,0,26,0,33,14.5,37.875,1
1,0,8,0,24,6.995,25.045,4
0,0,0,0,22,6.995,39.315,3
1,0,31,0,10,6.995,25.045,4
0,0,0,0,22,6.995,39.315,3
2,0,26,0,31,14.5,37.875,1
3,0,31,0,10,14.5,37.875,1
3,0,31,0,32,14.5,37.875,1
0,0,0,0,38,6.995,39.315,3
1,0,20,0,17,6.995,25.045,4
1,0,21,0,7,6.995,27.63,4
2,0,17,0,11,14.5,37.875,1
1,0,28,0,5,6.995,27.63,4
3,0,44,0,10,14.5,37.875,1
1,0,8,0,24,6.995,27.63,4
1,0,32,0,12,6.995,27.63,4
1,0,24,0,35,6.995,27.63,4
0,0,0,0,11,7.67,39.315,3
2,0,19,0,0,14.5,37.875,1
1,0,27,0,26,6.995,27.63,4
1,0,13,0,23,6.995,27.63,4
1,0,25,0,16,6.995,27.63,4
0,0,40,0,28,7.67,39.315,3
1,0,11,0,40,6.995,27.63,4
1,0,24,0,24,6.995,27.63,4
1,0,27,0,0,6.995,27.63,4
2,0,26,0,20,15.64,37.875,1
0,0,0,0,42,7.67,39.315,3
1,0,13,0,36,7.67,27.63,4
0,0,0,0,11,7.67,39.315,3
0,0,0,0,17,7.67,39.315,3
1,0,21,0,33,7.67,27.63,4
0,0,0,0,46,7.67,39.315,3
1,0,14,0,27,7.67,27.63,4
1,0,27,0,21,7.67,27.63,4
0,0,0,0,24,7.67,39.315,3
1,0,18,0,1,7.67,27.63,4
1,0,11,0,19,7.67,27.63,4
1,0,32,0,24,7.67,27.63,4
0,0,0,0,26,7.67,39.315,3
1,0,9,0,14,7.67,27.63,4
2,0,42,0,47,15.64,37.875,1
1,0,24,0,0,7.67,27.63,4
1,0,11,0,4,7.67,27.63,4
1,0,12,0,21,7.67,27.63,4
0,0,0,0,47,7.67,39.315,3
1,0,11,0,35,7.67,27.63,4
0,0,0,0,4,8.530000000000001,39.315,3
1,0,20,0,8,7.67,29.652,4
0,0,0,0,38,8.530000000000001,39.315,3
0,0,0,0,18,8.530000000000001,39.315,3
1,0,11,0,0,7.67,29.652,4
0,0,0,0,20,8.530000000000001,39.315,3
2,0,10,0,17,15.64,37.875,1
1,0,22,0,11,7.67,29.652,4
1,0,24,0,42,7.67,29.652,4
0,0,0,0,22,8.530000000000001,39.315,3
1,0,22,0,47,7.67,29.652,4
2,0,19,0,0,15.64,37.875,1
0,0,0,0,0,8.530000000000001,39.315,3
2,0,26,0,21,15.64,37.875,1
1,0,12,0,21,7.67,29.652,4
1,0,6,0,22,7.67,29.652,4
2,0,10,0,0,15.64,37.875,1
0,0,0,0,21,8.530000000000001,39.315,3
1,0,27,0,11,7.67,29.652,4
1,0,18,0,26,7.67,29.652,4
2,0,17,0,35,15.64,37.875,1
2,0,18,0,33,15.64,37.875,1
1,0,36,0,14,7.67,29.652,4
1,0,12,0,32,7.67,29.652,4
2,0,17,0,6,15.64,37.875,1
0,0,0,0,4,8.530000000000001,39.315,3
1,0,21,0,14,7.67,29.652,4
1,0,8,0,13,7.67,29.652,4
0,0,0,0,14,8.530000000000001,39.315,3
1,0,25,0,9,7.67,29.652,4
3,0,41,0,22,15.64,37.875,1
1,0,23,0,10,7.67,29.652,4
1,0,8,0,2,7.67,29.652,4
1,0,14,0,30,7.67,29.652,4
0,0,0,0,11,8.530000000000001,39.315,3
1,0,15,0,33,7.67,29.652,4
2,0,19,0,14,15.64,37.875,1
1,0,9,0,29,7.67,29.652,4
1,0,59,0,16,7.67,29.652,4
1,0,14,0,47,7.67,29.652,4
0,0,0,0,10,8.530000000000001,39.315,3
0,0,0,0,10,8.530000000000001,39.315,3
1,0,6,0,35,7.67,29.652,4
0,0,0,0,52,8.530000000000001,39.315,3
1,0,7,0,19,7.67,29.652,4
1,0,35,0,30,7.67,29.652,4
2,0,19,0,35,15.64,37.875,1
1,0,15,0,37,7.67,29.652,4
1,0,21,0,14,7.67,29.652,4
2,0,18,0,26,15.64,37.875,1
0,0,0,0,31,8.530000000000001,39.315,3
0,0,0,0,7,8.530000000000001,39.315,3
1,0,27,0,21,7.67,29.652,4
1,0,8,0,20,7.67,29.652,4
0,0,0,0,15,8.530000000000001,39.315,3
2,0,10,0,8,15.64,37.875,1
1,0,34,0,8,7.67,29.652,4
0,0,0,0,38,8.530000000000001,39.315,3
2,0,56,0,24,15.64,37.875,1
0,0,0,0,34,8.530000000000001,40.67,3
1,0,24,0,38,7.67,29.652,4
0,0,0,0,12,8.530000000000001,40.67,3
1,0,12,0,52,7.67,29.652,4
3,0,41,0,26,15.64,37.875,1
1,0,34,0,20,7.67,29.652,4
3,0,31,0,31,15.64,37.875,1
2,0,26,0,37,15.64,37.875,1
0,0,47,0,21,8.530000000000001,40.67,3
0,0,0,0,10,8.530000000000001,40.67,3
0,0,0,0,31,8.530000000000001,40.67,3
1,0,23,0,41,7.67,29.652,4
1,0,4,0,12,7.67,29.652,4
0,0,0,0,14,8.530000000000001,40.67,3
2,0,26,0,7,15.64,37.875,1
1,0,8,0,35,8.530000000000001,29.652,4
1,0,6,0,30,8.530000000000001,29.652,4
2,0,30,0,10,15.64,37.875,1
2,0,30,0,38,15.64,37.875,1
0,0,0,0,19,8.530000000000001,40.67,3
0,0,0,0,31,8.530000000000001,40.67,3
0,0,0,0,21,8.530000000000001,40.67,3
1,0,7,0,21,8.530000000000001,29.652,4
1,0,29,1,31,8.530000000000001,29.652,4
1,0,6,1,0,8.530000000000001,29.652,4
1,0,16,1,25,8.530000000000001,29.652,4
2,0,17,0,12,15.64,37.875,1
1,0,16,1,36,8.530000000000001,29.652,4
0,0,0,0,23,8.530000000000001,40.67,3
1,0,22,1,17,8.530000000000001,29.652,4
0,0,0,0,8,8.530000000000001,40.67,3
1,0,6,1,11,8.530000000000001,29.652,4
1,0,15,1,32,8.530000000000001,29.652,4
1,0,8,1,26,8.530000000000001,29.652,4
2,0,14,0,5,15.64,37.875,1
1,0,11,1,36,8.530000000000001,29.652,4
1,0,7,1,2,8.530000000000001,29.652,4
0,0,0,0,28,8.530000000000001,40.67,3
0,0,0,0,6,8.530000000000001,40.67,3
0,0,0,0,30,8.530000000000001,40.67,3
2,0,14,0,12,15.64,37.875,1
0,0,0,0,43,8.530000000000001,40.67,3
1,0,22,1,6,8.530000000000001,29.652,4
0,0,0,0,0,8.530000000000001,40.67,3
1,0,13,1,34,8.530000000000001,29.652,4
0,0,0,0,30,8.530000000000001,40.67,3
1,0,13,1,33,8.530000000000001,31.717000000000002,4
1,0,29,1,36,8.530000000000001,31.717000000000002,4
1,0,7,1,33,8.530000000000001,31.717000000000002,4
2,0,19,0,26,15.64,37.875,1
1,0,16,1,14,8.530000000000001,31.717000000000002,4
0,0,0,0,47,8.530000000000001,40.67,3
1,0,25,1,13,8.530000000000001,31.717000000000002,4
1,0,15,1,38,3.415,18.575000000000003,5
2,0,18,0,32,15.64,37.875,1
1,0,23,1,9,3.415,18.575000000000003,5
1,0,16,1,20,3.415,18.575000000000003,5
0,0,0,0,10,8.530000000000001,40.67,3
1,0,24,1,17,3.415,18.575000000000003,5
1,0,12,1,24,3.415,18.575000000000003,5
1,0,6,1,20,3.415,18.575000000000003,5
0,0,0,0,23,8.530000000000001,40.67,3
1,0,35,1,10,3.415,18.575000000000003,5
1,0,24,1,51,3.415,18.575000000000003,5
3,0,31,0,17,15.64,37.875,1
2,0,30,0,20,15.64,37.875,1
1,0,9,1,13,3.415,18.575000000000003,5
1,0,9,1,37,3.415,18.575000000000003,5
1,0,37,1,35,3.415,18.575000000000003,5
1,0,24,1,6,3.415,18.575000000000003,5
0,0,0,0,8,8.530000000000001,40.67,3
1,0,12,1,19,3.415,18.575000000000003,5
1,0,16,1,43,3.415,18.575000000000003,5
1,0,16,1,23,3.415,18.575000000000003,5
0,0,0,0,31,8.530000000000001,40.67,3
1,0,6,1,10,3.415,18.575000000000003,5
0,0,0,0,14,8.530000000000001,40.67,3
0,0,0,0,36,8.530000000000001,40.67,3
2,0,18,0,34,15.64,37.875,1
1,0,36,1,35,3.415,18.575000000000003,5
0,0,0,0,6,8.530000000000001,40.67,3
1,0,37,1,16,3.415,18.575000000000003,5
1,0,35,1,55,3.415,18.575000000000003,5
0,0,0,0,16,8.530000000000001,40.67,3
3,0,31,0,31,15.64,37.875,1
0,0,0,0,31,8.530000000000001,40.67,3
0,0,0,0,12,8.530000000000001,40.67,3
1,0,24,1,7,3.415,18.575000000000003,5
1,0,28,1,26,3.415,18.575000000000003,5
1,0,27,1,25,3.415,18.575000000000003,5
0,0,0,0,7,8.530000000000001,40.67,3
1,0,25,1,17,3.415,18.575000000000003,5
0,0,0,0,24,8.530000000000001,40.67,3
1,0,29,1,38,3.415,18.575000000000003,5
1,0,22,1,18,3.415,18.575000000000003,5
1,0,21,1,23,3.415,18.575000000000003,5
1,0,20,1,22,3.415,18.575000000000003,5
2,0,26,0,23,15.64,37.875,1
1,0,24,1,25,3.415,18.575000000000003,5
1,0,21,1,35,3.415,18.575000000000003,5
0,0,0,0,8,8.530000000000001,40.67,3
1,0,24,1,39,3.415,18.575000000000003,5
1,0,13,1,0,3.415,18.575000000000003,5
0,0,0,0,24,8.530000000000001,40.67,3
2,0,48,0,41,15.64,37.875,1
1,0,5,1,16,3.415,18.575000000000003,5
2,0,43,0,31,15.64,37.875,1
1,0,7,1,50,3.415,18.575000000000003,5
1,0,8,1,0,3.415,18.575000000000003,5
1,0,9,1,31,3.415,18.575000000000003,5
0,0,0,0,16,8.530000000000001,40.67,3
1,0,27,1,9,3.415,18.575000000000003,5
0,0,0,0,37,8.530000000000001,40.67,3
1,0,16,1,27,3.415,18.575000000000003,5
0,0,47,0,10,8.530000000000001,40.67,3
1,0,11,1,28,3.415,18.575000000000003,5
0,0,0,0,0,8.530000000000001,40.67,3
1,0,16,1,0,3.415,18.575000000000003,5
1,0,33,1,14,3.415,18.575000000000003,5
0,0,0,0,44,8.530000000000001,40.67,3
1,0,11,1,31,3.415,18.575000000000003,5
1,0,13,1,20,3.415,18.575000000000003,5
0,0,0,0,15,8.530000000000001,40.67,3
2,0,52,0,18,15.64,39.315,1
1,0,33,1,32,3.415,18.575000000000003,5
1,0,8,1,16,3.415,18.575000000000003,5
0,0,0,0,17,8.530000000000001,40.67,3
0,0,0,0,11,8.530000000000001,40.67,3
0,0,0,0,12,8.530000000000001,40.67,3
1,0,33,1,8,3.415,18.575000000000003,5
2,0,48,1,30,15.64,39.315,1
1,0,23,1,32,3.415,18.575000000000003,5
1,0,38,1,9,3.415,18.575000000000003,5
0,0,0,0,10,8.530000000000001,40.67,3
1,0,7,1,57,3.415,18.575000000000003,5
0,0,0,0,26,8.530000000000001,41.94,3
0,0,0,0,20,8.530000000000001,41.94,3
1,0,4,1,20,3.415,25.045,5
4,0,46,0,22,15.64,39.315,1
1,0,23,1,22,3.415,25.045,5
1,0,21,1,14,3.415,25.045,5
0,0,0,0,2,8.530000000000001,41.94,3
1,0,6,1,48,3.415,25.045,5
4,0,59,0,11,15.64,39.315,1
2,0,30,2,32,15.64,39.315,1
3,0,53,0,10,15.64,39.315,1
0,0,0,0,12,8.530000000000001,41.94,3
0,0,0,0,23,9.5,41.94,3
1,0,21,1,14,3.415,25.045,5
0,0,0,0,21,9.5,41.94,3
1,0,38,1,8,3.415,25.045,5
1,0,38,1,24,3.415,25.045,5
0,0,0,0,8,9.5,41.94,3
1,0,12,1,40,3.415,25.045,5
1,0,13,1,12,3.415,25.045,5
0,0,0,0,28,9.5,41.94,3
1,0,12,1,12,3.415,25.045,5
1,0,7,1,13,3.415,25.045,5
0,0,0,0,10,9.5,41.94,3
1,0,38,1,16,6.27,25.045,5
0,0,0,0,24,9.5,41.94,3
1,0,6,1,38,6.27,25.045,5
1,0,16,1,8,6.27,25.045,5
2,0,19,2,16,15.64,39.315,1
0,0,0,0,24,9.5,41.94,3
1,0,37,1,0,6.27,25.045,5
1,0,4,1,27,6.27,25.045,5
2,0,14,2,16,15.64,39.315,1
1,0,32,1,11,6.27,25.045,5
4,0,46,0,10,15.64,39.315,1
1,0,7,1,0,6.27,25.045,5
1,0,29,1,23,6.27,25.045,5
0,0,0,0,20,9.5,41.94,3
0,0,0,0,10,9.5,41.94,3
2,0,37,2,24,15.64,39.315,1
0,0,0,0,31,9.5,41.94,3
1,0,24,1,6,6.27,25.045,5
1,0,24,1,7,6.27,25.045,5
2,0,52,2,50,15.64,39.315,1
0,0,0,0,14,9.5,41.94,3
1,0,24,1,39,6.27,25.045,5
0,0,0,0,30,9.5,41.94,3
1,0,15,1,34,6.27,25.045,5
1,0,20,1,16,6.27,25.045,5
1,0,7,1,16,6.995,25.045,5
0,0,0,0,20,9.5,41.94,3
0,0,0,0,16,9.5,41.94,3
2,0,14,2,21,15.64,39.315,1
1,0,15,1,16,6.995,25.045,5
1,0,34,1,31,6.995,25.045,5
1,0,27,1,58,6.995,25.045,5
1,0,20,1,31,6.995,25.045,5
0,0,0,0,10,9.5,41.94,3
0,0,0,0,46,9.5,41.94,3
2,0,14,2,31,15.64,39.315,1
1,0,11,1,18,6.995,25.045,5
0,0,0,0,14,9.5,41.94,3
1,0,22,1,-2,6.995,25.045,5
0,0,0,0,20,9.5,41.94,3
1,0,16,1,20,6.995,25.045,5
2,0,17,2,11,15.64,39.315,1
2,0,19,2,30,15.64,39.315,1
2,0,17,2,30,15.64,39.315,1
2,0,42,2,40,15.64,39.315,1
0,0,0,0,23,9.5,41.94,3
0,0,0,0,44,9.5,41.94,3
1,0,6,1,36,6.995,25.045,5
1,0,6,1,20,6.995,25.045,5
1,0,28,1,13,6.995,25.045,5
1,0,9,1,44,6.995,25.045,5
0,0,0,0,11,9.5,41.94,3
2,0,10,2,40,15.64,39.315,1
0,0,0,0,14,9.5,41.94,3
1,0,11,1,13,6.995,25.045,5
0,0,0,0,8,9.5,41.94,3
0,0,0,0,29,9.5,41.94,3
0,0,0,0,9,9.5,41.94,3
1,0,7,1,9,6.995,25.045,5
1,0,35,1,9,6.995,25.045,5
0,0,0,0,10,9.5,41.94,3
1,0,9,1,42,6.995,25.045,5
1,0,12,1,41,6.995,25.045,5
0,0,0,0,26,9.5,41.94,3
3,0,41,0,0,15.64,39.315,1
2,0,48,2,31,15.64,39.315,1
0,0,0,0,34,9.5,41.94,3
2,0,10,2,21,15.64,39.315,1
0,0,0,0,30,9.5,41.94,3
0,0,0,0,7,9.5,41.94,3
0,0,0,0,14,9.5,41.94,3
0,0,0,0,33,9.5,41.94,3
0,0,47,0,9,9.5,41.94,3
0,0,0,0,8,9.5,41.94,3
3,0,53,0,6,15.64,39.315,1
2,0,14,2,32,15.64,39.315,1
1,0,20,1,35,6.995,25.045,5
1,0,35,1,0,6.995,25.045,5
3,0,31,0,31,15.64,39.315,1
1,0,21,1,46,6.995,25.045,5
1,0,7,1,18,6.995,25.045,5
0,0,0,0,6,9.5,41.94,3
1,0,4,1,30,6.995,25.045,5
0,0,0,0,10,9.5,41.94,3
0,0,0,0,7,9.5,41.94,3
1,0,8,1,2,6.995,25.045,5
1,0,11,1,58,6.995,25.045,5
4,0,46,0,22,15.64,39.315,1
0,0,0,0,22,9.5,41.94,3
0,0,0,0,40,9.5,41.94,3
1,0,23,1,21,6.995,25.045,5
0,0,0,0,39,10.5,41.94,3
1,0,29,1,0,6.995,25.045,5
2,0,30,2,13,15.64,39.315,1
2,0,18,2,9,15.64,39.315,1
1,0,24,1,16,6.995,25.045,5
0,0,0,0,30,10.5,41.94,3
1,0,9,1,28,6.995,25.045,5
0,0,0,0,36,10.5,41.94,3
0,0,0,0,10,10.5,43.345,3
1,0,8,1,6,6.995,25.045,5
1,0,21,1,15,6.995,25.045,5
1,0,38,1,40,6.995,25.045,5
1,0,11,1,18,6.995,25.045,5
1,0,27,1,13,6.995,25.045,5
1,0,7,1,7,6.995,25.045,5
1,0,24,1,29,6.995,25.045,5
2,0,26,2,7,15.64,39.315,1
1,0,20,1,37,6.995,25.045,5
1,0,16,1,12,6.995,25.045,5
1,0,16,1,27,6.995,25.045,5
2,0,17,2,36,15.64,39.315,1
1,0,27,1,26,6.995,25.045,5
2,0,10,2,16,15.64,39.315,1
1,0,24,1,22,6.995,25.045,5
1,0,29,1,30,6.995,25.045,5
0,0,0,0,22,10.5,43.345,3
3,0,31,0,6,15.64,39.315,1
0,0,0,0,30,10.5,43.345,3
1,0,12,1,8,6.995,25.045,5
0,0,0,0,25,10.5,43.345,3
1,0,6,1,10,6.995,25.045,5
0,0,0,0,8,10.5,43.345,3
1,0,11,1,20,6.995,25.045,5
0,0,0,0,2,10.5,43.345,3
1,0,12,1,0,6.995,25.045,5
1,0,35,1,18,6.995,25.045,5
1,0,16,1,44,6.995,25.045,5
1,0,20,1,30,6.995,25.045,5
2,0,26,2,20,17.14,39.315,1
2,0,18,2,13,17.14,39.315,1
1,0,35,1,38,6.995,25.045,5
1,0,12,1,35,6.995,25.045,5
0,0,0,0,29,10.5,43.345,3
1,0,16,1,14,6.995,25.045,5
1,0,21,1,19,6.995,25.045,5
1,0,35,1,40,6.995,25.045,5
0,0,0,0,31,10.5,43.345,3
2,0,10,2,52,17.14,39.315,1
0,0,0,0,40,11.35,43.345,3
0,0,0,0,6,11.35,43.345,3
1,0,11,1,41,6.995,25.045,5
1,0,20,1,12,7.67,25.045,5
1,0,39,1,6,7.67,25.045,5
1,0,23,1,37,7.67,25.045,5
1,0,33,1,8,7.67,25.045,5
0,0,0,0,46,11.35,43.345,3
1,0,11,1,47,7.67,25.045,5
0,0,40,0,47,11.35,43.345,3
1,0,25,1,9,7.67,25.045,5
1,0,35,1,23,7.67,25.045,5
1,0,35,1,32,7.67,25.045,5
2,0,54,2,55,17.14,39.315,1
0,0,0,0,10,11.35,43.345,3
0,0,0,0,1,11.35,43.345,3
1,0,15,1,12,7.67,25.045,5
3,0,31,0,0,17.14,39.315,1
1,0,13,1,8,7.67,25.045,5
3,0,44,0,11,17.14,39.315,1
1,0,24,1,35,7.67,25.045,5
1,0,22,1,26,7.67,25.045,5
2,0,10,2,33,17.14,39.315,1
2,0,29,2,18,17.14,39.315,1
2,0,37,2,18,17.14,39.315,1
2,0,14,2,12,17.14,39.315,1
0,0,0,0,12,11.35,43.345,3
0,0,0,0,13,11.35,43.345,3
1,0,9,1,24,7.67,25.045,5
2,0,18,2,32,17.14,39.315,1
0,0,0,0,44,11.35,43.345,3
0,0,47,0,10,11.35,43.345,3
1,0,21,1,11,7.67,25.045,5
0,0,0,0,17,11.35,43.345,3
1,0,24,1,49,7.67,25.045,5
1,0,21,1,18,7.67,25.045,5
4,0,46,0,44,17.14,39.315,1
1,0,7,1,1,7.67,27.63,5
0,0,0,0,53,11.35,43.345,3
1,0,11,1,0,7.67,27.63,5
0,0,0,0,11,11.35,43.345,3
1,0,13,1,21,7.67,27.63,5
1,0,38,1,14,7.67,27.63,5
1,0,11,1,0,7.67,27.63,5
3,0,53,0,22,17.14,39.315,1
0,0,0,0,9,11.35,43.345,3
0,0,0,0,11,11.35,43.345,3
0,0,0,0,12,8.530000000000001,31.717000000000002,4
2,0,54,2,2,17.14,39.315,1
1,0,24,1,18,7.67,27.63,5
0,0,0,0,42,8.530000000000001,31.717000000000002,4
1,0,8,1,30,7.67,27.63,5
2,0,17,2,19,17.14,40.67,1
0,0,0,0,9,8.530000000000001,31.717000000000002,4
1,0,7,1,18,7.67,27.63,5
2,0,17,2,27,17.14,40.67,1
1,0,22,1,54,7.67,27.63,5
1,0,28,1,40,7.67,27.63,5
2,0,30,2,18,17.14,40.67,1
1,0,21,1,12,7.67,27.63,5
0,0,0,0,12,8.530000000000001,31.717000000000002,4
2,0,30,2,8,17.14,40.67,1
3,0,31,0,16,17.14,40.67,1
0,0,0,0,8,8.530000000000001,31.717000000000002,4
1,0,6,1,11,7.67,27.63,5
4,0,46,0,1,17.14,40.67,1
3,0,53,0,22,17.14,40.67,1
1,0,33,1,44,7.67,27.63,5
0,0,0,0,10,8.530000000000001,31.717000000000002,4
1,0,16,1,6,7.67,27.63,5
0,0,40,0,6,8.530000000000001,31.717000000000002,4
2,0,26,2,32,17.14,40.67,1
0,0,0,0,24,8.530000000000001,31.717000000000002,4
1,0,7,1,11,8.530000000000001,27.63,5
1,0,8,1,24,3.415,18.575000000000003,6
2,0,37,2,16,11.35,45.235,2
0,0,0,0,12,8.530000000000001,31.717000000000002,4
0,0,0,0,16,8.530000000000001,31.717000000000002,4
0,0,0,0,0,8.530000000000001,31.717000000000002,4
0,0,0,0,8,8.530000000000001,31.717000000000002,4
3,0,35,0,22,17.14,40.67,1
2,0,19,2,10,11.35,45.235,2
2,0,37,2,7,11.35,45.235,2
1,0,36,1,10,3.415,18.575000000000003,6
5,0,59,0,22,17.14,40.67,1
1,0,12,1,5,3.415,18.575000000000003,6
1,0,24,1,0,3.415,18.575000000000003,6
2,0,14,2,-1,11.35,45.235,2
2,0,10,3,27,11.35,45.235,2
0,0,0,0,20,8.530000000000001,31.717000000000002,4
0,0,0,0,2,8.530000000000001,31.717000000000002,4
1,0,15,1,23,6.27,18.575000000000003,6
2,0,43,3,22,11.35,45.235,2
1,0,8,1,37,6.27,25.045,6
1,0,24,1,10,6.27,25.045,6
1,0,16,1,6,6.27,25.045,6
1,0,12,1,34,6.27,25.045,6
1,0,12,1,10,6.27,25.045,6
0,0,0,0,4,8.530000000000001,31.717000000000002,4
1,0,21,1,6,6.27,25.045,6
2,0,14,3,10,11.35,45.235,2
1,0,6,1,7,6.27,25.045,6
1,0,7,1,17,6.27,25.045,6
0,0,0,0,6,9.5,31.717000000000002,4
2,0,19,3,21,11.35,45.235,2
1,0,6,1,35,6.27,25.045,6
0,0,0,0,22,9.5,31.717000000000002,4
2,0,56,3,26,11.35,45.235,2
2,0,18,3,40,11.35,45.235,2
2,0,18,3,58,11.35,45.235,2
1,0,27,1,6,6.27,25.045,6
2,0,30,3,22,11.35,45.235,2
2,0,37,3,7,11.35,45.235,2
1,0,8,1,10,6.27,25.045,6
3,0,31,0,21,17.14,40.67,1
1,0,21,1,2,6.27,25.045,6
2,0,27,3,9,11.35,45.235,2
1,0,12,1,24,6.27,25.045,6
1,0,6,1,12,6.27,25.045,6
2,0,10,3,47,11.35,45.235,2
1,0,24,1,30,6.27,25.045,6
2,0,18,3,8,11.35,45.235,2
0,0,0,0,4,9.5,31.717000000000002,4
1,0,7,1,15,6.27,25.045,6
3,0,31,0,26,17.14,40.67,1
2,0,45,3,20,11.35,45.235,2
1,0,33,1,52,6.27,25.045,6
2,0,27,3,30,11.35,47.21,2
1,0,7,1,25,6.27,25.045,6
1,0,28,1,16,6.27,27.63,6
0,0,0,0,44,9.5,31.717000000000002,4
1,0,13,1,13,6.27,27.63,6
0,0,0,0,36,9.5,31.717000000000002,4
0,0,0,0,0,9.5,31.717000000000002,4
2,0,42,3,24,11.35,47.21,2
0,0,0,0,57,9.5,31.717000000000002,4
2,0,19,3,57,11.35,47.21,2
0,0,0,0,0,9.5,31.717000000000002,4
2,0,54,3,42,11.35,47.21,2
0,0,0,0,22,9.5,31.717000000000002,4
1,0,21,1,6,6.27,27.63,6
0,0,0,0,4,9.5,31.717000000000002,4
0,0,0,0,0,9.5,31.717000000000002,4
3,0,41,0,15,17.14,40.67,1
0,0,0,0,0,9.5,31.717000000000002,4
0,0,0,0,21,9.5,31.717000000000002,4
1,0,21,1,23,6.27,27.63,6
0,0,0,0,17,9.5,31.717000000000002,4
3,0,35,0,28,17.14,40.67,1
1,0,16,1,29,6.27,27.63,6
2,0,27,3,2,11.35,47.21,2
1,0,15,1,29,6.995,27.63,6
0,0,0,0,32,9.5,31.717000000000002,4
3,0,19,0,32,17.14,40.67,1
1,0,12,1,51,6.995,27.63,6
1,0,25,1,28,6.995,27.63,6
0,0,0,0,44,9.5,31.717000000000002,4
0,0,0,0,30,9.5,31.717000000000002,4
1,0,5,1,0,6.995,27.63,6
2,0,30,3,24,11.35,47.21,2
2,0,29,3,1,11.35,47.21,2
1,0,60,1,25,6.995,27.63,6
1,0,63,1,31,6.995,27.63,6
1,0,21,1,13,6.995,27.63,6
2,0,54,3,14,11.35,47.21,2
2,0,30,3,39,11.35,47.21,2
0,0,0,0,10,9.5,31.717000000000002,4
1,0,24,1,10,6.995,27.63,6
0,0,0,0,32,9.5,31.717000000000002,4
1,0,34,1,42,6.995,27.63,6
2,0,18,3,31,11.35,47.21,2
3,0,31,0,30,17.14,40.67,1
3,0,35,0,43,17.14,40.67,1
0,0,0,0,24,9.5,31.717000000000002,4
1,0,7,1,22,6.995,27.63,6
2,0,26,3,24,11.35,47.21,2
1,0,16,1,12,6.995,27.63,6
2,0,37,4,13,11.35,47.21,2
1,0,34,1,41,6.995,27.63,6
0,0,0,0,16,9.5,31.717000000000002,4
2,0,37,4,21,11.35,47.21,2
1,0,5,1,12,6.995,27.63,6
0,0,0,0,38,9.5,31.717000000000002,4
1,0,20,1,7,6.995,27.63,6
2,0,18,4,16,11.35,47.21,2
1,0,6,1,17,6.995,27.63,6
3,0,35,0,10,17.14,40.67,1
0,0,0,0,32,9.5,31.717000000000002,4
0,0,0,0,10,9.5,31.717000000000002,4
1,0,20,1,2,6.995,27.63,6
2,0,14,4,24,11.35,47.21,2
0,0,0,0,18,9.5,31.717000000000002,4
1,0,4,1,8,6.995,27.63,6
0,0,0,0,12,9.5,31.717000000000002,4
3,0,43,0,55,17.14,40.67,1
1,0,21,1,21,6.995,27.63,6
1,0,13,1,30,6.995,27.63,6
0,0,0,0,18,9.5,31.717000000000002,4
1,0,11,1,12,6.995,27.63,6
0,0,0,0,7,9.5,31.717000000000002,4
2,0,14,4,16,11.35,47.21,2
3,0,31,0,39,17.14,40.67,1
0,0,0,0,14,9.5,31.717000000000002,4
0,0,0,0,57,10.5,31.717000000000002,4
1,0,33,1,28,6.995,27.63,6
2,0,27,4,12,11.35,47.21,2
1,0,12,1,6,6.995,27.63,6
1,0,22,2,-2,6.995,27.63,6
1,0,6,2,11,6.995,27.63,6
1,0,20,2,20,6.995,27.63,6
0,0,0,0,0,10.5,31.717000000000002,4
0,0,0,0,20,10.5,31.717000000000002,4
1,0,21,2,18,6.995,27.63,6
0,0,0,0,17,10.5,31.717000000000002,4
4,0,46,0,6,17.14,40.67,1
3,0,53,0,10,17.14,40.67,1
1,0,15,2,1,6.995,27.63,6
1,0,24,2,20,6.995,27.63,6
0,0,0,0,52,10.5,31.717000000000002,4
1,0,23,2,35,6.995,29.652,6
3,0,41,0,12,17.14,40.67,1
1,0,13,2,22,6.995,29.652,6
0,0,0,0,23,10.5,31.717000000000002,4
3,0,35,0,31,17.14,40.67,1
3,0,35,0,33,17.14,40.67,1
0,0,0,0,10,10.5,31.717000000000002,4
2,0,48,4,47,11.35,47.21,2
6,0,59,0,11,17.14,40.67,1
1,0,33,2,12,6.995,29.652,6
0,0,0,0,9,10.5,31.717000000000002,4
2,0,14,5,22,11.35,47.21,2
1,0,9,2,36,6.995,29.652,6
2,0,11,5,10,12.35,47.21,2
2,0,17,5,13,12.35,47.21,2
0,0,0,0,5,10.5,31.717000000000002,4
1,0,36,2,47,6.995,29.652,6
1,0,16,2,6,6.995,29.652,6
1,0,6,2,14,7.67,29.652,6
0,0,0,0,32,10.5,31.717000000000002,4
0,0,0,0,23,10.5,31.717000000000002,4
1,0,15,2,14,7.67,29.652,6
1,0,8,2,43,7.67,29.652,6
0,0,0,0,26,10.5,31.717000000000002,4
1,0,16,2,36,7.67,29.652,6
2,0,47,5,18,12.35,47.21,2
0,0,0,0,32,10.5,31.717000000000002,4
0,0,0,0,28,10.5,31.717000000000002,4
2,0,14,5,16,12.35,47.21,2
1,0,33,2,0,7.67,29.652,6
1,0,6,2,10,7.67,29.652,6
1,0,23,2,13,7.67,29.652,6
2,0,10,5,6,12.35,47.21,2
2,0,37,5,55,12.35,47.21,2
0,0,0,0,11,10.5,31.717000000000002,4
0,0,0,0,4,10.5,31.717000000000002,4
0,0,0,0,9,10.5,31.717000000000002,4
1,0,16,2,5,7.67,29.652,6
0,0,0,0,40,10.5,31.717000000000002,4
0,0,0,0,1,10.5,31.717000000000002,4
2,0,12,5,21,12.35,47.21,2
2,0,12,5,22,12.35,47.21,2
1,0,32,2,32,7.67,29.652,6
3,0,19,0,21,17.14,40.67,1
1,0,7,2,20,7.67,29.652,6
2,0,14,5,48,12.35,47.21,2
2,0,18,5,0,12.35,47.21,2
2,0,14,5,17,12.35,47.21,2
0,0,0,0,0,10.5,31.717000000000002,4
1,1,24,2,0,7.67,29.652,6
1,1,13,2,19,7.67,29.652,6
0,0,0,0,17,10.5,31.717000000000002,4
0,0,0,0,10,10.5,31.717000000000002,4
1,1,8,2,26,7.67,29.652,6
2,0,12,5,12,12.35,47.21,2
1,1,13,2,24,7.67,29.652,6
1,1,21,2,0,7.67,29.652,6
1,1,36,2,24,7.67,29.652,6
1,1,4,2,6,7.67,29.652,6
2,0,26,5,20,12.35,47.21,2
0,0,0,0,0,10.5,31.717000000000002,4
0,0,0,0,8,10.5,31.717000000000002,4
0,0,0,0,35,10.5,31.717000000000002,4
2,0,24,5,6,12.35,47.21,2
0,0,40,0,31,10.5,31.717000000000002,4
0,0,0,0,30,10.5,31.717000000000002,4
1,1,23,2,12,7.67,29.652,6
0,0,0,0,34,10.5,31.717000000000002,4
3,0,35,0,46,17.14,40.67,1
1,1,21,2,11,7.67,29.652,6
1,1,8,2,37,7.67,29.652,6
1,1,23,2,10,7.67,29.652,6
2,0,10,5,30,12.35,47.21,2
0,0,0,0,6,10.5,31.717000000000002,4
2,0,26,5,31,12.35,47.21,2
1,1,25,2,43,7.67,29.652,6
1,1,20,2,2,7.67,29.652,6
1,1,6,2,24,7.67,29.652,6
4,0,46,0,4,17.14,40.67,1
0,0,0,0,29,10.5,31.717000000000002,4
0,0,0,0,1,10.5,31.717000000000002,4
2,0,24,5,11,12.35,47.21,2
2,0,18,5,12,12.35,47.21,2
1,1,6,2,22,7.67,29.652,6
0,0,0,0,23,10.5,31.717000000000002,4
0,0,0,0,11,10.5,31.717000000000002,4
1,1,21,2,31,7.67,29.652,6
2,0,30,6,6,12.35,47.21,2
2,0,10,6,32,12.35,47.21,2
0,0,0,0,6,10.5,31.717000000000002,4
1,1,34,2,16,7.67,29.652,6
1,1,7,2,9,7.67,31.717000000000002,6
2,0,18,6,2,12.35,47.21,2
1,1,20,2,10,7.67,31.717000000000002,6
2,0,12,6,2,12.35,48.96,2
2,0,11,6,38,12.35,48.96,2
0,0,0,0,24,10.5,31.717000000000002,4
1,1,7,2,14,7.67,31.717000000000002,6
0,0,0,0,24,10.5,31.717000000000002,4
1,1,8,2,52,7.67,31.717000000000002,6
0,0,0,0,8,10.5,31.717000000000002,4
0,0,0,0,13,10.5,31.717000000000002,4
0,0,0,0,40,10.5,31.717000000000002,4
2,0,16,6,6,12.35,48.96,2
3,0,19,0,35,17.14,40.67,1
0,0,0,0,0,10.5,31.717000000000002,4
2,0,18,6,0,12.35,48.96,2
1,1,28,2,34,6.27,18.575000000000003,7
1,1,33,2,11,6.27,18.575000000000003,7
3,0,37,0,21,17.14,40.67,1
3,0,43,0,11,17.14,40.67,1
2,0,10,6,34,12.35,48.96,2
1,1,63,2,10,6.27,18.575000000000003,7
1,1,8,2,34,6.27,18.575000000000003,7
2,0,52,6,27,12.35,48.96,2
3,0,19,0,44,17.14,40.67,1
2,0,26,6,31,12.35,48.96,2
0,0,0,0,9,10.5,31.717000000000002,4
3,0,35,0,16,17.14,40.67,1
0,0,0,0,28,10.5,31.717000000000002,4
4,0,46,0,33,17.14,40.67,1
1,1,9,2,14,6.27,18.575000000000003,7
1,1,21,2,5,6.27,18.575000000000003,7
1,1,9,2,25,6.27,18.575000000000003,7
1,1,25,2,24,6.27,18.575000000000003,7
3,0,43,0,38,17.14,40.67,1
2,0,18,6,0,12.35,48.96,2
2,0,11,6,26,12.35,48.96,2
2,0,10,6,5,12.35,48.96,2
1,1,23,2,26,6.27,18.575000000000003,7
1,1,28,2,9,6.27,18.575000000000003,7
1,1,15,2,39,6.27,18.575000000000003,7
2,0,24,6,21,12.35,48.96,2
2,0,14,6,24,12.35,48.96,2
0,0,0,0,9,10.5,31.717000000000002,4
1,1,4,2,36,6.27,18.575000000000003,7
0,0,0,0,26,10.5,31.717000000000002,4
0,0,0,0,20,10.5,31.717000000000002,4
1,1,6,2,20,6.27,18.575000000000003,7
2,0,27,6,34,12.35,48.96,2
2,0,21,6,22,12.35,48.96,2
0,0,0,0,18,10.5,33.370000000000005,4
1,1,32,2,16,6.27,18.575000000000003,7
0,0,0,0,12,10.5,33.370000000000005,4
1,1,22,2,38,6.27,18.575000000000003,7
2,0,27,6,7,12.35,48.96,2
1,1,32,2,38,6.27,18.575000000000003,7
1,1,34,2,16,6.27,18.575000000000003,7
1,1,13,2,10,6.27,18.575000000000003,7
0,0,0,0,47,10.5,33.370000000000005,4
0,0,0,0,26,10.5,33.370000000000005,4
1,1,20,2,16,6.27,18.575000000000003,7
2,0,16,6,29,12.35,48.96,2
0,0,0,0,24,10.5,34.980000000000004,4
0,0,0,0,11,10.5,34.980000000000004,4
0,0,0,0,28,10.5,34.980000000000004,4
2,0,15,6,1,12.35,48.96,2
2,0,24,6,18,12.35,48.96,2
3,0,37,0,35,17.14,40.67,1
2,0,29,6,24,12.35,48.96,2
1,1,9,2,0,6.27,18.575000000000003,7
2,0,12,6,21,12.35,48.96,2
2,0,27,6,12,12.35,48.96,2
2,0,15,6,52,12.35,48.96,2
1,1,4,2,35,6.27,18.575000000000003,7
1,1,5,2,0,6.27,18.575000000000003,7
3,0,31,0,38,17.14,40.67,1
2,0,52,6,2,12.35,48.96,2
2,0,10,6,24,12.35,48.96,2
3,0,19,0,24,17.14,40.67,1
0,0,0,0,36,10.5,34.980000000000004,4
0,0,0,0,26,10.5,34.980000000000004,4
1,1,6,2,28,6.27,18.575000000000003,7
1,1,8,2,33,6.27,18.575000000000003,7
1,1,8,2,8,6.27,18.575000000000003,7
3,0,19,0,1,17.14,40.67,1
0,0,0,0,38,10.5,34.980000000000004,4
1,1,5,2,35,6.27,18.575000000000003,7
2,0,21,6,32,12.35,48.96,2
2,0,14,6,23,12.35,48.96,2
2,0,11,6,19,12.35,48.96,2
1,1,9,2,34,6.27,18.575000000000003,7
0,0,0,0,14,10.5,34.980000000000004,4
1,1,32,2,8,6.27,18.575000000000003,7
1,1,8,2,24,6.27,18.575000000000003,7
1,1,5,2,5,6.27,18.575000000000003,7
2,0,14,6,19,12.35,48.96,2
0,0,0,0,16,10.5,34.980000000000004,4
0,0,0,0,25,10.5,34.980000000000004,4
1,1,13,2,32,6.27,18.575000000000003,7
1,1,63,2,6,6.27,18.575000000000003,7
2,0,21,6,24,12.35,51.03275000000002,2
0,0,0,0,28,10.5,34.980000000000004,4
1,1,7,2,6,6.27,18.575000000000003,7
3,0,37,0,30,17.14,40.67,1
0,0,0,0,7,10.5,34.980000000000004,4
0,0,0,0,7,10.5,34.980000000000004,4
1,1,25,2,37,6.27,18.575000000000003,7
0,0,0,0,37,10.5,34.980000000000004,4
3,0,44,0,35,17.14,40.67,1
3,0,19,0,14,17.14,40.67,1
0,0,0,0,20,10.5,34.980000000000004,4
2,0,15,6,8,12.35,51.03275000000002,2
2,0,14,6,40,12.35,51.03275000000002,2
0,0,0,0,32,10.5,34.980000000000004,4
0,0,0,0,20,10.5,34.980000000000004,4
0,0,0,0,26,10.5,34.980000000000004,4
3,0,31,0,12,17.14,40.67,1
2,0,27,6,41,12.35,51.03275000000002,2
2,0,12,6,29,12.35,51.03275000000002,2
2,0,21,6,12,12.35,51.03275000000002,2
3,0,35,0,43,17.14,40.67,1
3,0,19,0,17,17.14,40.67,1
2,0,17,6,10,12.35,51.03275000000002,2
3,0,19,0,18,17.14,40.67,1
2,0,14,6,42,12.35,51.03275000000002,2
2,0,52,6,21,12.35,51.03275000000002,2
1,1,13,2,24,6.27,18.575000000000003,7
2,0,10,6,27,12.35,51.03275000000002,2
1,1,23,2,12,6.27,18.575000000000003,7
1,1,8,2,22,6.27,18.575000000000003,7
2,0,18,6,24,12.35,51.03275000000002,2
0,0,0,0,14,10.5,34.980000000000004,4
0,0,0,0,0,10.5,34.980000000000004,4
0,0,0,0,30,10.5,34.980000000000004,4
0,0,0,0,34,10.5,34.980000000000004,4
2,0,21,6,0,12.35,51.03275000000002,2
2,0,29,6,20,12.35,51.03275000000002,2
2,0,45,6,24,12.35,51.03275000000002,2
1,1,7,2,10,6.27,18.575000000000003,7
3,0,31,0,18,17.14,40.67,1
0,0,0,0,24,10.5,34.980000000000004,4
0,0,0,0,21,11.35,34.980000000000004,4
0,0,0,0,24,11.35,34.980000000000004,4
2,0,14,6,12,12.35,51.03275000000002,2
0,0,0,0,40,11.35,34.980000000000004,4
1,1,25,2,36,6.27,18.575000000000003,7
0,0,0,0,18,11.35,34.980000000000004,4
2,0,47,7,45,12.35,51.03275000000002,2
2,0,12,7,22,12.35,51.03275000000002,2
3,0,49,0,0,17.14,40.67,1
2,0,21,7,35,12.35,51.03275000000002,2
3,0,35,0,14,17.14,40.67,1
2,0,11,7,35,12.35,51.03275000000002,2
1,1,20,2,6,6.27,18.575000000000003,7
2,0,17,7,29,12.35,51.03275000000002,2
0,0,0,0,20,11.35,34.980000000000004,4
2,0,14,7,37,12.35,51.03275000000002,2
1,1,8,2,45,6.27,18.575000000000003,7
2,0,24,7,39,12.35,51.03275000000002,2
0,0,0,0,28,11.35,34.980000000000004,4
2,0,36,7,34,13.5,51.03275000000002,2
2,0,18,7,44,13.5,51.03275000000002,2
1,1,13,2,10,6.27,18.575000000000003,7
1,1,25,2,22,6.995,18.575000000000003,7
0,0,0,0,47,8.530000000000001,27.63,5
0,0,0,0,11,8.530000000000001,27.63,5
1,1,8,2,22,6.995,18.575000000000003,7
0,0,0,0,34,8.530000000000001,27.63,5
3,0,43,0,29,17.14,41.94,1
0,0,0,0,43,8.530000000000001,27.63,5
3,0,35,0,38,17.14,41.94,1
0,0,0,0,58,8.530000000000001,27.63,5
1,1,28,2,21,6.995,18.575000000000003,7
0,0,0,0,15,8.530000000000001,27.63,5
2,0,14,7,24,13.5,51.03275000000002,2
2,0,10,7,22,13.5,51.03275000000002,2
0,0,0,0,8,8.530000000000001,27.63,5
2,0,24,7,32,13.5,51.03275000000002,2
0,0,0,0,45,8.530000000000001,27.63,5
1,1,63,2,36,6.995,18.575000000000003,7
2,0,14,7,27,13.5,51.03275000000002,2
1,1,13,2,38,6.995,18.575000000000003,7
2,0,15,7,23,13.5,51.03275000000002,2
2,0,24,7,7,13.5,51.03275000000002,2
0,0,0,0,15,8.530000000000001,27.63,5
1,1,22,2,20,6.995,18.575000000000003,7
2,0,12,7,6,13.5,51.03275000000002,2
1,1,20,2,0,6.995,18.575000000000003,7
1,1,20,2,16,6.995,18.575000000000003,7
1,1,7,2,8,6.995,18.575000000000003,7
3,0,19,0,21,17.14,41.94,1
2,0,27,7,37,13.5,51.03275000000002,2
1,1,20,2,2,6.995,18.575000000000003,7
0,0,0,0,8,8.530000000000001,27.63,5
2,0,16,7,27,13.5,51.03275000000002,2
1,1,8,2,6,6.995,18.575000000000003,7
0,0,0,0,18,8.530000000000001,27.63,5
1,1,5,2,39,6.995,18.575000000000003,7
0,0,0,0,8,8.530000000000001,27.63,5
2,0,12,7,10,13.5,51.03275000000002,2
1,1,13,2,27,6.995,18.575000000000003,7
3,0,41,0,12,17.14,41.94,1
2,0,21,7,8,11.35,43.345,3
0,0,0,0,20,8.530000000000001,27.63,5
0,0,0,0,23,8.530000000000001,27.63,5
3,0,37,0,15,17.14,41.94,1
1,1,23,2,16,6.995,18.575000000000003,7
1,1,32,2,2,6.995,18.575000000000003,7
1,1,5,2,30,6.995,18.575000000000003,7
2,0,12,7,14,11.35,43.345,3
1,1,28,2,11,6.995,18.575000000000003,7
0,0,0,0,11,8.530000000000001,27.63,5
1,1,22,2,26,6.995,18.575000000000003,7
2,0,21,7,12,11.35,43.345,3
1,1,8,2,31,6.995,25.045,7
2,0,21,7,20,11.35,43.345,3
1,1,28,2,18,6.995,25.045,7
2,0,10,7,29,11.35,43.345,3
0,0,0,0,26,8.530000000000001,27.63,5
1,1,8,2,6,6.995,25.045,7
2,0,29,7,13,11.35,43.345,3
0,0,0,0,38,8.530000000000001,27.63,5
0,0,0,0,22,8.530000000000001,27.63,5
1,1,20,2,12,6.995,25.045,7
1,1,23,2,32,6.995,25.045,7
2,0,47,7,35,11.35,43.345,3
2,0,45,7,41,11.35,43.345,3
3,0,44,0,27,17.14,41.94,1
0,0,0,0,12,8.530000000000001,27.63,5
3,0,19,0,20,17.14,41.94,1
1,1,22,2,12,6.995,25.045,7
2,0,17,7,26,11.35,43.345,3
2,0,21,7,12,11.35,43.345,3
1,1,6,2,26,6.995,25.045,7
0,0,0,0,21,8.530000000000001,27.63,5
0,0,0,0,16,8.530000000000001,27.63,5
2,0,14,7,13,12.35,43.345,3
3,0,44,0,13,17.14,41.94,1
0,0,0,0,29,8.530000000000001,27.63,5
3,0,19,0,46,17.14,41.94,1
2,0,54,7,13,12.35,43.345,3
1,1,23,2,35,6.995,25.045,7
2,0,17,8,10,12.35,43.345,3
2,0,16,8,6,12.35,43.345,3
2,0,36,8,12,12.35,43.345,3
0,0,0,0,38,8.530000000000001,27.63,5
0,0,0,0,54,8.530000000000001,27.63,5
0,0,0,0,29,8.530000000000001,27.63,5
0,0,0,0,12,8.530000000000001,27.63,5
2,0,29,8,45,12.35,43.345,3
1,1,25,2,0,6.995,25.045,7
2,0,63,8,41,12.35,43.345,3
0,0,0,0,20,8.530000000000001,27.63,5
1,1,5,2,37,6.995,25.045,7
0,0,0,0,35,8.530000000000001,27.63,5
2,0,18,8,30,12.35,43.345,3
0,0,0,0,24,8.530000000000001,27.63,5
0,0,0,0,29,8.530000000000001,27.63,5
2,0,24,8,29,12.35,43.345,3
2,0,48,8,58,12.35,43.345,3
2,0,27,8,20,12.35,43.345,3
2,0,10,8,33,12.35,43.345,3
2,0,16,8,39,12.35,43.345,3
1,1,9,2,10,7.67,25.045,7
0,0,0,0,8,8.530000000000001,27.63,5
0,0,0,0,23,8.530000000000001,27.63,5
0,0,0,0,36,8.530000000000001,27.63,5
1,1,9,2,25,7.67,25.045,7
2,0,21,8,57,12.35,43.345,3
2,0,48,8,43,12.35,43.345,3
0,0,0,0,6,8.530000000000001,27.63,5
3,0,37,0,31,17.14,41.94,1
1,1,20,2,16,7.67,25.045,7
0,0,0,0,0,8.530000000000001,27.63,5
2,0,45,8,58,12.35,43.345,3
2,0,21,8,55,12.35,43.345,3
2,0,26,8,21,12.35,43.345,3
2,0,12,8,18,12.35,43.345,3
1,1,20,2,24,7.67,25.045,7
2,0,14,8,24,12.35,43.345,3
1,1,8,2,48,7.67,25.045,7
3,0,53,0,10,17.14,41.94,1
0,0,0,0,12,8.530000000000001,27.63,5
2,0,14,8,10,12.35,43.345,3
0,0,0,0,24,8.530000000000001,27.63,5
0,0,0,0,30,8.530000000000001,27.63,5
1,1,8,2,16,7.67,25.045,7
1,1,33,2,47,7.67,25.045,7
2,0,11,8,22,12.35,43.345,3
1,1,8,2,14,7.67,25.045,7
1,1,23,2,36,7.67,25.045,7
0,0,0,0,8,8.530000000000001,27.63,5
0,0,0,0,14,8.530000000000001,27.63,5
2,0,10,8,19,12.35,43.345,3
2,0,15,8,34,12.35,43.345,3
0,0,0,0,9,8.530000000000001,27.63,5
1,1,25,2,18,8.530000000000001,25.045,7
2,0,18,8,8,12.35,43.345,3
2,0,42,8,8,12.35,43.345,3
2,0,18,8,28,12.35,43.345,3
2,0,45,8,28,12.35,45.235,3
1,1,20,2,9,8.530000000000001,25.045,7
3,0,37,0,16,17.14,41.94,1
3,0,43,0,0,18.55,41.94,1
0,0,0,0,20,8.530000000000001,27.63,5
2,0,18,8,13,12.35,45.235,3
2,0,30,8,9,12.35,45.235,3
2,0,8,8,38,12.35,45.235,3
0,0,0,0,6,8.530000000000001,27.63,5
2,0,15,8,12,12.35,45.235,3
2,0,11,8,38,12.35,45.235,3
3,0,37,0,16,18.55,41.94,1
0,0,0,0,12,8.530000000000001,27.63,5
2,0,24,8,16,12.35,45.235,3
0,0,0,0,16,8.530000000000001,29.652,5
3,0,35,0,10,18.55,41.94,1
3,0,35,0,38,18.55,41.94,1
2,0,30,8,15,12.35,45.235,3
3,0,19,0,2,18.55,41.94,1
1,1,28,2,11,8.530000000000001,25.045,7
2,0,12,8,37,12.35,45.235,3
1,1,20,2,12,8.530000000000001,25.045,7
2,0,12,8,44,12.35,45.235,3
2,0,32,8,12,12.35,45.235,3
1,1,6,2,55,8.530000000000001,25.045,7
0,0,0,0,9,8.530000000000001,29.652,5
2,0,36,8,8,12.35,45.235,3
0,0,0,0,23,8.530000000000001,29.652,5
1,1,23,2,25,8.530000000000001,25.045,7
0,0,0,0,6,8.530000000000001,29.652,5
2,0,30,8,16,12.35,45.235,3
3,0,31,0,31,18.55,41.94,1
3,0,19,0,27,18.55,41.94,1
0,0,0,0,2,8.530000000000001,29.652,5
0,0,0,0,28,8.530000000000001,29.652,5
2,0,12,8,18,12.35,45.235,3
2,0,11,8,10,12.35,45.235,3
1,1,6,2,15,8.530000000000001,25.045,7
2,0,18,8,57,12.35,45.235,3
1,1,34,2,12,8.530000000000001,25.045,7
0,0,0,0,36,8.530000000000001,29.652,5
2,0,21,8,10,12.35,45.235,3
1,1,33,2,24,8.530000000000001,25.045,7
2,0,16,8,13,12.35,45.235,3
1,1,20,2,31,8.530000000000001,25.045,7
1,1,25,2,37,8.530000000000001,25.045,7
2,0,24,8,2,12.35,45.235,3
0,0,0,0,6,8.530000000000001,29.652,5
2,0,21,8,14,12.35,45.235,3
2,0,8,8,37,12.35,45.235,3
2,0,16,8,29,12.35,45.235,3
1,1,33,2,12,8.530000000000001,25.045,7
2,0,12,8,14,12.35,45.235,3
1,1,25,2,5,8.530000000000001,25.045,7
0,0,0,0,23,8.530000000000001,29.652,5
3,0,31,0,48,18.55,41.94,1
1,2,6,2,35,8.530000000000001,25.045,7
3,0,44,0,1,18.55,41.94,1
0,0,0,0,20,8.530000000000001,29.652,5
2,0,16,8,34,12.35,45.235,3
0,0,0,0,34,8.530000000000001,29.652,5
0,0,0,0,12,8.530000000000001,29.652,5
0,0,0,0,8,8.530000000000001,29.652,5
1,2,6,2,8,8.530000000000001,25.045,7
0,0,0,0,39,8.530000000000001,29.652,5
2,0,8,8,9,12.35,45.235,3
3,0,19,0,4,18.55,41.94,1
0,0,0,0,48,8.530000000000001,29.652,5
1,2,4,2,37,8.530000000000001,25.045,7
2,0,16,8,11,12.35,45.235,3
1,2,38,2,14,8.530000000000001,25.045,7
2,0,12,8,15,12.35,45.235,3
2,0,7,8,4,12.35,45.235,3
0,0,0,0,23,8.530000000000001,29.652,5
2,0,24,8,33,12.35,45.235,3
2,0,24,8,26,12.35,45.235,3
2,0,14,8,7,12.35,45.235,3
2,0,29,8,32,12.35,45.235,3
2,0,63,8,14,12.35,45.235,3
2,0,12,8,20,12.35,45.235,3
2,0,8,8,24,12.35,45.235,3
2,0,36,8,26,12.35,45.235,3
1,2,9,2,20,8.530000000000001,25.045,7
0,0,0,0,11,8.530000000000001,29.652,5
2,0,30,8,0,12.35,45.235,3
0,0,0,0,32,8.530000000000001,29.652,5
0,0,0,0,0,8.530000000000001,29.652,5
1,2,4,2,2,9.5,25.045,7
2,0,18,8,37,12.35,45.235,3
1,2,6,2,24,9.5,25.045,7
0,0,0,0,20,8.530000000000001,29.652,5
0,0,0,0,18,8.530000000000001,29.652,5
1,2,20,2,58,9.5,25.045,7
1,2,6,2,36,9.5,25.045,7
2,0,21,8,13,12.35,45.235,3
2,0,16,8,31,12.35,45.235,3
1,2,23,2,39,9.5,25.045,7
0,0,0,0,10,8.530000000000001,29.652,5
3,0,19,0,10,18.55,41.94,1
2,0,30,8,14,12.35,45.235,3
3,0,19,0,12,18.55,41.94,1
2,0,14,8,36,12.35,45.235,3
1,2,25,2,31,9.5,25.045,7
2,0,21,8,28,12.35,45.235,3
1,2,28,2,26,9.5,25.045,7
0,0,0,0,33,8.530000000000001,29.652,5
2,0,14,9,15,12.35,45.235,3
3,0,19,0,32,18.55,41.94,1
2,0,14,9,12,13.5,45.235,3
2,0,24,9,32,13.5,45.235,3
2,0,15,9,35,13.5,45.235,3
0,0,0,0,10,8.530000000000001,29.652,5
1,2,23,2,6,9.5,25.045,7
1,2,25,2,18,9.5,25.045,7
2,0,16,9,12,13.5,45.235,3
2,0,24,9,25,13.5,45.235,3
2,0,8,9,18,13.5,45.235,3
0,0,0,0,7,8.530000000000001,29.652,5
3,0,19,0,12,18.55,41.94,1
0,0,0,0,20,8.530000000000001,29.652,5
2,0,8,9,39,13.5,45.235,3
3,0,35,0,21,18.55,41.94,1
3,0,44,0,47,18.55,41.94,1
0,0,0,0,52,8.530000000000001,29.652,5
1,2,23,2,28,9.5,25.045,7
3,0,53,0,25,18.55,41.94,1
0,0,0,0,14,9.5,29.652,5
2,0,21,9,13,13.5,45.235,3
2,0,11,9,14,13.5,45.235,3
1,2,25,2,20,9.5,25.045,7
0,0,0,0,53,9.5,29.652,5
0,0,0,0,26,9.5,29.652,5
3,0,35,0,0,18.55,41.94,1
0,0,0,0,0,9.5,29.652,5
0,0,0,0,37,9.5,29.652,5
1,2,22,2,38,9.5,25.045,7
0,0,0,0,31,9.5,29.652,5
1,2,20,2,43,9.5,25.045,7
0,0,0,0,17,9.5,29.652,5
1,2,6,2,17,9.5,25.045,7
3,0,35,0,23,18.55,41.94,1
0,0,0,0,35,9.5,29.652,5
1,2,33,2,8,9.5,25.045,7
0,0,0,0,12,9.5,29.652,5
1,2,38,2,31,9.5,25.045,7
1,2,6,2,6,9.5,25.045,7
1,2,23,2,8,9.5,25.045,7
2,0,27,9,10,13.5,45.235,3
0,0,0,0,14,9.5,29.652,5
1,2,39,2,17,9.5,25.045,7
2,0,30,9,32,13.5,45.235,3
1,2,39,2,44,9.5,25.045,7
2,0,24,9,20,13.5,45.235,3
0,0,0,0,34,9.5,29.652,5
2,0,21,9,33,13.5,45.235,3
0,0,0,0,53,9.5,29.652,5
2,0,10,9,20,13.5,45.235,3
1,2,38,2,12,9.5,27.63,7
0,0,0,0,18,9.5,29.652,5
2,0,10,9,52,13.5,45.235,3
0,0,0,0,24,9.5,29.652,5
1,2,20,2,26,3.415,18.575000000000003,8
2,0,14,9,36,13.5,45.235,3
1,2,25,2,32,3.415,18.575000000000003,8
0,0,0,0,14,9.5,29.652,5
3,0,37,0,21,18.55,41.94,1
2,0,17,9,41,13.5,45.235,3
1,2,13,2,38,3.415,18.575000000000003,8
0,0,0,0,6,9.5,29.652,5
2,0,21,9,13,13.5,45.235,3
0,0,0,0,26,9.5,29.652,5
2,0,18,9,8,13.5,45.235,3
1,2,20,2,18,3.415,18.575000000000003,8
0,0,0,0,12,9.5,29.652,5
2,0,30,9,23,13.5,45.235,3
2,0,14,9,35,13.5,45.235,3
1,2,13,2,24,3.415,18.575000000000003,8
0,0,0,0,20,9.5,29.652,5
2,0,12,9,22,13.5,45.235,3
2,0,21,9,0,13.5,45.235,3
3,0,31,0,30,18.55,41.94,1
2,0,14,9,29,13.5,45.235,3
1,2,22,2,18,3.415,18.575000000000003,8
0,0,0,0,28,9.5,29.652,5
0,0,0,0,24,9.5,29.652,5
0,0,0,0,11,9.5,29.652,5
2,0,12,9,14,13.5,45.235,3
3,0,37,0,30,18.55,41.94,1
0,0,0,0,26,9.5,29.652,5
2,0,45,9,26,13.5,45.235,3
0,0,0,0,30,9.5,29.652,5
2,0,16,9,4,13.5,45.235,3
2,0,47,9,6,13.5,47.21,3
2,0,8,9,12,13.5,47.21,3
0,0,0,0,40,9.5,29.652,5
1,2,13,2,9,3.415,18.575000000000003,8
1,2,6,2,29,3.415,18.575000000000003,8
2,0,54,9,17,13.5,47.21,3
0,0,0,0,29,9.5,29.652,5
2,0,29,9,10,11.35,34.980000000000004,4
2,0,11,9,47,11.35,34.980000000000004,4
0,0,0,0,6,9.5,29.652,5
3,0,43,0,40,18.55,41.94,1
0,0,0,0,7,9.5,29.652,5
0,0,0,0,52,9.5,29.652,5
1,2,13,2,0,3.415,18.575000000000003,8
0,0,0,0,11,9.5,29.652,5
2,0,25,9,39,11.35,34.980000000000004,4
3,0,31,0,7,18.55,41.94,1
1,2,22,2,6,3.415,18.575000000000003,8
2,0,10,9,21,11.35,34.980000000000004,4
2,0,48,9,28,11.35,34.980000000000004,4
0,0,0,0,34,9.5,29.652,5
1,2,33,2,14,3.415,18.575000000000003,8
2,0,27,9,37,11.35,34.980000000000004,4
0,0,0,0,0,9.5,29.652,5
2,0,12,9,15,11.35,34.980000000000004,4
2,0,25,9,-2,11.35,34.980000000000004,4
3,0,19,0,32,18.55,41.94,1
2,0,7,10,38,11.35,34.980000000000004,4
2,0,16,10,11,11.35,34.980000000000004,4
1,2,6,2,8,3.415,18.575000000000003,8
0,0,0,0,12,9.5,29.652,5
2,0,24,10,7,12.35,34.980000000000004,4
1,2,20,2,47,3.415,18.575000000000003,8
1,2,9,2,28,3.415,18.575000000000003,8
2,0,13,10,0,12.35,34.980000000000004,4
3,0,44,0,15,18.55,41.94,1
0,0,0,0,24,9.5,29.652,5
0,0,0,0,44,9.5,29.652,5
3,0,35,0,30,18.55,41.94,1
2,0,48,10,10,12.35,34.980000000000004,4
1,2,60,2,4,3.415,18.575000000000003,8
2,0,21,10,37,12.35,34.980000000000004,4
0,0,0,0,8,9.5,29.652,5
0,0,0,0,11,9.5,29.652,5
2,0,8,10,35,12.35,34.980000000000004,4
2,0,15,10,10,12.35,36.45,4
0,0,0,0,8,9.5,29.652,5
2,0,13,10,0,12.35,36.45,4
0,0,0,0,12,9.5,29.652,5
1,2,6,2,20,3.415,18.575000000000003,8
1,2,28,2,27,3.415,18.575000000000003,8
2,0,4,10,26,12.35,36.45,4
2,0,7,10,29,12.35,36.45,4
0,0,0,0,28,10.5,31.717000000000002,5
0,0,0,0,10,10.5,31.717000000000002,5
1,2,39,2,12,3.415,18.575000000000003,8
3,0,43,0,22,18.55,41.94,1
0,0,0,0,2,10.5,31.717000000000002,5
2,0,12,10,38,12.35,36.45,4
1,2,38,2,6,3.415,18.575000000000003,8
2,0,14,10,4,12.35,36.45,4
2,0,24,10,24,12.35,36.45,4
0,0,0,0,23,10.5,31.717000000000002,5
0,0,0,0,9,10.5,31.717000000000002,5
1,2,6,2,17,3.415,18.575000000000003,8
2,0,24,10,32,12.35,36.45,4
1,2,6,2,16,3.415,18.575000000000003,8
0,0,0,0,30,10.5,31.717000000000002,5
0,0,0,0,7,10.5,31.717000000000002,5
0,0,0,0,34,10.5,31.717000000000002,5
2,0,8,10,0,12.35,36.45,4
2,0,24,10,5,12.35,36.45,4
0,0,0,0,29,10.5,31.717000000000002,5
2,0,7,10,12,12.35,36.45,4
0,0,0,0,53,10.5,31.717000000000002,5
0,0,0,0,20,10.5,31.717000000000002,5
2,0,16,10,11,12.35,37.875,4
3,0,49,0,0,18.55,41.94,1
2,0,7,10,21,12.35,37.875,4
0,0,0,0,33,10.5,31.717000000000002,5
4,0,46,0,7,18.55,41.94,1
2,0,8,10,12,12.35,37.875,4
2,0,12,10,30,12.35,37.875,4
1,2,6,2,29,3.415,18.575000000000003,8
2,0,7,10,16,12.35,37.875,4
2,0,8,10,18,12.35,37.875,4
2,0,8,10,18,12.35,37.875,4
0,0,0,0,10,10.5,31.717000000000002,5
2,0,6,10,14,12.35,37.875,4
2,0,11,10,30,12.35,37.875,4
2,0,36,10,6,12.35,37.875,4
2,0,18,10,45,12.35,37.875,4
2,0,24,10,32,12.35,37.875,4
0,0,0,0,11,10.5,31.717000000000002,5
2,0,18,10,0,12.35,37.875,4
1,2,60,2,9,3.415,18.575000000000003,8
1,2,20,2,24,3.415,18.575000000000003,8
1,2,9,2,0,3.415,18.575000000000003,8
2,0,21,10,26,12.35,37.875,4
1,2,33,2,12,3.415,18.575000000000003,8
2,0,63,10,10,12.35,37.875,4
0,0,0,0,17,10.5,31.717000000000002,5
0,0,0,0,14,10.5,31.717000000000002,5
2,0,21,10,8,12.35,37.875,4
2,0,17,10,37,12.35,37.875,4
2,0,6,10,0,12.35,37.875,4
2,0,15,10,6,12.35,37.875,4
0,0,0,0,38,10.5,31.717000000000002,5
2,0,8,10,23,12.35,37.875,4
0,0,0,0,12,10.5,31.717000000000002,5
3,0,49,0,36,18.55,41.94,1
1,2,38,2,45,3.415,18.575000000000003,8
0,0,0,0,31,10.5,31.717000000000002,5
0,0,0,0,32,10.5,31.717000000000002,5
0,0,0,0,45,10.5,31.717000000000002,5
3,0,36,0,30,18.55,41.94,1
2,0,45,10,22,12.35,37.875,4
0,0,0,0,10,10.5,31.717000000000002,5
2,0,30,10,33,12.35,37.875,4
1,2,5,2,29,3.415,18.575000000000003,8
0,0,0,0,6,10.5,31.717000000000002,5
2,0,8,10,29,12.35,37.875,4
2,0,42,10,20,12.35,37.875,4
0,0,0,0,34,10.5,31.717000000000002,5
0,0,0,0,14,10.5,31.717000000000002,5
0,0,0,0,9,10.5,31.717000000000002,5
2,0,16,10,12,12.35,37.875,4
2,0,8,10,0,12.35,37.875,4
2,0,10,10,13,12.35,37.875,4
0,0,0,0,37,10.5,31.717000000000002,5
1,2,23,2,6,3.415,18.575000000000003,8
2,0,6,10,49,12.35,37.875,4
0,0,0,0,29,10.5,31.717000000000002,5
2,0,26,10,0,12.35,37.875,4
2,0,24,10,8,12.35,37.875,4
0,0,0,0,6,10.5,31.717000000000002,5
2,0,13,10,1,12.35,37.875,4
0,0,0,0,38,10.5,31.717000000000002,5
2,0,7,10,20,12.35,37.875,4
2,0,18,10,10,12.35,37.875,4
2,0,8,10,12,12.35,37.875,4
2,0,25,10,41,12.35,37.875,4
1,2,23,2,31,3.415,18.575000000000003,8
2,0,4,10,0,12.35,37.875,4
2,0,47,10,27,12.35,37.875,4
3,0,44,0,12,18.55,41.94,1
2,0,6,10,7,12.35,37.875,4
0,0,0,0,29,10.5,31.717000000000002,5
0,0,0,0,35,10.5,31.717000000000002,5
4,0,46,0,35,18.55,41.94,1
0,0,0,0,31,10.5,31.717000000000002,5
3,0,41,0,17,18.55,41.94,1
2,0,8,10,21,12.35,37.875,4
2,0,16,10,36,13.5,37.875,4
3,0,45,1,6,18.55,43.345,1
2,0,6,10,14,13.5,39.315,4
0,0,0,0,15,10.5,31.717000000000002,5
3,0,49,1,19,18.55,43.345,1
2,0,21,10,32,13.5,39.315,4
2,0,14,10,44,13.5,39.315,4
2,0,27,10,36,13.5,39.315,4
2,0,25,10,9,13.5,39.315,4
0,0,0,0,6,10.5,31.717000000000002,5
2,0,52,10,30,13.5,39.315,4
1,2,38,2,8,3.415,18.575000000000003,8
2,0,6,10,28,13.5,39.315,4
2,0,10,10,41,13.5,39.315,4
1,2,38,2,26,3.415,18.575000000000003,8
4,0,46,0,32,18.55,43.345,1
1,2,33,2,12,3.415,18.575000000000003,8
2,0,48,10,39,13.5,39.315,4
2,0,13,10,30,13.5,39.315,4
0,0,0,0,18,10.5,31.717000000000002,5
0,0,0,0,24,10.5,31.717000000000002,5
3,0,44,1,18,18.55,43.345,1
2,0,52,10,8,13.5,39.315,4
2,0,21,10,37,13.5,39.315,4
0,0,0,0,26,10.5,31.717000000000002,5
0,0,0,0,17,10.5,31.717000000000002,5
2,0,56,10,54,13.5,39.315,4
2,0,7,10,24,13.5,39.315,4
2,0,14,10,45,13.5,39.315,4
2,0,11,10,53,13.5,39.315,4
0,0,0,0,13,10.5,31.717000000000002,5
2,0,13,10,27,13.5,39.315,4
1,2,23,2,21,3.415,18.575000000000003,8
2,0,7,10,43,13.5,39.315,4
3,0,19,1,16,18.55,43.345,1
1,2,9,2,39,3.415,18.575000000000003,8
0,0,0,0,40,10.5,31.717000000000002,5
2,0,8,10,0,13.5,39.315,4
2,0,16,10,11,13.5,39.315,4
2,0,25,10,23,13.5,39.315,4
0,0,0,0,22,10.5,31.717000000000002,5
0,0,0,0,7,10.5,31.717000000000002,5
2,0,24,10,34,13.5,39.315,4
0,0,0,0,5,10.5,31.717000000000002,5
2,0,7,10,5,13.5,39.315,4
2,0,29,10,20,13.5,39.315,4
1,2,33,2,33,3.415,18.575000000000003,8
0,0,0,0,11,10.5,31.717000000000002,5
1,2,38,2,29,3.415,18.575000000000003,8
1,2,34,2,12,3.415,18.575000000000003,8
0,0,0,0,31,10.5,31.717000000000002,5
1,2,5,2,25,3.415,18.575000000000003,8
0,0,0,0,26,10.5,31.717000000000002,5
0,0,0,0,27,10.5,31.717000000000002,5
2,0,24,10,14,13.5,39.315,4
0,0,0,0,58,10.5,31.717000000000002,5
1,2,39,2,31,3.415,18.575000000000003,8
2,0,16,10,29,13.5,39.315,4
1,2,20,2,49,3.415,18.575000000000003,8
3,0,43,1,34,18.55,43.345,1
0,0,0,0,11,10.5,31.717000000000002,5
2,0,13,10,27,13.5,39.315,4
0,0,0,0,17,10.5,31.717000000000002,5
0,0,0,0,31,10.5,31.717000000000002,5
3,0,53,1,37,18.55,43.345,1
0,0,0,0,28,10.5,31.717000000000002,5
2,0,17,10,11,13.5,39.315,4
1,2,5,2,22,3.415,18.575000000000003,8
2,0,25,10,21,13.5,39.315,4
2,0,14,10,10,13.5,39.315,4
3,0,49,1,24,18.55,43.345,1
2,0,8,10,13,13.5,39.315,4
1,2,39,2,36,3.415,18.575000000000003,8
1,2,9,2,33,3.415,18.575000000000003,8
3,0,19,1,10,18.55,43.345,1
1,2,23,2,24,3.415,18.575000000000003,8
0,0,0,0,34,11.35,31.717000000000002,5
2,0,16,10,11,13.5,39.315,4
0,0,0,0,37,11.35,31.717000000000002,5
2,0,14,10,24,13.5,39.315,4
0,0,0,0,23,11.35,31.717000000000002,5
2,0,29,10,18,13.5,39.315,4
2,0,13,10,58,13.5,39.315,4
2,0,27,10,24,13.5,39.315,4
1,2,28,2,-2,3.415,18.575000000000003,8
1,2,23,2,39,3.415,18.575000000000003,8
0,0,0,0,43,11.35,31.717000000000002,5
0,0,0,0,13,11.35,31.717000000000002,5
0,0,0,0,26,11.35,31.717000000000002,5
2,0,6,10,8,13.5,39.315,4
0,0,0,0,6,11.35,31.717000000000002,5
2,0,16,10,40,13.5,39.315,4
3,0,19,1,43,18.55,43.345,1
2,0,8,10,6,13.5,39.315,4
2,0,16,10,58,13.5,39.315,4
1,2,33,2,0,3.415,18.575000000000003,8
0,0,0,0,24,11.35,31.717000000000002,5
1,2,28,2,21,3.415,18.575000000000003,8
2,0,32,10,0,13.5,39.315,4
3,0,19,1,31,18.55,43.345,1
0,0,0,0,28,11.35,31.717000000000002,5
0,0,0,0,14,11.35,31.717000000000002,5
2,0,7,10,23,13.5,39.315,4
2,0,22,10,35,13.5,40.67,4
2,0,11,10,18,13.5,40.67,4
2,0,18,10,7,13.5,40.67,4
0,0,0,0,20,11.35,31.717000000000002,5
0,0,0,0,38,8.530000000000001,31.717000000000002,6
0,0,0,0,20,8.530000000000001,31.717000000000002,6
0,0,0,0,10,8.530000000000001,31.717000000000002,6
1,2,20,2,20,3.415,18.575000000000003,8
2,0,12,10,22,13.5,40.67,4
2,0,18,10,5,14.5,40.67,4
0,0,0,0,21,8.530000000000001,31.717000000000002,6
0,0,0,0,22,8.530000000000001,33.370000000000005,6
1,2,5,2,0,3.415,18.575000000000003,8
3,0,45,1,12,18.55,43.345,1
2,0,6,10,0,14.5,40.67,4
2,0,13,10,13,14.5,40.67,4
2,0,30,10,22,14.5,40.67,4
0,0,0,0,31,8.530000000000001,33.370000000000005,6
2,0,18,10,24,14.5,40.67,4
0,0,0,0,43,8.530000000000001,33.370000000000005,6
0,0,0,0,37,8.530000000000001,33.370000000000005,6
0,0,0,0,10,8.530000000000001,33.370000000000005,6
0,0,0,0,35,8.530000000000001,33.370000000000005,6
2,0,11,10,32,14.5,40.67,4
2,0,24,10,22,14.5,40.67,4
0,0,0,0,40,8.530000000000001,33.370000000000005,6
2,0,24,10,24,14.5,40.67,4
2,0,17,10,13,14.5,40.67,4
2,0,8,10,16,14.5,40.67,4
0,0,0,0,37,8.530000000000001,33.370000000000005,6
0,0,0,0,43,8.530000000000001,33.370000000000005,6
0,0,0,0,39,8.530000000000001,33.370000000000005,6
2,0,24,10,10,14.5,40.67,4
0,0,0,0,11,8.530000000000001,33.370000000000005,6
1,2,23,2,23,3.415,18.575000000000003,8
2,0,16,11,8,11.35,31.717000000000002,5
1,2,34,2,20,3.415,18.575000000000003,8
2,0,12,11,2,11.35,31.717000000000002,5
0,0,0,0,6,8.530000000000001,33.370000000000005,6
1,2,38,2,44,3.415,18.575000000000003,8
2,0,18,11,12,11.35,31.717000000000002,5
0,0,0,0,27,8.530000000000001,33.370000000000005,6
2,0,8,11,16,11.35,31.717000000000002,5
0,0,0,0,7,8.530000000000001,33.370000000000005,6
2,0,15,11,24,11.35,31.717000000000002,5
1,2,20,2,30,3.415,18.575000000000003,8
2,0,10,11,30,11.35,31.717000000000002,5
0,0,0,0,12,8.530000000000001,33.370000000000005,6
2,0,10,11,36,11.35,31.717000000000002,5
2,0,27,11,9,11.35,31.717000000000002,5
2,0,47,11,26,11.35,31.717000000000002,5
0,0,0,0,6,8.530000000000001,33.370000000000005,6
2,0,11,11,0,11.35,31.717000000000002,5
2,0,8,11,23,11.35,31.717000000000002,5
2,0,24,11,44,11.35,31.717000000000002,5
2,0,48,11,36,11.35,31.717000000000002,5
2,0,24,11,10,11.35,31.717000000000002,5
2,0,25,11,53,11.35,33.370000000000005,5
3,0,31,1,44,18.55,43.345,1
0,0,0,0,43,8.530000000000001,33.370000000000005,6
0,0,0,0,8,9.5,33.370000000000005,6
0,0,0,0,31,9.5,33.370000000000005,6
2,0,15,11,47,11.35,33.370000000000005,5
3,0,44,1,32,18.55,43.345,1
2,0,15,11,1,11.35,33.370000000000005,5
2,0,47,11,2,11.35,33.370000000000005,5
3,0,19,1,34,18.55,43.345,1
2,0,25,11,8,11.35,33.370000000000005,5
2,0,24,11,29,11.35,33.370000000000005,5
0,0,0,0,22,9.5,33.370000000000005,6
1,2,60,2,13,3.415,18.575000000000003,8
2,0,18,11,43,11.35,33.370000000000005,5
0,0,0,0,31,9.5,33.370000000000005,6
0,0,0,0,16,9.5,33.370000000000005,6
0,0,0,0,16,9.5,33.370000000000005,6
2,0,8,11,25,12.35,33.370000000000005,5
2,0,10,11,33,12.35,33.370000000000005,5
2,0,11,11,23,12.35,33.370000000000005,5
2,0,16,11,22,12.35,33.370000000000005,5
1,2,28,2,37,3.415,18.575000000000003,8
2,0,7,11,26,12.35,33.370000000000005,5
0,0,0,0,28,9.5,33.370000000000005,6
0,0,0,0,11,9.5,33.370000000000005,6
2,0,6,11,11,12.35,33.370000000000005,5
2,0,21,11,-2,12.35,33.370000000000005,5
3,0,15,1,8,19.86,43.345,1
2,0,26,11,24,12.35,33.370000000000005,5
2,0,14,11,7,12.35,33.370000000000005,5
2,0,18,11,10,12.35,33.370000000000005,5
0,0,0,0,0,9.5,33.370000000000005,6
1,2,5,2,9,3.415,18.575000000000003,8
2,0,4,11,13,12.35,33.370000000000005,5
0,0,0,0,34,9.5,33.370000000000005,6
0,0,0,0,2,9.5,33.370000000000005,6
2,0,25,11,24,12.35,33.370000000000005,5
2,0,24,11,2,12.35,33.370000000000005,5
1,2,9,2,10,3.415,18.575000000000003,8
1,2,38,2,31,3.415,18.575000000000003,8
2,0,26,11,6,12.35,33.370000000000005,5
2,0,29,11,8,12.35,33.370000000000005,5
2,0,24,11,12,12.35,33.370000000000005,5
0,0,0,0,25,9.5,33.370000000000005,6
1,2,33,2,18,3.415,18.575000000000003,8
2,0,7,12,0,12.35,33.370000000000005,5
0,0,0,0,12,9.5,33.370000000000005,6
2,0,32,12,11,12.35,33.370000000000005,5
2,0,18,12,34,12.35,33.370000000000005,5
0,0,0,0,29,9.5,33.370000000000005,6
2,0,24,12,11,12.35,33.370000000000005,5
0,0,0,0,11,9.5,33.370000000000005,6
0,0,0,0,34,10.5,33.370000000000005,6
2,0,18,12,47,12.35,33.370000000000005,5
2,0,6,12,12,12.35,33.370000000000005,5
2,0,30,12,12,12.35,33.370000000000005,5
2,0,27,12,24,12.35,33.370000000000005,5
2,0,25,12,0,12.35,34.980000000000004,5
2,0,26,12,21,12.35,34.980000000000004,5
0,0,0,0,8,10.5,33.370000000000005,6
2,0,48,12,6,12.35,34.980000000000004,5
2,0,42,12,10,12.35,34.980000000000004,5
0,0,0,0,20,10.5,33.370000000000005,6
2,0,21,12,20,12.35,34.980000000000004,5
2,0,10,12,24,12.35,34.980000000000004,5
0,0,0,0,14,10.5,33.370000000000005,6
2,0,18,12,10,12.35,34.980000000000004,5
2,0,11,12,0,12.35,34.980000000000004,5
0,0,0,0,6,10.5,33.370000000000005,6
0,0,0,0,30,10.5,33.370000000000005,6
2,0,27,12,21,12.35,34.980000000000004,5
1,2,20,2,43,3.415,18.575000000000003,8
0,0,0,0,6,10.5,33.370000000000005,6
0,0,0,0,6,10.5,33.370000000000005,6
0,0,0,0,7,10.5,33.370000000000005,6
0,0,0,0,29,10.5,33.370000000000005,6
2,0,30,12,21,12.35,34.980000000000004,5
2,0,48,12,31,12.35,34.980000000000004,5
1,2,20,2,17,3.415,18.575000000000003,8
2,0,12,12,0,13.5,34.980000000000004,5
2,0,6,12,31,13.5,34.980000000000004,5
0,0,0,0,18,10.5,33.370000000000005,6
2,0,6,12,27,13.5,34.980000000000004,5
2,0,10,12,9,13.5,34.980000000000004,5
1,2,20,2,17,3.415,18.575000000000003,8
3,0,27,1,22,19.86,43.345,1
2,0,13,12,0,13.5,34.980000000000004,5
3,0,15,1,12,19.86,43.345,1
2,0,10,12,47,13.5,34.980000000000004,5
0,0,0,0,9,10.5,33.370000000000005,6
2,0,4,12,14,13.5,34.980000000000004,5
0,0,0,0,34,10.5,33.370000000000005,6
0,0,0,0,8,10.5,33.370000000000005,6
0,0,0,0,1,10.5,33.370000000000005,6
2,0,18,12,17,13.5,34.980000000000004,5
3,0,35,1,18,19.86,43.345,1
3,0,43,1,12,19.86,43.345,1
3,0,45,1,16,19.86,43.345,1
3,0,49,1,8,19.86,43.345,1
2,0,21,12,14,13.5,34.980000000000004,5
0,0,0,0,13,10.5,33.370000000000005,6
2,0,24,12,44,13.5,34.980000000000004,5
3,0,19,1,26,19.86,43.345,1
2,0,22,12,21,13.5,34.980000000000004,5
2,0,10,12,27,13.5,34.980000000000004,5
0,0,0,0,42,10.5,33.370000000000005,6
3,0,35,1,16,19.86,43.345,1
0,0,0,0,32,10.5,34.980000000000004,6
2,0,21,12,4,14.5,34.980000000000004,5
2,0,12,12,39,14.5,34.980000000000004,5
0,0,0,0,20,10.5,34.980000000000004,6
2,0,7,12,10,14.5,34.980000000000004,5
2,0,16,12,5,14.5,34.980000000000004,5
2,0,22,12,25,14.5,34.980000000000004,5
0,0,0,0,9,10.5,34.980000000000004,6
2,0,12,12,34,14.5,34.980000000000004,5
0,0,0,0,26,10.5,34.980000000000004,6
0,0,0,0,15,10.5,34.980000000000004,6
0,0,0,0,6,10.5,34.980000000000004,6
2,0,10,12,9,14.5,34.980000000000004,5
3,0,43,1,6,19.86,43.345,1
0,0,0,0,7,10.5,34.980000000000004,6
2,0,6,12,27,14.5,34.980000000000004,5
3,0,35,1,4,19.86,43.345,1
3,0,19,1,20,19.86,43.345,1
2,0,24,12,8,14.5,34.980000000000004,5
2,0,16,12,24,14.5,34.980000000000004,5
3,0,27,1,5,13.5,51.03275000000002,2
0,0,0,0,8,10.5,34.980000000000004,6
2,0,26,12,38,14.5,34.980000000000004,5
0,0,0,0,38,10.5,34.980000000000004,6
0,0,0,0,26,10.5,34.980000000000004,6
3,0,19,1,29,13.5,51.03275000000002,2
2,0,12,12,34,14.5,34.980000000000004,5
0,0,40,0,17,10.5,34.980000000000004,6
2,0,25,12,34,14.5,34.980000000000004,5
1,2,9,2,0,3.415,18.575000000000003,8
2,0,24,12,30,14.5,34.980000000000004,5
3,0,35,1,26,13.5,51.03275000000002,2
2,0,16,12,14,14.5,34.980000000000004,5
2,0,32,12,19,14.5,34.980000000000004,5
0,0,0,0,37,10.5,34.980000000000004,6
1,2,20,2,24,3.415,18.575000000000003,8
4,0,46,0,21,19.86,43.345,1
2,0,23,12,29,14.5,34.980000000000004,5
0,0,0,0,18,10.5,34.980000000000004,6
0,0,0,0,25,10.5,34.980000000000004,6
2,0,10,12,34,14.5,34.980000000000004,5
0,0,0,0,7,10.5,34.980000000000004,6
3,0,19,1,0,13.5,51.03275000000002,2
3,0,36,1,24,13.5,51.03275000000002,2
3,0,19,1,10,13.5,51.03275000000002,2
3,0,27,1,37,13.5,51.03275000000002,2
3,0,15,1,6,13.5,51.03275000000002,2
1,2,33,2,38,3.415,18.575000000000003,8
1,2,34,2,40,3.415,18.575000000000003,8
1,2,5,2,24,3.415,18.575000000000003,8
0,0,0,0,11,10.5,34.980000000000004,6
2,0,25,12,8,14.5,34.980000000000004,5
1,2,33,2,26,3.415,18.575000000000003,8
0,0,0,0,32,10.5,34.980000000000004,6
0,0,0,0,18,10.5,34.980000000000004,6
3,0,27,1,20,13.5,51.03275000000002,2
0,0,0,0,16,10.5,34.980000000000004,6
3,0,15,1,19,13.5,51.03275000000002,2
6,0,59,0,16,19.86,43.345,1
2,0,11,12,7,14.5,34.980000000000004,5
1,2,34,2,43,3.415,18.575000000000003,8
2,0,6,12,36,14.5,34.980000000000004,5
2,0,8,12,38,14.5,34.980000000000004,5
1,2,9,2,1,3.415,18.575000000000003,8
0,0,0,0,35,12.35,34.980000000000004,6
3,0,35,1,8,13.5,51.03275000000002,2
2,0,48,12,18,14.5,34.980000000000004,5
0,0,0,0,11,12.35,34.980000000000004,6
0,0,40,0,28,12.35,34.980000000000004,6
0,0,0,0,29,12.35,34.980000000000004,6
0,0,40,0,33,12.35,34.980000000000004,6
2,0,13,12,18,14.5,34.980000000000004,5
3,0,32,1,12,13.5,51.03275000000002,2
6,0,59,0,33,19.86,43.345,1
3,0,41,1,20,14.5,51.03275000000002,2
4,0,46,0,25,19.86,43.345,1
0,0,0,0,24,12.35,34.980000000000004,6
1,2,5,2,34,3.415,18.575000000000003,8
0,0,0,0,14,12.35,34.980000000000004,6
2,0,26,12,26,14.5,34.980000000000004,5
2,0,16,12,16,14.5,34.980000000000004,5
0,0,0,0,17,12.35,34.980000000000004,6
2,0,12,12,45,14.5,34.980000000000004,5
3,0,37,1,41,14.5,51.03275000000002,2
2,0,25,12,32,14.5,34.980000000000004,5
3,0,15,1,38,14.5,51.03275000000002,2
2,0,11,12,27,14.5,34.980000000000004,5
0,0,0,0,24,12.35,34.980000000000004,6
2,0,12,12,14,14.5,34.980000000000004,5
3,0,19,1,2,14.5,51.03275000000002,2
3,0,35,1,33,14.5,51.03275000000002,2
2,0,7,12,43,14.5,34.980000000000004,5
2,0,17,12,22,14.5,34.980000000000004,5
0,0,0,0,1,12.35,34.980000000000004,6
0,0,0,0,35,12.35,34.980000000000004,6
0,0,0,0,18,12.35,34.980000000000004,6
3,0,42,1,34,14.5,51.03275000000002,2
2,0,18,12,2,14.5,34.980000000000004,5
3,0,53,1,29,14.5,51.03275000000002,2
0,0,0,0,39,12.35,34.980000000000004,6
2,0,8,12,16,14.5,34.980000000000004,5
0,0,0,0,30,12.35,34.980000000000004,6
2,0,8,12,12,14.5,36.45,5
0,0,0,0,14,12.35,34.980000000000004,6
0,0,0,0,8,12.35,34.980000000000004,6
2,0,16,12,46,14.5,36.45,5
2,0,7,12,0,14.5,36.45,5
2,0,21,12,46,14.5,36.45,5
2,0,21,12,35,14.5,36.45,5
2,0,18,12,32,14.5,36.45,5
1,2,33,2,16,3.415,18.575000000000003,8
3,0,31,1,10,14.5,51.03275000000002,2
3,0,31,1,18,14.5,51.03275000000002,2
2,0,10,12,13,14.5,36.45,5
1,2,9,2,27,3.415,18.575000000000003,8
3,0,31,1,11,14.5,51.03275000000002,2
0,0,0,0,8,12.35,34.980000000000004,6
0,0,0,0,19,12.35,34.980000000000004,6
0,0,0,0,20,12.35,34.980000000000004,6
2,0,12,12,24,14.5,36.45,5
2,0,22,12,0,14.5,36.45,5
2,0,13,12,7,15.64,36.45,5
1,2,9,2,0,3.415,18.575000000000003,8
3,0,27,1,39,14.5,51.03275000000002,2
0,0,0,0,2,12.35,34.980000000000004,6
2,0,16,12,43,15.64,36.45,5
3,0,35,1,26,14.5,51.03275000000002,2
3,0,27,1,35,14.5,51.03275000000002,2
0,0,0,0,58,12.35,34.980000000000004,6
2,0,13,12,44,15.64,36.45,5
2,0,16,12,6,15.64,36.45,5
2,0,10,12,6,15.64,36.45,5
0,0,0,0,13,12.35,34.980000000000004,6
3,0,27,1,34,14.5,51.03275000000002,2
0,0,0,0,32,12.35,34.980000000000004,6
2,0,12,12,34,15.64,36.45,5
2,0,30,12,21,15.64,36.45,5
2,0,8,12,38,15.64,36.45,5
2,0,10,12,18,15.64,36.45,5
2,0,24,12,28,15.64,36.45,5
2,0,30,12,26,15.64,36.45,5
0,0,0,0,39,12.35,34.980000000000004,6
0,0,0,0,20,12.35,34.980000000000004,6
1,2,39,2,34,3.415,18.575000000000003,8
2,0,8,12,53,15.64,36.45,5
0,0,0,0,39,12.35,34.980000000000004,6
0,0,0,0,28,12.35,34.980000000000004,6
2,0,8,12,32,15.64,36.45,5
2,0,6,13,40,15.64,36.45,5
1,2,33,5,30,3.415,18.575000000000003,8
2,0,10,13,44,15.64,36.45,5
3,0,27,1,22,14.5,51.03275000000002,2
1,2,9,5,58,3.415,18.575000000000003,8
6,0,59,0,31,19.86,43.345,1
3,0,40,1,21,14.5,51.03275000000002,2
3,0,32,1,29,14.5,51.03275000000002,2
3,0,36,1,22,14.5,51.03275000000002,2
0,0,0,0,27,12.35,34.980000000000004,6
0,0,0,0,21,12.35,34.980000000000004,6
0,0,0,0,18,12.35,34.980000000000004,6
2,0,47,13,4,15.64,36.45,5
2,0,13,13,18,15.64,36.45,5
1,2,20,5,12,3.415,18.575000000000003,8
1,2,9,5,21,3.415,18.575000000000003,8
3,0,27,1,31,14.5,51.03275000000002,2
1,2,20,6,32,3.415,18.575000000000003,8
2,0,21,13,6,15.64,36.45,5
2,0,24,13,38,15.64,36.45,5
2,0,25,13,6,15.64,36.45,5
1,2,60,6,20,3.415,18.575000000000003,8
2,0,14,13,44,15.64,36.45,5
2,0,33,13,24,15.64,36.45,5
3,0,27,1,11,14.5,51.03275000000002,2
1,2,28,6,28,3.415,18.575000000000003,8
0,0,0,0,20,12.35,34.980000000000004,6
1,2,34,6,35,3.415,18.575000000000003,8
0,0,0,0,6,12.35,34.980000000000004,6
4,0,46,0,20,19.86,43.345,1
0,0,0,0,47,12.35,34.980000000000004,6
2,0,7,13,28,15.64,36.45,5
2,0,24,13,13,15.64,36.45,5
3,0,35,1,7,14.5,51.03275000000002,2
2,0,30,13,28,15.64,36.45,5
2,0,8,13,23,15.64,36.45,5
0,0,0,0,18,12.35,34.980000000000004,6
0,0,0,0,36,12.35,34.980000000000004,6
2,0,26,13,8,15.64,36.45,5
2,0,24,13,6,15.64,36.45,5
3,0,27,1,28,14.5,51.03275000000002,2
2,0,18,13,30,15.64,36.45,5
0,0,0,0,16,12.35,34.980000000000004,6
2,0,10,13,0,15.64,36.45,5
2,0,29,13,40,15.64,36.45,5
2,0,8,14,12,15.64,36.45,5
2,0,10,14,23,15.64,36.45,5
0,0,0,0,28,12.35,34.980000000000004,6
2,0,25,14,0,15.64,36.45,5
2,0,23,14,14,15.64,36.45,5
0,0,0,0,0,12.35,34.980000000000004,6
1,2,34,6,7,3.415,18.575000000000003,8
2,0,24,14,26,15.64,36.45,5
2,0,54,14,48,15.64,36.45,5
1,2,28,6,35,3.415,18.575000000000003,8
2,0,17,14,21,15.64,36.45,5
0,0,0,0,7,12.35,34.980000000000004,6
2,0,8,14,24,15.64,36.45,5
0,0,0,0,21,12.35,34.980000000000004,6
2,0,7,14,0,15.64,36.45,5
2,0,25,14,11,17.14,36.45,5
2,0,16,14,32,17.14,36.45,5
0,0,0,0,20,12.35,36.45,6
2,0,22,14,8,17.14,36.45,5
2,0,8,14,32,17.14,36.45,5
2,0,22,14,10,17.14,36.45,5
2,0,8,14,24,17.14,36.45,5
3,0,23,1,26,14.5,51.03275000000002,2
2,0,13,14,23,12.35,36.45,6
2,0,8,14,37,12.35,36.45,6
0,0,0,0,2,13.5,36.45,6
0,0,0,0,14,13.5,36.45,6
3,0,19,1,24,14.5,51.03275000000002,2
2,0,8,14,22,13.5,36.45,6
2,0,29,14,32,13.5,36.45,6
0,0,0,0,9,13.5,36.45,6
2,0,16,14,29,13.5,36.45,6
2,0,7,14,14,13.5,36.45,6
2,0,4,14,35,13.5,36.45,6
0,0,0,0,16,13.5,36.45,6
0,0,0,0,26,13.5,36.45,6
0,0,0,0,23,13.5,36.45,6
2,0,25,14,10,13.5,36.45,6
2,0,7,14,36,13.5,36.45,6
2,0,14,14,0,13.5,36.45,6
2,0,11,14,31,13.5,36.45,6
3,0,35,1,8,14.5,51.03275000000002,2
1,2,60,6,15,3.415,18.575000000000003,8
2,0,7,14,9,13.5,36.45,6
0,0,0,0,14,13.5,36.45,6
3,0,23,1,11,14.5,51.03275000000002,2
2,0,10,14,48,13.5,36.45,6
2,0,24,14,36,13.5,36.45,6
1,2,28,6,16,3.415,18.575000000000003,8
2,0,47,14,2,13.5,36.45,6
2,0,16,14,14,13.5,36.45,6
2,0,63,14,37,13.5,36.45,6
6,0,59,0,6,19.86,43.345,1
2,0,16,14,12,13.5,36.45,6
2,0,14,14,32,13.5,36.45,6
3,0,42,1,26,14.5,51.03275000000002,2
0,0,0,0,27,13.5,36.45,6
3,0,44,1,29,14.5,51.03275000000002,2
2,0,22,14,32,13.5,36.45,6
2,0,8,14,43,13.5,36.45,6
0,0,0,0,24,13.5,36.45,6
0,0,0,0,28,13.5,36.45,6
2,0,16,14,36,13.5,36.45,6
2,0,11,14,31,13.5,36.45,6
2,0,48,14,38,13.5,36.45,6
2,0,8,14,26,13.5,37.875,6
0,0,0,0,4,13.5,37.875,6
0,0,0,0,23,13.5,37.875,6
2,0,7,14,16,13.5,37.875,6
2,0,24,14,13,13.5,37.875,6
1,2,20,6,24,3.415,18.575000000000003,8
0,0,0,0,22,13.5,37.875,6
0,0,0,0,24,13.5,37.875,6
3,0,45,1,25,14.5,51.03275000000002,2
1,2,34,6,24,3.415,18.575000000000003,8
2,0,7,14,4,13.5,37.875,6
2,0,30,14,13,14.5,37.875,6
2,0,8,14,23,14.5,37.875,6
2,0,14,14,33,14.5,37.875,6
2,0,48,14,35,14.5,37.875,6
3,0,23,1,18,15.64,51.03275000000002,2
2,0,47,14,32,14.5,37.875,6
2,0,33,14,30,14.5,37.875,6
1,2,34,6,25,3.415,18.575000000000003,8
3,0,15,1,12,15.64,51.03275000000002,2
1,2,20,6,30,3.415,18.575000000000003,8
2,0,6,14,29,14.5,37.875,6
3,0,40,1,57,15.64,51.03275000000002,2
2,0,16,14,36,14.5,37.875,6
1,2,5,7,13,3.415,18.575000000000003,8
2,0,8,14,14,14.5,37.875,6
3,0,36,1,29,15.64,51.03275000000002,2
0,0,0,0,15,14.5,37.875,6
0,0,0,0,36,14.5,37.875,6
2,0,20,14,16,14.5,37.875,6
2,0,54,14,26,14.5,37.875,6
1,3,5,7,34,3.415,18.575000000000003,8
0,0,0,0,9,14.5,37.875,6
3,0,27,1,22,15.64,51.03275000000002,2
2,0,33,14,26,14.5,37.875,6
1,3,9,7,21,3.415,18.575000000000003,8
0,0,0,0,13,14.5,37.875,6
0,0,0,0,29,14.5,37.875,6
3,0,31,1,6,15.64,51.03275000000002,2
2,0,10,14,20,14.5,37.875,6
0,0,0,0,24,14.5,37.875,6
2,0,12,14,20,14.5,37.875,6
0,0,0,0,14,14.5,37.875,6
0,0,0,0,8,14.5,37.875,6
3,0,19,1,33,15.64,51.03275000000002,2
2,0,48,14,38,14.5,37.875,6
2,0,6,14,10,14.5,37.875,6
0,0,0,0,24,14.5,37.875,6
0,0,0,0,4,14.5,37.875,6
2,0,33,14,36,14.5,37.875,6
2,0,21,14,20,14.5,37.875,6
0,0,0,0,6,14.5,37.875,6
3,0,32,1,1,15.64,51.03275000000002,2
2,0,20,14,29,14.5,37.875,6
2,0,10,14,44,14.5,37.875,6
2,0,29,14,28,14.5,37.875,6
3,0,36,1,38,15.64,51.03275000000002,2
0,0,0,0,36,9.5,27.63,7
2,0,8,14,12,14.5,37.875,6
3,0,35,1,21,15.64,51.03275000000002,2
2,0,18,14,6,14.5,37.875,6
2,0,47,14,29,14.5,37.875,6
3,0,19,1,0,15.64,51.03275000000002,2
0,0,0,0,18,9.5,27.63,7
3,0,31,1,0,15.64,51.03275000000002,2
3,0,15,1,38,15.64,51.03275000000002,2
1,3,9,7,12,3.415,18.575000000000003,8
0,0,0,0,53,9.5,27.63,7
0,0,0,0,31,9.5,27.63,7
3,0,32,1,11,15.64,51.03275000000002,2
2,0,13,14,35,14.5,37.875,6
2,0,47,14,8,14.5,37.875,6
0,0,0,0,43,9.5,27.63,7
0,0,0,0,46,9.5,27.63,7
2,0,6,14,22,14.5,37.875,6
2,0,12,14,30,14.5,37.875,6
2,0,33,14,24,14.5,37.875,6
3,0,27,1,20,15.64,51.03275000000002,2
2,0,20,14,8,14.5,37.875,6
0,0,0,0,24,9.5,27.63,7
3,0,27,1,33,15.64,51.03275000000002,2
1,3,34,7,23,3.415,18.575000000000003,8
2,0,6,14,21,14.5,37.875,6
0,0,0,0,11,9.5,27.63,7
2,0,13,14,24,14.5,37.875,6
2,0,17,14,1,14.5,37.875,6
1,3,5,7,58,3.415,18.575000000000003,8
2,0,11,14,33,14.5,37.875,6
2,0,22,14,58,14.5,37.875,6
0,0,0,0,22,9.5,27.63,7
2,0,21,14,34,14.5,37.875,6
2,0,7,14,16,14.5,39.315,6
0,0,0,0,37,9.5,27.63,7
1,3,9,7,37,3.415,18.575000000000003,8
0,0,0,0,14,9.5,27.63,7
2,0,13,14,34,14.5,39.315,6
3,0,32,1,40,17.14,51.03275000000002,2
0,0,0,0,18,9.5,27.63,7
0,0,0,0,8,9.5,27.63,7
3,0,41,1,28,17.14,51.03275000000002,2
3,0,31,1,26,17.14,51.03275000000002,2
1,3,9,7,22,3.415,18.575000000000003,8
2,0,20,14,54,14.5,39.315,6
0,0,0,0,8,9.5,27.63,7
2,0,4,14,47,14.5,39.315,6
2,0,13,14,21,15.64,39.315,6
2,0,33,14,17,15.64,39.315,6
1,3,38,8,21,3.415,18.575000000000003,8
0,0,0,0,35,9.5,27.63,7
1,3,9,8,7,3.415,18.575000000000003,8
2,0,12,14,2,15.64,39.315,6
2,0,25,15,30,15.64,39.315,6
1,3,9,8,28,3.415,18.575000000000003,8
2,0,30,15,12,15.64,39.315,6
2,0,21,15,41,15.64,39.315,6
0,0,0,0,19,9.5,27.63,7
2,0,16,15,8,15.64,39.315,6
2,0,10,15,30,15.64,39.315,6
2,0,16,15,35,15.64,39.315,6
2,0,13,15,26,15.64,39.315,6
0,0,0,0,20,10.5,27.63,7
2,0,13,15,38,15.64,39.315,6
3,0,41,1,27,17.14,51.03275000000002,2
3,0,44,1,20,17.14,51.03275000000002,2
2,0,33,15,30,15.64,39.315,6
2,0,12,15,0,15.64,39.315,6
2,0,6,15,14,15.64,39.315,6
0,0,0,0,13,10.5,27.63,7
1,3,28,8,44,3.415,18.575000000000003,8
2,0,13,15,34,15.64,39.315,6
0,0,0,0,10,10.5,27.63,7
0,0,0,0,10,10.5,27.63,7
2,0,14,15,25,15.64,39.315,6
2,0,26,15,13,15.64,39.315,6
3,0,32,1,21,17.14,51.03275000000002,2
2,0,24,15,53,15.64,39.315,6
0,0,0,0,25,10.5,27.63,7
2,0,30,15,27,15.64,39.315,6
2,0,18,15,10,15.64,39.315,6
0,0,0,0,39,10.5,27.63,7
2,0,8,15,14,15.64,39.315,6
2,0,6,15,2,15.64,39.315,6
4,0,46,0,51,19.86,43.345,1
3,0,35,1,40,17.14,51.03275000000002,2
2,0,7,15,21,15.64,39.315,6
0,0,0,0,22,10.5,27.63,7
3,0,32,2,27,17.14,51.03275000000002,2
0,0,0,0,2,10.5,27.63,7
2,0,6,15,0,15.64,39.315,6
0,0,0,0,11,10.5,27.63,7
0,0,0,0,43,10.5,27.63,7
2,0,24,15,17,15.64,39.315,6
0,0,0,0,32,10.5,27.63,7
3,0,23,2,26,17.14,51.03275000000002,2
2,0,6,15,33,15.64,39.315,6
2,0,25,15,31,15.64,39.315,6
2,0,22,15,8,15.64,39.315,6
2,0,12,15,29,15.64,39.315,6
2,0,24,15,10,15.64,39.315,6
0,0,0,0,18,10.5,27.63,7
0,0,0,0,30,10.5,27.63,7
2,0,26,15,17,15.64,39.315,6
2,0,33,15,11,15.64,39.315,6
2,0,18,15,44,15.64,39.315,6
2,0,10,15,35,15.64,39.315,6
3,0,31,2,20,17.14,51.03275000000002,2
2,0,52,15,34,15.64,39.315,6
2,0,7,15,11,15.64,39.315,6
0,0,0,0,18,10.5,27.63,7
2,0,20,15,18,15.64,39.315,6
2,0,16,15,6,15.64,39.315,6
1,3,9,8,18,3.415,18.575000000000003,8
2,0,22,15,13,15.64,39.315,6
3,0,15,2,33,17.14,51.03275000000002,2
3,0,43,2,23,17.14,51.03275000000002,2
0,0,0,0,26,10.5,27.63,7
3,0,45,2,20,17.14,51.03275000000002,2
3,0,31,2,25,17.14,51.03275000000002,2
0,0,0,0,24,10.5,27.63,7
2,0,21,15,11,15.64,39.315,6
2,0,6,15,7,15.64,39.315,6
3,0,19,2,9,17.14,51.03275000000002,2
0,0,0,0,17,10.5,27.63,7
3,0,17,2,-2,17.14,53.79625000000006,2
2,0,13,15,22,15.64,39.315,6
0,0,0,0,47,10.5,27.63,7
0,0,0,0,21,10.5,27.63,7
2,0,52,15,12,15.64,39.315,6
0,0,0,0,7,10.5,29.652,7
2,0,14,15,40,17.14,39.315,6
0,0,0,0,32,10.5,29.652,7
3,0,45,2,20,17.14,53.79625000000006,2
2,0,48,15,26,17.14,39.315,6
0,0,0,0,33,11.35,29.652,7
3,0,35,2,20,17.14,53.79625000000006,2
2,0,21,15,23,17.14,39.315,6
4,0,46,0,4,19.86,43.345,1
2,0,48,15,8,17.14,39.315,6
2,0,6,15,14,17.14,39.315,6
0,0,0,0,53,11.35,29.652,7
0,0,0,0,50,11.35,29.652,7
2,0,8,15,44,17.14,39.315,6
2,0,4,15,27,17.14,39.315,6
2,0,8,15,16,17.14,39.315,6
2,0,22,15,38,17.14,39.315,6
1,3,9,8,25,3.415,18.575000000000003,8
1,3,39,8,25,3.415,18.575000000000003,8
3,0,44,2,34,17.14,53.79625000000006,2
3,0,27,2,20,17.14,53.79625000000006,2
2,0,6,15,0,17.14,39.315,6
2,0,8,15,22,17.14,39.315,6
2,0,7,15,32,17.14,40.67,6
2,0,16,15,24,17.14,40.67,6
0,0,0,0,22,11.35,29.652,7
1,3,5,8,20,3.415,18.575000000000003,8
2,0,22,15,11,17.14,40.67,6
0,0,0,0,5,11.35,29.652,7
0,0,0,0,16,11.35,29.652,7
3,0,24,2,0,17.14,53.79625000000006,2
1,3,38,8,18,3.415,18.575000000000003,8
2,0,14,15,24,17.14,40.67,6
2,0,54,15,8,17.14,40.67,6
2,0,7,15,37,17.14,40.67,6
3,0,17,2,20,17.14,53.79625000000006,2
2,0,21,15,13,17.14,40.67,6
2,0,18,15,32,17.14,40.67,6
2,0,16,15,17,17.14,40.67,6
1,3,28,8,34,3.415,18.575000000000003,8
2,0,8,15,31,17.14,40.67,6
0,0,0,0,11,11.35,29.652,7
0,0,0,0,6,11.35,29.652,7
0,0,0,0,17,11.35,29.652,7
0,0,0,0,22,11.35,29.652,7
3,0,29,2,6,17.14,53.79625000000006,2
0,0,0,0,33,11.35,29.652,7
2,0,21,15,11,17.14,40.67,6
2,0,25,15,31,17.14,40.67,6
2,0,11,15,18,17.14,40.67,6
2,0,25,16,23,17.14,40.67,6
2,0,12,16,35,17.14,40.67,6
2,0,33,16,12,17.14,40.67,6
2,0,26,16,35,17.14,40.67,6
0,0,0,0,27,11.35,31.717000000000002,7
0,0,0,0,21,11.35,31.717000000000002,7
1,3,28,8,1,3.415,18.575000000000003,8
2,0,20,16,6,17.14,40.67,6
2,0,9,16,50,17.14,40.67,6
2,0,48,16,9,17.14,41.94,6
3,0,24,2,10,17.14,53.79625000000006,2
2,0,52,16,11,17.14,41.94,6
3,0,15,2,0,17.14,53.79625000000006,2
2,0,12,16,43,17.14,41.94,6
2,0,8,16,12,17.14,41.94,6
2,0,8,16,37,17.14,41.94,6
2,0,33,16,18,17.14,41.94,6
3,0,35,2,38,17.14,53.79625000000006,2
2,0,25,16,48,17.14,41.94,6
0,0,0,0,30,11.35,31.717000000000002,7
2,0,4,16,43,17.14,41.94,6
3,0,24,2,35,17.14,53.79625000000006,2
0,0,0,0,14,11.35,31.717000000000002,7
2,0,9,16,0,17.14,41.94,6
2,0,16,16,58,17.14,41.94,6
2,0,14,16,30,17.14,41.94,6
0,0,0,0,14,11.35,31.717000000000002,7
0,0,0,0,-2,11.35,31.717000000000002,7
2,0,26,16,44,18.55,41.94,6
2,0,13,16,36,18.55,41.94,6
3,0,24,2,23,17.14,53.79625000000006,2
0,0,0,0,27,11.35,31.717000000000002,7
2,0,56,16,37,18.55,41.94,6
2,0,7,16,25,18.55,41.94,6
2,0,33,16,31,18.55,41.94,6
0,0,0,0,22,11.35,31.717000000000002,7
0,0,0,0,9,11.35,31.717000000000002,7
3,0,24,2,18,17.14,53.79625000000006,2
2,0,13,16,33,18.55,41.94,6
2,0,30,16,35,18.55,41.94,6
3,0,49,2,33,17.14,53.79625000000006,2
3,0,35,2,42,17.14,53.79625000000006,2
1,4,38,8,21,3.415,18.575000000000003,8
3,0,19,2,30,17.14,53.79625000000006,2
2,0,26,16,33,18.55,41.94,6
3,0,21,2,6,17.14,53.79625000000006,2
2,0,7,16,35,18.55,41.94,6
2,0,9,16,18,18.55,41.94,6
0,0,0,0,32,11.35,31.717000000000002,7
2,0,11,16,38,18.55,41.94,6
0,0,0,0,31,11.35,31.717000000000002,7
3,0,32,2,55,17.14,53.79625000000006,2
2,0,14,16,14,18.55,41.94,6
2,0,25,16,16,18.55,41.94,6
2,0,12,16,41,18.55,41.94,6
0,0,0,0,33,11.35,31.717000000000002,7
0,0,0,0,10,11.35,31.717000000000002,7
0,0,0,0,39,12.35,31.717000000000002,7
2,0,25,16,28,18.55,41.94,6
2,0,7,16,27,18.55,41.94,6
3,0,37,2,8,17.14,53.79625000000006,2
2,0,6,16,32,18.55,41.94,6
0,0,0,0,26,12.35,31.717000000000002,7
0,0,0,0,36,12.35,31.717000000000002,7
3,0,24,2,20,17.14,53.79625000000006,2
0,0,0,0,19,12.35,33.370000000000005,7
2,0,8,16,39,18.55,41.94,6
0,0,0,0,51,12.35,33.370000000000005,7
3,0,17,2,30,17.14,53.79625000000006,2
0,0,0,0,13,12.35,33.370000000000005,7
3,0,15,2,29,17.14,53.79625000000006,2
0,0,0,0,14,12.35,33.370000000000005,7
0,0,0,0,36,12.35,33.370000000000005,7
2,0,8,16,0,18.55,41.94,6
2,0,9,16,14,18.55,41.94,6
2,0,7,16,49,18.55,41.94,6
4,0,46,0,22,19.86,43.345,1
2,0,26,16,21,18.55,41.94,6
2,0,25,16,14,12.35,33.370000000000005,7
1,4,38,8,7,3.415,18.575000000000003,8
3,0,15,2,7,17.14,53.79625000000006,2
1,4,34,8,31,3.415,18.575000000000003,8
0,0,0,0,12,12.35,33.370000000000005,7
0,0,0,0,28,12.35,33.370000000000005,7
0,0,0,0,0,12.35,33.370000000000005,7
3,0,15,2,34,17.14,53.79625000000006,2
0,0,0,0,4,12.35,33.370000000000005,7
0,0,0,0,46,12.35,33.370000000000005,7
2,0,7,16,12,12.35,33.370000000000005,7
0,0,0,0,28,12.35,34.980000000000004,7
0,0,0,0,7,12.35,34.980000000000004,7
2,0,47,16,31,12.35,34.980000000000004,7
0,0,0,0,20,12.35,34.980000000000004,7
3,0,15,2,22,17.14,53.79625000000006,2
3,0,33,2,31,17.14,53.79625000000006,2
0,0,0,0,43,12.35,34.980000000000004,7
2,0,11,16,20,12.35,34.980000000000004,7
3,0,33,2,7,17.14,53.79625000000006,2
1,4,34,8,35,3.415,18.575000000000003,8
0,0,0,0,0,12.35,34.980000000000004,7
2,0,18,16,11,12.35,34.980000000000004,7
2,0,20,16,15,12.35,34.980000000000004,7
2,0,18,16,6,12.35,34.980000000000004,7
2,0,16,16,14,12.35,34.980000000000004,7
3,0,35,2,40,17.14,53.79625000000006,2
2,0,14,16,35,12.35,34.980000000000004,7
2,0,12,16,7,12.35,34.980000000000004,7
0,0,0,0,6,12.35,34.980000000000004,7
3,0,27,2,22,18.55,53.79625000000006,2
2,0,52,16,15,12.35,34.980000000000004,7
2,0,20,16,6,12.35,34.980000000000004,7
2,0,16,16,17,12.35,34.980000000000004,7
0,0,0,0,38,12.35,34.980000000000004,7
2,0,6,16,9,12.35,34.980000000000004,7
0,0,0,0,27,12.35,34.980000000000004,7
2,0,48,16,13,12.35,34.980000000000004,7
0,0,0,0,23,12.35,34.980000000000004,7
3,0,40,2,8,18.55,53.79625000000006,2
1,4,38,8,7,3.415,18.575000000000003,8
2,0,20,16,17,12.35,34.980000000000004,7
3,0,37,2,18,18.55,53.79625000000006,2
2,0,30,16,33,12.35,34.980000000000004,7
0,0,0,0,21,12.35,34.980000000000004,7
2,0,8,16,0,12.35,34.980000000000004,7
0,0,0,0,22,12.35,34.980000000000004,7
2,0,47,16,6,12.35,34.980000000000004,7
0,0,0,0,12,12.35,34.980000000000004,7
3,0,21,2,13,18.55,53.79625000000006,2
0,0,0,0,19,12.35,34.980000000000004,7
2,0,30,16,19,12.35,34.980000000000004,7
2,0,30,16,28,13.5,34.980000000000004,7
2,0,22,16,9,13.5,34.980000000000004,7
3,0,23,2,17,18.55,53.79625000000006,2
2,0,8,16,27,13.5,34.980000000000004,7
3,0,29,2,16,18.55,53.79625000000006,2
0,0,0,0,26,13.5,34.980000000000004,7
2,0,6,16,6,13.5,34.980000000000004,7
3,0,19,2,54,18.55,53.79625000000006,2
2,0,30,16,0,13.5,34.980000000000004,7
2,0,11,16,10,13.5,36.45,7
0,0,0,0,32,13.5,36.45,7
2,0,25,16,20,13.5,36.45,7
0,0,0,0,10,13.5,37.875,7
0,0,0,0,0,13.5,37.875,7
2,0,7,16,12,13.5,37.875,7
3,0,33,2,7,18.55,53.79625000000006,2
2,0,9,16,30,13.5,37.875,7
0,0,0,0,16,13.5,37.875,7
0,0,0,0,24,13.5,37.875,7
3,0,42,2,24,18.55,53.79625000000006,2
6,0,59,0,17,19.86,43.345,1
2,0,10,17,15,14.5,37.875,7
2,0,13,17,22,14.5,37.875,7
3,0,21,2,18,18.55,53.79625000000006,2
3,0,24,2,40,18.55,53.79625000000006,2
2,0,11,17,0,14.5,37.875,7
0,0,0,0,0,14.5,37.875,7
0,0,0,0,12,14.5,37.875,7
3,0,19,2,30,18.55,53.79625000000006,2
2,0,10,17,31,14.5,37.875,7
3,0,19,2,1,18.55,53.79625000000006,2
2,0,30,17,22,14.5,37.875,7
2,0,10,17,7,14.5,37.875,7
3,0,31,2,10,19.86,53.79625000000006,2
0,0,0,0,48,14.5,37.875,7
0,0,0,0,8,14.5,37.875,7
3,0,40,2,36,19.86,53.79625000000006,2
0,0,0,0,26,14.5,37.875,7
1,4,28,9,37,3.415,18.575000000000003,8
0,0,0,0,35,14.5,37.875,7
2,0,9,17,31,14.5,37.875,7
2,0,30,17,18,14.5,37.875,7
0,0,0,0,47,15.64,37.875,7
3,0,35,2,0,13.5,47.21,3
2,0,6,17,37,15.64,39.315,7
2,0,8,17,6,15.64,39.315,7
2,0,9,17,9,15.64,39.315,7
2,0,9,17,31,15.64,39.315,7
2,0,4,17,7,15.64,39.315,7
2,0,22,17,34,15.64,39.315,7
2,0,26,17,27,15.64,39.315,7
3,0,27,2,26,13.5,47.21,3
0,0,0,0,2,15.64,39.315,7
2,0,16,17,25,15.64,40.67,7
2,0,20,17,34,15.64,40.67,7
5,0,60,0,33,19.86,43.345,1
2,0,30,17,8,15.64,40.67,7
1,4,39,9,12,3.415,18.575000000000003,8
2,0,7,17,35,15.64,40.67,7
3,0,31,2,8,13.5,47.21,3
2,0,22,17,13,15.64,40.67,7
3,0,17,2,11,13.5,47.21,3
0,0,0,0,13,15.64,40.67,7
2,0,8,17,21,17.14,40.67,7
2,0,20,17,19,17.14,40.67,7
0,0,0,0,1,17.14,40.67,7
2,0,10,17,18,17.14,40.67,7
2,0,12,17,7,17.14,40.67,7
2,0,18,17,38,17.14,40.67,7
3,0,23,2,33,13.5,47.21,3
1,4,34,9,0,3.415,18.575000000000003,8
3,0,29,2,17,13.5,47.21,3
2,0,14,17,28,17.14,40.67,7
3,0,41,2,22,13.5,47.21,3
3,0,17,2,14,13.5,47.21,3
3,0,8,2,29,13.5,47.21,3
2,0,30,17,14,17.14,40.67,7
0,0,0,0,35,17.14,40.67,7
0,0,0,0,12,17.14,40.67,7
0,0,0,0,22,17.14,40.67,7
3,0,7,2,13,13.5,47.21,3
2,0,10,17,21,17.14,40.67,7
0,0,0,0,6,17.14,40.67,7
2,0,10,17,24,17.14,40.67,7
3,0,21,2,8,13.5,47.21,3
3,0,8,2,16,13.5,47.21,3
1,4,28,9,18,3.415,18.575000000000003,8
3,0,29,2,18,13.5,47.21,3
2,0,20,17,8,17.14,40.67,7
0,0,0,0,2,17.14,40.67,7
2,0,20,17,13,17.14,40.67,7
3,0,31,2,24,13.5,47.21,3
0,0,0,0,13,17.14,40.67,7
0,0,0,0,44,17.14,40.67,7
3,0,36,2,11,13.5,47.21,3
0,0,0,0,8,17.14,40.67,7
3,0,44,2,14,13.5,47.21,3
0,0,0,0,14,17.14,40.67,7
2,0,14,17,12,17.14,40.67,7
0,0,0,0,14,17.14,40.67,7
3,0,31,2,11,14.5,47.21,3
2,0,26,17,31,17.14,40.67,7
0,0,0,0,6,17.14,40.67,7
0,0,0,0,42,17.14,40.67,7
2,0,16,17,35,17.14,40.67,7
5,0,46,0,24,19.86,43.345,1
0,0,0,0,9,17.14,40.67,7
0,0,0,0,18,17.14,41.94,7
2,0,14,17,13,17.14,41.94,7
2,0,26,17,8,17.14,41.94,7
2,0,18,17,32,17.14,41.94,7
3,0,17,2,30,14.5,47.21,3
2,0,6,17,22,17.14,41.94,7
6,0,43,0,18,19.86,43.345,1
0,0,0,0,36,17.14,41.94,7
2,0,13,17,6,17.14,41.94,7
2,0,9,17,6,17.14,41.94,7
2,0,10,17,20,17.14,41.94,7
0,0,0,0,18,17.14,41.94,7
2,0,25,17,2,17.14,41.94,7
2,0,6,17,35,17.14,41.94,7
2,0,6,17,14,17.14,41.94,7
2,0,18,17,26,17.14,41.94,7
3,0,21,2,20,14.5,47.21,3
2,0,47,17,10,18.55,41.94,7
0,0,0,0,8,18.55,41.94,7
2,0,25,17,8,18.55,41.94,7
2,0,14,17,43,18.55,41.94,7
0,0,0,0,23,18.55,43.345,7
3,0,27,2,7,14.5,47.21,3
3,0,31,2,14,14.5,47.21,3
2,0,26,17,5,18.55,43.345,7
2,0,22,17,12,18.55,43.345,7
0,0,0,0,26,18.55,43.345,7
3,0,8,2,14,14.5,47.21,3
2,0,6,17,20,18.55,43.345,7
0,0,0,0,12,18.55,43.345,7
1,4,39,9,21,3.415,18.575000000000003,8
0,0,0,0,32,18.55,43.345,7
2,0,10,17,7,18.55,43.345,7
3,0,24,2,26,14.5,47.21,3
0,0,0,0,12,18.55,43.345,7
2,0,6,17,20,18.55,43.345,7
2,0,47,17,17,18.55,43.345,7
3,0,24,2,5,14.5,47.21,3
2,0,9,17,35,18.55,43.345,7
0,0,0,0,20,18.55,45.235,7
2,0,14,17,0,18.55,45.235,7
0,0,0,0,10,18.55,45.235,7
0,0,0,0,12,18.55,45.235,7
0,0,0,0,18,18.55,45.235,7
2,0,18,17,11,18.55,45.235,7
2,0,26,17,28,18.55,45.235,7
2,0,20,17,11,18.55,45.235,7
2,0,25,17,26,18.55,45.235,7
3,0,7,2,30,14.5,47.21,3
2,0,13,17,12,18.55,45.235,7
2,0,9,17,19,18.55,45.235,7
7,0,59,1,18,14.5,47.21,3
3,0,8,2,19,14.5,47.21,3
0,0,0,0,34,3.415,18.575000000000003,8
2,0,10,17,27,18.55,45.235,7
3,0,7,2,33,14.5,47.21,3
3,0,24,2,27,14.5,47.21,3
0,0,0,0,22,3.415,18.575000000000003,8
3,0,41,2,29,14.5,47.21,3
3,0,19,2,31,14.5,47.21,3
2,0,47,17,7,18.55,45.235,7
0,0,0,0,12,3.415,18.575000000000003,8
0,0,0,0,20,3.415,18.575000000000003,8
2,0,22,17,12,18.55,45.235,7
3,0,24,2,11,14.5,47.21,3
0,0,0,0,51,3.415,18.575000000000003,8
5,0,46,0,41,19.86,43.345,1
0,0,0,0,14,3.415,18.575000000000003,8
2,0,18,17,27,18.55,45.235,7
3,0,15,2,15,14.5,47.21,3
1,4,5,9,0,3.415,18.575000000000003,8
0,0,0,0,20,3.415,18.575000000000003,8
0,0,0,0,48,3.415,18.575000000000003,8
2,0,48,17,52,18.55,45.235,7
2,0,18,17,24,18.55,45.235,7
2,0,6,17,21,18.55,45.235,7
0,0,0,0,14,3.415,18.575000000000003,8
0,0,0,0,1,3.415,18.575000000000003,8
0,0,0,0,27,3.415,18.575000000000003,8
3,0,16,2,37,14.5,47.21,3
3,0,24,2,2,14.5,47.21,3
2,0,18,17,15,18.55,45.235,7
1,4,38,9,7,3.415,18.575000000000003,8
2,0,22,17,31,18.55,45.235,7
3,0,7,2,24,14.5,47.21,3
2,0,22,17,14,18.55,45.235,7
0,0,0,0,18,3.415,18.575000000000003,8
3,0,23,2,43,14.5,47.21,3
3,0,21,2,10,14.5,47.21,3
2,0,13,17,55,18.55,45.235,7
0,0,0,0,2,3.415,18.575000000000003,8
3,0,23,2,33,14.5,47.21,3
3,0,32,2,15,14.5,47.21,3
0,0,0,0,35,3.415,18.575000000000003,8
0,0,0,0,38,3.415,18.575000000000003,8
2,0,20,17,48,18.55,45.235,7
3,0,8,2,30,14.5,47.21,3
0,0,0,0,22,3.415,18.575000000000003,8
2,0,14,17,43,18.55,45.235,7
2,0,20,17,14,18.55,45.235,7
0,0,0,0,8,3.415,18.575000000000003,8
3,0,29,2,36,14.5,47.21,3
0,0,0,0,2,3.415,18.575000000000003,8
0,0,0,0,1,3.415,18.575000000000003,8
3,0,27,2,2,14.5,47.21,3
2,0,48,17,36,18.55,45.235,7
0,0,0,0,24,3.415,18.575000000000003,8
0,0,0,0,8,3.415,18.575000000000003,8
2,0,18,17,9,18.55,45.235,7
0,0,0,0,29,3.415,18.575000000000003,8
0,0,0,0,8,3.415,18.575000000000003,8
1,4,28,9,21,3.415,18.575000000000003,8
0,0,0,0,26,3.415,18.575000000000003,8
3,0,44,2,14,14.5,47.21,3
2,0,20,17,18,18.55,45.235,7
0,0,0,0,21,3.415,18.575000000000003,8
0,0,0,0,16,3.415,18.575000000000003,8
3,0,19,3,24,14.5,47.21,3
2,0,22,17,25,18.55,45.235,7
3,0,23,3,44,14.5,47.21,3
3,0,16,3,19,14.5,47.21,3
3,0,37,3,37,14.5,47.21,3
0,0,0,0,38,3.415,18.575000000000003,8
3,0,44,3,6,14.5,47.21,3
2,0,13,17,21,18.55,45.235,7
0,0,0,0,23,3.415,18.575000000000003,8
0,0,0,0,25,3.415,18.575000000000003,8
0,0,0,0,0,3.415,18.575000000000003,8
2,0,22,17,0,18.55,45.235,7
2,0,11,17,17,18.55,45.235,7
0,0,0,0,8,3.415,18.575000000000003,8
2,0,10,17,11,18.55,45.235,7
2,0,4,18,20,18.55,45.235,7
3,0,31,5,0,14.5,47.21,3
0,0,0,0,30,3.415,18.575000000000003,8
3,0,21,5,7,14.5,47.21,3
3,0,33,5,58,14.5,47.21,3
2,0,25,18,35,18.55,45.235,7
0,0,0,0,38,3.415,18.575000000000003,8
1,5,28,9,36,3.415,18.575000000000003,8
3,0,27,5,12,14.5,47.21,3
2,0,25,18,46,18.55,45.235,7
0,0,0,0,11,3.415,18.575000000000003,8
6,0,43,0,33,19.86,43.345,1
2,0,12,18,26,18.55,45.235,7
0,0,0,0,24,3.415,18.575000000000003,8
3,0,23,5,10,14.5,47.21,3
3,0,19,5,42,14.5,47.21,3
2,0,26,18,26,18.55,45.235,7
3,0,8,5,27,14.5,47.21,3
3,0,7,5,22,14.5,47.21,3
2,0,20,18,14,18.55,45.235,7
2,0,10,18,14,18.55,45.235,7
1,5,28,9,8,3.415,18.575000000000003,8
0,0,0,0,0,3.415,18.575000000000003,8
2,0,9,18,38,18.55,45.235,7
3,0,31,5,10,14.5,47.21,3
0,0,0,0,32,3.415,18.575000000000003,8
0,0,0,0,18,3.415,18.575000000000003,8
2,0,12,18,55,18.55,45.235,7
0,0,0,0,6,3.415,18.575000000000003,8
3,0,16,5,20,14.5,47.21,3
3,0,37,5,24,14.5,47.21,3
3,0,24,6,40,14.5,47.21,3
2,0,26,18,23,18.55,45.235,7
2,0,6,18,25,18.55,45.235,7
3,0,16,6,24,14.5,47.21,3
6,0,43,0,0,19.86,43.345,1
0,0,0,0,18,3.415,18.575000000000003,8
2,0,14,18,33,18.55,45.235,7
3,0,36,6,20,14.5,47.21,3
0,0,0,0,36,3.415,18.575000000000003,8
0,0,0,0,24,3.415,18.575000000000003,8
5,0,60,0,35,19.86,43.345,1
3,0,24,6,28,14.5,47.21,3
2,0,6,18,0,18.55,45.235,7
2,0,6,18,20,18.55,45.235,7
0,0,0,0,8,3.415,18.575000000000003,8
2,0,13,18,0,18.55,45.235,7
0,0,0,0,30,3.415,18.575000000000003,8
0,0,0,0,31,3.415,18.575000000000003,8
2,0,9,18,16,18.55,45.235,7
2,0,22,18,30,18.55,45.235,7
2,0,12,18,14,18.55,45.235,7
2,0,13,18,17,18.55,45.235,7
3,0,33,6,24,14.5,47.21,3
5,0,46,0,34,19.86,45.235,1
0,0,0,0,6,3.415,18.575000000000003,8
0,0,0,0,45,3.415,18.575000000000003,8
6,0,43,0,0,19.86,45.235,1
0,0,0,0,41,3.415,18.575000000000003,8
2,0,10,18,17,18.55,45.235,7
2,0,12,18,30,19.86,45.235,7
3,0,21,6,28,14.5,47.21,3
6,0,44,0,12,19.86,45.235,1
0,0,0,0,37,3.415,18.575000000000003,8
2,0,4,18,23,19.86,45.235,7
0,0,0,0,5,3.415,18.575000000000003,8
3,0,21,6,24,14.5,47.21,3
3,0,24,6,8,15.64,47.21,3
0,0,0,0,37,3.415,18.575000000000003,8
2,0,12,18,20,19.86,45.235,7
3,0,16,6,16,15.64,47.21,3
0,0,0,0,35,3.415,18.575000000000003,8
0,0,0,0,16,3.415,18.575000000000003,8
3,0,16,6,33,15.64,47.21,3
1,5,5,9,0,3.415,18.575000000000003,8
0,0,0,0,34,3.415,18.575000000000003,8
3,0,40,6,36,15.64,47.21,3
0,0,0,0,17,3.415,18.575000000000003,8
3,0,33,6,47,15.64,48.96,3
3,0,8,6,49,15.64,48.96,3
2,0,26,18,42,19.86,45.235,7
0,0,0,0,15,3.415,18.575000000000003,8
3,0,7,6,17,15.64,48.96,3
1,5,38,9,10,3.415,18.575000000000003,8
0,0,0,0,12,3.415,18.575000000000003,8
2,0,13,18,12,19.86,45.235,7
3,0,33,6,20,15.64,48.96,3
0,0,0,0,17,3.415,18.575000000000003,8
0,0,0,0,34,3.415,25.045,8
2,0,38,18,12,19.86,45.235,7
2,0,10,18,36,19.86,47.21,7
3,0,35,6,20,15.64,48.96,3
3,0,33,6,24,15.64,48.96,3
0,0,0,0,29,3.415,25.045,8
2,0,6,18,4,19.86,47.21,7
3,0,7,6,42,15.64,48.96,3
0,0,0,0,16,3.415,25.045,8
3,0,16,7,16,15.64,48.96,3
3,0,23,7,26,15.64,48.96,3
0,0,0,0,22,3.415,25.045,8
2,0,4,18,24,19.86,47.21,7
3,0,8,7,38,15.64,48.96,3
3,0,24,7,5,15.64,48.96,3
0,0,0,0,32,3.415,25.045,8
0,0,0,0,15,3.415,25.045,8
0,0,0,0,10,3.415,25.045,8
3,0,8,7,31,15.64,48.96,3
2,0,20,18,26,19.86,47.21,7
0,0,0,0,31,3.415,25.045,8
0,0,0,0,8,3.415,25.045,8
3,0,19,7,41,15.64,48.96,3
2,0,30,18,47,19.86,47.21,7
0,0,0,0,4,6.27,25.045,8
3,0,35,7,10,15.64,48.96,3
2,0,11,18,39,19.86,47.21,7
3,0,33,7,29,15.64,48.96,3
2,0,54,18,39,6.27,25.045,8
0,0,0,0,5,6.27,25.045,8
5,0,46,0,0,19.86,45.235,1
0,0,0,0,12,6.27,25.045,8
2,0,18,18,22,6.27,25.045,8
2,0,12,18,30,6.27,25.045,8
1,5,39,9,38,6.27,25.045,8
2,0,6,18,23,6.27,25.045,8
2,0,30,18,24,6.27,25.045,8
0,0,0,0,23,6.27,25.045,8
0,0,0,0,27,6.27,25.045,8
0,0,0,0,19,6.27,25.045,8
2,0,18,18,4,6.27,25.045,8
0,0,0,0,44,6.27,25.045,8
3,0,8,7,52,15.64,48.96,3
1,5,34,9,19,6.27,25.045,8
0,0,0,0,5,6.27,25.045,8
2,0,11,18,6,6.27,25.045,8
2,0,22,19,10,6.27,25.045,8
0,0,0,0,18,6.27,25.045,8
2,0,13,19,11,6.27,25.045,8
3,0,48,7,6,15.64,48.96,3
3,0,8,7,12,15.64,48.96,3
3,0,19,7,40,15.64,48.96,3
3,0,36,7,22,15.64,48.96,3
3,0,24,7,31,15.64,48.96,3
0,0,0,0,9,6.27,25.045,8
2,0,25,19,18,6.27,25.045,8
2,0,13,19,47,6.27,25.045,8
0,0,0,0,24,6.27,25.045,8
1,5,39,9,14,6.27,25.045,8
2,0,10,19,7,6.27,25.045,8
0,0,0,0,35,6.27,25.045,8
2,0,18,19,4,6.27,25.045,8
6,0,43,0,54,19.86,45.235,1
3,0,16,7,32,15.64,48.96,3
3,0,7,7,18,15.64,48.96,3
0,0,0,0,58,6.27,25.045,8
3,0,15,7,38,15.64,48.96,3
2,0,47,19,36,6.27,25.045,8
2,0,10,19,41,6.27,25.045,8
0,0,0,0,26,6.27,25.045,8
2,0,10,19,20,6.27,25.045,8
3,0,24,7,23,15.64,48.96,3
2,0,14,19,22,6.27,25.045,8
3,0,10,7,46,15.64,48.96,3
3,0,7,7,9,15.64,48.96,3
6,0,44,0,6,19.86,45.235,1
0,0,0,0,36,6.27,25.045,8
3,0,8,7,48,15.64,48.96,3
3,0,35,7,25,15.64,48.96,3
0,0,0,0,19,6.27,25.045,8
3,0,23,7,34,15.64,48.96,3
3,0,16,7,13,15.64,48.96,3
3,0,30,7,6,15.64,48.96,3
2,0,14,19,10,6.27,25.045,8
3,0,16,7,32,15.64,48.96,3
0,0,0,0,31,6.27,25.045,8
0,0,0,1,14,6.27,25.045,8
0,0,0,1,35,6.27,25.045,8
6,0,44,0,31,19.86,45.235,1
2,0,25,19,6,6.27,25.045,8
3,0,35,7,23,15.64,48.96,3
2,0,12,19,22,6.27,25.045,8
0,0,0,1,16,6.27,25.045,8
5,0,46,0,36,19.86,45.235,1
5,0,46,0,33,19.86,45.235,1
2,0,4,19,16,6.27,25.045,8
2,0,14,19,14,6.27,25.045,8
2,0,6,19,18,6.27,25.045,8
2,0,25,19,8,6.27,25.045,8
0,0,0,1,16,6.27,25.045,8
2,0,20,19,21,6.27,25.045,8
3,0,32,7,10,15.64,48.96,3
3,0,36,7,18,15.64,48.96,3
3,0,17,7,7,15.64,48.96,3
3,0,16,7,7,15.64,48.96,3
2,0,13,19,13,6.27,25.045,8
2,0,25,19,11,6.27,25.045,8
3,0,19,7,36,15.64,48.96,3
0,0,0,1,40,6.27,25.045,8
2,0,25,19,0,6.27,25.045,8
3,0,40,7,32,15.64,48.96,3
3,0,16,7,7,15.64,48.96,3
0,0,0,1,8,6.27,25.045,8
3,0,17,7,34,15.64,48.96,3
2,0,13,19,58,6.27,25.045,8
4,0,6,0,8,19.86,45.235,1
3,0,37,7,33,15.64,48.96,3
0,0,0,1,0,6.27,25.045,8
0,0,0,1,7,6.27,25.045,8
3,0,30,7,41,14.5,40.67,4
4,0,6,0,12,19.86,45.235,1
1,5,28,9,4,6.27,25.045,8
0,0,0,1,36,6.27,25.045,8
3,0,53,7,35,14.5,40.67,4
4,0,41,0,21,19.86,45.235,1
0,0,0,1,52,6.27,25.045,8
0,0,0,1,20,6.27,25.045,8
0,0,0,1,37,6.27,25.045,8
3,0,35,7,8,14.5,40.67,4
0,0,0,1,46,6.27,25.045,8
3,0,29,7,0,14.5,40.67,4
3,0,16,7,41,14.5,40.67,4
0,0,0,1,8,6.27,25.045,8
3,0,35,7,28,14.5,40.67,4
0,0,0,1,8,6.27,25.045,8
3,0,32,7,14,14.5,40.67,4
3,0,35,7,2,14.5,40.67,4
3,0,26,7,17,14.5,40.67,4
2,0,4,19,13,6.27,25.045,8
3,0,32,7,16,14.5,40.67,4
1,5,34,9,35,6.27,25.045,8
0,0,0,1,21,6.27,25.045,8
0,0,0,1,33,6.27,27.63,8
0,0,0,1,46,6.27,27.63,8
0,0,0,1,7,6.27,27.63,8
3,0,31,7,11,14.5,40.67,4
0,0,0,1,26,6.27,27.63,8
2,0,20,19,48,6.27,27.63,8
5,0,46,0,24,19.86,45.235,1
0,0,0,1,1,6.27,27.63,8
0,0,0,1,11,6.27,27.63,8
2,0,11,19,31,6.27,27.63,8
2,0,20,19,37,6.27,27.63,8
2,0,22,19,27,6.27,27.63,8
0,0,0,1,32,6.27,27.63,8
3,0,10,7,0,14.5,40.67,4
3,0,24,7,22,14.5,40.67,4
2,0,38,19,16,6.27,27.63,8
3,0,33,7,33,14.5,40.67,4
0,0,0,1,53,6.27,27.63,8
0,0,0,1,32,6.27,27.63,8
2,0,9,19,17,6.27,27.63,8
2,0,14,19,13,6.27,27.63,8
0,0,0,1,27,6.27,27.63,8
0,0,0,1,33,6.27,27.63,8
3,0,30,7,10,14.5,40.67,4
0,0,0,1,6,6.27,27.63,8
3,0,36,7,28,14.5,40.67,4
3,0,10,7,26,14.5,40.67,4
0,0,0,1,14,6.27,27.63,8
2,0,12,19,28,6.27,27.63,8
4,0,6,0,35,19.86,45.235,1
3,0,7,7,8,15.64,40.67,4
0,0,0,1,55,6.27,27.63,8
3,0,17,7,9,15.64,40.67,4
2,0,20,19,47,6.27,27.63,8
0,0,0,1,0,6.27,27.63,8
1,5,28,9,8,6.27,27.63,8
0,0,0,1,0,6.27,27.63,8
3,0,19,7,39,15.64,40.67,4
0,0,0,1,12,6.27,27.63,8
2,0,20,19,4,6.27,27.63,8
2,0,25,19,18,6.27,27.63,8
0,0,0,1,10,6.27,27.63,8
0,0,0,1,24,6.995,27.63,8
3,0,31,8,10,15.64,40.67,4
0,0,0,1,9,6.995,27.63,8
2,0,14,19,24,6.995,27.63,8
3,0,31,8,12,15.64,40.67,4
3,0,16,8,7,15.64,40.67,4
0,0,0,1,10,6.995,27.63,8
2,0,38,19,18,6.995,27.63,8
0,0,0,1,13,6.995,27.63,8
2,0,13,19,41,6.995,27.63,8
3,0,17,8,22,15.64,40.67,4
2,0,47,19,19,6.995,27.63,8
0,0,0,1,14,6.995,27.63,8
3,0,24,8,24,15.64,40.67,4
3,0,10,8,58,15.64,40.67,4
3,0,30,8,0,15.64,40.67,4
3,0,23,8,13,15.64,40.67,4
2,0,9,19,45,6.995,27.63,8
2,0,22,19,19,6.995,27.63,8
0,0,0,1,13,6.995,27.63,8
2,0,12,19,29,6.995,29.652,8
2,0,13,19,27,6.995,29.652,8
3,0,8,8,31,15.64,40.67,4
3,0,8,8,35,15.64,40.67,4
2,0,56,19,20,6.995,29.652,8
2,0,22,19,0,6.995,29.652,8
0,0,0,1,10,6.995,29.652,8
0,0,0,1,14,6.995,29.652,8
0,0,0,1,9,6.995,29.652,8
3,0,19,8,30,15.64,40.67,4
1,5,5,9,31,6.995,29.652,8
2,0,11,19,47,6.995,29.652,8
3,0,8,8,13,15.64,40.67,4
2,0,9,19,7,6.995,29.652,8
0,0,0,1,20,6.995,29.652,8
2,0,11,19,6,6.995,29.652,8
2,0,54,19,22,6.995,29.652,8
0,0,0,1,1,6.995,29.652,8
3,0,33,8,6,15.64,40.67,4
3,0,48,8,10,15.64,40.67,4
0,0,0,1,14,6.995,29.652,8
2,0,38,19,34,6.995,29.652,8
2,0,20,19,0,6.995,29.652,8
0,0,0,1,31,6.995,31.717000000000002,8
0,0,0,1,34,6.995,31.717000000000002,8
2,0,11,19,-2,6.995,31.717000000000002,8
0,0,0,1,10,6.995,31.717000000000002,8
0,0,0,1,48,6.995,31.717000000000002,8
3,0,16,8,16,15.64,40.67,4
4,0,6,0,51,19.86,45.235,1
3,0,30,8,37,15.64,40.67,4
3,0,21,8,18,15.64,40.67,4
2,0,18,19,20,6.995,31.717000000000002,8
2,0,18,19,18,6.995,31.717000000000002,8
3,0,37,8,7,15.64,40.67,4
1,5,34,9,30,6.995,31.717000000000002,8
0,0,0,1,7,3.415,25.045,9
3,0,26,8,47,15.64,40.67,4
0,0,0,1,47,6.27,25.045,9
2,0,12,19,27,6.995,31.717000000000002,8
4,0,6,0,17,19.86,45.235,1
2,0,11,19,28,6.995,31.717000000000002,8
4,0,6,0,11,19.86,45.235,1
2,0,13,19,30,6.995,31.717000000000002,8
3,0,26,8,14,15.64,40.67,4
0,0,0,1,35,6.27,25.045,9
2,0,18,19,31,6.995,31.717000000000002,8
0,0,0,1,14,6.27,25.045,9
3,0,7,8,31,15.64,40.67,4
3,0,30,8,24,15.64,40.67,4
5,0,60,0,26,19.86,45.235,1
3,0,7,8,11,15.64,40.67,4
0,0,0,1,32,6.27,25.045,9
0,0,0,1,24,6.27,25.045,9
2,0,47,19,14,6.995,31.717000000000002,8
2,0,14,19,13,6.995,31.717000000000002,8
3,0,7,8,12,15.64,40.67,4
0,0,0,1,10,6.27,25.045,9
2,0,9,19,6,6.995,31.717000000000002,8
3,0,32,8,27,15.64,40.67,4
3,0,30,8,15,15.64,40.67,4
0,0,0,1,1,6.27,25.045,9
2,0,9,19,33,6.995,31.717000000000002,8
3,0,29,8,18,17.14,40.67,4
0,0,0,1,14,6.27,25.045,9
3,0,24,8,23,17.14,40.67,4
2,0,63,19,38,6.995,31.717000000000002,8
3,0,37,8,37,17.14,40.67,4
2,0,14,19,18,6.995,31.717000000000002,8
2,0,14,19,43,6.995,31.717000000000002,8
0,0,0,1,21,6.27,25.045,9
0,0,0,1,28,6.27,25.045,9
3,0,15,8,24,17.14,40.67,4
2,0,47,19,0,6.995,31.717000000000002,8
3,0,13,8,6,17.14,40.67,4
0,0,0,1,22,6.27,25.045,9
3,0,8,8,36,17.14,40.67,4
2,0,18,19,9,6.995,31.717000000000002,8
0,0,0,1,12,6.27,25.045,9
2,0,14,20,19,6.995,31.717000000000002,8
3,0,35,8,9,17.14,40.67,4
3,0,16,8,23,17.14,40.67,4
3,0,29,8,42,17.14,40.67,4
2,0,4,20,47,6.995,31.717000000000002,8
3,0,7,8,14,17.14,40.67,4
7,0,59,1,6,17.14,48.96,3
3,0,14,8,10,17.14,40.67,4
3,0,37,8,18,17.14,40.67,4
0,0,0,1,34,6.27,25.045,9
3,0,16,8,11,17.14,40.67,4
0,0,0,1,47,6.27,25.045,9
0,0,0,1,34,6.27,25.045,9
3,0,8,8,21,17.14,40.67,4
3,0,21,8,14,17.14,40.67,4
0,0,0,1,8,6.27,25.045,9
2,0,12,20,26,6.995,31.717000000000002,8
2,0,11,20,7,6.995,31.717000000000002,8
3,0,10,8,10,17.14,40.67,4
0,0,0,1,27,6.27,25.045,9
2,0,18,20,33,6.995,31.717000000000002,8
2,0,12,20,17,6.995,31.717000000000002,8
3,0,42,8,31,17.14,40.67,4
0,0,0,1,19,6.27,25.045,9
2,0,20,20,4,6.995,31.717000000000002,8
3,0,16,8,14,17.14,40.67,4
0,0,0,1,14,6.27,25.045,9
3,0,8,8,36,17.14,41.94,4
3,0,26,8,47,17.14,41.94,4
0,0,0,1,40,6.27,25.045,9
0,0,0,1,1,6.27,25.045,9
3,0,30,8,35,17.14,41.94,4
0,1,0,1,2,6.27,25.045,9
0,3,0,1,11,6.27,25.045,9
2,0,12,20,39,6.995,31.717000000000002,8
0,5,0,1,49,6.27,27.63,9
2,0,22,20,21,6.995,31.717000000000002,8
0,5,0,1,35,6.27,27.63,9
3,0,30,8,2,17.14,41.94,4
3,0,37,8,7,17.14,41.94,4
6,0,44,0,12,19.86,45.235,1
3,0,35,8,35,17.14,41.94,4
4,0,31,0,23,21.310000000000002,45.235,1
2,0,20,20,27,6.995,31.717000000000002,8
2,0,38,20,11,6.995,31.717000000000002,8
3,0,24,8,16,17.14,41.94,4
3,0,24,8,0,17.14,41.94,4
0,5,0,1,7,6.27,27.63,9
0,5,0,1,22,6.27,27.63,9
2,0,18,20,30,6.995,31.717000000000002,8
0,5,0,1,6,6.27,27.63,9
3,0,8,9,28,17.14,41.94,4
0,5,0,1,27,6.27,27.63,9
4,0,6,0,44,21.310000000000002,45.235,1
2,0,22,20,21,6.995,31.717000000000002,8
0,5,0,1,5,6.27,27.63,9
3,0,14,9,32,17.14,41.94,4
3,0,36,9,11,17.14,41.94,4
2,0,18,20,45,6.995,31.717000000000002,8
0,5,0,1,17,6.27,27.63,9
1,5,5,9,7,6.995,31.717000000000002,8
2,0,20,20,-2,6.995,31.717000000000002,8
2,0,54,20,6,6.995,31.717000000000002,8
3,0,45,9,24,17.14,41.94,4
3,0,7,9,12,17.14,41.94,4
3,0,23,9,7,17.14,41.94,4
1,5,34,9,37,6.995,31.717000000000002,8
0,5,0,1,32,6.27,27.63,9
3,0,13,9,9,17.14,41.94,4
0,5,0,1,26,6.27,27.63,9
2,0,12,20,33,6.995,31.717000000000002,8
3,0,10,9,22,17.14,41.94,4
6,0,43,0,24,21.310000000000002,45.235,1
4,0,31,0,16,21.310000000000002,45.235,1
3,0,30,9,28,17.14,41.94,4
3,0,13,9,12,17.14,41.94,4
3,0,21,9,40,17.14,41.94,4
0,5,0,1,8,6.995,27.63,9
0,5,0,1,9,6.995,27.63,9
0,5,0,1,5,6.995,27.63,9
3,0,37,9,0,17.14,41.94,4
3,0,24,9,0,17.14,41.94,4
3,0,37,9,27,17.14,41.94,4
3,0,42,9,0,17.14,41.94,4
0,5,0,1,24,6.995,27.63,9
3,0,7,9,1,17.14,41.94,4
0,5,0,1,20,6.995,27.63,9
3,0,36,9,35,17.14,41.94,4
3,0,15,9,28,17.14,41.94,4
4,0,6,0,32,21.310000000000002,45.235,1
2,0,12,20,23,6.995,31.717000000000002,8
3,0,23,9,6,17.14,41.94,4
0,5,0,1,20,6.995,27.63,9
3,0,21,9,16,17.14,41.94,4
2,0,9,20,43,6.995,31.717000000000002,8
3,0,30,9,20,17.14,41.94,4
2,0,20,20,27,6.995,31.717000000000002,8
3,0,9,9,30,18.55,41.94,4
3,0,24,9,18,18.55,41.94,4
0,5,0,1,26,6.995,27.63,9
3,0,27,9,36,18.55,41.94,4
3,0,15,9,31,18.55,41.94,4
3,0,7,9,19,18.55,41.94,4
3,0,23,9,31,18.55,41.94,4
2,0,11,20,26,6.995,31.717000000000002,8
3,0,24,9,13,18.55,41.94,4
3,0,30,9,26,18.55,41.94,4
0,6,0,1,33,6.995,27.63,9
0,6,0,1,37,6.995,27.63,9
0,6,0,1,34,6.995,27.63,9
2,0,25,20,7,6.995,31.717000000000002,8
3,0,13,9,41,17.14,36.45,5
2,0,22,21,8,6.995,31.717000000000002,8
3,0,40,9,17,17.14,36.45,5
0,6,0,1,18,6.995,27.63,9
3,0,33,9,20,17.14,36.45,5
3,0,49,9,14,17.14,36.45,5
3,0,26,9,13,17.14,36.45,5
2,0,47,21,6,6.995,31.717000000000002,8
3,0,8,9,34,17.14,36.45,5
3,0,19,9,17,17.14,36.45,5
3,0,16,9,26,17.14,36.45,5
3,0,16,9,12,17.14,36.45,5
3,0,17,9,44,17.14,36.45,5
1,5,28,9,31,6.995,31.717000000000002,8
6,0,43,0,13,21.310000000000002,45.235,1
3,1,7,9,22,17.14,36.45,5
4,0,6,0,10,21.310000000000002,45.235,1
4,0,45,0,33,21.310000000000002,45.235,1
7,0,59,1,41,17.14,48.96,3
3,1,16,9,18,17.14,36.45,5
0,6,0,1,9,6.995,27.63,9
3,1,24,9,12,17.14,36.45,5
0,7,0,1,21,6.995,27.63,9
0,7,0,1,14,6.995,27.63,9
0,7,0,1,57,6.995,27.63,9
2,0,5,21,20,7.67,31.717000000000002,8
3,1,15,9,23,17.14,36.45,5
0,7,0,1,14,6.995,27.63,9
3,1,27,9,2,17.14,36.45,5
0,7,0,1,35,6.995,27.63,9
3,1,15,9,1,17.14,36.45,5
3,1,27,9,11,17.14,36.45,5
3,1,15,9,20,17.14,36.45,5
3,1,17,9,26,17.14,36.45,5
3,1,21,9,0,17.14,36.45,5
4,0,6,0,32,21.310000000000002,45.235,1
3,1,29,9,1,17.14,36.45,5
3,1,13,9,22,17.14,36.45,5
2,0,12,21,37,7.67,31.717000000000002,8
0,7,0,1,7,6.995,27.63,9
3,1,21,9,34,17.14,36.45,5
0,7,0,1,33,6.995,27.63,9
3,1,8,9,22,17.14,37.875,5
2,0,28,21,27,7.67,31.717000000000002,8
3,1,37,9,5,17.14,37.875,5
3,1,8,9,23,17.14,37.875,5
0,7,0,1,21,6.995,27.63,9
0,7,0,1,12,6.995,27.63,9
0,7,0,1,35,6.995,27.63,9
3,1,40,9,31,17.14,37.875,5
2,0,11,21,41,7.67,31.717000000000002,8
3,1,10,10,24,17.14,37.875,5
0,7,0,1,4,6.995,27.63,9
0,7,0,1,41,6.995,27.63,9
3,1,35,10,19,19.86,37.875,5
2,0,18,21,13,7.67,31.717000000000002,8
3,1,21,10,20,19.86,37.875,5
0,7,0,1,35,6.995,27.63,9
0,7,0,1,6,6.995,29.652,9
0,7,0,1,33,6.995,29.652,9
3,1,24,10,37,19.86,37.875,5
3,1,48,10,41,19.86,37.875,5
3,1,17,10,9,19.86,37.875,5
0,7,0,1,32,6.995,29.652,9
3,1,30,10,21,19.86,37.875,5
0,7,0,1,13,7.67,29.652,9
3,1,30,10,29,19.86,37.875,5
0,7,0,1,40,7.67,29.652,9
3,1,24,10,11,19.86,37.875,5
0,7,0,1,18,7.67,29.652,9
2,0,22,21,33,7.67,31.717000000000002,8
6,0,43,0,26,21.310000000000002,45.235,1
3,1,7,10,17,19.86,37.875,5
3,1,8,10,9,19.86,37.875,5
3,1,23,10,38,19.86,37.875,5
2,0,22,21,17,7.67,31.717000000000002,8
3,1,30,10,8,19.86,37.875,5
3,1,13,10,11,19.86,37.875,5
1,5,39,9,22,7.67,31.717000000000002,8
3,1,48,10,10,19.86,37.875,5
0,8,0,1,12,7.67,29.652,9
0,8,0,1,11,7.67,29.652,9
0,8,0,2,7,7.67,29.652,9
0,8,0,2,0,7.67,29.652,9
0,8,0,2,30,7.67,29.652,9
0,8,0,2,12,7.67,29.652,9
1,5,34,9,8,7.67,31.717000000000002,8
3,1,11,10,40,19.86,37.875,5
2,0,18,21,6,7.67,31.717000000000002,8
2,0,12,21,24,7.67,31.717000000000002,8
0,8,0,2,11,7.67,29.652,9
0,8,0,2,33,7.67,29.652,9
4,0,6,0,35,21.310000000000002,45.235,1
3,1,30,10,30,19.86,37.875,5
2,0,28,21,28,7.67,31.717000000000002,8
3,1,19,10,20,19.86,37.875,5
3,1,30,10,21,19.86,37.875,5
0,8,0,2,9,7.67,29.652,9
3,1,40,10,37,19.86,37.875,5
0,8,0,2,9,7.67,29.652,9
3,1,14,10,29,19.86,37.875,5
0,8,0,2,30,7.67,29.652,9
3,1,16,10,6,19.86,37.875,5
3,1,11,10,25,19.86,37.875,5
4,0,6,0,20,21.310000000000002,45.235,1
2,0,12,21,52,7.67,31.717000000000002,8
4,0,31,0,41,21.310000000000002,45.235,1
0,8,0,2,11,7.67,29.652,9
3,1,13,10,25,19.86,37.875,5
2,0,28,21,9,7.67,31.717000000000002,8
0,8,0,2,44,7.67,29.652,9
2,0,38,21,27,7.67,31.717000000000002,8
3,1,8,10,24,19.86,37.875,5
0,10,0,2,20,7.67,29.652,9
2,0,20,21,26,7.67,31.717000000000002,8
0,10,0,2,17,7.67,29.652,9
0,10,0,2,-2,7.67,29.652,9
3,1,23,10,42,19.86,37.875,5
2,0,12,21,6,7.67,31.717000000000002,8
3,1,14,11,2,19.86,37.875,5
3,1,33,11,7,19.86,37.875,5
5,0,46,0,11,21.310000000000002,45.235,1
3,1,53,11,16,19.86,37.875,5
3,1,37,11,12,19.86,37.875,5
3,1,13,11,44,19.86,37.875,5
3,1,16,11,18,19.86,37.875,5
2,0,54,21,0,7.67,33.370000000000005,8
3,1,24,11,33,19.86,37.875,5
3,1,19,11,13,19.86,37.875,5
4,0,31,0,1,21.310000000000002,45.235,1
0,10,0,2,10,7.67,29.652,9
3,1,26,11,16,19.86,37.875,5
3,1,17,11,10,19.86,37.875,5
3,1,15,11,24,19.86,37.875,5
2,0,20,21,6,7.67,33.370000000000005,8
2,0,20,21,24,7.67,33.370000000000005,8
2,0,12,21,26,7.67,33.370000000000005,8
3,1,24,11,35,19.86,37.875,5
3,1,7,11,26,19.86,37.875,5
0,10,0,2,31,7.67,29.652,9
3,1,10,11,20,19.86,37.875,5
2,0,12,21,12,7.67,33.370000000000005,8
3,1,10,11,47,19.86,39.315,5
0,10,0,2,52,7.67,29.652,9
3,1,16,11,20,19.86,39.315,5
0,10,0,2,27,7.67,29.652,9
3,1,33,11,33,19.86,39.315,5
3,1,40,11,8,19.86,39.315,5
0,10,0,2,38,7.67,29.652,9
2,0,39,21,37,7.67,33.370000000000005,8
3,1,15,11,8,19.86,39.315,5
3,1,13,11,35,19.86,39.315,5
0,10,0,2,30,7.67,29.652,9
0,10,0,2,15,7.67,29.652,9
2,0,22,21,35,7.67,33.370000000000005,8
4,0,45,0,43,21.310000000000002,45.235,1
3,1,11,11,2,19.86,39.315,5
3,1,13,11,24,19.86,39.315,5
2,0,20,21,6,7.67,33.370000000000005,8
2,0,20,21,46,7.67,33.370000000000005,8
2,0,39,21,31,7.67,33.370000000000005,8
3,1,27,11,40,19.86,39.315,5
4,0,7,0,34,21.310000000000002,45.235,1
0,10,0,2,16,7.67,29.652,9
0,10,0,2,24,7.67,29.652,9
3,1,13,11,44,19.86,39.315,5
5,0,46,0,9,21.310000000000002,45.235,1
0,10,0,2,33,7.67,29.652,9
0,10,0,2,39,7.67,29.652,9
3,1,23,11,48,19.86,39.315,5
0,10,0,2,38,7.67,29.652,9
3,1,19,11,26,19.86,39.315,5
0,11,0,2,35,7.67,29.652,9
0,11,0,2,27,7.67,29.652,9
0,12,0,2,27,7.67,29.652,9
3,1,29,11,40,19.86,39.315,5
0,12,0,2,2,7.67,29.652,9
0,12,0,2,34,7.67,29.652,9
2,0,18,21,8,7.67,33.370000000000005,8
0,12,0,2,10,7.67,29.652,9
0,12,0,2,26,7.67,29.652,9
3,1,19,11,31,19.86,39.315,5
0,12,0,2,32,7.67,29.652,9
0,12,0,2,20,8.530000000000001,29.652,9
0,12,0,2,5,8.530000000000001,29.652,9
3,1,9,11,0,19.86,39.315,5
3,1,11,11,22,19.86,39.315,5
2,0,25,21,22,7.67,33.370000000000005,8
0,12,0,2,7,8.530000000000001,29.652,9
4,0,8,0,18,21.310000000000002,45.235,1
0,12,0,2,5,8.530000000000001,29.652,9
2,0,18,21,4,7.67,33.370000000000005,8
3,1,27,11,32,19.86,39.315,5
3,1,37,11,14,19.86,39.315,5
3,2,14,11,41,19.86,39.315,5
2,0,47,21,8,7.67,33.370000000000005,8
0,12,0,2,24,8.530000000000001,29.652,9
3,2,16,12,32,19.86,39.315,5
0,12,0,2,20,8.530000000000001,29.652,9
3,2,37,12,35,19.86,39.315,5
3,2,14,12,13,19.86,39.315,5
3,2,10,12,17,19.86,39.315,5
2,0,28,21,14,7.67,33.370000000000005,8
4,0,31,0,19,21.310000000000002,45.235,1
3,2,13,12,21,19.86,40.67,5
2,0,22,21,6,7.67,33.370000000000005,8
3,2,16,12,21,19.86,40.67,5
2,0,28,21,10,7.67,33.370000000000005,8
2,0,25,21,32,7.67,33.370000000000005,8
2,0,12,21,17,7.67,33.370000000000005,8
0,12,0,2,12,8.530000000000001,29.652,9
3,2,21,12,47,19.86,40.67,5
2,0,5,21,15,7.67,33.370000000000005,8
0,12,0,2,10,8.530000000000001,29.652,9
2,0,28,21,25,7.67,33.370000000000005,8
3,2,36,12,52,19.86,40.67,5
2,0,20,21,32,7.67,33.370000000000005,8
0,12,0,2,15,8.530000000000001,29.652,9
0,12,0,2,6,8.530000000000001,29.652,9
3,2,11,12,32,19.86,40.67,5
0,12,0,2,32,8.530000000000001,29.652,9
0,12,0,2,8,8.530000000000001,29.652,9
3,2,17,12,12,19.86,40.67,5
3,2,23,12,28,19.86,40.67,5
3,2,37,12,21,19.86,40.67,5
2,0,12,21,26,7.67,33.370000000000005,8
2,0,25,21,20,8.530000000000001,29.652,9
2,0,18,21,6,8.530000000000001,29.652,9
7,0,59,1,10,17.14,48.96,3
3,2,14,12,22,19.86,40.67,5
2,1,25,21,1,8.530000000000001,29.652,9
3,2,19,12,24,19.86,40.67,5
0,13,0,2,19,8.530000000000001,29.652,9
3,2,19,12,34,19.86,40.67,5
2,1,18,21,32,8.530000000000001,29.652,9
0,13,0,2,20,8.530000000000001,29.652,9
3,2,9,12,31,19.86,40.67,5
0,13,0,2,24,8.530000000000001,29.652,9
2,1,25,21,15,8.530000000000001,31.717000000000002,9
0,13,0,2,9,8.530000000000001,31.717000000000002,9
4,0,29,0,11,21.310000000000002,45.235,1
2,1,22,21,52,8.530000000000001,31.717000000000002,9
3,2,9,12,8,21.310000000000002,40.67,5
3,2,32,12,24,21.310000000000002,40.67,5
3,2,36,12,0,21.310000000000002,40.67,5
0,13,0,2,53,8.530000000000001,31.717000000000002,9
3,2,48,12,24,21.310000000000002,40.67,5
3,2,15,12,19,21.310000000000002,40.67,5
2,1,18,21,33,8.530000000000001,31.717000000000002,9
3,2,11,12,39,21.310000000000002,40.67,5
3,2,33,12,17,23.0,40.67,5
3,2,35,12,6,23.0,40.67,5
0,13,0,2,38,8.530000000000001,31.717000000000002,9
0,13,0,2,27,8.530000000000001,31.717000000000002,9
3,2,42,12,16,23.0,40.67,5
3,2,9,12,2,23.0,40.67,5
3,2,53,12,42,23.0,40.67,5
0,13,0,2,15,8.530000000000001,31.717000000000002,9
3,2,9,12,30,23.0,40.67,5
2,1,20,21,31,8.530000000000001,31.717000000000002,9
3,2,14,12,34,23.0,40.67,5
3,2,32,12,22,23.0,40.67,5
3,2,11,12,15,23.0,40.67,5
0,13,0,2,10,8.530000000000001,31.717000000000002,9
2,1,12,21,26,8.530000000000001,31.717000000000002,9
2,1,22,21,6,8.530000000000001,31.717000000000002,9
2,1,20,21,29,9.5,31.717000000000002,9
3,2,40,12,20,23.0,40.67,5
0,14,0,2,10,9.5,31.717000000000002,9
4,0,8,0,26,21.310000000000002,45.235,1
3,2,13,12,0,23.0,40.67,5
0,14,0,2,30,9.5,31.717000000000002,9
0,14,0,2,15,9.5,31.717000000000002,9
2,1,22,21,24,9.5,31.717000000000002,9
3,2,40,12,13,23.0,40.67,5
2,1,12,21,27,9.5,31.717000000000002,9
2,1,28,21,15,9.5,31.717000000000002,9
2,1,54,22,9,9.5,31.717000000000002,9
3,2,17,12,22,23.0,40.67,5
4,0,7,0,40,21.310000000000002,45.235,1
3,2,48,12,20,23.0,40.67,5
4,0,29,0,1,21.310000000000002,45.235,1
2,1,28,22,2,9.5,31.717000000000002,9
0,14,0,2,0,9.5,31.717000000000002,9
3,2,11,12,18,23.0,40.67,5
3,2,23,12,14,23.0,40.67,5
4,0,6,0,30,21.310000000000002,45.235,1
3,2,24,12,23,23.0,40.67,5
0,14,0,2,-2,9.5,31.717000000000002,9
3,2,14,12,11,23.0,40.67,5
0,14,0,2,9,9.5,31.717000000000002,9
4,0,6,0,57,21.310000000000002,45.235,1
0,14,0,2,11,9.5,31.717000000000002,9
0,14,0,2,43,9.5,31.717000000000002,9
0,14,0,2,26,9.5,31.717000000000002,9
3,2,27,13,36,23.0,40.67,5
0,14,0,2,8,9.5,31.717000000000002,9
0,14,0,2,8,9.5,31.717000000000002,9
0,14,0,2,10,9.5,31.717000000000002,9
0,14,0,2,33,9.5,33.370000000000005,9
3,2,26,13,18,23.0,40.67,5
3,2,32,13,41,23.0,40.67,5
0,14,0,2,20,9.5,33.370000000000005,9
0,14,0,2,19,9.5,33.370000000000005,9
3,2,15,13,0,23.0,40.67,5
3,2,30,13,23,23.0,41.94,5
3,2,37,13,41,23.0,41.94,5
3,2,53,13,0,23.0,41.94,5
3,2,24,13,19,23.0,41.94,5
4,0,48,0,32,21.310000000000002,45.235,1
0,14,0,2,27,9.5,33.370000000000005,9
3,2,36,13,11,18.55,41.94,6
2,1,28,22,24,9.5,33.370000000000005,9
2,1,12,22,17,10.5,33.370000000000005,9
3,2,15,13,26,18.55,41.94,6
3,2,14,13,10,18.55,41.94,6
3,2,9,13,14,18.55,41.94,6
3,2,17,13,-2,18.55,41.94,6
3,2,27,13,37,18.55,41.94,6
3,2,25,13,0,18.55,41.94,6
3,2,15,13,16,18.55,41.94,6
0,14,0,2,46,10.5,33.370000000000005,9
2,1,38,22,34,10.5,33.370000000000005,9
4,0,48,0,20,21.310000000000002,45.235,1
0,14,0,2,26,10.5,33.370000000000005,9
4,0,8,0,31,21.310000000000002,45.235,1
2,1,22,22,35,10.5,33.370000000000005,9
3,2,21,13,10,18.55,41.94,6
3,2,22,13,25,18.55,41.94,6
4,0,8,0,22,21.310000000000002,45.235,1
3,2,11,13,31,18.55,41.94,6
3,2,16,13,29,18.55,41.94,6
0,14,0,2,48,10.5,33.370000000000005,9
0,14,0,2,42,10.5,33.370000000000005,9
3,2,24,13,40,18.55,41.94,6
3,2,24,13,24,18.55,41.94,6
4,0,29,0,22,21.310000000000002,45.235,1
0,14,0,2,10,10.5,33.370000000000005,9
3,2,26,13,5,18.55,41.94,6
2,1,28,22,23,10.5,33.370000000000005,9
0,14,0,2,26,10.5,33.370000000000005,9
4,0,6,0,27,21.310000000000002,45.235,1
2,1,5,22,32,10.5,33.370000000000005,9
3,2,11,13,24,18.55,41.94,6
2,1,20,22,10,10.5,33.370000000000005,9
0,14,0,2,31,10.5,33.370000000000005,9
3,2,19,13,9,18.55,41.94,6
3,2,14,13,0,18.55,41.94,6
0,14,0,2,8,10.5,33.370000000000005,9
4,0,7,0,32,21.310000000000002,45.235,1
2,1,54,22,-2,10.5,33.370000000000005,9
3,2,11,13,43,18.55,41.94,6
0,14,0,2,18,10.5,33.370000000000005,9
3,2,9,13,40,18.55,41.94,6
2,1,47,22,34,10.5,33.370000000000005,9
3,2,17,13,11,18.55,41.94,6
3,2,21,13,17,18.55,41.94,6
0,14,0,2,28,10.5,33.370000000000005,9
3,2,26,13,13,18.55,41.94,6
3,2,22,13,13,18.55,41.94,6
4,0,6,0,13,21.310000000000002,45.235,1
2,1,12,22,7,10.5,33.370000000000005,9
0,14,0,2,26,10.5,33.370000000000005,9
3,2,23,13,18,18.55,41.94,6
3,2,53,13,14,18.55,41.94,6
4,0,7,0,16,21.310000000000002,45.235,1
3,2,24,13,24,18.55,41.94,6
3,2,32,13,7,18.55,41.94,6
3,2,10,14,33,18.55,41.94,6
0,14,0,2,12,10.5,33.370000000000005,9
4,0,7,0,18,21.310000000000002,45.235,1
4,0,31,0,21,21.310000000000002,45.235,1
6,0,44,0,20,21.310000000000002,45.235,1
4,0,7,0,18,21.310000000000002,45.235,1
3,2,30,14,20,18.55,41.94,6
0,15,0,2,30,10.5,33.370000000000005,9
0,15,0,2,34,10.5,33.370000000000005,9
0,15,0,2,26,10.5,33.370000000000005,9
0,15,0,2,41,10.5,33.370000000000005,9
3,2,17,14,7,18.55,41.94,6
3,2,13,14,7,18.55,41.94,6
3,2,15,14,8,18.55,41.94,6
2,1,20,22,8,10.5,33.370000000000005,9
4,0,7,0,16,21.310000000000002,45.235,1
1,5,34,9,17,7.67,33.370000000000005,8
4,0,8,0,24,21.310000000000002,45.235,1
3,2,23,14,23,18.55,41.94,6
0,15,0,2,40,10.5,33.370000000000005,9
2,1,39,22,7,10.5,33.370000000000005,9
3,2,16,14,12,18.55,41.94,6
3,2,20,14,10,18.55,41.94,6
3,2,21,14,12,18.55,41.94,6
3,2,20,14,7,18.55,41.94,6
3,2,9,14,13,18.55,43.345,6
4,0,6,0,14,21.310000000000002,45.235,1
2,1,28,22,12,10.5,33.370000000000005,9
0,15,0,2,7,10.5,33.370000000000005,9
4,0,31,0,9,21.310000000000002,45.235,1
3,2,21,14,9,18.55,43.345,6
0,15,0,2,40,10.5,33.370000000000005,9
3,2,32,14,11,19.86,43.345,6
3,2,26,14,6,19.86,43.345,6
3,2,42,14,47,19.86,43.345,6
4,0,8,0,14,21.310000000000002,47.21,1
0,15,0,2,9,10.5,33.370000000000005,9
3,2,13,14,32,19.86,43.345,6
4,0,7,0,25,21.310000000000002,47.21,1
4,0,31,0,32,21.310000000000002,47.21,1
0,15,0,2,47,10.5,33.370000000000005,9
3,2,34,14,58,19.86,43.345,6
3,2,35,14,30,19.86,43.345,6
3,2,36,14,20,19.86,43.345,6
0,15,0,2,38,10.5,33.370000000000005,9
0,15,0,2,0,12.35,33.370000000000005,9
3,2,19,14,2,19.86,43.345,6
3,2,21,14,13,19.86,43.345,6
2,1,4,22,43,12.35,33.370000000000005,9
4,0,31,0,20,21.310000000000002,47.21,1
2,1,18,22,34,12.35,33.370000000000005,9
2,1,12,22,21,12.35,33.370000000000005,9
3,2,27,14,29,19.86,43.345,6
3,2,16,14,10,19.86,43.345,6
3,2,40,14,23,19.86,43.345,6
4,0,7,0,21,21.310000000000002,47.21,1
0,15,0,2,32,12.35,33.370000000000005,9
0,15,0,2,7,12.35,33.370000000000005,9
0,15,0,3,9,12.35,33.370000000000005,9
2,1,4,22,6,12.35,33.370000000000005,9
2,1,4,22,34,12.35,33.370000000000005,9
2,1,12,22,20,12.35,33.370000000000005,9
2,1,39,22,30,12.35,33.370000000000005,9
0,15,0,3,14,12.35,33.370000000000005,9
3,2,25,14,8,19.86,43.345,6
4,0,41,0,18,21.310000000000002,47.21,1
2,1,18,22,9,12.35,33.370000000000005,9
4,0,6,0,40,21.310000000000002,47.21,1
3,2,10,14,22,19.86,43.345,6
0,16,0,3,40,12.35,33.370000000000005,9
3,2,21,14,9,19.86,43.345,6
4,0,6,0,18,21.310000000000002,47.21,1
3,2,37,14,49,19.86,43.345,6
3,2,20,14,32,19.86,43.345,6
0,16,0,3,31,12.35,33.370000000000005,9
0,16,0,3,20,12.35,33.370000000000005,9
3,2,14,14,41,19.86,43.345,6
3,2,24,14,29,19.86,43.345,6
0,16,0,3,7,12.35,33.370000000000005,9
3,2,23,14,8,19.86,43.345,6
2,1,4,22,2,12.35,34.980000000000004,9
0,16,0,3,42,12.35,34.980000000000004,9
3,2,26,14,34,19.86,43.345,6
2,1,54,22,5,12.35,34.980000000000004,9
4,0,7,0,24,21.310000000000002,47.21,1
3,2,22,14,28,19.86,43.345,6
2,1,39,22,8,12.35,34.980000000000004,9
0,16,0,3,29,12.35,34.980000000000004,9
3,2,13,14,7,19.86,43.345,6
3,2,24,14,18,19.86,43.345,6
3,2,21,14,28,19.86,43.345,6
3,2,15,14,23,19.86,43.345,6
4,0,35,0,48,21.310000000000002,47.21,1
4,0,31,0,14,21.310000000000002,47.21,1
3,2,23,14,11,19.86,43.345,6
3,2,21,14,19,19.86,43.345,6
0,16,0,3,43,12.35,34.980000000000004,9
3,2,24,14,34,19.86,43.345,6
0,16,0,3,0,12.35,34.980000000000004,9
0,16,0,3,26,3.415,18.575000000000003,10
3,2,32,14,6,19.86,43.345,6
0,16,0,3,7,3.415,18.575000000000003,10
2,1,12,22,17,12.35,34.980000000000004,9
0,16,0,5,30,6.27,18.575000000000003,10
4,0,8,0,33,21.310000000000002,47.21,1
4,0,27,0,17,21.310000000000002,47.21,1
4,0,7,0,34,21.310000000000002,47.21,1
3,2,10,14,31,19.86,43.345,6
3,2,14,14,6,19.86,43.345,6
3,2,14,14,15,19.86,43.345,6
3,2,25,14,20,19.86,43.345,6
3,2,17,14,44,19.86,43.345,6
2,1,18,22,5,12.35,34.980000000000004,9
0,16,0,5,28,6.27,18.575000000000003,10
0,16,0,5,18,6.27,18.575000000000003,10
0,16,0,5,42,6.27,18.575000000000003,10
0,17,0,5,6,6.27,18.575000000000003,10
3,2,25,14,1,19.86,43.345,6
3,2,25,14,31,19.86,43.345,6
3,2,24,14,7,19.86,43.345,6
3,2,32,14,9,19.86,45.235,6
0,17,0,5,12,6.27,18.575000000000003,10
2,1,18,22,19,12.35,34.980000000000004,9
4,0,6,0,24,21.310000000000002,47.21,1
3,2,16,14,11,19.86,45.235,6
3,2,33,14,8,19.86,45.235,6
3,2,20,14,6,19.86,45.235,6
3,2,36,14,21,19.86,45.235,6
3,2,34,14,19,19.86,45.235,6
3,2,37,14,22,19.86,45.235,6
0,17,0,5,35,6.27,18.575000000000003,10
3,2,14,14,29,19.86,45.235,6
0,17,0,5,37,6.995,18.575000000000003,10
4,0,7,0,36,21.310000000000002,47.21,1
4,0,48,0,32,21.310000000000002,47.21,1
3,2,19,14,11,19.86,45.235,6
2,1,39,22,49,12.35,34.980000000000004,9
0,17,0,5,27,6.995,18.575000000000003,10
3,2,34,14,0,21.310000000000002,45.235,6
3,4,14,15,23,21.310000000000002,45.235,6
3,4,9,15,0,21.310000000000002,45.235,6
3,4,21,15,16,21.310000000000002,45.235,6
6,0,44,0,38,21.310000000000002,47.21,1
2,1,12,22,48,12.35,34.980000000000004,9
3,4,24,15,19,21.310000000000002,45.235,6
0,17,0,5,47,6.995,18.575000000000003,10
0,17,0,5,24,6.995,18.575000000000003,10
3,4,17,15,33,21.310000000000002,45.235,6
3,4,20,15,11,21.310000000000002,45.235,6
3,4,24,15,47,21.310000000000002,45.235,6
3,4,25,15,14,21.310000000000002,45.235,6
0,17,0,5,35,6.995,18.575000000000003,10
4,0,26,0,23,21.310000000000002,47.21,1
2,1,12,22,9,12.35,34.980000000000004,9
3,4,30,15,20,21.310000000000002,45.235,6
0,17,0,5,2,6.995,18.575000000000003,10
3,4,24,15,19,21.310000000000002,45.235,6
3,4,42,15,6,21.310000000000002,45.235,6
3,4,37,15,17,21.310000000000002,45.235,6
0,17,0,5,28,6.995,18.575000000000003,10
3,5,37,15,20,21.310000000000002,45.235,6
3,5,9,15,33,21.310000000000002,45.235,6
0,17,0,5,20,6.995,18.575000000000003,10
4,0,35,0,0,21.310000000000002,47.21,1
3,5,16,15,8,21.310000000000002,45.235,6
4,0,8,0,1,21.310000000000002,47.21,1
0,17,0,6,1,6.995,18.575000000000003,10
3,5,12,15,24,21.310000000000002,45.235,6
3,5,53,15,39,21.310000000000002,45.235,6
0,17,0,6,21,6.995,18.575000000000003,10
3,5,24,16,39,21.310000000000002,45.235,6
6,0,44,0,11,21.310000000000002,47.21,1
3,5,9,16,22,21.310000000000002,45.235,6
0,17,0,6,17,6.995,18.575000000000003,10
3,5,21,16,30,21.310000000000002,45.235,6
3,6,21,16,8,21.310000000000002,45.235,6
0,17,0,6,28,6.995,18.575000000000003,10
0,17,0,6,0,6.995,18.575000000000003,10
0,17,0,6,7,6.995,18.575000000000003,10
4,0,35,0,19,21.310000000000002,47.21,1
3,6,24,16,14,21.310000000000002,45.235,6
0,17,0,6,0,6.995,18.575000000000003,10
3,6,19,16,24,21.310000000000002,45.235,6
0,18,0,6,11,6.995,18.575000000000003,10
0,18,0,6,14,6.995,18.575000000000003,10
0,18,0,6,12,6.995,18.575000000000003,10
0,18,0,6,22,6.995,18.575000000000003,10
3,6,25,16,20,21.310000000000002,45.235,6
0,18,0,6,35,6.995,18.575000000000003,10
0,18,0,6,16,6.995,18.575000000000003,10
3,6,32,16,26,21.310000000000002,45.235,6
0,18,0,6,17,6.995,18.575000000000003,10
4,0,8,0,41,21.310000000000002,47.21,1
3,6,24,16,31,21.310000000000002,45.235,6
4,0,31,0,26,21.310000000000002,47.21,1
3,6,20,16,32,21.310000000000002,45.235,6
0,18,0,6,10,7.67,18.575000000000003,10
0,18,0,6,34,7.67,18.575000000000003,10
4,0,8,0,39,21.310000000000002,47.21,1
3,6,19,16,19,21.310000000000002,45.235,6
0,18,0,6,10,7.67,18.575000000000003,10
0,18,0,6,10,7.67,18.575000000000003,10
3,6,16,16,40,21.310000000000002,45.235,6
4,0,26,0,0,23.0,47.21,1
4,0,26,0,14,23.0,47.21,1
3,6,24,16,8,21.310000000000002,45.235,6
0,19,0,6,0,7.67,18.575000000000003,10
2,1,52,22,8,12.35,34.980000000000004,9
2,1,47,23,20,12.35,34.980000000000004,9
2,1,18,23,6,12.35,34.980000000000004,9
0,19,0,6,40,7.67,18.575000000000003,10
4,0,6,0,11,23.0,47.21,1
3,6,20,16,33,21.310000000000002,45.235,6
3,6,16,16,13,21.310000000000002,45.235,6
0,19,0,6,21,7.67,18.575000000000003,10
3,6,33,16,4,21.310000000000002,45.235,6
3,6,15,16,20,21.310000000000002,45.235,6
0,19,0,6,30,7.67,18.575000000000003,10
0,19,0,6,4,7.67,18.575000000000003,10
3,6,11,16,15,21.310000000000002,45.235,6
3,6,34,16,20,21.310000000000002,47.21,6
0,19,0,6,0,7.67,18.575000000000003,10
3,6,15,16,12,21.310000000000002,47.21,6
3,6,15,16,23,21.310000000000002,47.21,6
4,0,27,0,12,23.0,47.21,1
0,19,0,6,30,7.67,18.575000000000003,10
3,6,25,16,0,21.310000000000002,47.21,6
0,19,0,9,26,7.67,18.575000000000003,10
0,19,0,9,4,7.67,18.575000000000003,10
0,19,0,9,42,7.67,18.575000000000003,10
4,0,7,0,39,23.0,47.21,1
3,6,33,16,30,21.310000000000002,47.21,6
3,7,20,16,19,21.310000000000002,47.21,6
3,7,19,16,13,21.310000000000002,47.21,6
3,7,37,16,25,21.310000000000002,47.21,6
4,0,8,0,9,23.0,47.21,1
4,0,29,0,20,23.0,48.96,1
3,7,24,16,20,21.310000000000002,47.21,6
4,0,35,0,11,23.0,48.96,1
4,0,31,0,16,23.0,48.96,1
4,0,35,0,0,23.0,48.96,1
0,19,0,9,0,7.67,18.575000000000003,10
3,7,23,16,42,23.0,47.21,6
3,7,32,16,43,23.0,47.21,6
0,19,0,9,16,7.67,18.575000000000003,10
3,7,21,16,53,23.0,47.21,6
4,0,6,0,15,23.0,48.96,1
3,7,22,16,12,23.0,47.21,6
3,7,53,16,6,23.0,47.21,6
3,7,34,16,40,23.0,47.21,6
0,19,0,9,36,7.67,18.575000000000003,10
0,19,0,9,6,7.67,18.575000000000003,10
0,19,0,9,8,7.67,18.575000000000003,10
3,7,22,16,16,23.0,47.21,6
3,7,33,16,18,23.0,47.21,6
4,0,7,0,7,23.0,48.96,1
4,0,22,0,47,23.0,48.96,1
0,19,0,9,20,7.67,18.575000000000003,10
0,19,0,9,25,7.67,18.575000000000003,10
0,19,0,10,27,7.67,18.575000000000003,10
3,7,12,16,7,23.0,47.21,6
4,0,6,0,6,23.0,48.96,1
0,19,0,10,27,7.67,18.575000000000003,10
3,7,12,16,24,23.0,47.21,6
4,0,21,0,11,23.0,48.96,1
2,1,18,23,42,12.35,34.980000000000004,9
3,7,12,16,14,23.0,47.21,6
0,19,0,10,35,7.67,18.575000000000003,10
0,19,0,10,22,7.67,18.575000000000003,10
4,0,21,0,2,23.0,48.96,1
3,7,37,16,34,23.0,47.21,6
4,0,21,0,25,23.0,48.96,1
4,0,6,0,33,23.0,48.96,1
0,19,0,10,19,7.67,18.575000000000003,10
4,0,7,0,0,23.0,48.96,1
0,21,0,10,21,7.67,18.575000000000003,10
3,7,14,16,4,23.0,47.21,6
4,0,26,0,10,23.0,48.96,1
3,7,24,16,5,23.0,47.21,6
0,21,0,10,28,7.67,18.575000000000003,10
3,7,15,16,20,23.0,48.96,6
0,22,0,10,52,7.67,18.575000000000003,10
3,7,23,16,37,23.0,48.96,6
0,22,0,10,21,8.530000000000001,18.575000000000003,10
3,7,40,16,29,23.0,48.96,6
0,22,0,10,30,8.530000000000001,18.575000000000003,10
4,0,21,0,31,23.0,48.96,1
3,8,9,16,11,23.0,48.96,6
3,8,24,16,9,23.0,48.96,6
3,8,20,16,27,23.0,48.96,6
4,0,26,0,1,23.0,48.96,1
0,22,0,10,36,8.530000000000001,18.575000000000003,10
0,22,0,10,13,8.530000000000001,18.575000000000003,10
0,22,0,10,37,8.530000000000001,18.575000000000003,10
3,8,24,16,40,23.0,48.96,6
6,0,44,0,8,19.86,53.79625000000006,2
0,22,0,10,12,8.530000000000001,18.575000000000003,10
0,22,0,10,32,8.530000000000001,18.575000000000003,10
0,22,0,10,25,9.5,18.575000000000003,10
4,0,8,0,26,23.0,48.96,1
4,0,21,0,42,23.0,48.96,1
3,8,23,17,40,23.0,48.96,6
3,8,28,17,14,23.0,48.96,6
0,22,0,10,26,9.5,18.575000000000003,10
3,8,11,17,30,23.0,48.96,6
2,1,52,23,40,12.35,34.980000000000004,9
4,0,21,0,9,23.0,48.96,1
2,1,38,23,11,12.35,34.980000000000004,9
4,0,8,0,24,23.0,48.96,1
0,22,0,10,15,9.5,18.575000000000003,10
0,22,0,13,2,9.5,25.045,10
3,8,33,17,29,23.0,48.96,6
3,8,28,17,10,23.0,48.96,6
0,22,0,13,30,9.5,25.045,10
3,8,33,17,22,23.0,48.96,6
0,22,0,13,26,9.5,25.045,10
0,22,0,13,15,9.5,25.045,10
4,0,31,0,31,23.0,48.96,1
3,8,37,17,35,23.0,48.96,6
3,8,20,17,7,23.0,48.96,6
3,9,24,17,10,23.0,48.96,6
4,0,22,0,26,23.0,48.96,1
4,0,31,0,10,23.0,48.96,1
3,9,34,17,15,19.86,47.21,7
4,0,29,0,19,23.0,48.96,1
4,0,41,0,20,23.0,48.96,1
0,22,0,13,14,9.5,25.045,10
4,0,7,0,14,23.0,48.96,1
4,0,9,0,8,23.0,48.96,1
3,9,53,17,8,19.86,47.21,7
3,9,24,17,6,19.86,47.21,7
3,9,47,17,26,19.86,47.21,7
0,23,0,13,6,9.5,25.045,10
2,1,54,23,18,12.35,34.980000000000004,9
3,9,37,17,58,19.86,47.21,7
4,0,35,0,34,23.0,48.96,1
0,23,0,13,15,9.5,25.045,10
0,23,0,13,10,9.5,25.045,10
0,23,0,13,16,9.5,25.045,10
4,0,7,0,12,23.0,48.96,1
3,9,25,17,43,19.86,47.21,7
0,23,0,13,9,9.5,25.045,10
4,0,7,0,22,23.0,48.96,1
0,24,0,13,26,9.5,25.045,10
4,0,31,0,58,23.0,48.96,1
4,0,9,0,34,23.0,48.96,1
0,24,0,13,22,9.5,25.045,10
7,0,59,1,40,17.14,48.96,3
0,24,0,13,0,9.5,25.045,10
3,9,20,17,18,19.86,47.21,7
4,0,22,0,9,23.0,48.96,1
4,0,9,0,10,23.0,48.96,1
0,24,0,13,33,9.5,25.045,10
0,24,0,13,28,9.5,25.045,10
2,1,18,23,8,12.35,34.980000000000004,9
3,9,34,17,0,19.86,47.21,7
0,24,0,17,35,9.5,25.045,10
0,24,0,18,37,9.5,25.045,10
4,0,21,0,28,23.0,48.96,1
0,24,0,18,27,9.5,25.045,10
3,9,36,17,22,19.86,47.21,7
3,9,24,17,19,19.86,47.21,7
2,1,5,23,33,12.35,34.980000000000004,9
0,24,0,18,26,9.5,25.045,10
0,24,0,18,30,9.5,25.045,10
3,9,33,17,22,19.86,47.21,7
3,9,32,17,13,19.86,47.21,7
0,24,0,18,6,9.5,25.045,10
4,0,31,0,24,24.729000000000113,48.96,1
4,0,8,0,18,24.729000000000113,48.96,1
3,9,28,17,43,19.86,47.21,7
4,0,8,0,6,24.729000000000113,48.96,1
3,10,40,17,23,19.86,47.21,7
2,1,63,23,7,12.35,34.980000000000004,9
3,10,14,17,21,19.86,47.21,7
4,0,27,0,2,24.729000000000113,48.96,1
3,10,14,17,12,19.86,47.21,7
4,0,6,0,0,24.729000000000113,48.96,1
3,10,20,17,33,21.310000000000002,47.21,7
4,0,7,0,24,24.729000000000113,48.96,1
3,10,15,17,37,21.310000000000002,47.21,7
2,1,38,23,2,12.35,34.980000000000004,9
4,0,7,0,16,24.729000000000113,48.96,1
3,10,30,17,34,21.310000000000002,47.21,7
0,24,0,18,6,9.5,25.045,10
4,0,7,0,0,24.729000000000113,48.96,1
3,10,13,17,30,21.310000000000002,47.21,7
3,10,16,17,41,21.310000000000002,47.21,7
4,0,24,0,9,24.729000000000113,48.96,1
3,10,25,17,20,21.310000000000002,47.21,7
3,10,47,17,8,21.310000000000002,47.21,7
3,10,16,17,47,21.310000000000002,47.21,7
3,10,11,17,37,21.310000000000002,47.21,7
4,0,21,0,6,24.729000000000113,48.96,1
3,10,53,17,23,21.310000000000002,47.21,7
4,0,8,0,0,24.729000000000113,48.96,1
3,10,34,17,36,21.310000000000002,47.21,7
0,24,0,18,0,9.5,25.045,10
4,1,27,0,19,24.729000000000113,48.96,1
2,1,39,23,22,12.35,34.980000000000004,9
4,1,24,0,35,24.729000000000113,48.96,1
2,1,38,23,30,12.35,34.980000000000004,9
0,24,0,18,16,9.5,25.045,10
5,0,60,0,7,24.729000000000113,48.96,1
0,25,0,18,29,9.5,25.045,10
0,25,0,18,17,9.5,25.045,10
3,10,14,17,8,21.310000000000002,47.21,7
3,10,17,17,33,21.310000000000002,47.21,7
0,25,0,18,40,10.5,25.045,10
3,10,10,17,7,21.310000000000002,47.21,7
4,1,24,0,24,24.729000000000113,48.96,1
0,25,0,18,53,10.5,25.045,10
4,1,41,0,11,24.729000000000113,48.96,1
4,1,6,0,25,24.729000000000113,48.96,1
2,1,18,23,6,12.35,34.980000000000004,9
4,1,22,0,27,24.729000000000113,48.96,1
3,10,11,17,16,21.310000000000002,47.21,7
4,1,26,0,32,24.729000000000113,48.96,1
2,1,39,23,18,12.35,34.980000000000004,9
0,25,0,18,10,10.5,25.045,10
4,1,27,0,36,24.729000000000113,48.96,1
0,25,0,19,11,10.5,25.045,10
4,1,5,0,8,24.729000000000113,48.96,1
3,10,11,17,31,21.310000000000002,47.21,7
0,25,0,19,22,10.5,25.045,10
4,1,8,0,16,24.729000000000113,48.96,1
0,25,0,19,29,10.5,25.045,10
4,1,21,0,29,24.729000000000113,48.96,1
4,1,27,0,33,24.729000000000113,48.96,1
4,1,21,1,19,24.729000000000113,51.03275000000002,1
3,10,14,17,2,21.310000000000002,47.21,7
2,1,18,23,39,12.35,34.980000000000004,9
0,25,0,19,10,10.5,25.045,10
4,2,9,1,32,24.729000000000113,51.03275000000002,1
4,2,21,1,18,24.729000000000113,51.03275000000002,1
0,25,0,19,37,10.5,25.045,10
4,2,6,1,29,24.729000000000113,51.03275000000002,1
0,25,0,19,47,10.5,25.045,10
0,25,0,19,21,10.5,25.045,10
0,25,0,19,12,10.5,25.045,10
4,2,48,1,31,24.729000000000113,51.03275000000002,1
2,1,18,23,7,12.35,34.980000000000004,9
4,2,6,1,21,24.729000000000113,51.03275000000002,1
0,25,0,19,14,10.5,25.045,10
2,1,18,23,34,12.35,34.980000000000004,9
3,10,13,17,7,21.310000000000002,47.21,7
0,25,0,19,9,10.5,25.045,10
4,2,6,1,44,24.729000000000113,51.03275000000002,1
0,27,0,19,7,10.5,25.045,10
0,27,0,19,8,11.35,25.045,10
2,1,54,23,34,12.35,34.980000000000004,9
4,2,7,1,24,24.729000000000113,51.03275000000002,1
0,28,0,20,14,11.35,25.045,10
4,2,8,1,48,24.729000000000113,51.03275000000002,1
4,2,27,1,6,24.729000000000113,51.03275000000002,1
4,2,21,1,24,24.729000000000113,51.03275000000002,1
4,2,21,1,11,24.729000000000113,51.03275000000002,1
3,10,16,17,22,21.310000000000002,47.21,7
3,10,10,17,41,21.310000000000002,47.21,7
3,10,33,17,4,21.310000000000002,47.21,7
3,10,36,17,20,21.310000000000002,47.21,7
3,10,25,17,30,21.310000000000002,47.21,7
3,10,13,17,8,21.310000000000002,48.96,7
5,0,48,0,28,24.729000000000113,51.03275000000002,1
4,2,22,1,0,19.86,53.79625000000006,2
4,2,8,1,32,19.86,53.79625000000006,2
4,2,8,1,35,19.86,53.79625000000006,2
5,0,48,0,28,24.729000000000113,51.03275000000002,1
0,28,0,20,31,11.35,25.045,10
0,28,0,20,18,11.35,25.045,10
4,2,31,1,9,19.86,53.79625000000006,2
3,10,11,17,0,21.310000000000002,48.96,7
0,28,0,20,22,11.35,27.63,10
4,2,6,1,11,19.86,53.79625000000006,2
4,2,45,3,42,19.86,53.79625000000006,2
4,2,6,3,24,19.86,53.79625000000006,2
4,3,24,3,10,19.86,53.79625000000006,2
4,3,6,3,34,19.86,53.79625000000006,2
0,29,0,20,18,11.35,27.63,10
4,3,22,3,21,19.86,53.79625000000006,2
3,10,17,17,29,21.310000000000002,48.96,7
3,10,47,17,25,21.310000000000002,48.96,7
7,0,59,1,12,17.14,48.96,3
0,29,0,20,7,11.35,27.63,10
4,4,22,3,11,19.86,53.79625000000006,2
3,10,11,17,32,21.310000000000002,48.96,7
0,29,0,22,41,11.35,27.63,10
4,4,6,3,24,19.86,53.79625000000006,2
0,29,0,22,18,11.35,27.63,10
0,29,0,22,0,11.35,27.63,10
5,0,48,0,18,24.729000000000113,51.03275000000002,1
4,4,27,5,31,19.86,53.79625000000006,2
2,1,18,23,14,12.35,34.980000000000004,9
4,4,14,5,11,19.86,53.79625000000006,2
4,6,26,5,20,19.86,53.79625000000006,2
4,6,24,5,58,19.86,53.79625000000006,2
0,29,0,23,20,11.35,27.63,10
0,29,0,23,35,11.35,27.63,10
2,1,39,23,19,12.35,34.980000000000004,9
4,6,9,5,30,21.310000000000002,53.79625000000006,2
0,29,0,23,10,11.35,27.63,10
2,1,39,23,31,12.35,34.980000000000004,9
3,10,19,17,32,21.310000000000002,48.96,7
3,10,34,17,15,21.310000000000002,48.96,7
3,10,19,17,19,21.310000000000002,48.96,7
0,32,0,27,17,11.35,27.63,10
4,6,21,5,6,21.310000000000002,53.79625000000006,2
3,10,16,17,26,21.310000000000002,48.96,7
4,6,7,5,49,21.310000000000002,53.79625000000006,2
4,6,8,6,24,21.310000000000002,53.79625000000006,2
0,34,0,27,19,11.35,27.63,10
0,34,0,27,13,11.35,27.63,10
6,0,44,0,17,21.310000000000002,53.79625000000006,2
4,6,9,6,13,21.310000000000002,53.79625000000006,2
3,10,28,17,22,23.0,48.96,7
6,0,44,0,21,21.310000000000002,53.79625000000006,2
3,10,17,18,41,23.0,48.96,7
3,10,17,18,0,23.0,48.96,7
4,6,6,6,20,21.310000000000002,53.79625000000006,2
3,10,25,18,35,23.0,48.96,7
0,34,0,30,54,11.35,27.63,10
4,6,24,6,35,21.310000000000002,53.79625000000006,2
0,34,0,30,21,11.35,27.63,10
4,6,14,6,14,21.310000000000002,53.79625000000006,2
3,10,11,18,20,23.0,48.96,7
0,34,0,34,4,11.35,27.63,10
4,6,16,6,30,21.310000000000002,53.79625000000006,2
3,10,17,18,5,23.0,48.96,7
3,10,37,18,17,23.0,48.96,7
3,10,15,18,39,23.0,48.96,7
3,10,20,18,26,23.0,48.96,7
0,34,0,34,27,11.35,27.63,10
0,34,0,34,21,11.35,27.63,10
4,6,16,6,23,21.310000000000002,53.79625000000006,2
3,10,11,18,34,23.0,48.96,7
3,10,23,18,8,23.0,48.96,7
3,11,49,18,31,23.0,48.96,7
3,11,37,18,0,23.0,48.96,7
0,34,0,34,53,11.35,27.63,10
4,7,35,6,47,21.310000000000002,53.79625000000006,2
0,34,0,34,5,11.35,27.63,10
6,0,43,0,6,21.310000000000002,53.79625000000006,2
4,7,24,6,17,21.310000000000002,53.79625000000006,2
0,34,0,34,11,11.35,27.63,10
4,7,6,6,17,21.310000000000002,53.79625000000006,2
3,11,37,18,22,23.0,48.96,7
2,1,18,23,4,12.35,34.980000000000004,9
4,7,16,6,19,21.310000000000002,53.79625000000006,2
6,0,40,0,1,21.310000000000002,53.79625000000006,2
3,11,11,18,5,23.0,48.96,7
4,7,6,6,14,21.310000000000002,53.79625000000006,2
4,7,26,6,34,21.310000000000002,53.79625000000006,2
0,34,0,34,24,11.35,27.63,10
4,7,16,6,24,21.310000000000002,53.79625000000006,2
0,34,0,34,29,11.35,27.63,10
4,7,22,6,16,21.310000000000002,53.79625000000006,2
4,7,24,6,31,21.310000000000002,57.678500000000035,2
3,11,13,18,25,23.0,48.96,7
4,7,24,6,28,21.310000000000002,57.678500000000035,2
3,11,19,18,26,23.0,48.96,7
4,7,24,6,31,21.310000000000002,57.678500000000035,2
4,7,7,6,14,21.310000000000002,57.678500000000035,2
3,12,49,18,22,23.0,48.96,7
0,35,0,34,0,11.35,27.63,10
0,36,0,34,30,11.35,27.63,10
4,7,21,6,28,21.310000000000002,57.678500000000035,2
0,36,0,34,40,11.35,27.63,10
3,12,25,18,45,23.0,48.96,7
4,7,8,6,2,21.310000000000002,57.678500000000035,2
0,36,0,34,8,11.35,27.63,10
3,12,28,18,32,23.0,48.96,7
4,7,16,6,12,21.310000000000002,57.678500000000035,2
0,36,0,35,24,12.35,27.63,10
0,36,0,35,33,12.35,27.63,10
0,36,0,35,6,12.35,27.63,10
4,7,8,6,40,21.310000000000002,57.678500000000035,2
3,12,47,18,6,23.0,48.96,7
5,0,46,0,13,24.729000000000113,51.03275000000002,1
3,12,36,18,19,23.0,48.96,7
4,7,27,6,14,21.310000000000002,57.678500000000035,2
0,36,0,35,9,12.35,27.63,10
3,12,28,18,28,24.729000000000113,48.96,7
0,38,0,35,6,12.35,27.63,10
0,38,0,35,8,12.35,27.63,10
3,12,19,18,20,24.729000000000113,48.96,7
4,7,6,6,13,21.310000000000002,57.678500000000035,2
0,38,0,35,17,12.35,27.63,10
3,12,10,18,22,24.729000000000113,48.96,7
3,12,37,18,29,24.729000000000113,48.96,7
0,38,0,35,23,12.35,27.63,10
4,7,21,6,26,21.310000000000002,57.678500000000035,2
0,38,0,35,34,12.35,27.63,10
4,7,35,6,6,21.310000000000002,57.678500000000035,2
3,12,10,18,39,24.729000000000113,48.96,7
3,12,20,18,48,24.729000000000113,48.96,7
4,7,14,6,14,21.310000000000002,57.678500000000035,2
0,38,0,35,31,12.35,27.63,10
4,7,35,6,20,21.310000000000002,57.678500000000035,2
3,12,20,18,35,24.729000000000113,51.03275000000002,7
0,38,0,35,32,12.35,27.63,10
3,12,11,18,19,24.729000000000113,51.03275000000002,7
3,12,30,18,18,24.729000000000113,51.03275000000002,7
3,12,10,18,32,24.729000000000113,51.03275000000002,7
3,12,30,18,38,24.729000000000113,51.03275000000002,7
3,12,11,18,36,24.729000000000113,51.03275000000002,7
3,12,13,18,10,24.729000000000113,51.03275000000002,7
0,38,0,45,31,12.35,27.63,10
3,12,25,18,11,24.729000000000113,51.03275000000002,7
0,38,0,45,40,12.35,27.63,10
4,7,22,7,10,21.310000000000002,57.678500000000035,2
0,38,0,45,30,12.35,27.63,10
0,38,0,45,47,12.35,27.63,10
5,0,6,0,11,24.729000000000113,51.03275000000002,1
3,12,12,18,21,24.729000000000113,51.03275000000002,7
0,38,0,45,39,12.35,27.63,10
0,42,0,45,10,12.35,27.63,10
3,12,33,18,8,24.729000000000113,51.03275000000002,7
3,12,32,18,10,24.729000000000113,51.03275000000002,7
0,42,0,45,12,12.35,27.63,10
2,1,39,23,38,12.35,34.980000000000004,9
3,12,20,18,22,24.729000000000113,51.03275000000002,7
2,1,52,23,31,12.35,34.980000000000004,9
4,7,16,7,34,21.310000000000002,57.678500000000035,2
0,42,0,45,26,12.35,27.63,10
0,42,0,45,17,12.35,27.63,10
3,13,13,19,24,24.729000000000113,51.03275000000002,7
5,0,6,0,27,24.729000000000113,51.03275000000002,1
4,7,7,7,16,21.310000000000002,57.678500000000035,2
0,42,0,45,14,12.35,27.63,10
4,7,29,7,1,21.310000000000002,57.678500000000035,2
5,0,6,0,39,24.729000000000113,51.03275000000002,1
0,42,0,45,27,12.35,29.652,10
4,7,31,7,18,21.310000000000002,57.678500000000035,2
0,43,0,45,38,12.35,29.652,10
6,0,40,0,26,21.310000000000002,57.678500000000035,2
2,1,38,23,14,12.35,34.980000000000004,9
3,13,10,19,21,24.729000000000113,51.03275000000002,7
2,1,18,23,25,12.35,34.980000000000004,9
6,0,48,0,7,21.310000000000002,57.678500000000035,2
6,1,43,0,31,21.310000000000002,57.678500000000035,2
3,13,11,19,7,24.729000000000113,51.03275000000002,7
3,13,11,19,10,24.729000000000113,51.03275000000002,7
4,7,7,7,31,21.310000000000002,57.678500000000035,2
6,1,40,0,41,21.310000000000002,57.678500000000035,2
0,43,0,45,17,12.35,29.652,10
2,1,38,24,16,12.35,34.980000000000004,9
3,13,12,19,25,24.729000000000113,51.03275000000002,7
4,7,24,7,0,21.310000000000002,57.678500000000035,2
3,13,11,19,27,24.729000000000113,51.03275000000002,7
1,5,0,9,16,7.67,33.370000000000005,8
5,0,6,0,34,24.729000000000113,51.03275000000002,1
1,5,0,9,7,8.530000000000001,33.370000000000005,8
3,14,34,19,12,24.729000000000113,51.03275000000002,7
4,7,27,7,2,21.310000000000002,57.678500000000035,2
3,14,12,19,32,24.729000000000113,51.03275000000002,7
4,7,35,7,43,21.310000000000002,57.678500000000035,2
3,14,20,19,2,27.739000000000114,51.03275000000002,7
6,1,48,0,35,21.310000000000002,57.678500000000035,2
4,7,26,7,23,21.310000000000002,57.678500000000035,2
2,1,18,24,24,12.35,34.980000000000004,9
4,7,26,7,6,21.310000000000002,57.678500000000035,2
3,14,32,19,8,27.739000000000114,51.03275000000002,7
4,7,24,7,19,21.310000000000002,57.678500000000035,2
3,14,23,19,28,27.739000000000114,51.03275000000002,7
3,14,34,19,8,27.739000000000114,51.03275000000002,7
5,0,46,0,0,24.729000000000113,51.03275000000002,1
1,5,0,9,10,8.530000000000001,33.370000000000005,8
4,7,16,7,35,21.310000000000002,57.678500000000035,2
1,5,0,10,9,8.530000000000001,33.370000000000005,8
6,1,43,0,10,21.310000000000002,57.678500000000035,2
3,14,47,19,58,27.739000000000114,51.03275000000002,7
3,14,25,19,33,27.739000000000114,51.03275000000002,7
3,14,15,19,15,8.530000000000001,33.370000000000005,8
3,14,10,19,8,8.530000000000001,33.370000000000005,8
2,1,38,24,5,12.35,34.980000000000004,9
5,0,4,0,22,24.729000000000113,51.03275000000002,1
1,6,0,10,9,8.530000000000001,33.370000000000005,8
3,14,20,19,30,8.530000000000001,33.370000000000005,8
3,14,33,19,14,8.530000000000001,33.370000000000005,8
1,6,0,10,7,8.530000000000001,33.370000000000005,8
4,7,27,7,26,21.310000000000002,57.678500000000035,2
3,14,20,19,16,8.530000000000001,33.370000000000005,8
1,6,0,10,20,8.530000000000001,33.370000000000005,8
1,6,0,10,42,8.530000000000001,33.370000000000005,8
4,7,8,7,24,23.0,57.678500000000035,2
3,14,13,19,4,8.530000000000001,33.370000000000005,8
3,14,28,19,28,8.530000000000001,33.370000000000005,8
4,7,26,7,13,23.0,57.678500000000035,2
4,8,9,7,9,23.0,57.678500000000035,2
3,14,25,19,24,8.530000000000001,33.370000000000005,8
5,0,60,0,8,24.729000000000113,51.03275000000002,1
1,6,0,10,33,8.530000000000001,33.370000000000005,8
1,6,0,10,27,8.530000000000001,33.370000000000005,8
3,14,30,19,23,8.530000000000001,33.370000000000005,8
3,14,23,19,18,8.530000000000001,33.370000000000005,8
3,14,20,19,10,8.530000000000001,33.370000000000005,8
2,1,18,24,16,13.5,34.980000000000004,9
1,6,0,10,42,8.530000000000001,33.370000000000005,8
1,6,0,10,36,8.530000000000001,33.370000000000005,8
4,8,21,7,21,23.0,57.678500000000035,2
3,14,23,19,-2,8.530000000000001,33.370000000000005,8
3,14,63,19,47,8.530000000000001,33.370000000000005,8
3,14,28,19,32,8.530000000000001,34.980000000000004,8
4,8,15,7,32,23.0,57.678500000000035,2
1,6,0,10,8,8.530000000000001,34.980000000000004,8
1,6,0,10,24,8.530000000000001,34.980000000000004,8
4,8,7,7,6,23.0,57.678500000000035,2
1,6,0,10,18,8.530000000000001,34.980000000000004,8
1,6,0,10,24,8.530000000000001,34.980000000000004,8
1,6,0,10,29,8.530000000000001,34.980000000000004,8
3,14,30,19,26,8.530000000000001,34.980000000000004,8
1,6,0,10,16,8.530000000000001,34.980000000000004,8
3,14,23,19,21,8.530000000000001,34.980000000000004,8
3,14,20,19,25,8.530000000000001,34.980000000000004,8
1,6,0,10,41,8.530000000000001,34.980000000000004,8
1,6,0,10,57,8.530000000000001,34.980000000000004,8
1,6,0,10,16,8.530000000000001,34.980000000000004,8
7,0,59,1,37,17.14,48.96,3
3,14,25,19,15,8.530000000000001,34.980000000000004,8
4,8,26,7,30,23.0,57.678500000000035,2
1,6,0,10,29,8.530000000000001,34.980000000000004,8
4,8,9,7,1,23.0,57.678500000000035,2
3,14,10,19,32,8.530000000000001,34.980000000000004,8
3,14,32,19,28,8.530000000000001,34.980000000000004,8
3,14,18,19,35,8.530000000000001,34.980000000000004,8
1,6,0,10,43,8.530000000000001,34.980000000000004,8
3,15,23,19,53,8.530000000000001,34.980000000000004,8
4,8,24,7,38,23.0,57.678500000000035,2
3,15,36,19,29,8.530000000000001,34.980000000000004,8
3,15,23,19,20,8.530000000000001,34.980000000000004,8
4,8,7,7,27,23.0,57.678500000000035,2
3,15,23,19,25,8.530000000000001,34.980000000000004,8
1,6,0,10,6,8.530000000000001,34.980000000000004,8
1,6,0,10,0,8.530000000000001,34.980000000000004,8
5,0,22,0,24,24.729000000000113,51.03275000000002,1
3,15,18,19,12,8.530000000000001,34.980000000000004,8
4,8,21,7,48,23.0,57.678500000000035,2
3,15,13,19,1,8.530000000000001,34.980000000000004,8
4,8,27,7,31,23.0,57.678500000000035,2
3,15,11,19,0,8.530000000000001,34.980000000000004,8
3,15,13,19,16,8.530000000000001,36.45,8
1,6,0,10,22,8.530000000000001,36.45,8
1,6,0,10,25,8.530000000000001,36.45,8
1,6,0,10,28,8.530000000000001,36.45,8
3,15,34,19,6,8.530000000000001,36.45,8
3,15,13,19,27,8.530000000000001,36.45,8
3,15,42,19,17,8.530000000000001,36.45,8
3,15,17,19,13,8.530000000000001,36.45,8
1,6,0,10,43,8.530000000000001,36.45,8
4,8,16,7,52,23.0,57.678500000000035,2
4,8,5,7,33,23.0,57.678500000000035,2
3,15,63,19,9,8.530000000000001,36.45,8
4,8,31,7,10,23.0,57.678500000000035,2
1,6,0,10,41,9.5,36.45,8
3,15,33,19,41,9.5,36.45,8
1,6,0,10,23,13.5,34.980000000000004,9
4,8,35,7,11,23.0,57.678500000000035,2
1,7,0,10,8,13.5,34.980000000000004,9
1,7,0,11,2,13.5,34.980000000000004,9
3,15,23,19,35,9.5,36.45,8
3,15,17,19,10,9.5,36.45,8
6,1,44,0,0,23.0,57.678500000000035,2
4,8,12,7,30,23.0,57.678500000000035,2
1,7,0,11,12,13.5,34.980000000000004,9
1,7,0,11,33,13.5,34.980000000000004,9
3,15,10,19,4,9.5,36.45,8
2,1,52,24,36,13.5,34.980000000000004,9
4,8,31,7,8,23.0,57.678500000000035,2
1,7,0,11,34,13.5,34.980000000000004,9
4,8,5,7,24,23.0,57.678500000000035,2
1,7,0,11,0,13.5,34.980000000000004,9
3,16,19,19,52,9.5,36.45,8
1,7,0,11,13,13.5,34.980000000000004,9
1,7,0,11,9,13.5,34.980000000000004,9
1,7,0,12,44,13.5,34.980000000000004,9
1,8,0,12,13,13.5,34.980000000000004,9
1,8,0,12,12,13.5,34.980000000000004,9
1,8,0,12,8,13.5,34.980000000000004,9
4,8,14,7,6,23.0,57.678500000000035,2
1,8,0,12,6,13.5,34.980000000000004,9
4,8,8,7,14,23.0,57.678500000000035,2
3,16,28,19,23,9.5,36.45,8
1,8,0,12,27,13.5,34.980000000000004,9
3,16,42,19,12,9.5,36.45,8
3,16,18,19,14,9.5,36.45,8
3,16,19,19,0,9.5,36.45,8
4,8,14,7,6,23.0,57.678500000000035,2
4,8,7,7,8,23.0,57.678500000000035,2
3,16,19,19,0,9.5,36.45,8
3,16,28,19,28,9.5,36.45,8
3,16,34,19,46,9.5,36.45,8
5,0,22,0,22,24.729000000000113,51.03275000000002,1
3,16,10,19,16,9.5,36.45,8
3,16,10,19,33,9.5,36.45,8
5,0,6,0,27,24.729000000000113,51.03275000000002,1
3,16,34,19,20,9.5,36.45,8
4,8,9,7,17,23.0,57.678500000000035,2
4,8,31,7,35,23.0,57.678500000000035,2
3,16,10,19,44,9.5,36.45,8
4,8,45,7,2,23.0,57.678500000000035,2
1,8,0,12,37,13.5,34.980000000000004,9
4,8,24,7,30,23.0,57.678500000000035,2
1,8,0,12,30,13.5,34.980000000000004,9
1,8,0,12,24,13.5,34.980000000000004,9
3,16,25,19,30,9.5,36.45,8
1,8,0,12,7,13.5,34.980000000000004,9
4,8,12,7,38,23.0,57.678500000000035,2
1,8,0,12,9,13.5,34.980000000000004,9
4,8,16,7,43,23.0,57.678500000000035,2
1,8,0,12,26,13.5,34.980000000000004,9
1,8,0,12,14,13.5,34.980000000000004,9
4,8,27,7,24,23.0,57.678500000000035,2
2,1,52,24,0,13.5,34.980000000000004,9
4,8,26,7,44,23.0,57.678500000000035,2
4,8,37,7,12,23.0,57.678500000000035,2
4,8,35,7,55,23.0,57.678500000000035,2
3,16,13,19,31,9.5,36.45,8
1,8,0,12,38,13.5,34.980000000000004,9
4,8,26,7,20,23.0,57.678500000000035,2
4,8,21,7,44,23.0,57.678500000000035,2
3,16,18,19,43,9.5,36.45,8
3,16,11,19,7,9.5,36.45,8
4,8,35,8,15,23.0,57.678500000000035,2
1,8,0,12,18,13.5,34.980000000000004,9
1,8,0,12,26,13.5,34.980000000000004,9
1,8,0,12,13,13.5,34.980000000000004,9
4,9,35,8,12,23.0,57.678500000000035,2
3,16,20,19,40,9.5,36.45,8
1,8,0,12,22,13.5,34.980000000000004,9
4,9,27,8,24,23.0,57.678500000000035,2
4,9,16,8,35,23.0,57.678500000000035,2
1,8,0,12,8,13.5,34.980000000000004,9
3,16,36,20,11,9.5,36.45,8
3,16,11,20,10,9.5,36.45,8
4,9,8,8,44,23.0,57.678500000000035,2
6,1,44,0,31,23.0,57.678500000000035,2
4,9,21,8,41,23.0,57.678500000000035,2
1,8,0,12,44,13.5,34.980000000000004,9
1,8,0,12,32,13.5,34.980000000000004,9
1,8,0,12,43,14.5,34.980000000000004,9
1,8,0,12,1,14.5,34.980000000000004,9
4,9,16,8,13,23.0,57.678500000000035,2
1,8,0,12,35,14.5,36.45,9
4,9,21,8,0,23.0,57.678500000000035,2
4,9,35,8,7,23.0,57.678500000000035,2
3,16,17,20,20,9.5,36.45,8
3,16,10,20,46,9.5,36.45,8
4,9,27,8,18,23.0,57.678500000000035,2
5,0,6,0,-2,24.729000000000113,51.03275000000002,1
3,16,47,20,13,9.5,37.875,8
5,0,22,0,22,24.729000000000113,51.03275000000002,1
4,9,10,8,22,23.0,57.678500000000035,2
3,16,28,20,42,9.5,37.875,8
3,16,20,20,13,9.5,37.875,8
5,0,6,0,49,24.729000000000113,53.79625000000006,1
1,8,0,12,14,14.5,36.45,9
3,16,25,20,41,9.5,37.875,8
6,1,44,0,22,23.0,57.678500000000035,2
4,9,5,8,28,23.0,57.678500000000035,2
3,16,25,20,18,9.5,37.875,8
3,17,19,20,22,9.5,37.875,8
4,9,24,8,16,23.0,57.678500000000035,2
3,17,30,20,33,9.5,37.875,8
3,17,18,20,24,9.5,37.875,8
4,9,10,8,12,23.0,57.678500000000035,2
4,9,24,8,7,23.0,57.678500000000035,2
3,17,32,20,10,9.5,37.875,8
6,1,43,0,20,23.0,57.678500000000035,2
4,9,10,8,26,23.0,57.678500000000035,2
4,9,35,8,28,23.0,57.678500000000035,2
1,8,0,12,16,14.5,36.45,9
3,17,13,20,10,9.5,37.875,8
3,17,18,20,19,9.5,37.875,8
1,8,0,12,26,14.5,36.45,9
1,8,0,12,10,14.5,36.45,9
6,1,44,0,58,23.0,57.678500000000035,2
1,9,0,12,18,14.5,36.45,9
7,0,59,1,13,17.14,48.96,3
6,2,44,0,34,23.0,57.678500000000035,2
4,9,16,8,0,23.0,57.678500000000035,2
6,2,48,0,42,23.0,57.678500000000035,2
1,9,0,12,24,14.5,36.45,9
4,9,21,8,8,23.0,57.678500000000035,2
3,17,18,20,9,9.5,37.875,8
1,9,0,12,11,14.5,36.45,9
1,9,0,13,32,14.5,36.45,9
4,9,24,8,48,23.0,57.678500000000035,2
4,9,26,8,19,23.0,57.678500000000035,2
1,9,0,13,20,14.5,36.45,9
2,1,39,24,29,14.5,36.45,9
1,9,0,13,45,14.5,36.45,9
3,17,20,21,14,9.5,37.875,8
3,17,33,21,36,9.5,37.875,8
4,9,35,8,8,23.0,57.678500000000035,2
4,9,31,8,40,24.729000000000113,57.678500000000035,2
4,9,24,8,26,24.729000000000113,57.678500000000035,2
4,9,8,8,10,24.729000000000113,57.678500000000035,2
4,9,8,8,35,27.739000000000114,57.678500000000035,2
1,9,0,13,39,14.5,36.45,9
1,9,0,13,18,14.5,36.45,9
1,9,0,13,9,14.5,36.45,9
1,9,0,13,17,14.5,36.45,9
3,17,18,21,10,9.5,37.875,8
6,2,40,0,0,27.739000000000114,57.678500000000035,2
1,9,0,13,47,14.5,36.45,9
1,9,0,13,7,14.5,36.45,9
1,9,0,14,30,14.5,36.45,9
1,9,0,14,37,14.5,36.45,9
3,17,25,21,27,9.5,37.875,8
1,9,0,14,11,14.5,36.45,9
1,9,0,14,23,14.5,36.45,9
4,9,16,8,6,27.739000000000114,57.678500000000035,2
4,9,8,8,12,27.739000000000114,57.678500000000035,2
1,9,0,14,0,14.5,36.45,9
4,9,31,8,6,27.739000000000114,57.678500000000035,2
4,9,27,8,38,27.739000000000114,57.678500000000035,2
4,9,7,8,0,27.739000000000114,57.678500000000035,2
1,9,0,14,9,14.5,36.45,9
1,9,0,14,33,14.5,36.45,9
1,9,0,14,7,14.5,36.45,9
4,9,24,8,29,27.739000000000114,57.678500000000035,2
6,2,43,0,19,27.739000000000114,57.678500000000035,2
3,17,30,21,22,9.5,37.875,8
4,9,14,9,39,27.739000000000114,57.678500000000035,2
3,17,36,21,1,9.5,37.875,8
3,17,19,21,35,9.5,37.875,8
4,9,10,9,26,27.739000000000114,57.678500000000035,2
4,9,8,9,21,27.739000000000114,57.678500000000035,2
1,10,0,14,26,14.5,36.45,9
3,17,42,21,33,9.5,37.875,8
1,10,0,14,2,14.5,36.45,9
1,10,0,14,17,15.64,36.45,9
3,17,11,21,18,9.5,37.875,8
1,10,0,14,9,15.64,36.45,9
4,9,8,9,24,27.739000000000114,57.678500000000035,2
3,17,13,21,27,9.5,37.875,8
4,9,16,9,34,27.739000000000114,57.678500000000035,2
1,10,0,14,6,15.64,36.45,9
3,17,25,21,39,9.5,37.875,8
5,0,46,0,40,24.729000000000113,53.79625000000006,1
2,1,54,24,20,15.64,36.45,9
1,10,0,14,34,15.64,36.45,9
4,9,21,9,32,27.739000000000114,57.678500000000035,2
4,9,27,9,55,27.739000000000114,57.678500000000035,2
3,17,17,21,0,9.5,37.875,8
4,9,14,9,41,27.739000000000114,57.678500000000035,2
3,17,53,21,34,9.5,37.875,8
4,9,9,9,0,27.739000000000114,57.678500000000035,2
4,9,41,9,49,27.739000000000114,57.678500000000035,2
4,9,5,9,43,27.739000000000114,57.678500000000035,2
4,9,24,9,11,27.739000000000114,57.678500000000035,2
1,10,0,14,12,15.64,36.45,9
4,9,10,9,4,27.739000000000114,57.678500000000035,2
4,9,8,9,9,27.739000000000114,57.678500000000035,2
1,10,0,14,20,15.64,36.45,9
3,17,23,21,12,9.5,37.875,8
5,0,6,0,23,24.729000000000113,53.79625000000006,1
3,17,30,21,26,9.5,37.875,8
1,10,0,14,24,15.64,36.45,9
1,10,0,14,18,15.64,36.45,9
1,10,0,14,6,15.64,36.45,9
1,11,0,14,8,15.64,36.45,9
1,11,0,14,45,15.64,36.45,9
1,11,0,14,33,15.64,36.45,9
6,2,48,0,32,27.739000000000114,57.678500000000035,2
4,9,26,9,16,27.739000000000114,57.678500000000035,2
1,11,0,14,13,15.64,36.45,9
4,9,8,9,46,27.739000000000114,57.678500000000035,2
6,2,43,0,17,27.739000000000114,57.678500000000035,2
3,17,30,21,33,9.5,37.875,8
3,17,18,21,12,9.5,37.875,8
4,9,25,9,27,27.739000000000114,68.115,2
4,9,24,9,44,17.14,48.96,3
1,11,0,14,40,15.64,36.45,9
2,1,39,24,32,15.64,36.45,9
2,1,39,24,48,15.64,36.45,9
1,11,0,14,49,15.64,36.45,9
1,11,0,15,21,15.64,36.45,9
5,0,22,0,12,24.729000000000113,53.79625000000006,1
3,17,47,21,38,9.5,37.875,8
1,11,0,15,33,15.64,36.45,9
3,17,32,21,29,9.5,37.875,8
4,9,9,9,25,17.14,48.96,3
6,2,48,0,35,27.739000000000114,68.115,2
4,9,24,9,12,17.14,48.96,3
4,9,24,9,28,17.14,48.96,3
3,17,20,21,18,9.5,37.875,8
3,17,18,21,0,9.5,37.875,8
5,0,4,0,25,24.729000000000113,53.79625000000006,1
2,1,38,24,38,15.64,36.45,9
4,9,25,9,4,17.14,48.96,3
7,0,59,1,32,17.14,48.96,3
1,11,0,15,32,15.64,36.45,9
3,17,23,21,18,9.5,37.875,8
4,9,8,9,36,17.14,48.96,3
4,9,15,9,57,17.14,48.96,3
4,9,16,10,18,17.14,48.96,3
4,10,24,10,24,17.14,48.96,3
3,17,11,21,36,9.5,37.875,8
4,10,16,10,12,17.14,48.96,3
1,11,0,15,18,15.64,37.875,9
1,11,0,15,2,15.64,37.875,9
4,10,33,10,17,17.14,48.96,3
6,2,44,0,18,27.739000000000114,68.115,2
1,11,0,16,12,15.64,37.875,9
1,11,0,16,18,15.64,37.875,9
4,10,5,10,43,17.14,48.96,3
1,11,0,16,12,15.64,37.875,9
1,11,0,16,15,15.64,37.875,9
4,10,12,10,32,17.14,48.96,3
3,17,20,22,6,10.5,37.875,8
1,11,0,16,1,15.64,37.875,9
3,17,19,22,26,10.5,37.875,8
3,17,28,22,0,10.5,37.875,8
4,10,27,10,12,17.14,48.96,3
5,0,27,0,29,24.729000000000113,53.79625000000006,1
4,10,10,10,24,17.14,48.96,3
5,0,6,0,31,24.729000000000113,53.79625000000006,1
5,0,22,0,37,27.739000000000114,53.79625000000006,1
3,17,19,22,16,10.5,37.875,8
3,17,36,22,8,10.5,37.875,8
4,10,21,10,17,17.14,48.96,3
4,10,10,10,12,17.14,48.96,3
4,10,12,10,2,17.14,48.96,3
4,10,37,10,31,17.14,48.96,3
1,11,0,16,46,15.64,37.875,9
1,11,0,16,4,15.64,37.875,9
1,11,0,16,10,15.64,37.875,9
3,17,20,22,35,10.5,37.875,8
3,17,28,22,20,10.5,39.315,8
3,17,13,22,29,10.5,39.315,8
4,10,16,10,9,17.14,48.96,3
4,10,35,10,6,17.14,48.96,3
4,10,10,10,10,17.14,48.96,3
1,11,0,17,0,15.64,37.875,9
3,17,19,22,20,10.5,39.315,8
4,10,25,10,6,17.14,48.96,3
4,10,12,10,26,17.14,48.96,3
1,11,0,17,12,15.64,37.875,9
4,10,12,10,5,17.14,48.96,3
5,0,6,0,29,27.739000000000114,53.79625000000006,1
1,11,0,17,21,15.64,37.875,9
4,10,19,10,28,17.14,51.03275000000002,3
4,10,14,10,10,17.14,51.03275000000002,3
1,11,0,17,26,15.64,37.875,9
1,11,0,17,24,15.64,37.875,9
6,2,40,0,40,27.739000000000114,68.115,2
3,17,42,22,12,10.5,39.315,8
4,10,21,10,2,17.14,51.03275000000002,3
1,11,0,18,0,15.64,37.875,9
1,11,0,18,38,15.64,37.875,9
4,10,25,10,24,17.14,51.03275000000002,3
1,11,0,18,23,15.64,37.875,9
6,2,43,0,26,27.739000000000114,68.115,2
5,0,22,0,21,27.739000000000114,53.79625000000006,1
4,10,14,10,41,17.14,51.03275000000002,3
1,11,0,18,10,15.64,37.875,9
1,11,0,18,18,15.64,37.875,9
1,11,0,18,30,17.14,37.875,9
6,4,48,0,53,27.739000000000114,68.115,2
5,0,27,0,16,27.739000000000114,53.79625000000006,1
1,11,0,18,13,17.14,37.875,9
4,10,24,10,12,17.14,51.03275000000002,3
1,11,0,18,22,17.14,37.875,9
5,0,27,0,25,27.739000000000114,53.79625000000006,1
1,11,0,18,35,17.14,37.875,9
1,11,0,19,37,17.14,37.875,9
3,17,23,22,11,10.5,39.315,8
2,1,54,24,36,17.14,37.875,9
3,17,18,22,38,10.5,39.315,8
1,12,0,19,53,17.14,37.875,9
4,10,10,10,20,18.55,51.03275000000002,3
6,4,39,0,7,27.739000000000114,68.115,2
1,12,0,19,24,17.14,37.875,9
3,17,13,22,14,10.5,39.315,8
3,17,23,22,11,10.5,39.315,8
4,10,37,10,8,18.55,51.03275000000002,3
6,4,43,0,0,27.739000000000114,68.115,2
6,4,48,0,28,27.739000000000114,68.115,2
6,4,40,0,39,27.739000000000114,68.115,2
1,12,0,19,23,17.14,37.875,9
1,12,0,19,10,17.14,37.875,9
1,12,0,19,5,17.14,37.875,9
4,10,8,10,6,18.55,51.03275000000002,3
1,12,0,19,21,17.14,37.875,9
3,17,36,22,21,10.5,39.315,8
3,17,32,22,14,10.5,39.315,8
1,12,0,19,15,17.14,37.875,9
4,10,21,10,23,18.55,51.03275000000002,3
1,12,0,19,30,17.14,37.875,9
4,10,31,10,17,18.55,51.03275000000002,3
5,0,6,0,12,27.739000000000114,53.79625000000006,1
3,17,42,22,0,10.5,39.315,8
4,10,24,10,24,18.55,51.03275000000002,3
4,10,19,10,10,18.55,51.03275000000002,3
4,10,8,10,19,18.55,51.03275000000002,3
1,12,0,20,23,17.14,37.875,9
4,10,7,10,31,18.55,51.03275000000002,3
4,10,8,10,13,18.55,51.03275000000002,3
4,10,31,10,26,18.55,51.03275000000002,3
4,10,37,10,26,18.55,51.03275000000002,3
6,4,43,0,33,27.739000000000114,68.115,2
2,1,54,24,1,17.14,37.875,9
5,0,27,0,25,27.739000000000114,53.79625000000006,1
4,10,8,10,57,18.55,51.03275000000002,3
1,12,0,20,12,17.14,37.875,9
4,10,29,10,47,18.55,51.03275000000002,3
3,17,18,22,35,10.5,39.315,8
3,17,18,22,35,10.5,39.315,8
1,12,0,20,0,17.14,37.875,9
5,0,22,0,21,27.739000000000114,53.79625000000006,1
1,12,0,20,18,12.35,29.652,10
3,17,32,22,12,10.5,39.315,8
1,12,0,20,11,12.35,29.652,10
1,12,0,21,25,12.35,29.652,10
1,12,0,21,30,12.35,29.652,10
5,0,22,0,9,27.739000000000114,53.79625000000006,1
4,10,35,10,28,18.55,51.03275000000002,3
1,12,0,21,12,12.35,29.652,10
4,10,7,10,38,18.55,51.03275000000002,3
6,4,43,0,24,27.739000000000114,68.115,2
4,10,35,10,23,18.55,51.03275000000002,3
3,17,28,22,27,10.5,39.315,8
4,10,24,10,24,18.55,51.03275000000002,3
1,12,0,21,22,12.35,31.717000000000002,10
4,10,16,10,9,18.55,51.03275000000002,3
4,10,31,10,9,18.55,51.03275000000002,3
5,0,14,0,20,27.739000000000114,53.79625000000006,1
1,12,0,21,12,12.35,31.717000000000002,10
4,10,16,11,8,18.55,51.03275000000002,3
5,0,27,0,50,27.739000000000114,53.79625000000006,1
1,13,0,21,16,12.35,31.717000000000002,10
3,17,18,22,14,10.5,39.315,8
4,10,8,11,26,18.55,51.03275000000002,3
1,13,0,21,45,12.35,31.717000000000002,10
3,17,20,22,21,10.5,39.315,8
4,10,37,11,17,18.55,51.03275000000002,3
4,10,5,11,8,18.55,51.03275000000002,3
6,4,48,0,30,27.739000000000114,68.115,2
1,13,0,21,30,12.35,31.717000000000002,10
1,13,0,21,32,12.35,31.717000000000002,10
4,10,8,11,27,18.55,51.03275000000002,3
4,11,7,11,22,18.55,51.03275000000002,3
1,14,0,21,27,12.35,31.717000000000002,10
1,14,0,21,38,12.35,31.717000000000002,10
1,15,0,21,8,12.35,31.717000000000002,10
4,11,16,11,9,18.55,51.03275000000002,3
1,15,0,21,13,12.35,31.717000000000002,10
1,15,0,21,46,13.5,31.717000000000002,10
1,15,0,21,28,13.5,31.717000000000002,10
3,17,20,22,26,10.5,39.315,8
1,15,0,21,10,13.5,31.717000000000002,10
5,0,46,0,6,27.739000000000114,53.79625000000006,1
4,11,25,11,0,18.55,51.03275000000002,3
5,0,14,0,53,27.739000000000114,53.79625000000006,1
1,15,0,21,16,14.5,31.717000000000002,10
4,11,26,11,1,18.55,51.03275000000002,3
3,17,23,22,-2,10.5,39.315,8
3,17,13,22,33,10.5,39.315,8
5,0,33,0,43,27.739000000000114,53.79625000000006,1
5,0,27,0,22,27.739000000000114,53.79625000000006,1
1,15,0,21,36,14.5,31.717000000000002,10
3,17,38,22,21,11.35,39.315,8
4,11,19,11,13,18.55,51.03275000000002,3
5,0,33,0,40,27.739000000000114,53.79625000000006,1
4,11,42,11,26,18.55,51.03275000000002,3
4,11,10,11,42,18.55,51.03275000000002,3
1,15,0,21,8,14.5,31.717000000000002,10
3,17,17,22,23,11.35,39.315,8
3,17,38,22,32,11.35,39.315,8
3,17,47,22,7,11.35,39.315,8
5,0,6,0,32,27.739000000000114,53.79625000000006,1
1,15,0,21,20,14.5,31.717000000000002,10
1,15,0,21,35,14.5,31.717000000000002,10
4,11,37,11,-2,18.55,51.03275000000002,3
1,15,0,21,16,14.5,31.717000000000002,10
3,17,23,22,21,11.35,39.315,8
4,11,10,11,22,19.86,51.03275000000002,3
3,17,53,22,-2,11.35,39.315,8
4,11,12,11,-2,19.86,51.03275000000002,3
3,17,38,22,28,11.35,39.315,8
3,17,36,22,40,11.35,39.315,8
5,0,46,0,18,27.739000000000114,53.79625000000006,1
5,0,6,0,5,27.739000000000114,53.79625000000006,1
4,11,7,11,34,19.86,51.03275000000002,3
5,0,27,0,11,27.739000000000114,53.79625000000006,1
1,15,0,21,45,14.5,31.717000000000002,10
3,18,28,22,17,11.35,39.315,8
1,16,0,22,43,14.5,31.717000000000002,10
4,11,16,11,38,19.86,51.03275000000002,3
4,11,9,11,13,19.86,51.03275000000002,3
4,11,31,11,41,19.86,51.03275000000002,3
6,5,43,0,0,27.739000000000114,68.115,2
3,18,28,22,21,11.35,39.315,8
5,0,33,0,26,27.739000000000114,53.79625000000006,1
3,18,13,22,31,11.35,39.315,8
1,16,0,22,18,14.5,31.717000000000002,10
3,18,47,22,35,11.35,39.315,8
3,18,17,22,28,11.35,39.315,8
1,16,0,23,21,14.5,33.370000000000005,10
1,17,0,23,23,14.5,33.370000000000005,10
3,18,20,22,31,11.35,40.67,8
3,18,20,22,18,11.35,40.67,8
4,11,7,11,23,19.86,51.03275000000002,3
1,18,0,23,29,14.5,33.370000000000005,10
4,11,10,11,24,19.86,51.03275000000002,3
3,18,18,22,31,11.35,40.67,8
1,19,0,23,19,14.5,33.370000000000005,10
4,11,24,11,0,19.86,53.79625000000006,3
4,11,16,11,24,19.86,53.79625000000006,3
1,19,0,23,36,14.5,33.370000000000005,10
4,12,24,11,1,19.86,53.79625000000006,3
4,12,11,11,11,19.86,53.79625000000006,3
4,12,21,11,42,19.86,53.79625000000006,3
5,0,22,0,14,27.739000000000114,53.79625000000006,1
3,18,18,22,13,11.35,40.67,8
3,18,20,22,20,11.35,40.67,8
4,12,21,11,22,19.86,53.79625000000006,3
4,12,25,11,20,19.86,53.79625000000006,3
4,12,10,11,42,19.86,53.79625000000006,3
4,12,24,11,52,19.86,53.79625000000006,3
5,0,4,0,12,27.739000000000114,53.79625000000006,1
5,0,22,0,40,27.739000000000114,53.79625000000006,1
3,18,30,22,23,11.35,40.67,8
1,19,0,23,26,14.5,33.370000000000005,10
1,19,0,23,0,14.5,33.370000000000005,10
5,0,4,0,18,27.739000000000114,53.79625000000006,1
4,12,8,11,16,19.86,53.79625000000006,3
4,12,24,11,29,19.86,53.79625000000006,3
1,19,0,23,13,14.5,33.370000000000005,10
5,0,6,0,45,27.739000000000114,53.79625000000006,1
4,12,23,11,42,19.86,53.79625000000006,3
4,12,25,11,52,19.86,53.79625000000006,3
3,18,34,22,32,11.35,40.67,8
4,12,12,12,-2,19.86,53.79625000000006,3
1,19,0,23,12,14.5,33.370000000000005,10
4,12,16,12,43,19.86,53.79625000000006,3
1,20,0,23,22,14.5,33.370000000000005,10
4,12,19,12,14,19.86,53.79625000000006,3
1,20,0,23,20,14.5,33.370000000000005,10
4,12,7,12,26,19.86,53.79625000000006,3
4,12,21,12,12,19.86,53.79625000000006,3
4,12,24,12,32,19.86,53.79625000000006,3
3,18,18,22,8,11.35,40.67,8
4,12,41,12,20,19.86,53.79625000000006,3
1,20,0,23,2,14.5,33.370000000000005,10
4,12,16,12,6,19.86,53.79625000000006,3
3,18,20,23,16,11.35,40.67,8
4,12,16,12,37,19.86,53.79625000000006,3
4,12,19,12,4,19.86,53.79625000000006,3
1,20,0,23,33,14.5,33.370000000000005,10
4,12,16,12,23,19.86,53.79625000000006,3
3,18,17,23,31,11.35,40.67,8
1,20,0,23,6,14.5,33.370000000000005,10
4,12,24,12,21,19.86,53.79625000000006,3
4,12,15,12,32,19.86,53.79625000000006,3
3,19,20,23,51,11.35,40.67,8
1,20,0,23,37,14.5,33.370000000000005,10
4,12,11,12,32,19.86,53.79625000000006,3
4,12,19,12,32,19.86,53.79625000000006,3
5,0,6,0,38,27.739000000000114,53.79625000000006,1
1,20,0,23,21,15.64,33.370000000000005,10
2,1,54,24,57,17.14,37.875,9
1,20,0,23,24,15.64,33.370000000000005,10
1,20,0,23,17,15.64,33.370000000000005,10
4,12,7,12,7,19.86,53.79625000000006,3
1,20,0,23,18,15.64,33.370000000000005,10
1,20,0,23,21,15.64,33.370000000000005,10
5,0,6,0,5,27.739000000000114,57.678500000000035,1
4,12,24,12,37,19.86,53.79625000000006,3
1,20,0,23,25,15.64,33.370000000000005,10
1,20,0,23,32,15.64,33.370000000000005,10
1,20,0,23,31,15.64,33.370000000000005,10
3,19,32,23,23,11.35,40.67,8
1,20,0,23,16,15.64,33.370000000000005,10
3,19,38,23,30,11.35,40.67,8
4,12,24,12,43,19.86,53.79625000000006,3
4,12,12,12,36,19.86,53.79625000000006,3
3,19,30,23,35,11.35,40.67,8
4,12,38,12,12,19.86,53.79625000000006,3
4,12,23,12,4,19.86,53.79625000000006,3
4,12,25,12,0,19.86,53.79625000000006,3
3,19,17,23,48,11.35,40.67,8
5,0,27,0,53,27.739000000000114,57.678500000000035,1
4,12,19,12,11,19.86,53.79625000000006,3
1,20,0,23,2,15.64,33.370000000000005,10
7,0,59,1,11,19.86,53.79625000000006,3
6,5,40,0,14,27.739000000000114,68.115,2
1,20,0,23,40,15.64,33.370000000000005,10
4,12,15,12,10,19.86,53.79625000000006,3
4,12,35,12,46,19.86,53.79625000000006,3
3,19,28,23,27,11.35,40.67,8
3,19,36,23,20,11.35,40.67,8
1,20,0,23,12,15.64,33.370000000000005,10
5,0,60,0,28,27.739000000000114,57.678500000000035,1
4,12,8,12,18,19.86,53.79625000000006,3
5,0,22,0,0,27.739000000000114,57.678500000000035,1
3,19,32,23,47,11.35,40.67,8
1,20,0,23,0,15.64,33.370000000000005,10
3,19,17,23,9,11.35,40.67,8
4,12,5,12,14,19.86,53.79625000000006,3
3,19,18,23,37,11.35,40.67,8
1,22,0,23,42,15.64,34.980000000000004,10
1,22,0,23,12,15.64,34.980000000000004,10
4,12,9,12,52,19.86,53.79625000000006,3
1,22,0,23,22,15.64,34.980000000000004,10
3,19,32,23,24,11.35,40.67,8
1,22,0,23,31,15.64,34.980000000000004,10
3,19,18,23,27,11.35,40.67,8
4,12,10,12,40,19.86,53.79625000000006,3
4,12,19,12,46,19.86,53.79625000000006,3
4,12,11,12,27,19.86,53.79625000000006,3
4,12,7,12,1,19.86,53.79625000000006,3
1,22,0,23,13,15.64,34.980000000000004,10
1,22,0,24,2,15.64,34.980000000000004,10
1,22,0,24,13,17.14,34.980000000000004,10
1,22,0,24,24,17.14,34.980000000000004,10
3,19,32,23,48,11.35,40.67,8
6,5,48,0,8,27.739000000000114,68.115,2
4,12,11,12,24,19.86,53.79625000000006,3
3,19,18,23,57,11.35,41.94,8
4,12,5,12,25,19.86,53.79625000000006,3
3,19,36,23,26,11.35,41.94,8
3,19,17,23,35,11.35,41.94,8
1,22,0,24,0,17.14,34.980000000000004,10
4,13,26,12,32,19.86,53.79625000000006,3
1,22,0,24,16,17.14,34.980000000000004,10
4,13,45,12,19,19.86,53.79625000000006,3
3,21,13,23,13,17.14,37.875,9
5,0,21,0,21,27.739000000000114,57.678500000000035,1
3,21,34,24,22,17.14,37.875,9
5,0,27,0,0,27.739000000000114,57.678500000000035,1
1,22,0,24,37,17.14,34.980000000000004,10
4,13,16,12,39,19.86,53.79625000000006,3
1,22,0,24,32,17.14,34.980000000000004,10
1,22,0,24,2,17.14,34.980000000000004,10
5,0,4,0,28,27.739000000000114,57.678500000000035,1
4,13,9,12,6,19.86,53.79625000000006,3
4,13,24,12,18,19.86,53.79625000000006,3
4,13,19,12,14,19.86,53.79625000000006,3
6,5,40,0,26,27.739000000000114,68.115,2
4,13,26,12,37,19.86,53.79625000000006,3
3,21,30,24,35,17.14,37.875,9
1,22,0,24,20,17.14,34.980000000000004,10
1,22,0,24,11,17.14,34.980000000000004,10
3,21,18,24,57,17.14,37.875,9
4,13,11,12,14,19.86,53.79625000000006,3
1,22,0,24,10,17.14,34.980000000000004,10
3,21,53,24,17,17.14,37.875,9
4,13,8,12,24,19.86,53.79625000000006,3
4,13,12,12,9,19.86,53.79625000000006,3
5,0,21,0,25,27.739000000000114,57.678500000000035,1
4,13,45,12,33,19.86,53.79625000000006,3
5,0,5,0,39,27.739000000000114,57.678500000000035,1
1,22,0,24,12,17.14,34.980000000000004,10
4,13,10,12,0,19.86,53.79625000000006,3
4,13,10,12,33,19.86,53.79625000000006,3
5,0,21,0,37,27.739000000000114,57.678500000000035,1
4,13,24,12,17,19.86,53.79625000000006,3
3,21,20,24,33,17.14,37.875,9
1,23,0,24,47,17.14,34.980000000000004,10
1,23,0,24,32,17.14,34.980000000000004,10
3,21,20,24,14,17.14,37.875,9
1,23,0,24,29,17.14,34.980000000000004,10
4,13,16,12,33,19.86,53.79625000000006,3
4,13,19,12,33,19.86,53.79625000000006,3
5,0,6,0,39,27.739000000000114,57.678500000000035,1
1,23,0,24,38,17.14,34.980000000000004,10
4,13,25,13,0,19.86,53.79625000000006,3
5,0,6,0,6,27.739000000000114,57.678500000000035,1
1,23,0,24,24,17.14,34.980000000000004,10
1,23,0,25,26,17.14,34.980000000000004,10
4,13,37,13,0,21.310000000000002,53.79625000000006,3
1,23,0,25,10,17.14,34.980000000000004,10
1,23,0,25,0,17.14,34.980000000000004,10
4,13,7,13,27,21.310000000000002,53.79625000000006,3
1,23,0,25,14,17.14,34.980000000000004,10
3,21,20,24,42,17.14,39.315,9
4,13,11,13,24,21.310000000000002,53.79625000000006,3
1,23,0,25,37,17.14,34.980000000000004,10
4,13,15,13,19,21.310000000000002,53.79625000000006,3
3,23,32,24,12,17.14,39.315,9
4,13,17,13,33,21.310000000000002,53.79625000000006,3
1,24,0,25,38,17.14,34.980000000000004,10
3,23,34,24,22,17.14,39.315,9
1,24,0,25,35,17.14,36.45,10
4,13,7,13,26,21.310000000000002,53.79625000000006,3
3,23,20,24,22,17.14,39.315,9
3,23,47,24,10,17.14,39.315,9
1,24,0,25,7,18.55,36.45,10
1,24,0,25,30,18.55,36.45,10
1,24,0,30,2,18.55,36.45,10
1,24,0,30,1,18.55,36.45,10
1,24,0,30,37,18.55,36.45,10
4,13,12,13,1,21.310000000000002,53.79625000000006,3
3,23,20,24,57,17.14,39.315,9
4,13,30,13,22,21.310000000000002,53.79625000000006,3
5,0,6,0,30,27.739000000000114,57.678500000000035,1
1,24,0,30,15,18.55,36.45,10
3,23,32,24,1,17.14,39.315,9
5,0,6,0,31,27.739000000000114,57.678500000000035,1
5,1,5,0,26,27.739000000000114,57.678500000000035,1
4,13,8,13,17,21.310000000000002,53.79625000000006,3
4,13,7,13,33,21.310000000000002,53.79625000000006,3
1,24,0,30,1,18.55,36.45,10
1,24,0,30,10,18.55,36.45,10
5,1,6,0,2,27.739000000000114,57.678500000000035,1
1,24,0,30,14,18.55,36.45,10
5,1,14,0,8,27.739000000000114,57.678500000000035,1
4,13,12,13,12,21.310000000000002,53.79625000000006,3
4,13,30,13,0,21.310000000000002,53.79625000000006,3
1,24,0,30,10,18.55,36.45,10
1,24,0,30,28,18.55,36.45,10
1,24,0,32,0,18.55,36.45,10
3,23,28,24,43,17.14,39.315,9
5,1,14,0,21,27.739000000000114,57.678500000000035,1
1,25,0,32,19,18.55,36.45,10
4,13,12,13,47,21.310000000000002,53.79625000000006,3
4,13,31,13,58,21.310000000000002,53.79625000000006,3
4,13,31,13,14,21.310000000000002,53.79625000000006,3
3,23,13,24,16,17.14,39.315,9
4,13,16,13,51,21.310000000000002,53.79625000000006,3
4,13,26,13,31,21.310000000000002,53.79625000000006,3
1,25,0,32,21,18.55,36.45,10
4,13,10,13,9,21.310000000000002,53.79625000000006,3
1,25,0,32,28,18.55,36.45,10
4,13,17,13,11,21.310000000000002,53.79625000000006,3
6,5,24,0,22,27.739000000000114,68.115,2
4,13,7,13,6,21.310000000000002,53.79625000000006,3
4,13,29,13,8,21.310000000000002,53.79625000000006,3
6,5,24,0,17,27.739000000000114,68.115,2
4,13,30,13,41,21.310000000000002,53.79625000000006,3
3,23,20,24,7,17.14,39.315,9
4,13,38,13,25,21.310000000000002,53.79625000000006,3
4,13,7,13,0,21.310000000000002,53.79625000000006,3
4,13,9,13,16,21.310000000000002,53.79625000000006,3
4,13,7,13,10,21.310000000000002,53.79625000000006,3
5,1,34,0,37,27.739000000000114,57.678500000000035,1
4,13,30,13,26,21.310000000000002,53.79625000000006,3
1,25,0,35,5,18.55,36.45,10
1,25,0,35,24,18.55,36.45,10
5,1,14,0,14,40.36,57.678500000000035,1
6,5,43,0,18,27.739000000000114,68.115,2
4,13,25,13,2,21.310000000000002,53.79625000000006,3
1,26,0,36,10,18.55,36.45,10
1,28,0,36,8,18.55,36.45,10
1,28,0,36,49,18.55,36.45,10
4,13,10,13,14,21.310000000000002,53.79625000000006,3
1,28,0,36,19,18.55,36.45,10
1,28,0,40,9,18.55,36.45,10
4,13,9,13,-2,21.310000000000002,53.79625000000006,3
4,13,16,13,43,21.310000000000002,53.79625000000006,3
3,25,13,24,0,17.14,39.315,9
1,28,0,40,32,18.55,36.45,10
4,13,10,13,7,21.310000000000002,53.79625000000006,3
4,13,35,13,54,21.310000000000002,53.79625000000006,3
4,13,12,13,23,21.310000000000002,53.79625000000006,3
5,1,34,0,40,40.36,57.678500000000035,1
4,13,37,13,9,21.310000000000002,53.79625000000006,3
4,13,12,13,33,21.310000000000002,53.79625000000006,3
4,13,16,13,32,21.310000000000002,53.79625000000006,3
5,1,34,0,10,40.36,57.678500000000035,1
4,14,45,13,42,21.310000000000002,53.79625000000006,3
4,14,16,13,43,21.310000000000002,53.79625000000006,3
1,28,0,40,4,18.55,36.45,10
1,28,0,40,34,18.55,36.45,10
4,14,8,13,18,21.310000000000002,53.79625000000006,3
5,1,6,0,33,40.36,57.678500000000035,1
1,28,0,40,12,18.55,36.45,10
1,28,0,40,14,18.55,36.45,10
5,1,5,0,35,40.36,57.678500000000035,1
1,28,0,40,31,18.55,36.45,10
5,1,34,0,29,40.36,57.678500000000035,1
5,1,21,0,34,40.36,57.678500000000035,1
5,1,14,0,36,40.36,57.678500000000035,1
4,14,26,13,52,21.310000000000002,53.79625000000006,3
5,1,14,0,15,40.36,57.678500000000035,1
5,1,14,0,24,40.36,57.678500000000035,1
1,28,0,40,14,18.55,36.45,10
1,28,0,40,11,18.55,37.875,10
4,14,8,13,46,21.310000000000002,53.79625000000006,3
1,34,0,40,6,18.55,37.875,10
4,14,41,13,34,21.310000000000002,53.79625000000006,3
1,34,0,40,22,18.55,37.875,10
3,25,13,24,40,17.14,39.315,9
1,34,0,40,0,18.55,37.875,10
5,1,14,0,28,40.36,57.678500000000035,1
1,36,0,40,8,18.55,37.875,10
5,1,33,0,-2,40.36,57.678500000000035,1
5,1,21,0,48,40.36,57.678500000000035,1
1,36,0,46,26,18.55,37.875,10
5,1,9,0,8,40.36,57.678500000000035,1
1,36,0,46,36,18.55,37.875,10
4,14,10,13,33,21.310000000000002,53.79625000000006,3
1,36,0,46,12,18.55,37.875,10
1,36,0,46,26,18.55,37.875,10
1,36,0,46,24,18.55,37.875,10
4,14,7,14,26,21.310000000000002,53.79625000000006,3
5,1,33,0,24,40.36,57.678500000000035,1
3,25,20,24,8,17.14,39.315,9
3,25,28,24,49,17.14,39.315,9
4,14,29,14,7,23.0,53.79625000000006,3
4,14,19,14,17,23.0,53.79625000000006,3
3,25,20,24,0,17.14,39.315,9
3,25,28,24,25,17.14,39.315,9
1,36,0,46,28,18.55,37.875,10
3,25,18,25,21,17.14,39.315,9
3,25,20,25,0,17.14,39.315,9
3,25,47,25,32,17.14,39.315,9
5,1,33,0,35,27.739000000000114,68.115,2
1,38,0,46,38,18.55,37.875,10
1,38,0,46,12,18.55,37.875,10
6,5,40,0,38,27.739000000000114,68.115,2
5,1,6,0,1,27.739000000000114,68.115,2
4,14,8,14,0,23.0,53.79625000000006,3
4,14,31,14,24,18.55,41.94,4
2,1,0,24,18,17.14,39.315,9
2,1,0,24,47,17.14,39.315,9
4,14,19,14,46,18.55,41.94,4
2,2,0,24,22,17.14,39.315,9
2,2,0,24,31,17.14,39.315,9
7,0,44,1,9,23.0,53.79625000000006,3
3,25,49,25,30,17.14,39.315,9
6,6,39,0,31,27.739000000000114,68.115,2
4,14,23,14,37,18.55,41.94,4
2,2,0,24,30,17.14,39.315,9
5,1,14,0,13,27.739000000000114,68.115,2
4,14,23,14,0,18.55,41.94,4
5,1,22,0,36,27.739000000000114,68.115,2
4,14,16,14,8,18.55,41.94,4
4,14,10,14,18,18.55,41.94,4
6,6,27,0,14,27.739000000000114,68.115,2
6,6,6,0,19,27.739000000000114,68.115,2
4,14,35,14,21,18.55,41.94,4
3,25,18,25,47,17.14,39.315,9
2,2,0,24,57,17.14,39.315,9
6,6,6,0,21,27.739000000000114,68.115,2
3,25,20,25,0,17.14,39.315,9
5,1,9,0,21,40.36,68.115,2
5,1,14,0,29,40.36,68.115,2
4,14,8,14,38,18.55,43.345,4
3,25,49,25,0,17.14,39.315,9
2,2,0,24,14,17.14,39.315,9
2,2,0,24,6,17.14,39.315,9
3,25,47,25,13,17.14,39.315,9
2,2,0,24,9,17.14,39.315,9
4,14,15,14,7,18.55,43.345,4
2,2,0,24,0,17.14,39.315,9
3,25,20,25,35,17.14,39.315,9
2,2,0,24,21,17.14,39.315,9
4,14,29,14,14,18.55,43.345,4
2,2,0,24,7,17.14,39.315,9
2,2,0,24,14,17.14,39.315,9
3,25,36,25,16,17.14,39.315,9
4,14,26,14,39,18.55,43.345,4
2,2,0,24,23,17.14,39.315,9
5,1,37,0,55,40.36,68.115,2
3,25,13,25,12,17.14,39.315,9
2,2,0,24,19,17.14,39.315,9
3,25,36,25,40,17.14,39.315,9
5,1,37,0,40,40.36,68.115,2
3,25,18,25,23,17.14,39.315,9
2,2,0,24,51,17.14,39.315,9
5,1,22,0,13,40.36,68.115,2
4,14,26,14,23,18.55,43.345,4
4,14,30,14,11,18.55,43.345,4
5,1,21,0,5,40.36,68.115,2
2,2,0,24,21,17.14,39.315,9
2,2,0,24,16,17.14,39.315,9
4,14,25,14,9,18.55,43.345,4
4,14,17,14,6,18.55,43.345,4
2,2,0,24,35,17.14,39.315,9
4,14,17,14,1,18.55,43.345,4
5,1,37,0,58,40.36,68.115,2
2,2,0,24,8,17.14,39.315,9
2,2,0,24,36,17.14,39.315,9
4,14,17,14,0,18.55,43.345,4
4,14,26,14,20,18.55,43.345,4
2,2,0,24,10,18.55,40.67,9
4,14,7,14,17,18.55,43.345,4
4,14,35,14,6,18.55,43.345,4
4,14,12,14,10,18.55,43.345,4
3,29,18,25,14,18.55,40.67,9
4,14,7,14,45,18.55,43.345,4
4,14,8,14,28,18.55,43.345,4
2,2,0,24,19,18.55,40.67,9
4,14,19,14,18,18.55,43.345,4
4,14,12,14,20,18.55,43.345,4
5,1,22,0,20,40.36,68.115,2
4,14,29,14,27,18.55,43.345,4
2,2,0,24,5,18.55,40.67,9
2,2,0,24,8,18.55,40.67,9
5,1,37,1,14,40.36,68.115,2
3,29,18,25,32,18.55,40.67,9
4,14,23,14,29,18.55,43.345,4
2,2,0,24,20,18.55,40.67,9
4,14,19,14,31,18.55,43.345,4
5,2,26,1,33,40.36,68.115,2
2,2,0,24,34,18.55,40.67,9
5,2,33,1,41,40.36,68.115,2
4,14,30,14,45,18.55,43.345,4
4,14,17,14,22,18.55,45.235,4
4,14,25,14,9,18.55,45.235,4
2,2,0,24,32,18.55,40.67,9
4,14,17,14,11,18.55,45.235,4
2,2,0,24,9,18.55,40.67,9
2,2,0,24,26,18.55,40.67,9
5,2,28,1,24,40.36,68.115,2
2,2,0,24,28,18.55,40.67,9
4,14,16,14,24,18.55,45.235,4
2,2,0,24,12,18.55,40.67,9
4,14,17,14,31,18.55,45.235,4
2,2,0,24,0,18.55,40.67,9
5,2,26,1,20,40.36,68.115,2
2,2,0,24,24,18.55,40.67,9
4,14,23,14,10,19.86,45.235,4
2,2,0,24,32,18.55,40.67,9
4,14,25,14,30,19.86,45.235,4
4,14,8,14,28,19.86,45.235,4
5,2,14,1,18,40.36,68.115,2
2,2,0,24,18,18.55,40.67,9
2,2,0,24,13,18.55,40.67,9
4,14,35,14,35,19.86,45.235,4
2,2,0,25,36,18.55,40.67,9
4,14,8,14,21,19.86,45.235,4
5,2,34,1,10,40.36,68.115,2
4,14,12,14,18,19.86,45.235,4
2,2,0,25,23,18.55,37.875,10
2,2,0,25,33,18.55,39.315,10
5,2,9,2,36,40.36,68.115,2
3,29,13,25,40,18.55,40.67,9
4,14,25,14,6,19.86,45.235,4
4,14,8,14,28,19.86,45.235,4
4,14,23,14,0,19.86,45.235,4
3,29,63,25,31,18.55,40.67,9
4,14,42,14,47,19.86,45.235,4
5,2,22,2,31,40.36,68.115,2
2,2,0,25,20,18.55,39.315,10
2,2,0,25,48,18.55,39.315,10
3,29,47,25,0,18.55,40.67,9
3,29,53,25,46,18.55,40.67,9
6,6,27,0,22,40.36,68.115,2
4,14,19,14,5,19.86,45.235,4
4,14,23,14,7,19.86,45.235,4
4,14,12,14,21,19.86,47.21,4
4,14,19,14,30,19.86,48.96,4
2,2,0,25,29,18.55,39.315,10
4,14,7,14,6,19.86,48.96,4
3,29,13,25,7,18.55,40.67,9
2,2,0,25,34,18.55,39.315,10
4,14,25,14,20,19.86,48.96,4
4,14,10,14,39,19.86,48.96,4
2,2,52,25,20,18.55,39.315,10
5,2,21,4,35,40.36,68.115,2
2,2,0,25,57,18.55,39.315,10
6,6,27,0,29,40.36,68.115,2
7,0,40,1,10,23.0,53.79625000000006,3
7,0,44,1,11,23.0,53.79625000000006,3
5,2,21,4,1,40.36,68.115,2
3,29,20,25,16,18.55,40.67,9
4,14,10,14,20,21.310000000000002,48.96,4
2,2,0,25,6,18.55,39.315,10
4,14,38,14,35,23.0,48.96,4
4,14,35,14,21,23.0,48.96,4
2,2,0,25,29,18.55,39.315,10
2,2,0,25,14,18.55,39.315,10
2,2,0,25,19,19.86,39.315,10
4,14,42,14,16,23.0,48.96,4
2,2,0,25,29,19.86,39.315,10
4,14,30,14,37,23.0,48.96,4
5,2,21,4,52,40.36,68.115,2
2,2,0,25,33,19.86,39.315,10
4,14,25,14,35,23.0,48.96,4
3,29,49,25,16,18.55,40.67,9
5,2,22,4,17,40.36,68.115,2
4,14,17,14,4,23.0,48.96,4
5,2,31,4,5,40.36,68.115,2
2,2,0,25,55,19.86,39.315,10
4,14,8,14,27,23.0,48.96,4
2,2,0,25,12,19.86,39.315,10
4,14,17,14,33,23.0,48.96,4
2,8,0,25,34,19.86,39.315,10
4,14,8,14,6,23.0,48.96,4
2,8,0,25,22,19.86,39.315,10
4,14,10,14,29,23.0,48.96,4
6,6,43,0,7,40.36,68.115,2
5,2,21,4,36,40.36,68.115,2
7,0,44,1,29,23.0,53.79625000000006,3
2,8,0,25,25,19.86,39.315,10
5,2,37,4,38,40.36,68.115,2
4,14,17,15,35,23.0,48.96,4
2,8,0,25,14,19.86,39.315,10
2,8,52,25,7,19.86,39.315,10
2,8,0,25,24,19.86,39.315,10
4,14,35,15,26,23.0,48.96,4
5,2,26,4,24,40.36,68.115,2
4,14,16,15,16,23.0,48.96,4
7,0,40,1,37,23.0,53.79625000000006,3
2,8,0,25,26,19.86,39.315,10
2,8,0,25,6,19.86,39.315,10
4,15,8,15,37,24.729000000000113,48.96,4
4,15,30,15,40,24.729000000000113,48.96,4
5,2,34,4,9,40.36,68.115,2
4,15,16,15,24,24.729000000000113,48.96,4
5,2,31,4,31,40.36,68.115,2
5,2,9,4,11,40.36,68.115,2
4,15,30,15,33,23.0,41.94,5
3,29,20,25,43,18.55,40.67,9
3,29,13,25,20,18.55,40.67,9
3,29,13,25,18,18.55,40.67,9
2,8,0,25,0,21.310000000000002,40.67,10
2,8,0,25,23,21.310000000000002,40.67,10
2,8,0,25,17,21.310000000000002,40.67,10
4,15,8,15,10,23.0,41.94,5
5,2,14,4,8,40.36,68.115,2
2,8,0,26,7,21.310000000000002,41.94,10
4,15,10,15,6,23.0,43.345,5
4,15,10,15,47,23.0,43.345,5
6,6,6,0,14,40.36,68.115,2
5,2,28,4,32,40.36,68.115,2
4,15,16,15,0,23.0,43.345,5
2,8,0,26,18,21.310000000000002,41.94,10
4,15,10,15,20,23.0,43.345,5
2,8,0,26,10,21.310000000000002,41.94,10
3,29,13,25,11,18.55,40.67,9
7,0,44,1,24,23.0,53.79625000000006,3
6,6,39,0,8,40.36,68.115,2
2,8,0,26,11,21.310000000000002,41.94,10
5,2,14,4,14,40.36,68.115,2
3,29,20,25,11,18.55,40.67,9
2,8,0,26,33,21.310000000000002,41.94,10
2,8,0,26,40,21.310000000000002,41.94,10
4,15,23,15,36,23.0,43.345,5
5,2,21,4,38,40.36,68.115,2
2,8,0,26,38,21.310000000000002,41.94,10
4,15,41,15,24,23.0,43.345,5
4,15,15,15,18,24.729000000000113,43.345,5
3,29,13,25,35,18.55,40.67,9
4,15,17,15,31,24.729000000000113,43.345,5
4,15,17,15,0,24.729000000000113,43.345,5
2,8,0,26,52,21.310000000000002,41.94,10
4,15,29,15,31,24.729000000000113,43.345,5
2,8,0,26,19,21.310000000000002,43.345,10
5,2,23,4,6,40.36,68.115,2
5,2,34,4,10,40.36,68.115,2
2,9,0,26,45,21.310000000000002,43.345,10
5,2,5,4,22,40.36,68.115,2
4,15,19,15,42,24.729000000000113,43.345,5
2,9,0,26,32,21.310000000000002,43.345,10
4,15,12,15,25,24.729000000000113,43.345,5
3,29,20,25,28,18.55,40.67,9
5,2,45,4,14,40.36,68.115,2
7,0,44,1,20,23.0,53.79625000000006,3
5,2,33,4,10,40.36,68.115,2
4,15,19,15,8,24.729000000000113,43.345,5
2,9,0,26,24,21.310000000000002,43.345,10
3,29,18,25,7,18.55,40.67,9
4,15,16,15,12,24.729000000000113,43.345,5
6,6,48,0,31,23.0,53.79625000000006,3
5,2,22,4,22,40.36,68.115,2
4,15,8,15,32,24.729000000000113,43.345,5
6,6,24,0,43,23.0,53.79625000000006,3
3,29,47,25,12,19.86,40.67,9
2,9,0,26,8,21.310000000000002,43.345,10
4,16,16,15,25,24.729000000000113,43.345,5
2,9,0,26,11,21.310000000000002,43.345,10
4,16,15,15,23,24.729000000000113,43.345,5
2,10,0,26,15,21.310000000000002,43.345,10
4,16,8,15,11,24.729000000000113,43.345,5
4,16,16,15,32,24.729000000000113,43.345,5
4,16,12,15,22,24.729000000000113,43.345,5
2,10,0,26,17,21.310000000000002,43.345,10
4,16,12,15,43,24.729000000000113,43.345,5
6,6,39,0,15,23.0,53.79625000000006,3
6,6,6,0,14,23.0,53.79625000000006,3
5,2,22,4,11,40.36,68.115,2
3,29,63,25,11,19.86,40.67,9
5,2,5,4,23,40.36,68.115,2
4,16,19,15,21,24.729000000000113,43.345,5
4,16,11,15,10,24.729000000000113,43.345,5
4,16,35,15,34,24.729000000000113,43.345,5
4,16,7,15,12,24.729000000000113,43.345,5
4,16,10,15,20,24.729000000000113,43.345,5
2,10,52,26,22,21.310000000000002,43.345,10
6,6,24,0,5,23.0,57.678500000000035,3
2,10,0,26,7,21.310000000000002,43.345,10
4,16,8,15,15,24.729000000000113,43.345,5
4,16,12,15,18,24.729000000000113,43.345,5
3,29,36,25,10,19.86,40.67,9
5,2,31,4,40,40.36,68.115,2
6,6,39,0,25,23.0,57.678500000000035,3
2,10,0,26,31,21.310000000000002,43.345,10
5,2,34,4,7,40.36,68.115,2
4,16,10,16,0,24.729000000000113,43.345,5
4,16,30,16,22,24.729000000000113,43.345,5
4,16,8,16,8,24.729000000000113,43.345,5
5,2,21,4,22,40.36,68.115,2
4,16,12,16,24,24.729000000000113,43.345,5
4,16,19,16,19,24.729000000000113,43.345,5
4,16,11,16,41,24.729000000000113,43.345,5
2,10,0,26,14,21.310000000000002,43.345,10
3,29,18,25,5,19.86,40.67,9
2,10,0,26,22,21.310000000000002,43.345,10
6,6,27,0,0,23.0,57.678500000000035,3
2,10,0,26,41,21.310000000000002,43.345,10
4,16,16,16,22,24.729000000000113,43.345,5
2,10,0,26,29,21.310000000000002,43.345,10
3,29,47,25,28,19.86,40.67,9
2,10,0,26,29,21.310000000000002,43.345,10
3,29,13,26,30,19.86,40.67,9
4,16,10,16,18,24.729000000000113,43.345,5
4,16,15,16,30,24.729000000000113,45.235,5
5,2,23,4,32,40.36,68.115,2
3,29,53,26,55,19.86,40.67,9
4,16,7,16,21,24.729000000000113,45.235,5
2,10,0,26,21,21.310000000000002,43.345,10
4,16,7,16,0,24.729000000000113,45.235,5
7,0,40,1,58,23.0,57.678500000000035,3
5,2,23,4,20,40.36,68.115,2
2,10,0,26,13,21.310000000000002,43.345,10
4,16,10,16,25,24.729000000000113,45.235,5
4,16,25,16,6,24.729000000000113,45.235,5
2,10,0,26,27,21.310000000000002,43.345,10
4,16,10,16,24,27.739000000000114,45.235,5
4,16,17,16,23,27.739000000000114,45.235,5
2,10,0,26,24,21.310000000000002,43.345,10
3,29,13,26,14,19.86,40.67,9
2,10,0,26,6,21.310000000000002,43.345,10
3,29,20,26,34,19.86,41.94,9
5,2,21,4,47,40.36,68.115,2
2,10,0,26,14,21.310000000000002,43.345,10
4,16,29,16,21,27.739000000000114,45.235,5
5,2,14,4,30,40.36,68.115,2
4,16,12,16,29,27.739000000000114,45.235,5
4,16,12,16,31,27.739000000000114,47.21,5
2,10,0,26,32,21.310000000000002,43.345,10
4,16,17,16,22,27.739000000000114,47.21,5
2,10,0,26,6,21.310000000000002,43.345,10
2,10,0,26,12,21.310000000000002,43.345,10
2,10,0,26,5,21.310000000000002,43.345,10
6,6,6,0,24,23.0,57.678500000000035,3
4,16,10,16,10,27.739000000000114,47.21,5
4,16,10,16,10,27.739000000000114,47.21,5
6,7,6,0,17,23.0,57.678500000000035,3
4,16,42,16,8,27.739000000000114,47.21,5
2,10,0,26,10,21.310000000000002,43.345,10
4,16,38,16,34,27.739000000000114,47.21,5
4,16,10,16,34,27.739000000000114,47.21,5
2,10,0,27,0,21.310000000000002,43.345,10
6,7,24,0,24,23.0,57.678500000000035,3
3,30,63,26,28,19.86,41.94,9
3,30,18,27,41,19.86,41.94,9
5,2,5,4,34,40.36,68.115,2
2,10,0,27,15,21.310000000000002,45.235,10
3,30,18,27,52,19.86,41.94,9
6,7,24,0,36,23.0,57.678500000000035,3
2,10,0,27,43,21.310000000000002,45.235,10
5,2,60,4,6,40.36,68.115,2
4,16,38,17,30,27.739000000000114,47.21,5
4,16,8,17,25,27.739000000000114,47.21,5
2,10,0,27,45,21.310000000000002,45.235,10
4,16,15,17,4,27.739000000000114,47.21,5
2,10,0,27,25,21.310000000000002,45.235,10
4,16,15,17,26,27.739000000000114,47.21,5
4,16,17,17,11,27.739000000000114,47.21,5
4,16,30,17,48,27.739000000000114,47.21,5
2,10,0,27,18,21.310000000000002,45.235,10
5,3,28,4,26,40.36,68.115,2
4,16,12,17,43,27.739000000000114,47.21,5
4,16,29,17,48,27.739000000000114,47.21,5
4,16,17,17,14,27.739000000000114,47.21,5
4,16,25,17,20,27.739000000000114,47.21,5
2,10,0,27,26,21.310000000000002,45.235,10
4,16,49,17,18,27.739000000000114,47.21,5
4,16,30,17,0,27.739000000000114,47.21,5
3,30,20,27,5,19.86,41.94,9
4,16,25,17,27,27.739000000000114,47.21,5
6,7,6,0,34,23.0,57.678500000000035,3
5,7,37,5,45,40.36,68.115,2
4,16,10,17,20,27.739000000000114,47.21,5
4,16,16,17,32,27.739000000000114,47.21,5
6,7,24,0,8,23.0,57.678500000000035,3
5,7,31,5,29,40.36,68.115,2
7,0,59,1,20,23.0,57.678500000000035,3
2,10,0,27,7,21.310000000000002,45.235,10
5,7,9,5,15,40.36,68.115,2
2,10,0,27,6,21.310000000000002,45.235,10
5,7,14,5,10,40.36,68.115,2
2,10,0,27,0,21.310000000000002,45.235,10
4,16,25,17,10,27.739000000000114,47.21,5
6,7,14,0,6,23.0,57.678500000000035,3
2,12,0,27,44,21.310000000000002,45.235,10
2,12,0,27,52,21.310000000000002,45.235,10
4,16,13,17,8,27.739000000000114,47.21,5
4,16,35,17,27,27.739000000000114,47.21,5
2,12,0,27,38,21.310000000000002,45.235,10
6,7,6,0,20,23.0,57.678500000000035,3
4,16,17,17,12,27.739000000000114,47.21,5
7,0,40,1,38,23.0,57.678500000000035,3
2,12,0,28,53,21.310000000000002,45.235,10
5,7,60,5,6,40.36,68.115,2
2,12,0,28,20,21.310000000000002,45.235,10
4,16,15,17,29,27.739000000000114,47.21,5
2,12,0,28,0,21.310000000000002,45.235,10
4,16,11,17,14,27.739000000000114,47.21,5
5,7,9,5,29,40.36,68.115,2
4,16,10,17,18,27.739000000000114,47.21,5
4,16,12,17,39,27.739000000000114,47.21,5
4,16,12,17,19,27.739000000000114,47.21,5
4,16,25,17,35,27.739000000000114,47.21,5
2,12,0,28,21,21.310000000000002,45.235,10
2,12,0,28,11,21.310000000000002,45.235,10
4,17,8,17,39,40.36,47.21,5
2,12,0,28,4,21.310000000000002,45.235,10
4,17,15,17,0,40.36,47.21,5
4,17,15,17,5,40.36,47.21,5
5,7,31,5,0,40.36,68.115,2
2,12,0,28,25,21.310000000000002,47.21,10
4,17,35,17,31,40.36,47.21,5
5,7,28,5,12,40.36,68.115,2
5,7,33,5,43,40.36,68.115,2
4,17,11,17,29,23.0,48.96,6
4,17,7,17,9,23.0,48.96,6
3,30,20,27,14,19.86,41.94,9
4,17,25,17,0,23.0,48.96,6
5,7,33,5,41,40.36,68.115,2
2,12,0,28,31,23.0,47.21,10
5,7,21,5,20,40.36,68.115,2
2,12,0,28,13,23.0,47.21,10
7,0,14,9,12,23.0,57.678500000000035,3
6,7,27,0,8,23.0,57.678500000000035,3
5,7,37,5,0,40.36,68.115,2
3,30,18,27,58,19.86,41.94,9
2,12,0,28,0,23.0,47.21,10
6,7,39,0,40,23.0,57.678500000000035,3
2,12,0,28,20,23.0,47.21,10
4,17,30,17,21,23.0,48.96,6
4,17,11,17,7,23.0,48.96,6
6,7,12,0,45,23.0,57.678500000000035,3
2,14,0,28,18,23.0,47.21,10
2,16,0,28,38,23.0,47.21,10
4,17,8,17,8,23.0,48.96,6
2,17,0,29,8,23.0,47.21,10
4,17,17,17,26,23.0,48.96,6
4,17,19,17,52,23.0,48.96,6
5,7,60,5,21,40.36,68.115,2
4,17,13,17,30,23.0,48.96,6
3,30,18,27,32,19.86,41.94,9
4,17,7,17,14,23.0,48.96,6
4,17,7,17,0,23.0,48.96,6
5,7,60,5,39,23.0,57.678500000000035,3
3,30,18,27,32,19.86,41.94,9
4,17,15,17,14,23.0,48.96,6
2,17,0,29,6,23.0,48.96,10
2,17,0,29,24,23.0,48.96,10
2,17,0,29,13,23.0,48.96,10
3,30,53,27,10,19.86,41.94,9
2,17,0,29,30,23.0,48.96,10
5,7,34,5,7,23.0,57.678500000000035,3
4,17,19,18,30,23.0,48.96,6
2,17,0,29,22,23.0,48.96,10
6,7,48,0,28,23.0,57.678500000000035,3
6,7,43,0,11,23.0,57.678500000000035,3
4,17,19,18,40,24.729000000000113,48.96,6
2,17,0,29,22,23.0,48.96,10
6,7,24,0,6,23.0,57.678500000000035,3
2,17,0,29,0,23.0,48.96,10
2,17,0,29,7,23.0,48.96,10
5,7,37,5,26,23.0,57.678500000000035,3
2,17,0,29,15,23.0,48.96,10
5,7,45,5,0,23.0,57.678500000000035,3
7,0,14,9,16,23.0,57.678500000000035,3
5,7,28,5,33,23.0,57.678500000000035,3
6,7,12,0,19,23.0,57.678500000000035,3
6,7,39,0,35,23.0,57.678500000000035,3
6,7,39,0,12,23.0,57.678500000000035,3
2,17,0,29,43,23.0,48.96,10
4,17,7,18,21,24.729000000000113,48.96,6
5,7,21,6,10,23.0,57.678500000000035,3
7,0,49,9,21,23.0,57.678500000000035,3
3,30,32,27,42,19.86,41.94,9
2,17,54,29,33,23.0,48.96,10
6,7,6,0,9,23.0,57.678500000000035,3
2,17,0,30,37,24.729000000000113,48.96,10
5,7,33,6,25,23.0,57.678500000000035,3
4,17,13,18,15,24.729000000000113,48.96,6
5,7,21,6,6,23.0,57.678500000000035,3
4,17,29,18,8,24.729000000000113,48.96,6
2,17,0,30,14,24.729000000000113,48.96,10
2,17,0,30,29,24.729000000000113,48.96,10
4,17,13,18,31,24.729000000000113,48.96,6
2,17,0,30,6,24.729000000000113,48.96,10
5,7,7,6,53,23.0,57.678500000000035,3
5,7,21,7,20,23.0,57.678500000000035,3
4,17,16,18,40,24.729000000000113,48.96,6
2,18,0,30,41,24.729000000000113,48.96,10
5,7,7,7,0,23.0,57.678500000000035,3
4,17,53,18,38,24.729000000000113,48.96,6
7,0,40,9,42,23.0,57.678500000000035,3
2,18,0,30,9,24.729000000000113,48.96,10
7,0,40,9,22,23.0,57.678500000000035,3
5,7,34,7,13,23.0,57.678500000000035,3
2,18,0,30,0,24.729000000000113,48.96,10
2,18,0,30,22,24.729000000000113,48.96,10
2,21,0,30,31,24.729000000000113,48.96,10
5,7,35,7,6,23.0,57.678500000000035,3
4,17,17,18,26,24.729000000000113,48.96,6
5,7,31,7,35,23.0,57.678500000000035,3
2,21,52,30,35,24.729000000000113,48.96,10
2,21,0,30,0,24.729000000000113,48.96,10
5,7,31,7,20,23.0,57.678500000000035,3
6,7,27,0,8,23.0,57.678500000000035,3
2,21,0,30,51,24.729000000000113,48.96,10
5,7,5,7,38,23.0,57.678500000000035,3
6,7,24,0,30,23.0,57.678500000000035,3
4,17,29,18,20,24.729000000000113,51.03275000000002,6
4,17,25,18,12,24.729000000000113,51.03275000000002,6
7,0,14,9,14,23.0,57.678500000000035,3
6,7,24,0,55,23.0,57.678500000000035,3
5,7,7,7,34,23.0,57.678500000000035,3
4,17,17,18,7,24.729000000000113,51.03275000000002,6
4,17,19,19,19,24.729000000000113,51.03275000000002,6
4,17,25,19,-2,24.729000000000113,51.03275000000002,6
4,17,19,19,8,24.729000000000113,51.03275000000002,6
6,7,12,0,23,24.729000000000113,57.678500000000035,3
2,21,0,30,9,24.729000000000113,48.96,10
6,7,12,0,32,24.729000000000113,57.678500000000035,3
4,17,29,19,27,24.729000000000113,51.03275000000002,6
2,21,0,30,17,24.729000000000113,48.96,10
5,7,26,7,12,24.729000000000113,57.678500000000035,3
2,21,0,30,38,27.739000000000114,48.96,10
2,21,0,30,10,27.739000000000114,48.96,10
4,17,10,19,17,24.729000000000113,51.03275000000002,6
4,17,10,19,17,24.729000000000113,51.03275000000002,6
2,21,0,30,8,27.739000000000114,48.96,10
2,21,0,30,16,27.739000000000114,48.96,10
3,30,47,27,13,19.86,41.94,9
6,7,24,0,22,27.739000000000114,57.678500000000035,3
5,7,37,7,35,27.739000000000114,57.678500000000035,3
2,21,0,31,35,27.739000000000114,48.96,10
6,7,6,0,34,27.739000000000114,57.678500000000035,3
4,17,30,19,58,24.729000000000113,51.03275000000002,6
4,17,42,19,24,24.729000000000113,51.03275000000002,6
5,7,9,7,25,27.739000000000114,57.678500000000035,3
6,7,27,0,24,27.739000000000114,57.678500000000035,3
2,22,0,31,27,27.739000000000114,48.96,10
5,7,23,7,37,27.739000000000114,57.678500000000035,3
3,30,18,27,18,19.86,41.94,9
5,7,28,7,36,27.739000000000114,57.678500000000035,3
6,7,60,0,28,27.739000000000114,57.678500000000035,3
2,23,0,31,32,27.739000000000114,48.96,10
2,26,0,31,5,27.739000000000114,48.96,10
5,8,4,7,33,27.739000000000114,57.678500000000035,3
4,17,38,19,10,24.729000000000113,51.03275000000002,6
6,8,12,0,6,27.739000000000114,57.678500000000035,3
5,8,35,7,9,27.739000000000114,57.678500000000035,3
7,0,14,9,12,27.739000000000114,57.678500000000035,3
5,8,21,7,7,27.739000000000114,57.678500000000035,3
4,17,17,19,18,24.729000000000113,51.03275000000002,6
2,26,0,33,13,27.739000000000114,48.96,10
4,17,16,19,39,24.729000000000113,51.03275000000002,6
2,26,0,33,26,27.739000000000114,51.03275000000002,10
4,17,15,19,33,24.729000000000113,51.03275000000002,6
4,17,20,19,38,24.729000000000113,51.03275000000002,6
5,8,21,7,11,27.739000000000114,57.678500000000035,3
5,8,7,7,40,27.739000000000114,57.678500000000035,3
2,26,0,33,47,27.739000000000114,51.03275000000002,10
2,26,0,33,26,27.739000000000114,51.03275000000002,10
2,26,0,33,24,27.739000000000114,51.03275000000002,10
3,30,18,29,7,19.86,41.94,9
4,17,8,19,22,24.729000000000113,51.03275000000002,6
4,17,18,19,34,24.729000000000113,51.03275000000002,6
4,17,13,19,33,24.729000000000113,51.03275000000002,6
3,30,47,29,12,19.86,41.94,9
5,9,37,7,25,27.739000000000114,57.678500000000035,3
4,17,11,19,34,24.729000000000113,51.03275000000002,6
5,9,37,7,29,27.739000000000114,57.678500000000035,3
4,17,17,19,23,24.729000000000113,51.03275000000002,6
6,9,6,0,12,27.739000000000114,57.678500000000035,3
4,17,29,19,5,24.729000000000113,51.03275000000002,6
4,17,25,20,11,24.729000000000113,51.03275000000002,6
5,9,21,8,6,27.739000000000114,57.678500000000035,3
5,10,9,8,16,27.739000000000114,57.678500000000035,3
2,26,0,33,20,27.739000000000114,51.03275000000002,10
2,26,0,33,40,27.739000000000114,51.03275000000002,10
5,10,30,8,32,27.739000000000114,57.678500000000035,3
5,10,33,8,21,27.739000000000114,57.678500000000035,3
2,26,0,33,22,27.739000000000114,51.03275000000002,10
6,9,12,0,18,27.739000000000114,57.678500000000035,3
5,10,37,8,42,27.739000000000114,57.678500000000035,3
2,26,0,33,0,27.739000000000114,51.03275000000002,10
5,10,9,8,18,27.739000000000114,57.678500000000035,3
6,9,6,0,31,27.739000000000114,57.678500000000035,3
2,26,0,34,41,27.739000000000114,51.03275000000002,10
2,26,0,34,29,27.739000000000114,51.03275000000002,10
4,17,29,20,14,24.729000000000113,51.03275000000002,6
2,32,0,34,20,27.739000000000114,51.03275000000002,10
5,10,21,8,7,27.739000000000114,57.678500000000035,3
5,10,31,8,2,27.739000000000114,57.678500000000035,3
2,32,0,34,8,40.36,51.03275000000002,10
5,10,37,8,20,27.739000000000114,57.678500000000035,3
4,18,8,20,7,24.729000000000113,51.03275000000002,6
7,0,44,9,38,27.739000000000114,57.678500000000035,3
4,18,8,20,7,24.729000000000113,51.03275000000002,6
5,10,7,8,23,27.739000000000114,57.678500000000035,3
6,9,39,0,0,27.739000000000114,57.678500000000035,3
2,32,0,34,41,40.36,57.678500000000035,10
3,30,32,29,46,19.86,41.94,9
4,18,13,20,44,24.729000000000113,51.03275000000002,6
5,10,7,8,21,27.739000000000114,57.678500000000035,3
2,32,0,34,6,40.36,57.678500000000035,10
6,9,27,0,26,27.739000000000114,57.678500000000035,3
5,10,22,8,20,27.739000000000114,57.678500000000035,3
2,32,0,35,24,40.36,68.115,10
5,10,42,8,24,27.739000000000114,57.678500000000035,3
4,18,41,20,30,24.729000000000113,51.03275000000002,6
2,32,0,35,0,40.36,68.115,10
6,9,24,0,0,27.739000000000114,57.678500000000035,3
6,9,24,0,9,27.739000000000114,57.678500000000035,3
5,10,33,8,23,27.739000000000114,57.678500000000035,3
2,32,0,37,20,40.36,68.115,10
4,18,15,20,44,24.729000000000113,51.03275000000002,6
5,10,33,8,19,27.739000000000114,57.678500000000035,3
6,9,12,0,35,27.739000000000114,57.678500000000035,3
4,18,8,20,11,24.729000000000113,51.03275000000002,6
4,18,16,20,22,24.729000000000113,51.03275000000002,6
4,18,10,20,18,24.729000000000113,51.03275000000002,6
5,10,9,8,9,27.739000000000114,57.678500000000035,3
2,32,0,37,8,40.36,68.115,10
2,32,0,37,14,40.36,68.115,10
4,18,18,20,49,24.729000000000113,51.03275000000002,6
5,10,26,9,11,27.739000000000114,57.678500000000035,3
4,18,18,20,12,24.729000000000113,51.03275000000002,6
2,35,0,37,34,40.36,68.115,10
2,35,0,37,29,40.36,68.115,10
2,35,0,37,40,40.36,68.115,10
4,18,11,20,42,24.729000000000113,51.03275000000002,6
5,10,26,9,11,27.739000000000114,57.678500000000035,3
5,10,5,9,27,27.739000000000114,57.678500000000035,3
3,30,0,30,24,19.86,41.94,9
3,30,32,33,42,19.86,41.94,9
4,18,16,20,31,24.729000000000113,51.03275000000002,6
5,10,4,9,29,27.739000000000114,57.678500000000035,3
6,9,27,4,18,27.739000000000114,57.678500000000035,3
3,30,0,33,38,19.86,41.94,9
3,30,0,33,7,19.86,41.94,9
5,10,21,9,25,27.739000000000114,57.678500000000035,3
4,18,8,20,32,24.729000000000113,51.03275000000002,6
3,32,0,33,-2,19.86,41.94,9
3,32,0,33,11,19.86,41.94,9
3,32,36,33,6,21.310000000000002,41.94,9
3,32,47,33,31,21.310000000000002,41.94,9
3,32,0,33,23,21.310000000000002,41.94,9
3,32,0,33,57,21.310000000000002,41.94,9
4,18,19,20,32,24.729000000000113,51.03275000000002,6
3,32,0,33,29,21.310000000000002,41.94,9
3,32,0,33,8,21.310000000000002,41.94,9
3,32,0,33,6,21.310000000000002,41.94,9
4,18,19,20,24,24.729000000000113,53.79625000000006,6
5,10,7,9,21,27.739000000000114,57.678500000000035,3
7,0,59,9,12,27.739000000000114,57.678500000000035,3
3,32,0,33,33,21.310000000000002,41.94,9
6,9,6,4,55,27.739000000000114,57.678500000000035,3
4,18,8,20,33,24.729000000000113,53.79625000000006,6
4,18,36,20,6,24.729000000000113,53.79625000000006,6
4,18,19,20,8,24.729000000000113,53.79625000000006,6
4,18,18,20,37,24.729000000000113,53.79625000000006,6
3,32,0,34,19,21.310000000000002,41.94,9
5,10,21,9,35,27.739000000000114,57.678500000000035,3
3,32,0,34,13,21.310000000000002,41.94,9
7,0,14,9,12,27.739000000000114,68.115,3
3,32,0,34,23,21.310000000000002,41.94,9
3,32,32,34,29,21.310000000000002,41.94,9
5,10,21,9,26,27.739000000000114,68.115,3
6,10,27,4,5,27.739000000000114,68.115,3
4,18,8,20,24,24.729000000000113,53.79625000000006,6
3,34,0,34,10,21.310000000000002,41.94,9
6,10,12,4,9,27.739000000000114,68.115,3
5,10,28,9,26,27.739000000000114,68.115,3
4,19,17,20,27,24.729000000000113,53.79625000000006,6
6,10,27,7,24,27.739000000000114,68.115,3
6,10,6,7,14,27.739000000000114,68.115,3
3,34,0,34,23,21.310000000000002,41.94,9
6,10,12,7,41,27.739000000000114,68.115,3
4,19,53,20,6,24.729000000000113,53.79625000000006,6
4,19,16,20,1,24.729000000000113,53.79625000000006,6
3,34,0,34,10,21.310000000000002,41.94,9
6,10,24,7,24,27.739000000000114,68.115,3
3,34,0,34,34,21.310000000000002,41.94,9
4,19,18,20,11,27.739000000000114,53.79625000000006,6
4,19,17,20,13,27.739000000000114,53.79625000000006,6
3,34,0,34,21,21.310000000000002,41.94,9
4,19,11,20,31,27.739000000000114,53.79625000000006,6
5,10,30,9,35,27.739000000000114,68.115,3
5,12,7,10,31,27.739000000000114,68.115,3
5,12,33,10,30,27.739000000000114,68.115,3
3,34,0,35,33,21.310000000000002,41.94,9
4,19,11,20,53,27.739000000000114,53.79625000000006,6
2,35,54,37,42,40.36,68.115,10
6,10,26,7,22,27.739000000000114,68.115,3
4,19,20,20,22,27.739000000000114,53.79625000000006,6
5,12,7,10,22,27.739000000000114,68.115,3
3,34,0,35,45,21.310000000000002,41.94,9
7,0,24,9,1,27.739000000000114,68.115,3
4,19,41,20,8,27.739000000000114,53.79625000000006,6
4,19,11,21,24,27.739000000000114,53.79625000000006,6
5,12,7,10,34,27.739000000000114,68.115,3
5,12,7,10,13,27.739000000000114,68.115,3
3,34,0,36,58,21.310000000000002,41.94,9
3,34,0,36,29,21.310000000000002,41.94,9
6,10,48,7,35,27.739000000000114,68.115,3
5,12,7,11,29,27.739000000000114,68.115,3
5,12,9,11,9,27.739000000000114,68.115,3
6,10,12,7,21,27.739000000000114,68.115,3
3,35,0,36,29,21.310000000000002,41.94,9
3,36,0,36,14,21.310000000000002,41.94,9
3,38,0,36,24,21.310000000000002,41.94,9
3,38,0,36,24,21.310000000000002,41.94,9
3,38,0,36,13,21.310000000000002,41.94,9
5,12,46,11,8,27.739000000000114,68.115,3
3,38,0,36,28,21.310000000000002,41.94,9
6,10,12,7,8,27.739000000000114,68.115,3
4,19,8,21,21,27.739000000000114,53.79625000000006,6
5,12,22,11,6,27.739000000000114,68.115,3
7,0,14,9,25,27.739000000000114,68.115,3
3,38,0,36,29,21.310000000000002,41.94,9
3,38,0,36,43,21.310000000000002,41.94,9
3,45,0,36,27,21.310000000000002,41.94,9
7,0,49,9,23,27.739000000000114,68.115,3
6,10,12,7,26,27.739000000000114,68.115,3
5,12,9,11,0,27.739000000000114,68.115,3
6,10,21,8,18,27.739000000000114,68.115,3
5,12,15,11,8,27.739000000000114,68.115,3
5,12,9,11,58,27.739000000000114,68.115,3
7,0,24,10,37,27.739000000000114,68.115,3
5,12,4,11,21,27.739000000000114,68.115,3
4,19,17,21,44,27.739000000000114,53.79625000000006,6
5,12,22,11,27,27.739000000000114,68.115,3
5,13,7,11,39,27.739000000000114,68.115,3
6,10,27,8,18,27.739000000000114,68.115,3
4,19,8,21,0,27.739000000000114,53.79625000000006,6
3,45,63,36,15,21.310000000000002,41.94,9
5,13,33,11,16,27.739000000000114,68.115,3
3,45,0,36,40,21.310000000000002,41.94,9
3,45,0,36,19,21.310000000000002,41.94,9
5,14,22,11,12,27.739000000000114,68.115,3
7,0,40,10,6,27.739000000000114,68.115,3
3,45,0,36,24,21.310000000000002,41.94,9
3,45,0,36,26,21.310000000000002,41.94,9
4,19,13,21,28,27.739000000000114,53.79625000000006,6
3,45,32,36,11,21.310000000000002,41.94,9
4,19,0,21,23,27.739000000000114,53.79625000000006,6
6,10,6,11,28,27.739000000000114,68.115,3
4,19,0,21,21,27.739000000000114,53.79625000000006,6
4,19,20,21,36,27.739000000000114,53.79625000000006,6
4,19,0,21,5,27.739000000000114,53.79625000000006,6
4,19,8,21,11,27.739000000000114,53.79625000000006,6
3,45,32,36,2,21.310000000000002,41.94,9
4,19,41,21,57,27.739000000000114,53.79625000000006,6
4,19,0,21,1,27.739000000000114,53.79625000000006,6
7,0,11,12,29,27.739000000000114,68.115,3
4,19,8,21,34,27.739000000000114,53.79625000000006,6
5,14,16,11,35,27.739000000000114,68.115,3
6,10,21,11,0,27.739000000000114,68.115,3
7,0,24,12,36,27.739000000000114,68.115,3
4,19,20,21,41,27.739000000000114,53.79625000000006,6
4,19,17,21,31,27.739000000000114,53.79625000000006,6
4,19,0,21,6,27.739000000000114,53.79625000000006,6
4,19,0,21,14,27.739000000000114,53.79625000000006,6
4,19,0,21,31,27.739000000000114,53.79625000000006,6
5,14,31,11,9,27.739000000000114,68.115,3
5,14,31,11,11,27.739000000000114,68.115,3
4,19,18,21,37,27.739000000000114,53.79625000000006,6
5,14,35,11,11,27.739000000000114,68.115,3
4,19,8,21,13,27.739000000000114,53.79625000000006,6
4,19,0,21,17,27.739000000000114,53.79625000000006,6
4,19,0,21,28,27.739000000000114,53.79625000000006,6
4,19,0,21,12,27.739000000000114,53.79625000000006,6
4,19,8,21,16,27.739000000000114,53.79625000000006,6
4,19,38,21,29,27.739000000000114,53.79625000000006,6
4,19,0,21,31,27.739000000000114,53.79625000000006,6
4,19,19,21,30,27.739000000000114,57.678500000000035,6
2,35,52,37,28,40.36,68.115,10
4,19,0,21,46,40.36,57.678500000000035,6
6,10,21,11,37,27.739000000000114,68.115,3
5,14,30,11,28,27.739000000000114,68.115,3
4,19,0,21,20,40.36,57.678500000000035,6
5,14,30,11,12,27.739000000000114,68.115,3
5,14,30,11,18,27.739000000000114,68.115,3
4,19,17,21,38,40.36,57.678500000000035,6
7,0,24,12,5,27.739000000000114,68.115,3
7,0,24,12,30,27.739000000000114,68.115,3
4,19,10,21,5,40.36,57.678500000000035,6
2,35,54,37,18,40.36,68.115,10
7,0,14,12,42,27.739000000000114,68.115,3
4,19,0,21,11,40.36,57.678500000000035,6
4,19,0,21,11,40.36,57.678500000000035,6
5,14,15,11,10,40.36,68.115,3
5,14,28,11,7,40.36,68.115,3
4,19,0,21,32,40.36,57.678500000000035,6
5,14,7,11,12,40.36,68.115,3
4,19,10,21,12,40.36,57.678500000000035,6
4,19,20,21,42,40.36,57.678500000000035,6
4,19,25,21,5,40.36,57.678500000000035,6
4,19,20,22,29,40.36,57.678500000000035,6
4,19,8,22,27,40.36,57.678500000000035,6
4,19,0,22,17,40.36,57.678500000000035,6
4,19,0,22,0,40.36,57.678500000000035,6
4,19,0,22,24,40.36,57.678500000000035,6
5,14,33,11,11,40.36,68.115,3
7,0,44,13,9,40.36,68.115,3
4,19,0,22,14,40.36,57.678500000000035,6
6,10,43,11,19,40.36,68.115,3
4,19,18,22,11,40.36,57.678500000000035,6
4,19,0,22,22,40.36,57.678500000000035,6
4,20,0,22,16,40.36,57.678500000000035,6
5,14,23,11,32,40.36,68.115,3
5,14,7,11,12,40.36,68.115,3
4,20,0,22,25,40.36,68.115,6
4,20,0,22,29,40.36,68.115,6
4,20,0,22,10,40.36,68.115,6
4,20,18,22,13,40.36,68.115,6
5,14,34,12,7,40.36,68.115,3
6,10,6,11,55,40.36,68.115,3
6,10,9,11,29,40.36,68.115,3
4,20,19,22,16,40.36,68.115,6
5,14,34,12,24,40.36,68.115,3
6,10,12,11,0,40.36,68.115,3
7,2,24,13,43,40.36,68.115,3
4,20,13,22,30,40.36,68.115,6
4,20,0,22,0,40.36,68.115,6
7,4,49,13,5,40.36,68.115,3
5,14,35,12,7,40.36,68.115,3
4,20,0,22,-1,40.36,68.115,6
4,20,0,22,1,40.36,68.115,6
4,20,0,22,31,40.36,68.115,6
5,14,22,12,23,40.36,68.115,3
6,10,21,11,18,40.36,68.115,3
6,10,26,11,35,40.36,68.115,3
4,20,0,22,6,40.36,68.115,6
4,20,13,22,36,27.739000000000114,51.03275000000002,7
4,20,0,22,8,27.739000000000114,53.79625000000006,7
6,10,21,11,8,40.36,68.115,3
4,20,0,22,19,27.739000000000114,53.79625000000006,7
6,10,9,11,2,24.729000000000113,48.96,4
4,20,36,22,12,27.739000000000114,53.79625000000006,7
6,10,27,11,1,24.729000000000113,48.96,4
6,10,27,11,52,24.729000000000113,48.96,4
4,20,0,22,14,27.739000000000114,53.79625000000006,7
4,20,13,22,14,27.739000000000114,53.79625000000006,7
4,20,19,22,33,27.739000000000114,53.79625000000006,7
4,20,13,22,24,27.739000000000114,53.79625000000006,7
4,20,0,22,20,27.739000000000114,57.678500000000035,7
5,14,46,13,41,40.36,68.115,3
7,4,11,13,45,40.36,68.115,3
6,10,21,11,19,24.729000000000113,48.96,4
5,15,35,13,21,40.36,68.115,3
6,10,12,11,6,24.729000000000113,48.96,4
4,20,0,22,2,27.739000000000114,57.678500000000035,7
7,6,44,13,27,40.36,68.115,3
4,20,0,22,11,27.739000000000114,57.678500000000035,7
7,6,24,13,20,40.36,68.115,3
4,20,25,22,6,27.739000000000114,57.678500000000035,7
5,15,7,13,20,40.36,68.115,3
4,20,19,22,52,27.739000000000114,57.678500000000035,7
4,20,20,22,0,27.739000000000114,57.678500000000035,7
7,6,24,13,17,40.36,68.115,3
4,20,53,22,10,27.739000000000114,57.678500000000035,7
4,20,0,22,8,27.739000000000114,57.678500000000035,7
4,20,41,22,24,27.739000000000114,57.678500000000035,7
4,20,0,22,22,11.35,41.94,8
4,20,8,22,15,11.35,41.94,8
5,15,30,13,27,40.36,68.115,3
7,9,24,14,21,40.36,68.115,3
4,20,0,22,25,11.35,41.94,8
4,20,0,22,33,11.35,41.94,8
5,15,4,13,37,40.36,68.115,3
4,20,13,22,11,11.35,41.94,8
5,15,30,13,22,40.36,68.115,3
4,20,0,22,35,11.35,41.94,8
6,11,21,11,31,24.729000000000113,48.96,4
6,11,21,11,39,24.729000000000113,48.96,4
6,12,30,12,45,24.729000000000113,48.96,4
4,21,0,22,35,12.35,41.94,8
5,15,22,13,0,40.36,68.115,3
4,21,19,22,9,12.35,41.94,8
7,9,44,18,13,40.36,68.115,3
4,21,53,22,7,12.35,41.94,8
5,15,45,16,16,40.36,68.115,3
4,21,0,22,14,12.35,41.94,8
4,21,0,22,34,12.35,41.94,8
4,21,10,23,33,12.35,41.94,8
5,15,37,17,1,40.36,68.115,3
6,12,26,12,2,24.729000000000113,48.96,4
4,21,53,23,19,12.35,41.94,8
4,21,0,23,9,12.35,41.94,8
5,17,22,17,43,40.36,68.115,3
4,21,17,23,38,12.35,41.94,8
6,12,21,12,17,40.36,47.21,5
4,21,0,23,10,12.35,41.94,8
4,21,18,24,23,12.35,41.94,8
5,17,22,17,0,40.36,68.115,3
4,21,0,24,40,12.35,41.94,8
4,21,38,24,21,12.35,41.94,8
4,21,0,24,10,12.35,41.94,8
4,21,0,24,9,12.35,41.94,8
4,21,19,24,40,12.35,41.94,8
4,21,0,24,13,12.35,41.94,8
4,21,17,24,1,12.35,41.94,8
6,12,12,12,1,40.36,47.21,5
6,12,9,12,2,40.36,47.21,5
6,12,12,12,38,40.36,47.21,5
7,9,24,18,42,40.36,68.115,3
5,17,34,18,23,40.36,68.115,3
7,10,24,18,0,40.36,68.115,3
4,21,0,24,28,12.35,43.345,8
6,12,39,12,17,40.36,48.96,5
5,17,18,18,19,40.36,68.115,3
4,21,0,24,23,12.35,43.345,8
4,21,0,24,0,12.35,43.345,8
5,17,18,18,33,40.36,68.115,3
4,21,8,24,7,12.35,43.345,8
4,21,0,24,38,12.35,43.345,8
4,21,0,24,11,12.35,43.345,8
6,12,21,12,37,40.36,48.96,5
5,17,5,18,14,40.36,68.115,3
5,17,4,19,52,40.36,68.115,3
4,22,0,24,41,12.35,43.345,8
5,17,23,19,40,40.36,68.115,3
7,10,9,18,5,40.36,68.115,3
4,22,0,24,0,12.35,43.345,8
4,22,10,24,23,12.35,43.345,8
6,12,39,12,26,40.36,48.96,5
5,17,45,19,7,40.36,68.115,3
7,10,11,18,0,40.36,68.115,3
6,12,12,12,24,40.36,48.96,5
5,17,7,19,17,40.36,68.115,3
4,22,17,24,0,12.35,43.345,8
4,22,19,24,55,12.35,43.345,8
5,17,18,19,13,40.36,68.115,3
4,22,0,24,57,12.35,43.345,8
7,10,7,18,0,40.36,68.115,3
5,17,35,19,11,40.36,68.115,3
4,22,0,24,4,12.35,43.345,8
5,17,17,19,36,40.36,68.115,3
4,22,19,24,40,12.35,43.345,8
7,10,11,18,-2,40.36,68.115,3
5,17,5,19,8,40.36,68.115,3
4,22,0,24,44,12.35,43.345,8
5,17,17,19,43,40.36,68.115,3
6,12,30,12,4,40.36,48.96,5
4,22,0,24,11,12.35,43.345,8
5,17,16,19,32,40.36,68.115,3
4,22,13,24,9,12.35,43.345,8
4,22,0,24,14,12.35,43.345,8
4,22,0,24,58,12.35,43.345,8
7,10,9,18,29,40.36,68.115,3
5,17,15,19,44,40.36,68.115,3
4,22,13,24,38,12.35,43.345,8
4,22,0,24,14,12.35,43.345,8
5,17,18,19,2,40.36,68.115,3
5,17,18,19,8,40.36,68.115,3
7,10,44,18,15,40.36,68.115,3
7,10,9,18,19,40.36,68.115,3
3,45,47,37,39,21.310000000000002,41.94,9
2,35,54,37,10,40.36,68.115,10
5,17,28,19,40,40.36,68.115,3
4,22,20,24,29,12.35,43.345,8
4,22,0,24,7,12.35,43.345,8
4,22,10,24,26,12.35,43.345,8
5,19,35,19,2,40.36,68.115,3
7,10,24,19,23,40.36,68.115,3
4,22,0,24,25,12.35,43.345,8
5,19,16,19,42,40.36,68.115,3
4,22,20,24,6,12.35,43.345,8
6,12,6,12,12,40.36,48.96,5
5,19,33,19,22,40.36,68.115,3
7,10,7,19,11,40.36,68.115,3
4,22,20,24,14,12.35,43.345,8
4,22,20,25,7,12.35,43.345,8
4,22,10,25,39,12.35,43.345,8
5,19,54,19,35,40.36,68.115,3
7,10,24,19,34,40.36,68.115,3
6,12,35,12,10,40.36,48.96,5
4,22,10,25,20,12.35,43.345,8
5,19,33,19,14,40.36,68.115,3
4,22,0,25,9,12.35,43.345,8
5,19,17,19,24,40.36,68.115,3
4,22,10,25,23,13.5,45.235,8
7,10,59,19,36,40.36,68.115,3
4,22,10,25,17,13.5,45.235,8
6,12,26,14,11,40.36,48.96,5
4,22,0,25,48,13.5,45.235,8
5,19,33,19,18,40.36,68.115,3
6,12,6,14,21,40.36,48.96,5
4,22,0,25,24,13.5,45.235,8
4,22,0,25,31,13.5,45.235,8
5,19,42,19,13,40.36,68.115,3
4,22,0,25,34,13.5,45.235,8
6,12,6,16,0,40.36,48.96,5
4,22,53,25,18,13.5,45.235,8
6,12,43,16,26,40.36,48.96,5
7,10,7,19,18,40.36,68.115,3
7,14,24,19,34,40.36,68.115,3
5,19,16,19,33,40.36,68.115,3
7,15,14,20,7,40.36,68.115,3
5,19,18,19,11,40.36,68.115,3
6,12,39,16,0,40.36,51.03275000000002,5
5,19,34,19,12,24.729000000000113,48.96,4
7,15,45,20,39,40.36,68.115,3
2,35,56,37,7,40.36,68.115,10
4,22,0,25,6,13.5,45.235,8
5,19,31,19,40,24.729000000000113,51.03275000000002,4
4,22,0,25,24,13.5,45.235,8
7,15,24,20,35,40.36,68.115,3
4,22,10,25,16,13.5,45.235,8
5,19,16,19,4,24.729000000000113,51.03275000000002,4
4,22,0,25,6,13.5,45.235,8
4,22,8,25,-2,13.5,45.235,8
5,19,5,19,44,24.729000000000113,51.03275000000002,4
7,15,6,20,26,40.36,68.115,3
4,22,20,25,0,13.5,45.235,8
4,22,0,25,32,13.5,45.235,8
5,19,15,19,35,24.729000000000113,51.03275000000002,4
6,13,21,16,27,40.36,51.03275000000002,5
4,22,0,25,43,13.5,45.235,8
5,19,46,19,16,24.729000000000113,51.03275000000002,4
6,13,21,16,18,40.36,51.03275000000002,5
5,19,15,19,14,24.729000000000113,51.03275000000002,4
4,22,0,25,39,13.5,45.235,8
6,13,12,16,20,40.36,51.03275000000002,5
7,17,9,20,7,40.36,68.115,3
4,22,0,25,36,13.5,45.235,8
4,22,0,25,19,13.5,47.21,8
4,22,0,25,43,13.5,47.21,8
4,22,0,25,13,13.5,47.21,8
4,22,0,25,37,13.5,47.21,8
7,17,24,20,24,40.36,68.115,3
5,19,23,19,58,24.729000000000113,51.03275000000002,4
7,17,6,20,17,40.36,68.115,3
5,20,23,19,33,24.729000000000113,51.03275000000002,4
5,20,33,19,25,40.36,51.03275000000002,5
4,22,0,25,10,13.5,47.21,8
6,13,31,16,19,40.36,51.03275000000002,5
4,23,10,25,6,13.5,47.21,8
4,23,13,25,33,13.5,47.21,8
4,23,13,25,40,13.5,47.21,8
4,23,0,25,24,13.5,47.21,8
5,20,22,19,18,40.36,51.03275000000002,5
5,20,15,19,29,40.36,51.03275000000002,5
7,17,7,20,35,40.36,68.115,3
4,23,10,25,9,14.5,47.21,8
4,23,10,25,9,14.5,47.21,8
4,23,0,25,14,14.5,47.21,8
4,23,10,26,39,14.5,47.21,8
5,20,28,19,8,40.36,51.03275000000002,5
5,20,16,19,33,40.36,51.03275000000002,5
7,17,6,20,18,40.36,68.115,3
4,23,0,26,21,14.5,47.21,8
4,23,13,26,17,14.5,47.21,8
4,23,0,26,16,14.5,47.21,8
4,23,0,26,17,14.5,47.21,8
6,13,37,16,31,40.36,51.03275000000002,5
7,17,45,20,0,40.36,68.115,3
4,23,0,26,9,14.5,47.21,8
7,17,7,20,0,40.36,68.115,3
4,23,0,26,13,14.5,47.21,8
7,18,14,21,20,40.36,68.115,3
4,23,20,26,36,14.5,47.21,8
4,23,0,26,12,14.5,48.96,8
4,23,0,26,9,14.5,48.96,8
4,23,0,26,17,15.64,48.96,8
4,23,0,26,25,15.64,48.96,8
4,23,0,26,19,15.64,51.03275000000002,8
7,18,14,21,24,40.36,68.115,3
4,23,0,26,42,15.64,51.03275000000002,8
4,23,8,26,-2,15.64,51.03275000000002,8
5,20,28,19,10,40.36,51.03275000000002,5
4,23,25,26,31,15.64,51.03275000000002,8
4,23,20,26,6,15.64,51.03275000000002,8
4,23,0,26,0,15.64,51.03275000000002,8
4,23,13,26,20,15.64,51.03275000000002,8
4,23,0,26,7,15.64,51.03275000000002,8
5,20,16,19,18,40.36,51.03275000000002,5
4,24,0,26,26,21.310000000000002,41.94,9
7,18,6,21,35,40.36,68.115,3
6,13,21,16,7,40.36,51.03275000000002,5
4,24,0,26,8,23.0,41.94,9
4,24,0,26,44,23.0,41.94,9
5,20,23,20,2,40.36,51.03275000000002,5
4,24,19,26,12,23.0,41.94,9
3,45,47,37,35,23.0,41.94,9
4,24,0,26,20,23.0,41.94,9
6,13,35,16,14,40.36,51.03275000000002,5
5,20,18,20,14,40.36,51.03275000000002,5
5,20,28,20,14,40.36,51.03275000000002,5
4,24,0,26,34,23.0,41.94,9
7,18,14,21,37,40.36,68.115,3
4,24,0,26,46,23.0,43.345,9
7,18,40,21,10,40.36,68.115,3
4,24,0,26,0,23.0,43.345,9
4,24,0,26,43,23.0,43.345,9
7,18,9,21,1,40.36,68.115,3
6,13,21,16,10,40.36,51.03275000000002,5
7,18,44,21,17,40.36,68.115,3
4,24,0,26,14,23.0,43.345,9
4,24,0,26,0,23.0,43.345,9
7,19,9,21,27,40.36,68.115,3
7,19,6,21,46,40.36,68.115,3
6,13,12,16,0,40.36,68.115,5
6,13,12,16,52,40.36,68.115,5
4,24,0,26,42,23.0,43.345,9
4,24,20,26,46,23.0,43.345,9
4,24,53,26,0,23.0,43.345,9
7,20,6,21,41,40.36,68.115,3
5,20,4,20,13,40.36,68.115,5
6,13,22,16,16,15.64,51.03275000000002,8
7,21,6,21,12,40.36,68.115,3
4,24,0,26,12,23.0,43.345,9
4,24,29,26,48,23.0,43.345,9
6,13,21,18,25,15.64,51.03275000000002,8
4,24,8,26,31,23.0,43.345,9
6,13,27,18,6,15.64,51.03275000000002,8
3,45,32,37,22,23.0,43.345,9
5,20,25,20,14,40.36,68.115,5
4,24,53,26,24,23.0,43.345,9
4,24,38,26,7,23.0,43.345,9
4,24,8,26,28,23.0,43.345,9
7,21,7,21,6,40.36,68.115,3
4,24,20,26,35,23.0,43.345,9
6,13,26,18,6,18.55,51.03275000000002,8
5,20,16,20,27,40.36,68.115,5
5,22,17,20,37,40.36,68.115,5
2,35,52,37,31,40.36,68.115,10
5,22,5,20,18,40.36,68.115,5
6,14,21,18,24,18.55,51.03275000000002,8
5,22,13,20,23,40.36,68.115,5
4,24,0,26,35,23.0,43.345,9
6,15,37,18,14,18.55,51.03275000000002,8
4,24,0,26,10,23.0,43.345,9
4,24,0,26,7,23.0,43.345,9
5,22,16,20,11,40.36,68.115,5
4,24,0,26,41,23.0,43.345,9
4,24,0,26,35,23.0,45.235,9
6,15,12,18,29,18.55,51.03275000000002,8
4,24,0,26,20,23.0,45.235,9
4,24,0,26,7,23.0,45.235,9
4,25,0,26,33,23.0,45.235,9
5,22,13,20,35,40.36,68.115,5
5,22,46,20,41,40.36,68.115,5
6,15,27,18,19,18.55,51.03275000000002,8
7,21,60,21,30,40.36,68.115,3
3,45,32,45,35,23.0,45.235,9
4,25,0,26,33,23.0,45.235,9
5,22,28,20,22,40.36,68.115,5
4,25,20,26,2,23.0,45.235,9
4,25,0,26,0,23.0,45.235,9
4,25,36,26,43,23.0,45.235,9
5,22,18,20,10,40.36,68.115,5
4,25,0,27,31,23.0,45.235,9
5,22,15,21,47,40.36,68.115,5
4,25,0,27,4,23.0,45.235,9
5,22,18,21,10,40.36,68.115,5
6,15,12,19,1,18.55,51.03275000000002,8
4,25,0,27,13,23.0,45.235,9
5,22,15,21,43,40.36,68.115,5
4,25,0,27,24,23.0,45.235,9
4,25,8,27,34,23.0,45.235,9
4,25,29,27,48,23.0,45.235,9
7,21,24,22,13,24.729000000000113,51.03275000000002,4
4,25,0,27,6,23.0,45.235,9
4,25,0,27,16,23.0,45.235,9
4,25,29,27,31,23.0,45.235,9
4,25,0,32,13,23.0,45.235,9
7,21,9,22,8,27.739000000000114,51.03275000000002,4
4,25,0,32,20,23.0,45.235,9
6,15,35,19,25,18.55,51.03275000000002,8
4,25,0,32,30,23.0,45.235,9
4,25,0,32,27,23.0,45.235,9
6,16,30,19,8,18.55,51.03275000000002,8
4,25,0,32,12,23.0,45.235,9
6,16,31,19,32,18.55,51.03275000000002,8
4,25,20,32,35,23.0,45.235,9
4,25,0,32,12,23.0,45.235,9
4,25,0,32,29,23.0,45.235,9
4,25,0,32,11,23.0,45.235,9
6,16,31,19,38,18.55,51.03275000000002,8
4,25,0,32,9,23.0,45.235,9
6,16,22,19,6,18.55,51.03275000000002,8
4,25,0,33,20,23.0,45.235,9
3,45,47,45,12,23.0,45.235,9
5,23,13,21,12,27.739000000000114,57.678500000000035,7
4,25,10,33,25,23.0,45.235,9
6,16,12,19,13,18.55,51.03275000000002,8
6,16,26,19,57,18.55,51.03275000000002,8
4,25,0,34,0,23.0,45.235,9
5,24,46,21,35,27.739000000000114,57.678500000000035,7
4,25,0,34,34,23.0,45.235,9
4,25,0,34,36,23.0,45.235,9
4,25,0,34,12,23.0,45.235,9
4,25,0,34,53,23.0,45.235,9
7,21,6,22,-2,27.739000000000114,51.03275000000002,4
4,26,0,34,18,23.0,45.235,9
7,21,14,22,7,27.739000000000114,51.03275000000002,4
4,26,0,34,30,23.0,45.235,9
5,24,13,21,14,27.739000000000114,57.678500000000035,7
5,24,33,21,11,27.739000000000114,57.678500000000035,7
4,26,8,34,35,23.0,47.21,9
5,24,18,21,37,27.739000000000114,57.678500000000035,7
4,26,0,34,24,23.0,47.21,9
7,21,6,22,31,27.739000000000114,51.03275000000002,4
7,21,7,22,0,27.739000000000114,51.03275000000002,4
4,26,0,34,7,23.0,47.21,9
7,21,11,22,37,27.739000000000114,51.03275000000002,4
4,26,0,34,13,23.0,47.21,9
4,26,0,34,14,24.729000000000113,47.21,9
7,21,24,23,19,27.739000000000114,51.03275000000002,4
6,20,27,19,10,18.55,51.03275000000002,8
5,24,46,21,10,18.55,51.03275000000002,8
7,21,40,23,20,27.739000000000114,51.03275000000002,4
7,21,6,23,42,27.739000000000114,53.79625000000006,4
5,24,18,21,13,18.55,51.03275000000002,8
6,20,26,19,31,18.55,51.03275000000002,8
4,26,0,34,26,24.729000000000113,47.21,9
4,26,0,34,24,24.729000000000113,47.21,9
4,26,0,34,33,24.729000000000113,47.21,9
6,20,8,19,31,18.55,51.03275000000002,8
4,26,0,34,20,24.729000000000113,47.21,9
7,22,6,23,23,40.36,53.79625000000006,4
4,26,0,35,0,24.729000000000113,47.21,9
7,23,6,23,40,40.36,53.79625000000006,4
3,45,32,45,10,24.729000000000113,47.21,9
4,26,0,35,25,24.729000000000113,47.21,9
4,26,0,35,32,24.729000000000113,47.21,9
6,20,12,19,23,18.55,51.03275000000002,8
5,24,16,21,35,18.55,51.03275000000002,8
5,24,17,21,9,21.310000000000002,51.03275000000002,8
6,20,31,22,14,21.310000000000002,51.03275000000002,8
5,24,23,21,18,21.310000000000002,51.03275000000002,8
5,24,28,21,2,21.310000000000002,51.03275000000002,8
7,23,11,23,33,40.36,53.79625000000006,4
5,24,25,21,21,21.310000000000002,51.03275000000002,8
5,24,18,21,7,21.310000000000002,51.03275000000002,8
4,26,0,35,16,24.729000000000113,47.21,9
4,26,0,35,6,24.729000000000113,47.21,9
7,23,24,23,29,40.36,53.79625000000006,4
5,25,13,21,19,21.310000000000002,51.03275000000002,8
4,26,0,35,12,24.729000000000113,47.21,9
6,20,22,23,44,21.310000000000002,51.03275000000002,8
5,25,17,21,47,21.310000000000002,51.03275000000002,8
6,20,8,23,50,21.310000000000002,51.03275000000002,8
6,20,21,23,2,21.310000000000002,51.03275000000002,8
4,26,0,35,13,24.729000000000113,47.21,9
6,20,12,23,31,21.310000000000002,51.03275000000002,8
6,20,21,23,14,21.310000000000002,51.03275000000002,8
5,25,17,21,20,21.310000000000002,51.03275000000002,8
6,21,8,23,24,21.310000000000002,51.03275000000002,8
6,21,26,23,7,21.310000000000002,51.03275000000002,8
5,25,16,21,18,21.310000000000002,51.03275000000002,8
6,21,30,24,39,21.310000000000002,51.03275000000002,8
5,25,28,21,30,21.310000000000002,51.03275000000002,8
7,23,6,23,8,40.36,53.79625000000006,4
6,23,37,24,43,21.310000000000002,51.03275000000002,8
7,23,16,23,15,27.739000000000114,57.678500000000035,7
5,25,13,21,24,21.310000000000002,51.03275000000002,8
6,23,37,24,22,21.310000000000002,51.03275000000002,8
6,23,18,24,12,21.310000000000002,51.03275000000002,8
4,26,0,36,18,24.729000000000113,47.21,9
7,23,49,23,29,27.739000000000114,57.678500000000035,7
7,23,21,23,32,27.739000000000114,57.678500000000035,7
4,27,0,36,1,24.729000000000113,47.21,9
7,23,6,23,1,27.739000000000114,57.678500000000035,7
6,23,34,24,36,21.310000000000002,51.03275000000002,8
7,23,25,23,9,27.739000000000114,57.678500000000035,7
4,29,20,36,9,24.729000000000113,47.21,9
4,29,0,36,31,24.729000000000113,47.21,9
7,23,16,23,9,27.739000000000114,57.678500000000035,7
4,29,0,36,2,24.729000000000113,47.21,9
4,29,0,36,34,24.729000000000113,47.21,9
4,29,0,36,0,24.729000000000113,47.21,9
6,23,22,27,30,21.310000000000002,51.03275000000002,8
6,23,18,27,35,21.310000000000002,51.03275000000002,8
4,29,0,36,11,24.729000000000113,47.21,9
7,23,45,23,0,27.739000000000114,57.678500000000035,7
4,29,0,36,11,24.729000000000113,47.21,9
7,23,11,23,35,27.739000000000114,57.678500000000035,7
4,29,41,36,28,24.729000000000113,47.21,9
6,23,22,27,6,21.310000000000002,51.03275000000002,8
7,23,24,29,12,27.739000000000114,57.678500000000035,7
5,25,4,21,35,23.0,53.79625000000006,8
4,29,0,36,34,24.729000000000113,47.21,9
4,29,0,36,10,24.729000000000113,47.21,9
4,29,19,37,6,24.729000000000113,47.21,9
4,29,0,37,32,24.729000000000113,47.21,9
4,29,0,50,20,24.729000000000113,47.21,9
6,24,18,27,0,23.0,53.79625000000006,8
6,26,18,27,35,23.0,53.79625000000006,8
5,25,13,23,4,23.0,53.79625000000006,8
4,29,20,50,31,24.729000000000113,47.21,9
5,25,17,23,5,23.0,53.79625000000006,8
4,29,0,50,38,24.729000000000113,47.21,9
6,26,8,27,38,23.0,53.79625000000006,8
4,29,0,50,29,24.729000000000113,47.21,9
7,23,21,29,20,27.739000000000114,57.678500000000035,7
4,29,10,50,8,24.729000000000113,47.21,9
6,26,12,27,10,23.0,53.79625000000006,8
4,35,10,50,4,24.729000000000113,47.21,9
7,23,11,29,31,27.739000000000114,57.678500000000035,7
4,38,0,50,18,24.729000000000113,47.21,9
5,25,17,23,40,23.0,53.79625000000006,8
4,40,0,50,27,24.729000000000113,47.21,9
5,25,63,23,40,23.0,53.79625000000006,8
6,26,12,27,28,23.0,53.79625000000006,8
5,25,17,23,28,23.0,53.79625000000006,8
4,40,19,50,7,24.729000000000113,47.21,9
7,23,21,29,9,27.739000000000114,57.678500000000035,7
6,26,35,27,6,23.0,53.79625000000006,8
7,23,14,29,38,27.739000000000114,57.678500000000035,7
4,40,19,50,32,24.729000000000113,48.96,9
6,26,12,27,33,23.0,53.79625000000006,8
2,45,56,49,8,40.36,68.115,10
5,25,13,23,1,23.0,53.79625000000006,8
7,23,6,29,25,27.739000000000114,57.678500000000035,7
4,40,0,50,35,24.729000000000113,48.96,9
7,24,24,29,14,27.739000000000114,57.678500000000035,7
4,44,20,50,16,24.729000000000113,48.96,9
4,44,20,50,22,24.729000000000113,48.96,9
4,44,20,50,40,24.729000000000113,48.96,9
4,44,0,50,20,24.729000000000113,48.96,9
5,26,0,23,11,23.0,53.79625000000006,8
5,26,0,23,4,23.0,53.79625000000006,8
5,26,23,23,24,23.0,53.79625000000006,8
5,26,0,23,18,23.0,53.79625000000006,8
6,26,39,27,44,23.0,53.79625000000006,8
5,26,0,23,22,23.0,53.79625000000006,8
5,26,0,23,39,23.0,53.79625000000006,8
5,26,0,23,27,23.0,53.79625000000006,8
5,26,0,23,48,23.0,53.79625000000006,8
6,26,34,27,6,23.0,53.79625000000006,8
6,26,26,27,40,23.0,53.79625000000006,8
6,26,30,27,17,23.0,53.79625000000006,8
5,26,0,23,20,23.0,53.79625000000006,8
6,26,31,27,24,23.0,53.79625000000006,8
7,28,28,29,25,27.739000000000114,57.678500000000035,7
5,26,0,23,21,23.0,53.79625000000006,8
6,26,12,27,38,24.729000000000113,53.79625000000006,8
5,27,4,23,11,24.729000000000113,53.79625000000006,8
5,27,33,23,52,24.729000000000113,53.79625000000006,8
7,29,6,29,21,27.739000000000114,57.678500000000035,7
4,44,19,50,6,24.729000000000113,48.96,9
6,26,35,29,30,24.729000000000113,53.79625000000006,8
5,27,0,23,24,24.729000000000113,53.79625000000006,8
7,32,25,29,33,40.36,57.678500000000035,7
5,27,0,23,10,24.729000000000113,53.79625000000006,8
5,27,0,23,31,24.729000000000113,53.79625000000006,8
5,27,0,24,12,24.729000000000113,53.79625000000006,8
6,26,27,29,41,24.729000000000113,53.79625000000006,8
7,32,59,29,18,40.36,57.678500000000035,7
5,27,20,24,20,24.729000000000113,53.79625000000006,8
7,32,7,29,17,40.36,57.678500000000035,7
7,32,16,29,24,40.36,57.678500000000035,7
5,27,0,24,44,24.729000000000113,53.79625000000006,8
7,32,11,29,21,40.36,57.678500000000035,7
7,32,45,29,21,40.36,57.678500000000035,7
7,32,25,29,12,40.36,57.678500000000035,7
7,32,25,29,44,40.36,57.678500000000035,7
7,32,14,29,57,24.729000000000113,48.96,9
7,35,6,29,8,24.729000000000113,48.96,9
5,27,20,24,24,24.729000000000113,53.79625000000006,8
5,27,0,24,44,24.729000000000113,53.79625000000006,8
5,27,0,24,23,24.729000000000113,53.79625000000006,8
6,32,22,29,37,24.729000000000113,57.678500000000035,8
5,27,20,24,11,24.729000000000113,57.678500000000035,8
5,27,0,24,18,24.729000000000113,57.678500000000035,8
5,27,33,24,43,24.729000000000113,57.678500000000035,8
6,36,12,29,9,24.729000000000113,57.678500000000035,8
5,27,0,24,10,24.729000000000113,57.678500000000035,8
7,35,24,29,47,24.729000000000113,48.96,9
5,27,0,24,31,24.729000000000113,57.678500000000035,8
5,27,0,24,4,24.729000000000113,57.678500000000035,8
4,44,36,50,28,24.729000000000113,48.96,9
5,27,0,24,22,24.729000000000113,57.678500000000035,8
5,27,0,24,27,24.729000000000113,57.678500000000035,8
5,27,23,24,8,24.729000000000113,57.678500000000035,8
5,27,0,24,13,24.729000000000113,57.678500000000035,8
5,29,0,26,0,24.729000000000113,57.678500000000035,8
6,36,39,29,13,27.739000000000114,57.678500000000035,8
6,36,35,29,17,27.739000000000114,57.678500000000035,8
5,29,0,26,14,27.739000000000114,57.678500000000035,8
7,35,24,29,24,24.729000000000113,48.96,9
6,38,12,29,33,27.739000000000114,57.678500000000035,8
4,44,19,50,11,24.729000000000113,48.96,9
7,35,24,29,20,24.729000000000113,48.96,9
4,44,19,50,38,24.729000000000113,48.96,9
5,29,13,26,4,27.739000000000114,57.678500000000035,8
5,29,0,26,24,27.739000000000114,57.678500000000035,8
4,44,19,50,24,24.729000000000113,48.96,9
5,29,0,26,25,27.739000000000114,57.678500000000035,8
7,38,14,29,21,24.729000000000113,48.96,9
6,38,31,29,11,27.739000000000114,57.678500000000035,8
5,29,0,26,7,27.739000000000114,57.678500000000035,8
6,38,18,31,12,27.739000000000114,57.678500000000035,8
6,38,34,31,27,27.739000000000114,57.678500000000035,8
5,29,0,26,38,27.739000000000114,57.678500000000035,8
5,29,0,26,6,27.739000000000114,57.678500000000035,8
6,38,35,33,41,40.36,57.678500000000035,8
5,29,0,26,10,40.36,57.678500000000035,8
6,38,12,33,14,40.36,57.678500000000035,8
5,29,0,26,24,40.36,57.678500000000035,8
6,40,34,33,47,40.36,57.678500000000035,8
6,42,30,35,22,40.36,57.678500000000035,8
6,42,31,35,41,40.36,57.678500000000035,8
5,30,0,27,35,40.36,57.678500000000035,8
5,30,0,27,15,40.36,57.678500000000035,8
6,42,8,35,0,40.36,57.678500000000035,8
5,30,0,27,33,40.36,57.678500000000035,8
6,42,22,35,32,40.36,57.678500000000035,8
5,30,0,28,9,40.36,68.115,8
6,42,26,35,2,40.36,68.115,8
6,42,34,35,14,40.36,68.115,8
6,42,35,35,38,40.36,68.115,8
3,45,47,45,24,24.729000000000113,48.96,9
5,32,0,28,42,40.36,68.115,8
5,32,23,28,38,40.36,68.115,8
5,32,0,28,0,40.36,68.115,8
6,43,10,40,33,40.36,68.115,8
6,43,10,40,46,40.36,68.115,8
5,32,20,28,27,40.36,68.115,8
5,32,42,28,25,40.36,68.115,8
7,38,7,29,46,24.729000000000113,48.96,9
5,34,46,28,0,40.36,68.115,8
7,38,7,29,33,24.729000000000113,48.96,9
7,38,25,29,36,24.729000000000113,48.96,9
5,34,15,28,36,40.36,68.115,8
7,38,14,29,10,24.729000000000113,48.96,9
5,34,0,28,27,40.36,68.115,8
7,38,25,29,0,24.729000000000113,48.96,9
6,43,29,40,28,40.36,68.115,8
5,34,0,28,24,40.36,68.115,8
7,38,45,29,28,24.729000000000113,48.96,9
6,43,18,40,28,40.36,68.115,8
6,43,8,40,0,40.36,68.115,8
6,43,27,40,7,40.36,68.115,8
5,35,0,28,-2,40.36,68.115,8
5,35,0,28,0,40.36,68.115,8
5,35,0,31,17,40.36,68.115,8
5,35,0,31,21,40.36,68.115,8
7,38,24,35,7,24.729000000000113,48.96,9
5,35,0,31,18,24.729000000000113,48.96,9
5,35,20,31,7,24.729000000000113,48.96,9
5,35,0,31,12,24.729000000000113,48.96,9
7,38,25,45,11,24.729000000000113,48.96,9
5,35,20,31,16,24.729000000000113,48.96,9
6,43,31,40,46,40.36,68.115,8
7,38,23,45,0,24.729000000000113,48.96,9
5,35,20,31,26,24.729000000000113,48.96,9
7,38,21,45,21,24.729000000000113,51.03275000000002,9
7,42,7,45,57,24.729000000000113,51.03275000000002,9
7,42,7,45,26,24.729000000000113,51.03275000000002,9
5,35,0,31,39,24.729000000000113,51.03275000000002,9
7,45,24,45,7,24.729000000000113,51.03275000000002,9
4,44,53,50,8,24.729000000000113,51.03275000000002,9
4,44,19,50,8,24.729000000000113,51.03275000000002,9
7,45,21,45,20,24.729000000000113,51.03275000000002,9
6,43,34,40,20,40.36,68.115,8
7,45,24,45,16,24.729000000000113,53.79625000000006,9
7,45,14,45,10,24.729000000000113,53.79625000000006,9
5,35,0,31,7,24.729000000000113,53.79625000000006,9
5,35,0,31,24,24.729000000000113,53.79625000000006,9
5,36,0,31,28,24.729000000000113,53.79625000000006,9
5,36,0,33,33,24.729000000000113,53.79625000000006,9
6,43,31,40,30,40.36,68.115,8
5,42,0,33,12,24.729000000000113,53.79625000000006,9
7,45,24,45,16,24.729000000000113,53.79625000000006,9
6,43,37,40,6,40.36,68.115,8
6,43,35,40,45,40.36,68.115,8
5,42,0,33,10,24.729000000000113,53.79625000000006,9
5,42,0,33,16,24.729000000000113,53.79625000000006,9
5,42,20,33,1,24.729000000000113,53.79625000000006,9
5,42,0,33,12,24.729000000000113,53.79625000000006,9
5,42,17,33,43,24.729000000000113,53.79625000000006,9
5,42,0,33,27,24.729000000000113,53.79625000000006,9
5,42,0,33,0,24.729000000000113,53.79625000000006,9
3,45,47,46,0,27.739000000000114,53.79625000000006,9
7,45,11,45,23,27.739000000000114,53.79625000000006,9
7,45,21,46,11,27.739000000000114,57.678500000000035,9
7,45,21,46,34,27.739000000000114,57.678500000000035,9
5,42,0,33,34,27.739000000000114,57.678500000000035,9
5,42,20,33,0,27.739000000000114,57.678500000000035,9
6,43,26,40,34,40.36,68.115,8
7,45,9,46,0,27.739000000000114,57.678500000000035,9
6,43,56,40,27,40.36,68.115,8
5,43,20,33,41,27.739000000000114,57.678500000000035,9
6,45,0,40,6,40.36,68.115,8
5,44,17,46,23,27.739000000000114,57.678500000000035,9
