=== Sat Aug  1 12:56:51 AM CEST 2026 waiting for AIM artificial_characters smoketest job to finish (if still running) ===
=== Sat Aug  1 01:01:52 AM CEST 2026 artificial_characters.py (Tab-PE) ===
/home/rec1/Desktop/AI_Safety/ICML_reproduce/tab-pe-WB0hLRRlcj/scripts/artificial_characters.py:21: Pandas4Warning: The 'mode.copy_on_write' option is deprecated. Copy-on-Write can no longer be disabled (it is always enabled with pandas >= 3.0), and setting the option has no impact. This option will be removed in pandas 4.0.
  pd.options.mode.copy_on_write = True
/home/rec1/Desktop/AI_Safety/ICML_reproduce/tab-pe-WB0hLRRlcj/DPSDA_upstream/pe/dp/gaussian.py:23: RuntimeWarning: overflow encountered in exp
  if np.isinf(np.exp(eps)):
08/01/2026 01:02:08 AM [pe] [INFO ]  DP epsilon=1.0, delta=1.575422064457033e-05, noise_multiplier=13.572881987541077, num_iterations=14.
08/01/2026 01:02:08 AM [pe] [INFO ]  Loaded checkpoint from /home/rec1/Desktop/AI_Safety/ICML_reproduce/tab-pe-WB0hLRRlcj/scripts/../results/artificial_characters/checkpoint, iteration=7
08/01/2026 01:02:08 AM [pe] [INFO ]  PE iteration 8
08/01/2026 01:02:08 AM [pe] [WARNI]  fraction_per_label_id is not provided. Assuming the fraction of label ids in private data is public information.
08/01/2026 01:02:08 AM [pe] [INFO ]  Label 0
08/01/2026 01:02:08 AM [pe] [INFO ]  Histogram: computing nearest neighbors histogram for 837 private samples and 468 synthetic samples
08/01/2026 01:02:08 AM [pe] [INFO ]  Embedding: computing PE.EMBEDDING.TabularEmbedding for 837/837 samples
08/01/2026 01:02:08 AM [pe] [INFO ]  Embedding: finished computing PE.EMBEDDING.TabularEmbedding for 837/837 samples
08/01/2026 01:02:08 AM [pe] [INFO ]  Embedding: computing PE.EMBEDDING.TabularEmbedding for 351/468 samples
08/01/2026 01:02:08 AM [pe] [INFO ]  Embedding: finished computing PE.EMBEDDING.TabularEmbedding for 351/468 samples
08/01/2026 01:02:08 AM [pe] [INFO ]  Histogram: finished computing nearest neighbors histogram for 837 private samples and 468 synthetic samples
08/01/2026 01:02:08 AM [pe] [INFO ]  Composite population: generating 117 next synthetic samples
08/01/2026 01:02:08 AM [pe] [INFO ]  PE population: generating 117*3 next synthetic samples
08/01/2026 01:02:08 AM [pe] [INFO ]  VARIATION API: creating variations for 117 samples
08/01/2026 01:02:08 AM [pe] [INFO ]  VARIATION API: finished creating variations for 117 samples
08/01/2026 01:02:08 AM [pe] [INFO ]  VARIATION API: creating variations for 117 samples
08/01/2026 01:02:08 AM [pe] [INFO ]  VARIATION API: finished creating variations for 117 samples
08/01/2026 01:02:08 AM [pe] [INFO ]  VARIATION API: creating variations for 117 samples
08/01/2026 01:02:08 AM [pe] [INFO ]  VARIATION API: finished creating variations for 117 samples
08/01/2026 01:02:08 AM [pe] [INFO ]  PE population: finished generating 117*3 next synthetic samples
08/01/2026 01:02:08 AM [pe] [INFO ]  Composite population: finished generating 117 next synthetic samples
08/01/2026 01:02:08 AM [pe] [INFO ]  Label 1
08/01/2026 01:02:08 AM [pe] [INFO ]  Histogram: computing nearest neighbors histogram for 834 private samples and 468 synthetic samples
08/01/2026 01:02:08 AM [pe] [INFO ]  Embedding: computing PE.EMBEDDING.TabularEmbedding for 834/834 samples
08/01/2026 01:02:08 AM [pe] [INFO ]  Embedding: finished computing PE.EMBEDDING.TabularEmbedding for 834/834 samples
08/01/2026 01:02:08 AM [pe] [INFO ]  Embedding: computing PE.EMBEDDING.TabularEmbedding for 351/468 samples
08/01/2026 01:02:08 AM [pe] [INFO ]  Embedding: finished computing PE.EMBEDDING.TabularEmbedding for 351/468 samples
08/01/2026 01:02:08 AM [pe] [INFO ]  Histogram: finished computing nearest neighbors histogram for 834 private samples and 468 synthetic samples
08/01/2026 01:02:08 AM [pe] [INFO ]  Composite population: generating 117 next synthetic samples
08/01/2026 01:02:08 AM [pe] [INFO ]  PE population: generating 117*3 next synthetic samples
08/01/2026 01:02:08 AM [pe] [INFO ]  VARIATION API: creating variations for 117 samples
08/01/2026 01:02:08 AM [pe] [INFO ]  VARIATION API: finished creating variations for 117 samples
08/01/2026 01:02:08 AM [pe] [INFO ]  VARIATION API: creating variations for 117 samples
08/01/2026 01:02:08 AM [pe] [INFO ]  VARIATION API: finished creating variations for 117 samples
08/01/2026 01:02:08 AM [pe] [INFO ]  VARIATION API: creating variations for 117 samples
08/01/2026 01:02:08 AM [pe] [INFO ]  VARIATION API: finished creating variations for 117 samples
08/01/2026 01:02:08 AM [pe] [INFO ]  PE population: finished generating 117*3 next synthetic samples
08/01/2026 01:02:08 AM [pe] [INFO ]  Composite population: finished generating 117 next synthetic samples
08/01/2026 01:02:08 AM [pe] [INFO ]  Label 2
08/01/2026 01:02:08 AM [pe] [INFO ]  Histogram: computing nearest neighbors histogram for 991 private samples and 552 synthetic samples
08/01/2026 01:02:08 AM [pe] [INFO ]  Embedding: computing PE.EMBEDDING.TabularEmbedding for 991/991 samples
08/01/2026 01:02:08 AM [pe] [INFO ]  Embedding: finished computing PE.EMBEDDING.TabularEmbedding for 991/991 samples
08/01/2026 01:02:08 AM [pe] [INFO ]  Embedding: computing PE.EMBEDDING.TabularEmbedding for 414/552 samples
08/01/2026 01:02:08 AM [pe] [INFO ]  Embedding: finished computing PE.EMBEDDING.TabularEmbedding for 414/552 samples
08/01/2026 01:02:08 AM [pe] [INFO ]  Histogram: finished computing nearest neighbors histogram for 991 private samples and 552 synthetic samples
08/01/2026 01:02:08 AM [pe] [INFO ]  Composite population: generating 138 next synthetic samples
08/01/2026 01:02:08 AM [pe] [INFO ]  PE population: generating 138*3 next synthetic samples
08/01/2026 01:02:08 AM [pe] [INFO ]  VARIATION API: creating variations for 138 samples
08/01/2026 01:02:08 AM [pe] [INFO ]  VARIATION API: finished creating variations for 138 samples
08/01/2026 01:02:08 AM [pe] [INFO ]  VARIATION API: creating variations for 138 samples
08/01/2026 01:02:08 AM [pe] [INFO ]  VARIATION API: finished creating variations for 138 samples
08/01/2026 01:02:08 AM [pe] [INFO ]  VARIATION API: creating variations for 138 samples
08/01/2026 01:02:08 AM [pe] [INFO ]  VARIATION API: finished creating variations for 138 samples
08/01/2026 01:02:09 AM [pe] [INFO ]  PE population: finished generating 138*3 next synthetic samples
08/01/2026 01:02:09 AM [pe] [INFO ]  Composite population: finished generating 138 next synthetic samples
08/01/2026 01:02:09 AM [pe] [INFO ]  Label 3
08/01/2026 01:02:09 AM [pe] [INFO ]  Histogram: computing nearest neighbors histogram for 566 private samples and 316 synthetic samples
08/01/2026 01:02:09 AM [pe] [INFO ]  Embedding: computing PE.EMBEDDING.TabularEmbedding for 566/566 samples
08/01/2026 01:02:09 AM [pe] [INFO ]  Embedding: finished computing PE.EMBEDDING.TabularEmbedding for 566/566 samples
08/01/2026 01:02:09 AM [pe] [INFO ]  Embedding: computing PE.EMBEDDING.TabularEmbedding for 237/316 samples
08/01/2026 01:02:09 AM [pe] [INFO ]  Embedding: finished computing PE.EMBEDDING.TabularEmbedding for 237/316 samples
08/01/2026 01:02:09 AM [pe] [INFO ]  Histogram: finished computing nearest neighbors histogram for 566 private samples and 316 synthetic samples
08/01/2026 01:02:09 AM [pe] [INFO ]  Composite population: generating 79 next synthetic samples
08/01/2026 01:02:09 AM [pe] [INFO ]  PE population: generating 79*3 next synthetic samples
08/01/2026 01:02:09 AM [pe] [INFO ]  VARIATION API: creating variations for 79 samples
08/01/2026 01:02:09 AM [pe] [INFO ]  VARIATION API: finished creating variations for 79 samples
08/01/2026 01:02:09 AM [pe] [INFO ]  VARIATION API: creating variations for 79 samples
08/01/2026 01:02:09 AM [pe] [INFO ]  VARIATION API: finished creating variations for 79 samples
08/01/2026 01:02:09 AM [pe] [INFO ]  VARIATION API: creating variations for 79 samples
08/01/2026 01:02:09 AM [pe] [INFO ]  VARIATION API: finished creating variations for 79 samples
08/01/2026 01:02:09 AM [pe] [INFO ]  PE population: finished generating 79*3 next synthetic samples
08/01/2026 01:02:09 AM [pe] [INFO ]  Composite population: finished generating 79 next synthetic samples
08/01/2026 01:02:09 AM [pe] [INFO ]  Label 4
08/01/2026 01:02:09 AM [pe] [INFO ]  Histogram: computing nearest neighbors histogram for 706 private samples and 396 synthetic samples
08/01/2026 01:02:09 AM [pe] [INFO ]  Embedding: computing PE.EMBEDDING.TabularEmbedding for 706/706 samples
08/01/2026 01:02:09 AM [pe] [INFO ]  Embedding: finished computing PE.EMBEDDING.TabularEmbedding for 706/706 samples
08/01/2026 01:02:09 AM [pe] [INFO ]  Embedding: computing PE.EMBEDDING.TabularEmbedding for 297/396 samples
08/01/2026 01:02:09 AM [pe] [INFO ]  Embedding: finished computing PE.EMBEDDING.TabularEmbedding for 297/396 samples
08/01/2026 01:02:09 AM [pe] [INFO ]  Histogram: finished computing nearest neighbors histogram for 706 private samples and 396 synthetic samples
08/01/2026 01:02:09 AM [pe] [INFO ]  Composite population: generating 99 next synthetic samples
08/01/2026 01:02:09 AM [pe] [INFO ]  PE population: generating 99*3 next synthetic samples
08/01/2026 01:02:09 AM [pe] [INFO ]  VARIATION API: creating variations for 99 samples
08/01/2026 01:02:09 AM [pe] [INFO ]  VARIATION API: finished creating variations for 99 samples
08/01/2026 01:02:09 AM [pe] [INFO ]  VARIATION API: creating variations for 99 samples
08/01/2026 01:02:09 AM [pe] [INFO ]  VARIATION API: finished creating variations for 99 samples
08/01/2026 01:02:09 AM [pe] [INFO ]  VARIATION API: creating variations for 99 samples
08/01/2026 01:02:09 AM [pe] [INFO ]  VARIATION API: finished creating variations for 99 samples
08/01/2026 01:02:09 AM [pe] [INFO ]  PE population: finished generating 99*3 next synthetic samples
08/01/2026 01:02:09 AM [pe] [INFO ]  Composite population: finished generating 99 next synthetic samples
08/01/2026 01:02:09 AM [pe] [INFO ]  Label 5
08/01/2026 01:02:09 AM [pe] [INFO ]  Histogram: computing nearest neighbors histogram for 700 private samples and 392 synthetic samples
08/01/2026 01:02:09 AM [pe] [INFO ]  Embedding: computing PE.EMBEDDING.TabularEmbedding for 700/700 samples
08/01/2026 01:02:09 AM [pe] [INFO ]  Embedding: finished computing PE.EMBEDDING.TabularEmbedding for 700/700 samples
08/01/2026 01:02:09 AM [pe] [INFO ]  Embedding: computing PE.EMBEDDING.TabularEmbedding for 294/392 samples
08/01/2026 01:02:09 AM [pe] [INFO ]  Embedding: finished computing PE.EMBEDDING.TabularEmbedding for 294/392 samples
08/01/2026 01:02:09 AM [pe] [INFO ]  Histogram: finished computing nearest neighbors histogram for 700 private samples and 392 synthetic samples
08/01/2026 01:02:09 AM [pe] [INFO ]  Composite population: generating 98 next synthetic samples
08/01/2026 01:02:09 AM [pe] [INFO ]  PE population: generating 98*3 next synthetic samples
08/01/2026 01:02:09 AM [pe] [INFO ]  VARIATION API: creating variations for 98 samples
08/01/2026 01:02:09 AM [pe] [INFO ]  VARIATION API: finished creating variations for 98 samples
08/01/2026 01:02:09 AM [pe] [INFO ]  VARIATION API: creating variations for 98 samples
08/01/2026 01:02:09 AM [pe] [INFO ]  VARIATION API: finished creating variations for 98 samples
08/01/2026 01:02:09 AM [pe] [INFO ]  VARIATION API: creating variations for 98 samples
08/01/2026 01:02:09 AM [pe] [INFO ]  VARIATION API: finished creating variations for 98 samples
08/01/2026 01:02:09 AM [pe] [INFO ]  PE population: finished generating 98*3 next synthetic samples
08/01/2026 01:02:09 AM [pe] [INFO ]  Composite population: finished generating 98 next synthetic samples
08/01/2026 01:02:09 AM [pe] [INFO ]  Label 6
08/01/2026 01:02:09 AM [pe] [INFO ]  Histogram: computing nearest neighbors histogram for 560 private samples and 312 synthetic samples
08/01/2026 01:02:09 AM [pe] [INFO ]  Embedding: computing PE.EMBEDDING.TabularEmbedding for 560/560 samples
08/01/2026 01:02:09 AM [pe] [INFO ]  Embedding: finished computing PE.EMBEDDING.TabularEmbedding for 560/560 samples
08/01/2026 01:02:09 AM [pe] [INFO ]  Embedding: computing PE.EMBEDDING.TabularEmbedding for 234/312 samples
08/01/2026 01:02:09 AM [pe] [INFO ]  Embedding: finished computing PE.EMBEDDING.TabularEmbedding for 234/312 samples
08/01/2026 01:02:09 AM [pe] [INFO ]  Histogram: finished computing nearest neighbors histogram for 560 private samples and 312 synthetic samples
08/01/2026 01:02:09 AM [pe] [INFO ]  Composite population: generating 78 next synthetic samples
08/01/2026 01:02:09 AM [pe] [INFO ]  PE population: generating 78*3 next synthetic samples
08/01/2026 01:02:09 AM [pe] [INFO ]  VARIATION API: creating variations for 78 samples
08/01/2026 01:02:09 AM [pe] [INFO ]  VARIATION API: finished creating variations for 78 samples
08/01/2026 01:02:09 AM [pe] [INFO ]  VARIATION API: creating variations for 78 samples
08/01/2026 01:02:09 AM [pe] [INFO ]  VARIATION API: finished creating variations for 78 samples
08/01/2026 01:02:09 AM [pe] [INFO ]  VARIATION API: creating variations for 78 samples
08/01/2026 01:02:09 AM [pe] [INFO ]  VARIATION API: finished creating variations for 78 samples
08/01/2026 01:02:09 AM [pe] [INFO ]  PE population: finished generating 78*3 next synthetic samples
08/01/2026 01:02:09 AM [pe] [INFO ]  Composite population: finished generating 78 next synthetic samples
08/01/2026 01:02:09 AM [pe] [INFO ]  Label 7
08/01/2026 01:02:09 AM [pe] [INFO ]  Histogram: computing nearest neighbors histogram for 838 private samples and 468 synthetic samples
08/01/2026 01:02:09 AM [pe] [INFO ]  Embedding: computing PE.EMBEDDING.TabularEmbedding for 838/838 samples
08/01/2026 01:02:09 AM [pe] [INFO ]  Embedding: finished computing PE.EMBEDDING.TabularEmbedding for 838/838 samples
08/01/2026 01:02:09 AM [pe] [INFO ]  Embedding: computing PE.EMBEDDING.TabularEmbedding for 351/468 samples
08/01/2026 01:02:09 AM [pe] [INFO ]  Embedding: finished computing PE.EMBEDDING.TabularEmbedding for 351/468 samples
08/01/2026 01:02:09 AM [pe] [INFO ]  Histogram: finished computing nearest neighbors histogram for 838 private samples and 468 synthetic samples
08/01/2026 01:02:09 AM [pe] [INFO ]  Composite population: generating 117 next synthetic samples
08/01/2026 01:02:09 AM [pe] [INFO ]  PE population: generating 117*3 next synthetic samples
08/01/2026 01:02:09 AM [pe] [INFO ]  VARIATION API: creating variations for 117 samples
08/01/2026 01:02:09 AM [pe] [INFO ]  VARIATION API: finished creating variations for 117 samples
08/01/2026 01:02:09 AM [pe] [INFO ]  VARIATION API: creating variations for 117 samples
08/01/2026 01:02:09 AM [pe] [INFO ]  VARIATION API: finished creating variations for 117 samples
08/01/2026 01:02:09 AM [pe] [INFO ]  VARIATION API: creating variations for 117 samples
08/01/2026 01:02:09 AM [pe] [INFO ]  VARIATION API: finished creating variations for 117 samples
08/01/2026 01:02:09 AM [pe] [INFO ]  PE population: finished generating 117*3 next synthetic samples
08/01/2026 01:02:09 AM [pe] [INFO ]  Composite population: finished generating 117 next synthetic samples
08/01/2026 01:02:09 AM [pe] [INFO ]  Label 8
08/01/2026 01:02:09 AM [pe] [INFO ]  Histogram: computing nearest neighbors histogram for 700 private samples and 392 synthetic samples
08/01/2026 01:02:10 AM [pe] [INFO ]  Embedding: computing PE.EMBEDDING.TabularEmbedding for 700/700 samples
08/01/2026 01:02:10 AM [pe] [INFO ]  Embedding: finished computing PE.EMBEDDING.TabularEmbedding for 700/700 samples
08/01/2026 01:02:10 AM [pe] [INFO ]  Embedding: computing PE.EMBEDDING.TabularEmbedding for 294/392 samples
08/01/2026 01:02:10 AM [pe] [INFO ]  Embedding: finished computing PE.EMBEDDING.TabularEmbedding for 294/392 samples
08/01/2026 01:02:10 AM [pe] [INFO ]  Histogram: finished computing nearest neighbors histogram for 700 private samples and 392 synthetic samples
08/01/2026 01:02:10 AM [pe] [INFO ]  Composite population: generating 98 next synthetic samples
08/01/2026 01:02:10 AM [pe] [INFO ]  PE population: generating 98*3 next synthetic samples
08/01/2026 01:02:10 AM [pe] [INFO ]  VARIATION API: creating variations for 98 samples
08/01/2026 01:02:10 AM [pe] [INFO ]  VARIATION API: finished creating variations for 98 samples
08/01/2026 01:02:10 AM [pe] [INFO ]  VARIATION API: creating variations for 98 samples
08/01/2026 01:02:10 AM [pe] [INFO ]  VARIATION API: finished creating variations for 98 samples
08/01/2026 01:02:10 AM [pe] [INFO ]  VARIATION API: creating variations for 98 samples
08/01/2026 01:02:10 AM [pe] [INFO ]  VARIATION API: finished creating variations for 98 samples
08/01/2026 01:02:10 AM [pe] [INFO ]  PE population: finished generating 98*3 next synthetic samples
08/01/2026 01:02:10 AM [pe] [INFO ]  Composite population: finished generating 98 next synthetic samples
08/01/2026 01:02:10 AM [pe] [INFO ]  Label 9
08/01/2026 01:02:10 AM [pe] [INFO ]  Histogram: computing nearest neighbors histogram for 420 private samples and 236 synthetic samples
08/01/2026 01:02:10 AM [pe] [INFO ]  Embedding: computing PE.EMBEDDING.TabularEmbedding for 420/420 samples
08/01/2026 01:02:10 AM [pe] [INFO ]  Embedding: finished computing PE.EMBEDDING.TabularEmbedding for 420/420 samples
08/01/2026 01:02:10 AM [pe] [INFO ]  Embedding: computing PE.EMBEDDING.TabularEmbedding for 177/236 samples
08/01/2026 01:02:10 AM [pe] [INFO ]  Embedding: finished computing PE.EMBEDDING.TabularEmbedding for 177/236 samples
08/01/2026 01:02:10 AM [pe] [INFO ]  Histogram: finished computing nearest neighbors histogram for 420 private samples and 236 synthetic samples
08/01/2026 01:02:10 AM [pe] [INFO ]  Composite population: generating 59 next synthetic samples
08/01/2026 01:02:10 AM [pe] [INFO ]  PE population: generating 59*3 next synthetic samples
08/01/2026 01:02:10 AM [pe] [INFO ]  VARIATION API: creating variations for 59 samples
08/01/2026 01:02:10 AM [pe] [INFO ]  VARIATION API: finished creating variations for 59 samples
08/01/2026 01:02:10 AM [pe] [INFO ]  VARIATION API: creating variations for 59 samples
08/01/2026 01:02:10 AM [pe] [INFO ]  VARIATION API: finished creating variations for 59 samples
08/01/2026 01:02:10 AM [pe] [INFO ]  VARIATION API: creating variations for 59 samples
08/01/2026 01:02:10 AM [pe] [INFO ]  VARIATION API: finished creating variations for 59 samples
08/01/2026 01:02:10 AM [pe] [INFO ]  PE population: finished generating 59*3 next synthetic samples
08/01/2026 01:02:10 AM [pe] [INFO ]  Composite population: finished generating 59 next synthetic samples
08/01/2026 01:02:10 AM [pe] [INFO ]  Saving the synthetic tabular data to a CSV file
08/01/2026 01:02:10 AM [pe] [INFO ]  Finished saving the synthetic tabular data to a CSV file
08/01/2026 01:02:10 AM [pe] [INFO ]  Evaluating tabular classifier
08/01/2026 01:02:10 AM [pe] [INFO ]  Number of samples after filtering: 1000
08/01/2026 01:02:39 AM [pe] [INFO ]  Tabular classifier test accuracy: 42.34%
08/01/2026 01:02:39 AM [pe] [INFO ]  Tabular classifier test (macro) F1 score: 41.49
08/01/2026 01:02:39 AM [pe] [INFO ]  Finished evaluating tabular classifier (tabular_classifier_tabicl_filter_{'PE.VARIATION_API_FOLD_ID':-1})
08/01/2026 01:02:39 AM [pe] [INFO ]  Computing 5way-WSD ({'PE.VARIATION_API_FOLD_ID':-1})
08/01/2026 01:02:39 AM [pe] [INFO ]  Number of samples after filtering: 1000
08/01/2026 01:03:01 AM [pe] [INFO ]  5way-wsd_1000samples_42seed_{'PE.VARIATION_API_FOLD_ID':-1}: 0.19653374
08/01/2026 01:03:01 AM [pe] [INFO ]  Finished computing 5way-WSD ({'PE.VARIATION_API_FOLD_ID':-1})
08/01/2026 01:03:01 AM [pe] [INFO ]  Computing 6way-WSD ({'PE.VARIATION_API_FOLD_ID':-1})
08/01/2026 01:03:01 AM [pe] [INFO ]  Number of samples after filtering: 1000
08/01/2026 01:03:12 AM [pe] [INFO ]  6way-wsd_1000samples_42seed_{'PE.VARIATION_API_FOLD_ID':-1}: 0.24106338
08/01/2026 01:03:12 AM [pe] [INFO ]  Finished computing 6way-WSD ({'PE.VARIATION_API_FOLD_ID':-1})
08/01/2026 01:03:12 AM [pe] [INFO ]  Computing 7way-WSD ({'PE.VARIATION_API_FOLD_ID':-1})
08/01/2026 01:03:12 AM [pe] [INFO ]  Number of samples after filtering: 1000
08/01/2026 01:03:15 AM [pe] [INFO ]  7way-wsd_1000samples_42seed_{'PE.VARIATION_API_FOLD_ID':-1}: 0.28185752
08/01/2026 01:03:15 AM [pe] [INFO ]  Finished computing 7way-WSD ({'PE.VARIATION_API_FOLD_ID':-1})
08/01/2026 01:03:15 AM [pe] [INFO ]  Iteration: 8
08/01/2026 01:03:15 AM [pe] [INFO ]  	tabular_classifier_tabicl_filter_{'PE.VARIATION_API_FOLD_ID':-1}_test_acc: 42.33529028
08/01/2026 01:03:15 AM [pe] [INFO ]  	tabular_classifier_tabicl_filter_{'PE.VARIATION_API_FOLD_ID':-1}_test_f1: 41.48925091
08/01/2026 01:03:15 AM [pe] [INFO ]  	5way-wsd_1000samples_42seed_{'PE.VARIATION_API_FOLD_ID':-1}: 0.19653374
08/01/2026 01:03:15 AM [pe] [INFO ]  	6way-wsd_1000samples_42seed_{'PE.VARIATION_API_FOLD_ID':-1}: 0.24106338
08/01/2026 01:03:15 AM [pe] [INFO ]  	7way-wsd_1000samples_42seed_{'PE.VARIATION_API_FOLD_ID':-1}: 0.28185752
08/01/2026 01:03:15 AM [pe] [INFO ]  PE iteration 9
08/01/2026 01:03:15 AM [pe] [WARNI]  fraction_per_label_id is not provided. Assuming the fraction of label ids in private data is public information.
08/01/2026 01:03:15 AM [pe] [INFO ]  Label 0
08/01/2026 01:03:15 AM [pe] [INFO ]  Histogram: computing nearest neighbors histogram for 837 private samples and 468 synthetic samples
08/01/2026 01:03:15 AM [pe] [INFO ]  Embedding: PE.EMBEDDING.TabularEmbedding already computed
08/01/2026 01:03:15 AM [pe] [INFO ]  Embedding: computing PE.EMBEDDING.TabularEmbedding for 351/468 samples
08/01/2026 01:03:15 AM [pe] [INFO ]  Embedding: finished computing PE.EMBEDDING.TabularEmbedding for 351/468 samples
08/01/2026 01:03:15 AM [pe] [INFO ]  Histogram: finished computing nearest neighbors histogram for 837 private samples and 468 synthetic samples
08/01/2026 01:03:15 AM [pe] [INFO ]  Composite population: generating 117 next synthetic samples
08/01/2026 01:03:15 AM [pe] [INFO ]  PE population: generating 117*3 next synthetic samples
08/01/2026 01:03:15 AM [pe] [INFO ]  VARIATION API: creating variations for 117 samples
08/01/2026 01:03:15 AM [pe] [INFO ]  VARIATION API: finished creating variations for 117 samples
08/01/2026 01:03:15 AM [pe] [INFO ]  VARIATION API: creating variations for 117 samples
08/01/2026 01:03:15 AM [pe] [INFO ]  VARIATION API: finished creating variations for 117 samples
08/01/2026 01:03:15 AM [pe] [INFO ]  VARIATION API: creating variations for 117 samples
08/01/2026 01:03:15 AM [pe] [INFO ]  VARIATION API: finished creating variations for 117 samples
08/01/2026 01:03:15 AM [pe] [INFO ]  PE population: finished generating 117*3 next synthetic samples
08/01/2026 01:03:15 AM [pe] [INFO ]  Composite population: finished generating 117 next synthetic samples
08/01/2026 01:03:15 AM [pe] [INFO ]  Label 1
08/01/2026 01:03:15 AM [pe] [INFO ]  Histogram: computing nearest neighbors histogram for 834 private samples and 468 synthetic samples
08/01/2026 01:03:15 AM [pe] [INFO ]  Embedding: PE.EMBEDDING.TabularEmbedding already computed
08/01/2026 01:03:15 AM [pe] [INFO ]  Embedding: computing PE.EMBEDDING.TabularEmbedding for 351/468 samples
08/01/2026 01:03:15 AM [pe] [INFO ]  Embedding: finished computing PE.EMBEDDING.TabularEmbedding for 351/468 samples
08/01/2026 01:03:15 AM [pe] [INFO ]  Histogram: finished computing nearest neighbors histogram for 834 private samples and 468 synthetic samples
08/01/2026 01:03:15 AM [pe] [INFO ]  Composite population: generating 117 next synthetic samples
08/01/2026 01:03:15 AM [pe] [INFO ]  PE population: generating 117*3 next synthetic samples
08/01/2026 01:03:15 AM [pe] [INFO ]  VARIATION API: creating variations for 117 samples
08/01/2026 01:03:15 AM [pe] [INFO ]  VARIATION API: finished creating variations for 117 samples
08/01/2026 01:03:15 AM [pe] [INFO ]  VARIATION API: creating variations for 117 samples
08/01/2026 01:03:15 AM [pe] [INFO ]  VARIATION API: finished creating variations for 117 samples
08/01/2026 01:03:15 AM [pe] [INFO ]  VARIATION API: creating variations for 117 samples
08/01/2026 01:03:15 AM [pe] [INFO ]  VARIATION API: finished creating variations for 117 samples
08/01/2026 01:03:15 AM [pe] [INFO ]  PE population: finished generating 117*3 next synthetic samples
08/01/2026 01:03:15 AM [pe] [INFO ]  Composite population: finished generating 117 next synthetic samples
08/01/2026 01:03:15 AM [pe] [INFO ]  Label 2
08/01/2026 01:03:15 AM [pe] [INFO ]  Histogram: computing nearest neighbors histogram for 991 private samples and 552 synthetic samples
08/01/2026 01:03:15 AM [pe] [INFO ]  Embedding: PE.EMBEDDING.TabularEmbedding already computed
08/01/2026 01:03:16 AM [pe] [INFO ]  Embedding: computing PE.EMBEDDING.TabularEmbedding for 414/552 samples
08/01/2026 01:03:16 AM [pe] [INFO ]  Embedding: finished computing PE.EMBEDDING.TabularEmbedding for 414/552 samples
08/01/2026 01:03:16 AM [pe] [INFO ]  Histogram: finished computing nearest neighbors histogram for 991 private samples and 552 synthetic samples
08/01/2026 01:03:16 AM [pe] [INFO ]  Composite population: generating 138 next synthetic samples
08/01/2026 01:03:16 AM [pe] [INFO ]  PE population: generating 138*3 next synthetic samples
08/01/2026 01:03:16 AM [pe] [INFO ]  VARIATION API: creating variations for 138 samples
08/01/2026 01:03:16 AM [pe] [INFO ]  VARIATION API: finished creating variations for 138 samples
08/01/2026 01:03:16 AM [pe] [INFO ]  VARIATION API: creating variations for 138 samples
08/01/2026 01:03:16 AM [pe] [INFO ]  VARIATION API: finished creating variations for 138 samples
08/01/2026 01:03:16 AM [pe] [INFO ]  VARIATION API: creating variations for 138 samples
08/01/2026 01:03:16 AM [pe] [INFO ]  VARIATION API: finished creating variations for 138 samples
08/01/2026 01:03:16 AM [pe] [INFO ]  PE population: finished generating 138*3 next synthetic samples
08/01/2026 01:03:16 AM [pe] [INFO ]  Composite population: finished generating 138 next synthetic samples
08/01/2026 01:03:16 AM [pe] [INFO ]  Label 3
08/01/2026 01:03:16 AM [pe] [INFO ]  Histogram: computing nearest neighbors histogram for 566 private samples and 316 synthetic samples
08/01/2026 01:03:16 AM [pe] [INFO ]  Embedding: PE.EMBEDDING.TabularEmbedding already computed
08/01/2026 01:03:16 AM [pe] [INFO ]  Embedding: computing PE.EMBEDDING.TabularEmbedding for 237/316 samples
08/01/2026 01:03:16 AM [pe] [INFO ]  Embedding: finished computing PE.EMBEDDING.TabularEmbedding for 237/316 samples
08/01/2026 01:03:16 AM [pe] [INFO ]  Histogram: finished computing nearest neighbors histogram for 566 private samples and 316 synthetic samples
08/01/2026 01:03:16 AM [pe] [INFO ]  Composite population: generating 79 next synthetic samples
08/01/2026 01:03:16 AM [pe] [INFO ]  PE population: generating 79*3 next synthetic samples
08/01/2026 01:03:16 AM [pe] [INFO ]  VARIATION API: creating variations for 79 samples
08/01/2026 01:03:16 AM [pe] [INFO ]  VARIATION API: finished creating variations for 79 samples
08/01/2026 01:03:16 AM [pe] [INFO ]  VARIATION API: creating variations for 79 samples
08/01/2026 01:03:16 AM [pe] [INFO ]  VARIATION API: finished creating variations for 79 samples
08/01/2026 01:03:16 AM [pe] [INFO ]  VARIATION API: creating variations for 79 samples
08/01/2026 01:03:16 AM [pe] [INFO ]  VARIATION API: finished creating variations for 79 samples
08/01/2026 01:03:16 AM [pe] [INFO ]  PE population: finished generating 79*3 next synthetic samples
08/01/2026 01:03:16 AM [pe] [INFO ]  Composite population: finished generating 79 next synthetic samples
08/01/2026 01:03:16 AM [pe] [INFO ]  Label 4
08/01/2026 01:03:16 AM [pe] [INFO ]  Histogram: computing nearest neighbors histogram for 706 private samples and 396 synthetic samples
08/01/2026 01:03:16 AM [pe] [INFO ]  Embedding: PE.EMBEDDING.TabularEmbedding already computed
08/01/2026 01:03:16 AM [pe] [INFO ]  Embedding: computing PE.EMBEDDING.TabularEmbedding for 297/396 samples
08/01/2026 01:03:16 AM [pe] [INFO ]  Embedding: finished computing PE.EMBEDDING.TabularEmbedding for 297/396 samples
08/01/2026 01:03:16 AM [pe] [INFO ]  Histogram: finished computing nearest neighbors histogram for 706 private samples and 396 synthetic samples
08/01/2026 01:03:16 AM [pe] [INFO ]  Composite population: generating 99 next synthetic samples
08/01/2026 01:03:16 AM [pe] [INFO ]  PE population: generating 99*3 next synthetic samples
08/01/2026 01:03:16 AM [pe] [INFO ]  VARIATION API: creating variations for 99 samples
08/01/2026 01:03:16 AM [pe] [INFO ]  VARIATION API: finished creating variations for 99 samples
08/01/2026 01:03:16 AM [pe] [INFO ]  VARIATION API: creating variations for 99 samples
08/01/2026 01:03:16 AM [pe] [INFO ]  VARIATION API: finished creating variations for 99 samples
08/01/2026 01:03:16 AM [pe] [INFO ]  VARIATION API: creating variations for 99 samples
08/01/2026 01:03:16 AM [pe] [INFO ]  VARIATION API: finished creating variations for 99 samples
08/01/2026 01:03:16 AM [pe] [INFO ]  PE population: finished generating 99*3 next synthetic samples
08/01/2026 01:03:16 AM [pe] [INFO ]  Composite population: finished generating 99 next synthetic samples
08/01/2026 01:03:16 AM [pe] [INFO ]  Label 5
08/01/2026 01:03:16 AM [pe] [INFO ]  Histogram: computing nearest neighbors histogram for 700 private samples and 392 synthetic samples
08/01/2026 01:03:16 AM [pe] [INFO ]  Embedding: PE.EMBEDDING.TabularEmbedding already computed
08/01/2026 01:03:16 AM [pe] [INFO ]  Embedding: computing PE.EMBEDDING.TabularEmbedding for 294/392 samples
08/01/2026 01:03:16 AM [pe] [INFO ]  Embedding: finished computing PE.EMBEDDING.TabularEmbedding for 294/392 samples
08/01/2026 01:03:16 AM [pe] [INFO ]  Histogram: finished computing nearest neighbors histogram for 700 private samples and 392 synthetic samples
08/01/2026 01:03:16 AM [pe] [INFO ]  Composite population: generating 98 next synthetic samples
08/01/2026 01:03:16 AM [pe] [INFO ]  PE population: generating 98*3 next synthetic samples
08/01/2026 01:03:16 AM [pe] [INFO ]  VARIATION API: creating variations for 98 samples
08/01/2026 01:03:16 AM [pe] [INFO ]  VARIATION API: finished creating variations for 98 samples
08/01/2026 01:03:16 AM [pe] [INFO ]  VARIATION API: creating variations for 98 samples
08/01/2026 01:03:16 AM [pe] [INFO ]  VARIATION API: finished creating variations for 98 samples
08/01/2026 01:03:16 AM [pe] [INFO ]  VARIATION API: creating variations for 98 samples
08/01/2026 01:03:16 AM [pe] [INFO ]  VARIATION API: finished creating variations for 98 samples
08/01/2026 01:03:16 AM [pe] [INFO ]  PE population: finished generating 98*3 next synthetic samples
08/01/2026 01:03:16 AM [pe] [INFO ]  Composite population: finished generating 98 next synthetic samples
08/01/2026 01:03:16 AM [pe] [INFO ]  Label 6
08/01/2026 01:03:16 AM [pe] [INFO ]  Histogram: computing nearest neighbors histogram for 560 private samples and 312 synthetic samples
08/01/2026 01:03:16 AM [pe] [INFO ]  Embedding: PE.EMBEDDING.TabularEmbedding already computed
08/01/2026 01:03:16 AM [pe] [INFO ]  Embedding: computing PE.EMBEDDING.TabularEmbedding for 234/312 samples
08/01/2026 01:03:16 AM [pe] [INFO ]  Embedding: finished computing PE.EMBEDDING.TabularEmbedding for 234/312 samples
08/01/2026 01:03:16 AM [pe] [INFO ]  Histogram: finished computing nearest neighbors histogram for 560 private samples and 312 synthetic samples
08/01/2026 01:03:16 AM [pe] [INFO ]  Composite population: generating 78 next synthetic samples
08/01/2026 01:03:16 AM [pe] [INFO ]  PE population: generating 78*3 next synthetic samples
08/01/2026 01:03:16 AM [pe] [INFO ]  VARIATION API: creating variations for 78 samples
08/01/2026 01:03:16 AM [pe] [INFO ]  VARIATION API: finished creating variations for 78 samples
08/01/2026 01:03:16 AM [pe] [INFO ]  VARIATION API: creating variations for 78 samples
08/01/2026 01:03:16 AM [pe] [INFO ]  VARIATION API: finished creating variations for 78 samples
08/01/2026 01:03:16 AM [pe] [INFO ]  VARIATION API: creating variations for 78 samples
08/01/2026 01:03:16 AM [pe] [INFO ]  VARIATION API: finished creating variations for 78 samples
08/01/2026 01:03:16 AM [pe] [INFO ]  PE population: finished generating 78*3 next synthetic samples
08/01/2026 01:03:16 AM [pe] [INFO ]  Composite population: finished generating 78 next synthetic samples
08/01/2026 01:03:16 AM [pe] [INFO ]  Label 7
08/01/2026 01:03:16 AM [pe] [INFO ]  Histogram: computing nearest neighbors histogram for 838 private samples and 468 synthetic samples
08/01/2026 01:03:16 AM [pe] [INFO ]  Embedding: PE.EMBEDDING.TabularEmbedding already computed
08/01/2026 01:03:16 AM [pe] [INFO ]  Embedding: computing PE.EMBEDDING.TabularEmbedding for 351/468 samples
08/01/2026 01:03:16 AM [pe] [INFO ]  Embedding: finished computing PE.EMBEDDING.TabularEmbedding for 351/468 samples
08/01/2026 01:03:16 AM [pe] [INFO ]  Histogram: finished computing nearest neighbors histogram for 838 private samples and 468 synthetic samples
08/01/2026 01:03:16 AM [pe] [INFO ]  Composite population: generating 117 next synthetic samples
08/01/2026 01:03:16 AM [pe] [INFO ]  PE population: generating 117*3 next synthetic samples
08/01/2026 01:03:16 AM [pe] [INFO ]  VARIATION API: creating variations for 117 samples
08/01/2026 01:03:16 AM [pe] [INFO ]  VARIATION API: finished creating variations for 117 samples
08/01/2026 01:03:16 AM [pe] [INFO ]  VARIATION API: creating variations for 117 samples
08/01/2026 01:03:16 AM [pe] [INFO ]  VARIATION API: finished creating variations for 117 samples
08/01/2026 01:03:16 AM [pe] [INFO ]  VARIATION API: creating variations for 117 samples
08/01/2026 01:03:16 AM [pe] [INFO ]  VARIATION API: finished creating variations for 117 samples
08/01/2026 01:03:16 AM [pe] [INFO ]  PE population: finished generating 117*3 next synthetic samples
08/01/2026 01:03:16 AM [pe] [INFO ]  Composite population: finished generating 117 next synthetic samples
08/01/2026 01:03:16 AM [pe] [INFO ]  Label 8
08/01/2026 01:03:16 AM [pe] [INFO ]  Histogram: computing nearest neighbors histogram for 700 private samples and 392 synthetic samples
08/01/2026 01:03:16 AM [pe] [INFO ]  Embedding: PE.EMBEDDING.TabularEmbedding already computed
08/01/2026 01:03:16 AM [pe] [INFO ]  Embedding: computing PE.EMBEDDING.TabularEmbedding for 294/392 samples
08/01/2026 01:03:16 AM [pe] [INFO ]  Embedding: finished computing PE.EMBEDDING.TabularEmbedding for 294/392 samples
08/01/2026 01:03:16 AM [pe] [INFO ]  Histogram: finished computing nearest neighbors histogram for 700 private samples and 392 synthetic samples
08/01/2026 01:03:16 AM [pe] [INFO ]  Composite population: generating 98 next synthetic samples
08/01/2026 01:03:16 AM [pe] [INFO ]  PE population: generating 98*3 next synthetic samples
08/01/2026 01:03:16 AM [pe] [INFO ]  VARIATION API: creating variations for 98 samples
08/01/2026 01:03:16 AM [pe] [INFO ]  VARIATION API: finished creating variations for 98 samples
08/01/2026 01:03:16 AM [pe] [INFO ]  VARIATION API: creating variations for 98 samples
08/01/2026 01:03:16 AM [pe] [INFO ]  VARIATION API: finished creating variations for 98 samples
08/01/2026 01:03:16 AM [pe] [INFO ]  VARIATION API: creating variations for 98 samples
08/01/2026 01:03:16 AM [pe] [INFO ]  VARIATION API: finished creating variations for 98 samples
08/01/2026 01:03:16 AM [pe] [INFO ]  PE population: finished generating 98*3 next synthetic samples
08/01/2026 01:03:16 AM [pe] [INFO ]  Composite population: finished generating 98 next synthetic samples
08/01/2026 01:03:16 AM [pe] [INFO ]  Label 9
08/01/2026 01:03:16 AM [pe] [INFO ]  Histogram: computing nearest neighbors histogram for 420 private samples and 236 synthetic samples
08/01/2026 01:03:16 AM [pe] [INFO ]  Embedding: PE.EMBEDDING.TabularEmbedding already computed
08/01/2026 01:03:16 AM [pe] [INFO ]  Embedding: computing PE.EMBEDDING.TabularEmbedding for 177/236 samples
08/01/2026 01:03:16 AM [pe] [INFO ]  Embedding: finished computing PE.EMBEDDING.TabularEmbedding for 177/236 samples
08/01/2026 01:03:16 AM [pe] [INFO ]  Histogram: finished computing nearest neighbors histogram for 420 private samples and 236 synthetic samples
08/01/2026 01:03:16 AM [pe] [INFO ]  Composite population: generating 59 next synthetic samples
08/01/2026 01:03:16 AM [pe] [INFO ]  PE population: generating 59*3 next synthetic samples
08/01/2026 01:03:16 AM [pe] [INFO ]  VARIATION API: creating variations for 59 samples
08/01/2026 01:03:16 AM [pe] [INFO ]  VARIATION API: finished creating variations for 59 samples
08/01/2026 01:03:16 AM [pe] [INFO ]  VARIATION API: creating variations for 59 samples
08/01/2026 01:03:16 AM [pe] [INFO ]  VARIATION API: finished creating variations for 59 samples
08/01/2026 01:03:16 AM [pe] [INFO ]  VARIATION API: creating variations for 59 samples
08/01/2026 01:03:16 AM [pe] [INFO ]  VARIATION API: finished creating variations for 59 samples
08/01/2026 01:03:16 AM [pe] [INFO ]  PE population: finished generating 59*3 next synthetic samples
08/01/2026 01:03:16 AM [pe] [INFO ]  Composite population: finished generating 59 next synthetic samples
08/01/2026 01:03:16 AM [pe] [INFO ]  Saving the synthetic tabular data to a CSV file
08/01/2026 01:03:17 AM [pe] [INFO ]  Finished saving the synthetic tabular data to a CSV file
08/01/2026 01:03:17 AM [pe] [INFO ]  Evaluating tabular classifier
08/01/2026 01:03:17 AM [pe] [INFO ]  Number of samples after filtering: 1000
08/01/2026 01:03:45 AM [pe] [INFO ]  Tabular classifier test accuracy: 41.55%
08/01/2026 01:03:45 AM [pe] [INFO ]  Tabular classifier test (macro) F1 score: 40.77
08/01/2026 01:03:45 AM [pe] [INFO ]  Finished evaluating tabular classifier (tabular_classifier_tabicl_filter_{'PE.VARIATION_API_FOLD_ID':-1})
08/01/2026 01:03:45 AM [pe] [INFO ]  Computing 5way-WSD ({'PE.VARIATION_API_FOLD_ID':-1})
08/01/2026 01:03:45 AM [pe] [INFO ]  Number of samples after filtering: 1000
08/01/2026 01:04:07 AM [pe] [INFO ]  5way-wsd_1000samples_42seed_{'PE.VARIATION_API_FOLD_ID':-1}: 0.18893458
08/01/2026 01:04:07 AM [pe] [INFO ]  Finished computing 5way-WSD ({'PE.VARIATION_API_FOLD_ID':-1})
08/01/2026 01:04:07 AM [pe] [INFO ]  Computing 6way-WSD ({'PE.VARIATION_API_FOLD_ID':-1})
08/01/2026 01:04:07 AM [pe] [INFO ]  Number of samples after filtering: 1000
08/01/2026 01:04:18 AM [pe] [INFO ]  6way-wsd_1000samples_42seed_{'PE.VARIATION_API_FOLD_ID':-1}: 0.23216479
08/01/2026 01:04:18 AM [pe] [INFO ]  Finished computing 6way-WSD ({'PE.VARIATION_API_FOLD_ID':-1})
08/01/2026 01:04:18 AM [pe] [INFO ]  Computing 7way-WSD ({'PE.VARIATION_API_FOLD_ID':-1})
08/01/2026 01:04:18 AM [pe] [INFO ]  Number of samples after filtering: 1000
08/01/2026 01:04:21 AM [pe] [INFO ]  7way-wsd_1000samples_42seed_{'PE.VARIATION_API_FOLD_ID':-1}: 0.27208327
08/01/2026 01:04:21 AM [pe] [INFO ]  Finished computing 7way-WSD ({'PE.VARIATION_API_FOLD_ID':-1})
08/01/2026 01:04:21 AM [pe] [INFO ]  Iteration: 9
08/01/2026 01:04:21 AM [pe] [INFO ]  	tabular_classifier_tabicl_filter_{'PE.VARIATION_API_FOLD_ID':-1}_test_acc: 41.55251142
08/01/2026 01:04:21 AM [pe] [INFO ]  	tabular_classifier_tabicl_filter_{'PE.VARIATION_API_FOLD_ID':-1}_test_f1: 40.76756329
08/01/2026 01:04:21 AM [pe] [INFO ]  	5way-wsd_1000samples_42seed_{'PE.VARIATION_API_FOLD_ID':-1}: 0.18893458
08/01/2026 01:04:21 AM [pe] [INFO ]  	6way-wsd_1000samples_42seed_{'PE.VARIATION_API_FOLD_ID':-1}: 0.23216479
08/01/2026 01:04:21 AM [pe] [INFO ]  	7way-wsd_1000samples_42seed_{'PE.VARIATION_API_FOLD_ID':-1}: 0.27208327
08/01/2026 01:04:21 AM [pe] [INFO ]  PE iteration 10
08/01/2026 01:04:21 AM [pe] [WARNI]  fraction_per_label_id is not provided. Assuming the fraction of label ids in private data is public information.
08/01/2026 01:04:21 AM [pe] [INFO ]  Label 0
08/01/2026 01:04:21 AM [pe] [INFO ]  Histogram: computing nearest neighbors histogram for 837 private samples and 468 synthetic samples
08/01/2026 01:04:21 AM [pe] [INFO ]  Embedding: PE.EMBEDDING.TabularEmbedding already computed
08/01/2026 01:04:21 AM [pe] [INFO ]  Embedding: computing PE.EMBEDDING.TabularEmbedding for 351/468 samples
08/01/2026 01:04:21 AM [pe] [INFO ]  Embedding: finished computing PE.EMBEDDING.TabularEmbedding for 351/468 samples
08/01/2026 01:04:21 AM [pe] [INFO ]  Histogram: finished computing nearest neighbors histogram for 837 private samples and 468 synthetic samples
08/01/2026 01:04:21 AM [pe] [INFO ]  Composite population: generating 117 next synthetic samples
08/01/2026 01:04:21 AM [pe] [INFO ]  PE population: generating 117*3 next synthetic samples
08/01/2026 01:04:21 AM [pe] [INFO ]  VARIATION API: creating variations for 117 samples
08/01/2026 01:04:21 AM [pe] [INFO ]  VARIATION API: finished creating variations for 117 samples
08/01/2026 01:04:21 AM [pe] [INFO ]  VARIATION API: creating variations for 117 samples
08/01/2026 01:04:21 AM [pe] [INFO ]  VARIATION API: finished creating variations for 117 samples
08/01/2026 01:04:21 AM [pe] [INFO ]  VARIATION API: creating variations for 117 samples
08/01/2026 01:04:21 AM [pe] [INFO ]  VARIATION API: finished creating variations for 117 samples
08/01/2026 01:04:21 AM [pe] [INFO ]  PE population: finished generating 117*3 next synthetic samples
08/01/2026 01:04:21 AM [pe] [INFO ]  Composite population: finished generating 117 next synthetic samples
08/01/2026 01:04:21 AM [pe] [INFO ]  Label 1
08/01/2026 01:04:21 AM [pe] [INFO ]  Histogram: computing nearest neighbors histogram for 834 private samples and 468 synthetic samples
08/01/2026 01:04:21 AM [pe] [INFO ]  Embedding: PE.EMBEDDING.TabularEmbedding already computed
08/01/2026 01:04:21 AM [pe] [INFO ]  Embedding: computing PE.EMBEDDING.TabularEmbedding for 351/468 samples
08/01/2026 01:04:21 AM [pe] [INFO ]  Embedding: finished computing PE.EMBEDDING.TabularEmbedding for 351/468 samples
08/01/2026 01:04:21 AM [pe] [INFO ]  Histogram: finished computing nearest neighbors histogram for 834 private samples and 468 synthetic samples
08/01/2026 01:04:21 AM [pe] [INFO ]  Composite population: generating 117 next synthetic samples
08/01/2026 01:04:21 AM [pe] [INFO ]  PE population: generating 117*3 next synthetic samples
08/01/2026 01:04:21 AM [pe] [INFO ]  VARIATION API: creating variations for 117 samples
08/01/2026 01:04:21 AM [pe] [INFO ]  VARIATION API: finished creating variations for 117 samples
08/01/2026 01:04:21 AM [pe] [INFO ]  VARIATION API: creating variations for 117 samples
08/01/2026 01:04:21 AM [pe] [INFO ]  VARIATION API: finished creating variations for 117 samples
08/01/2026 01:04:21 AM [pe] [INFO ]  VARIATION API: creating variations for 117 samples
08/01/2026 01:04:21 AM [pe] [INFO ]  VARIATION API: finished creating variations for 117 samples
08/01/2026 01:04:21 AM [pe] [INFO ]  PE population: finished generating 117*3 next synthetic samples
08/01/2026 01:04:21 AM [pe] [INFO ]  Composite population: finished generating 117 next synthetic samples
08/01/2026 01:04:21 AM [pe] [INFO ]  Label 2
08/01/2026 01:04:21 AM [pe] [INFO ]  Histogram: computing nearest neighbors histogram for 991 private samples and 552 synthetic samples
08/01/2026 01:04:21 AM [pe] [INFO ]  Embedding: PE.EMBEDDING.TabularEmbedding already computed
08/01/2026 01:04:21 AM [pe] [INFO ]  Embedding: computing PE.EMBEDDING.TabularEmbedding for 414/552 samples
08/01/2026 01:04:21 AM [pe] [INFO ]  Embedding: finished computing PE.EMBEDDING.TabularEmbedding for 414/552 samples
08/01/2026 01:04:21 AM [pe] [INFO ]  Histogram: finished computing nearest neighbors histogram for 991 private samples and 552 synthetic samples
08/01/2026 01:04:21 AM [pe] [INFO ]  Composite population: generating 138 next synthetic samples
08/01/2026 01:04:21 AM [pe] [INFO ]  PE population: generating 138*3 next synthetic samples
08/01/2026 01:04:21 AM [pe] [INFO ]  VARIATION API: creating variations for 138 samples
08/01/2026 01:04:21 AM [pe] [INFO ]  VARIATION API: finished creating variations for 138 samples
08/01/2026 01:04:21 AM [pe] [INFO ]  VARIATION API: creating variations for 138 samples
08/01/2026 01:04:21 AM [pe] [INFO ]  VARIATION API: finished creating variations for 138 samples
08/01/2026 01:04:21 AM [pe] [INFO ]  VARIATION API: creating variations for 138 samples
08/01/2026 01:04:21 AM [pe] [INFO ]  VARIATION API: finished creating variations for 138 samples
08/01/2026 01:04:21 AM [pe] [INFO ]  PE population: finished generating 138*3 next synthetic samples
08/01/2026 01:04:21 AM [pe] [INFO ]  Composite population: finished generating 138 next synthetic samples
08/01/2026 01:04:21 AM [pe] [INFO ]  Label 3
08/01/2026 01:04:21 AM [pe] [INFO ]  Histogram: computing nearest neighbors histogram for 566 private samples and 316 synthetic samples
08/01/2026 01:04:21 AM [pe] [INFO ]  Embedding: PE.EMBEDDING.TabularEmbedding already computed
08/01/2026 01:04:21 AM [pe] [INFO ]  Embedding: computing PE.EMBEDDING.TabularEmbedding for 237/316 samples
08/01/2026 01:04:21 AM [pe] [INFO ]  Embedding: finished computing PE.EMBEDDING.TabularEmbedding for 237/316 samples
08/01/2026 01:04:21 AM [pe] [INFO ]  Histogram: finished computing nearest neighbors histogram for 566 private samples and 316 synthetic samples
08/01/2026 01:04:21 AM [pe] [INFO ]  Composite population: generating 79 next synthetic samples
08/01/2026 01:04:21 AM [pe] [INFO ]  PE population: generating 79*3 next synthetic samples
08/01/2026 01:04:21 AM [pe] [INFO ]  VARIATION API: creating variations for 79 samples
08/01/2026 01:04:21 AM [pe] [INFO ]  VARIATION API: finished creating variations for 79 samples
08/01/2026 01:04:22 AM [pe] [INFO ]  VARIATION API: creating variations for 79 samples
08/01/2026 01:04:22 AM [pe] [INFO ]  VARIATION API: finished creating variations for 79 samples
08/01/2026 01:04:22 AM [pe] [INFO ]  VARIATION API: creating variations for 79 samples
08/01/2026 01:04:22 AM [pe] [INFO ]  VARIATION API: finished creating variations for 79 samples
08/01/2026 01:04:22 AM [pe] [INFO ]  PE population: finished generating 79*3 next synthetic samples
08/01/2026 01:04:22 AM [pe] [INFO ]  Composite population: finished generating 79 next synthetic samples
08/01/2026 01:04:22 AM [pe] [INFO ]  Label 4
08/01/2026 01:04:22 AM [pe] [INFO ]  Histogram: computing nearest neighbors histogram for 706 private samples and 396 synthetic samples
08/01/2026 01:04:22 AM [pe] [INFO ]  Embedding: PE.EMBEDDING.TabularEmbedding already computed
08/01/2026 01:04:22 AM [pe] [INFO ]  Embedding: computing PE.EMBEDDING.TabularEmbedding for 297/396 samples
08/01/2026 01:04:22 AM [pe] [INFO ]  Embedding: finished computing PE.EMBEDDING.TabularEmbedding for 297/396 samples
08/01/2026 01:04:22 AM [pe] [INFO ]  Histogram: finished computing nearest neighbors histogram for 706 private samples and 396 synthetic samples
08/01/2026 01:04:22 AM [pe] [INFO ]  Composite population: generating 99 next synthetic samples
08/01/2026 01:04:22 AM [pe] [INFO ]  PE population: generating 99*3 next synthetic samples
08/01/2026 01:04:22 AM [pe] [INFO ]  VARIATION API: creating variations for 99 samples
08/01/2026 01:04:22 AM [pe] [INFO ]  VARIATION API: finished creating variations for 99 samples
08/01/2026 01:04:22 AM [pe] [INFO ]  VARIATION API: creating variations for 99 samples
08/01/2026 01:04:22 AM [pe] [INFO ]  VARIATION API: finished creating variations for 99 samples
08/01/2026 01:04:22 AM [pe] [INFO ]  VARIATION API: creating variations for 99 samples
08/01/2026 01:04:22 AM [pe] [INFO ]  VARIATION API: finished creating variations for 99 samples
08/01/2026 01:04:22 AM [pe] [INFO ]  PE population: finished generating 99*3 next synthetic samples
08/01/2026 01:04:22 AM [pe] [INFO ]  Composite population: finished generating 99 next synthetic samples
08/01/2026 01:04:22 AM [pe] [INFO ]  Label 5
08/01/2026 01:04:22 AM [pe] [INFO ]  Histogram: computing nearest neighbors histogram for 700 private samples and 392 synthetic samples
08/01/2026 01:04:22 AM [pe] [INFO ]  Embedding: PE.EMBEDDING.TabularEmbedding already computed
08/01/2026 01:04:22 AM [pe] [INFO ]  Embedding: computing PE.EMBEDDING.TabularEmbedding for 294/392 samples
08/01/2026 01:04:22 AM [pe] [INFO ]  Embedding: finished computing PE.EMBEDDING.TabularEmbedding for 294/392 samples
08/01/2026 01:04:22 AM [pe] [INFO ]  Histogram: finished computing nearest neighbors histogram for 700 private samples and 392 synthetic samples
08/01/2026 01:04:22 AM [pe] [INFO ]  Composite population: generating 98 next synthetic samples
08/01/2026 01:04:22 AM [pe] [INFO ]  PE population: generating 98*3 next synthetic samples
08/01/2026 01:04:22 AM [pe] [INFO ]  VARIATION API: creating variations for 98 samples
08/01/2026 01:04:22 AM [pe] [INFO ]  VARIATION API: finished creating variations for 98 samples
08/01/2026 01:04:22 AM [pe] [INFO ]  VARIATION API: creating variations for 98 samples
08/01/2026 01:04:22 AM [pe] [INFO ]  VARIATION API: finished creating variations for 98 samples
08/01/2026 01:04:22 AM [pe] [INFO ]  VARIATION API: creating variations for 98 samples
08/01/2026 01:04:22 AM [pe] [INFO ]  VARIATION API: finished creating variations for 98 samples
08/01/2026 01:04:22 AM [pe] [INFO ]  PE population: finished generating 98*3 next synthetic samples
08/01/2026 01:04:22 AM [pe] [INFO ]  Composite population: finished generating 98 next synthetic samples
08/01/2026 01:04:22 AM [pe] [INFO ]  Label 6
08/01/2026 01:04:22 AM [pe] [INFO ]  Histogram: computing nearest neighbors histogram for 560 private samples and 312 synthetic samples
08/01/2026 01:04:22 AM [pe] [INFO ]  Embedding: PE.EMBEDDING.TabularEmbedding already computed
08/01/2026 01:04:22 AM [pe] [INFO ]  Embedding: computing PE.EMBEDDING.TabularEmbedding for 234/312 samples
08/01/2026 01:04:22 AM [pe] [INFO ]  Embedding: finished computing PE.EMBEDDING.TabularEmbedding for 234/312 samples
08/01/2026 01:04:22 AM [pe] [INFO ]  Histogram: finished computing nearest neighbors histogram for 560 private samples and 312 synthetic samples
08/01/2026 01:04:22 AM [pe] [INFO ]  Composite population: generating 78 next synthetic samples
08/01/2026 01:04:22 AM [pe] [INFO ]  PE population: generating 78*3 next synthetic samples
08/01/2026 01:04:22 AM [pe] [INFO ]  VARIATION API: creating variations for 78 samples
08/01/2026 01:04:22 AM [pe] [INFO ]  VARIATION API: finished creating variations for 78 samples
08/01/2026 01:04:22 AM [pe] [INFO ]  VARIATION API: creating variations for 78 samples
08/01/2026 01:04:22 AM [pe] [INFO ]  VARIATION API: finished creating variations for 78 samples
08/01/2026 01:04:22 AM [pe] [INFO ]  VARIATION API: creating variations for 78 samples
08/01/2026 01:04:22 AM [pe] [INFO ]  VARIATION API: finished creating variations for 78 samples
08/01/2026 01:04:22 AM [pe] [INFO ]  PE population: finished generating 78*3 next synthetic samples
08/01/2026 01:04:22 AM [pe] [INFO ]  Composite population: finished generating 78 next synthetic samples
08/01/2026 01:04:22 AM [pe] [INFO ]  Label 7
08/01/2026 01:04:22 AM [pe] [INFO ]  Histogram: computing nearest neighbors histogram for 838 private samples and 468 synthetic samples
08/01/2026 01:04:22 AM [pe] [INFO ]  Embedding: PE.EMBEDDING.TabularEmbedding already computed
08/01/2026 01:04:22 AM [pe] [INFO ]  Embedding: computing PE.EMBEDDING.TabularEmbedding for 351/468 samples
08/01/2026 01:04:22 AM [pe] [INFO ]  Embedding: finished computing PE.EMBEDDING.TabularEmbedding for 351/468 samples
08/01/2026 01:04:22 AM [pe] [INFO ]  Histogram: finished computing nearest neighbors histogram for 838 private samples and 468 synthetic samples
08/01/2026 01:04:22 AM [pe] [INFO ]  Composite population: generating 117 next synthetic samples
08/01/2026 01:04:22 AM [pe] [INFO ]  PE population: generating 117*3 next synthetic samples
08/01/2026 01:04:22 AM [pe] [INFO ]  VARIATION API: creating variations for 117 samples
08/01/2026 01:04:22 AM [pe] [INFO ]  VARIATION API: finished creating variations for 117 samples
08/01/2026 01:04:22 AM [pe] [INFO ]  VARIATION API: creating variations for 117 samples
08/01/2026 01:04:22 AM [pe] [INFO ]  VARIATION API: finished creating variations for 117 samples
08/01/2026 01:04:22 AM [pe] [INFO ]  VARIATION API: creating variations for 117 samples
08/01/2026 01:04:22 AM [pe] [INFO ]  VARIATION API: finished creating variations for 117 samples
08/01/2026 01:04:22 AM [pe] [INFO ]  PE population: finished generating 117*3 next synthetic samples
08/01/2026 01:04:22 AM [pe] [INFO ]  Composite population: finished generating 117 next synthetic samples
08/01/2026 01:04:22 AM [pe] [INFO ]  Label 8
08/01/2026 01:04:22 AM [pe] [INFO ]  Histogram: computing nearest neighbors histogram for 700 private samples and 392 synthetic samples
08/01/2026 01:04:22 AM [pe] [INFO ]  Embedding: PE.EMBEDDING.TabularEmbedding already computed
08/01/2026 01:04:22 AM [pe] [INFO ]  Embedding: computing PE.EMBEDDING.TabularEmbedding for 294/392 samples
08/01/2026 01:04:22 AM [pe] [INFO ]  Embedding: finished computing PE.EMBEDDING.TabularEmbedding for 294/392 samples
08/01/2026 01:04:22 AM [pe] [INFO ]  Histogram: finished computing nearest neighbors histogram for 700 private samples and 392 synthetic samples
08/01/2026 01:04:22 AM [pe] [INFO ]  Composite population: generating 98 next synthetic samples
08/01/2026 01:04:22 AM [pe] [INFO ]  PE population: generating 98*3 next synthetic samples
08/01/2026 01:04:22 AM [pe] [INFO ]  VARIATION API: creating variations for 98 samples
08/01/2026 01:04:22 AM [pe] [INFO ]  VARIATION API: finished creating variations for 98 samples
08/01/2026 01:04:22 AM [pe] [INFO ]  VARIATION API: creating variations for 98 samples
08/01/2026 01:04:22 AM [pe] [INFO ]  VARIATION API: finished creating variations for 98 samples
08/01/2026 01:04:22 AM [pe] [INFO ]  VARIATION API: creating variations for 98 samples
08/01/2026 01:04:22 AM [pe] [INFO ]  VARIATION API: finished creating variations for 98 samples
08/01/2026 01:04:22 AM [pe] [INFO ]  PE population: finished generating 98*3 next synthetic samples
08/01/2026 01:04:22 AM [pe] [INFO ]  Composite population: finished generating 98 next synthetic samples
08/01/2026 01:04:22 AM [pe] [INFO ]  Label 9
08/01/2026 01:04:22 AM [pe] [INFO ]  Histogram: computing nearest neighbors histogram for 420 private samples and 236 synthetic samples
08/01/2026 01:04:22 AM [pe] [INFO ]  Embedding: PE.EMBEDDING.TabularEmbedding already computed
08/01/2026 01:04:22 AM [pe] [INFO ]  Embedding: computing PE.EMBEDDING.TabularEmbedding for 177/236 samples
08/01/2026 01:04:22 AM [pe] [INFO ]  Embedding: finished computing PE.EMBEDDING.TabularEmbedding for 177/236 samples
08/01/2026 01:04:22 AM [pe] [INFO ]  Histogram: finished computing nearest neighbors histogram for 420 private samples and 236 synthetic samples
08/01/2026 01:04:22 AM [pe] [INFO ]  Composite population: generating 59 next synthetic samples
08/01/2026 01:04:22 AM [pe] [INFO ]  PE population: generating 59*3 next synthetic samples
08/01/2026 01:04:22 AM [pe] [INFO ]  VARIATION API: creating variations for 59 samples
08/01/2026 01:04:22 AM [pe] [INFO ]  VARIATION API: finished creating variations for 59 samples
08/01/2026 01:04:22 AM [pe] [INFO ]  VARIATION API: creating variations for 59 samples
08/01/2026 01:04:22 AM [pe] [INFO ]  VARIATION API: finished creating variations for 59 samples
08/01/2026 01:04:22 AM [pe] [INFO ]  VARIATION API: creating variations for 59 samples
08/01/2026 01:04:22 AM [pe] [INFO ]  VARIATION API: finished creating variations for 59 samples
08/01/2026 01:04:22 AM [pe] [INFO ]  PE population: finished generating 59*3 next synthetic samples
08/01/2026 01:04:22 AM [pe] [INFO ]  Composite population: finished generating 59 next synthetic samples
08/01/2026 01:04:22 AM [pe] [INFO ]  Saving the synthetic tabular data to a CSV file
08/01/2026 01:04:23 AM [pe] [INFO ]  Finished saving the synthetic tabular data to a CSV file
08/01/2026 01:04:23 AM [pe] [INFO ]  Evaluating tabular classifier
08/01/2026 01:04:23 AM [pe] [INFO ]  Number of samples after filtering: 1000
08/01/2026 01:04:51 AM [pe] [INFO ]  Tabular classifier test accuracy: 42.86%
08/01/2026 01:04:51 AM [pe] [INFO ]  Tabular classifier test (macro) F1 score: 42.46
08/01/2026 01:04:51 AM [pe] [INFO ]  Finished evaluating tabular classifier (tabular_classifier_tabicl_filter_{'PE.VARIATION_API_FOLD_ID':-1})
08/01/2026 01:04:51 AM [pe] [INFO ]  Computing 5way-WSD ({'PE.VARIATION_API_FOLD_ID':-1})
08/01/2026 01:04:51 AM [pe] [INFO ]  Number of samples after filtering: 1000
08/01/2026 01:05:12 AM [pe] [INFO ]  5way-wsd_1000samples_42seed_{'PE.VARIATION_API_FOLD_ID':-1}: 0.17887880
08/01/2026 01:05:12 AM [pe] [INFO ]  Finished computing 5way-WSD ({'PE.VARIATION_API_FOLD_ID':-1})
08/01/2026 01:05:12 AM [pe] [INFO ]  Computing 6way-WSD ({'PE.VARIATION_API_FOLD_ID':-1})
08/01/2026 01:05:12 AM [pe] [INFO ]  Number of samples after filtering: 1000
08/01/2026 01:05:23 AM [pe] [INFO ]  6way-wsd_1000samples_42seed_{'PE.VARIATION_API_FOLD_ID':-1}: 0.22002275
08/01/2026 01:05:23 AM [pe] [INFO ]  Finished computing 6way-WSD ({'PE.VARIATION_API_FOLD_ID':-1})
08/01/2026 01:05:23 AM [pe] [INFO ]  Computing 7way-WSD ({'PE.VARIATION_API_FOLD_ID':-1})
08/01/2026 01:05:23 AM [pe] [INFO ]  Number of samples after filtering: 1000
08/01/2026 01:05:26 AM [pe] [INFO ]  7way-wsd_1000samples_42seed_{'PE.VARIATION_API_FOLD_ID':-1}: 0.25782426
08/01/2026 01:05:26 AM [pe] [INFO ]  Finished computing 7way-WSD ({'PE.VARIATION_API_FOLD_ID':-1})
08/01/2026 01:05:26 AM [pe] [INFO ]  Iteration: 10
08/01/2026 01:05:26 AM [pe] [INFO ]  	tabular_classifier_tabicl_filter_{'PE.VARIATION_API_FOLD_ID':-1}_test_acc: 42.85714286
08/01/2026 01:05:26 AM [pe] [INFO ]  	tabular_classifier_tabicl_filter_{'PE.VARIATION_API_FOLD_ID':-1}_test_f1: 42.46432026
08/01/2026 01:05:26 AM [pe] [INFO ]  	5way-wsd_1000samples_42seed_{'PE.VARIATION_API_FOLD_ID':-1}: 0.17887880
08/01/2026 01:05:26 AM [pe] [INFO ]  	6way-wsd_1000samples_42seed_{'PE.VARIATION_API_FOLD_ID':-1}: 0.22002275
08/01/2026 01:05:26 AM [pe] [INFO ]  	7way-wsd_1000samples_42seed_{'PE.VARIATION_API_FOLD_ID':-1}: 0.25782426
08/01/2026 01:05:26 AM [pe] [INFO ]  PE iteration 11
08/01/2026 01:05:26 AM [pe] [WARNI]  fraction_per_label_id is not provided. Assuming the fraction of label ids in private data is public information.
08/01/2026 01:05:26 AM [pe] [INFO ]  Label 0
08/01/2026 01:05:26 AM [pe] [INFO ]  Histogram: computing nearest neighbors histogram for 837 private samples and 468 synthetic samples
08/01/2026 01:05:26 AM [pe] [INFO ]  Embedding: PE.EMBEDDING.TabularEmbedding already computed
08/01/2026 01:05:26 AM [pe] [INFO ]  Embedding: computing PE.EMBEDDING.TabularEmbedding for 351/468 samples
08/01/2026 01:05:26 AM [pe] [INFO ]  Embedding: finished computing PE.EMBEDDING.TabularEmbedding for 351/468 samples
08/01/2026 01:05:26 AM [pe] [INFO ]  Histogram: finished computing nearest neighbors histogram for 837 private samples and 468 synthetic samples
08/01/2026 01:05:26 AM [pe] [INFO ]  Composite population: generating 117 next synthetic samples
08/01/2026 01:05:26 AM [pe] [INFO ]  PE population: generating 117*3 next synthetic samples
08/01/2026 01:05:26 AM [pe] [INFO ]  VARIATION API: creating variations for 117 samples
08/01/2026 01:05:26 AM [pe] [INFO ]  VARIATION API: finished creating variations for 117 samples
08/01/2026 01:05:26 AM [pe] [INFO ]  VARIATION API: creating variations for 117 samples
08/01/2026 01:05:26 AM [pe] [INFO ]  VARIATION API: finished creating variations for 117 samples
08/01/2026 01:05:26 AM [pe] [INFO ]  VARIATION API: creating variations for 117 samples
08/01/2026 01:05:26 AM [pe] [INFO ]  VARIATION API: finished creating variations for 117 samples
08/01/2026 01:05:26 AM [pe] [INFO ]  PE population: finished generating 117*3 next synthetic samples
08/01/2026 01:05:26 AM [pe] [INFO ]  Composite population: finished generating 117 next synthetic samples
08/01/2026 01:05:26 AM [pe] [INFO ]  Label 1
08/01/2026 01:05:26 AM [pe] [INFO ]  Histogram: computing nearest neighbors histogram for 834 private samples and 468 synthetic samples
08/01/2026 01:05:26 AM [pe] [INFO ]  Embedding: PE.EMBEDDING.TabularEmbedding already computed
08/01/2026 01:05:26 AM [pe] [INFO ]  Embedding: computing PE.EMBEDDING.TabularEmbedding for 351/468 samples
08/01/2026 01:05:26 AM [pe] [INFO ]  Embedding: finished computing PE.EMBEDDING.TabularEmbedding for 351/468 samples
08/01/2026 01:05:26 AM [pe] [INFO ]  Histogram: finished computing nearest neighbors histogram for 834 private samples and 468 synthetic samples
08/01/2026 01:05:26 AM [pe] [INFO ]  Composite population: generating 117 next synthetic samples
08/01/2026 01:05:26 AM [pe] [INFO ]  PE population: generating 117*3 next synthetic samples
08/01/2026 01:05:26 AM [pe] [INFO ]  VARIATION API: creating variations for 117 samples
08/01/2026 01:05:26 AM [pe] [INFO ]  VARIATION API: finished creating variations for 117 samples
08/01/2026 01:05:26 AM [pe] [INFO ]  VARIATION API: creating variations for 117 samples
08/01/2026 01:05:26 AM [pe] [INFO ]  VARIATION API: finished creating variations for 117 samples
08/01/2026 01:05:26 AM [pe] [INFO ]  VARIATION API: creating variations for 117 samples
08/01/2026 01:05:26 AM [pe] [INFO ]  VARIATION API: finished creating variations for 117 samples
08/01/2026 01:05:26 AM [pe] [INFO ]  PE population: finished generating 117*3 next synthetic samples
08/01/2026 01:05:26 AM [pe] [INFO ]  Composite population: finished generating 117 next synthetic samples
08/01/2026 01:05:26 AM [pe] [INFO ]  Label 2
08/01/2026 01:05:26 AM [pe] [INFO ]  Histogram: computing nearest neighbors histogram for 991 private samples and 552 synthetic samples
08/01/2026 01:05:26 AM [pe] [INFO ]  Embedding: PE.EMBEDDING.TabularEmbedding already computed
08/01/2026 01:05:27 AM [pe] [INFO ]  Embedding: computing PE.EMBEDDING.TabularEmbedding for 414/552 samples
08/01/2026 01:05:27 AM [pe] [INFO ]  Embedding: finished computing PE.EMBEDDING.TabularEmbedding for 414/552 samples
08/01/2026 01:05:27 AM [pe] [INFO ]  Histogram: finished computing nearest neighbors histogram for 991 private samples and 552 synthetic samples
08/01/2026 01:05:27 AM [pe] [INFO ]  Composite population: generating 138 next synthetic samples
08/01/2026 01:05:27 AM [pe] [INFO ]  PE population: generating 138*3 next synthetic samples
08/01/2026 01:05:27 AM [pe] [INFO ]  VARIATION API: creating variations for 138 samples
08/01/2026 01:05:27 AM [pe] [INFO ]  VARIATION API: finished creating variations for 138 samples
08/01/2026 01:05:27 AM [pe] [INFO ]  VARIATION API: creating variations for 138 samples
08/01/2026 01:05:27 AM [pe] [INFO ]  VARIATION API: finished creating variations for 138 samples
08/01/2026 01:05:27 AM [pe] [INFO ]  VARIATION API: creating variations for 138 samples
08/01/2026 01:05:27 AM [pe] [INFO ]  VARIATION API: finished creating variations for 138 samples
08/01/2026 01:05:27 AM [pe] [INFO ]  PE population: finished generating 138*3 next synthetic samples
08/01/2026 01:05:27 AM [pe] [INFO ]  Composite population: finished generating 138 next synthetic samples
08/01/2026 01:05:27 AM [pe] [INFO ]  Label 3
08/01/2026 01:05:27 AM [pe] [INFO ]  Histogram: computing nearest neighbors histogram for 566 private samples and 316 synthetic samples
08/01/2026 01:05:27 AM [pe] [INFO ]  Embedding: PE.EMBEDDING.TabularEmbedding already computed
08/01/2026 01:05:27 AM [pe] [INFO ]  Embedding: computing PE.EMBEDDING.TabularEmbedding for 237/316 samples
08/01/2026 01:05:27 AM [pe] [INFO ]  Embedding: finished computing PE.EMBEDDING.TabularEmbedding for 237/316 samples
08/01/2026 01:05:27 AM [pe] [INFO ]  Histogram: finished computing nearest neighbors histogram for 566 private samples and 316 synthetic samples
08/01/2026 01:05:27 AM [pe] [INFO ]  Composite population: generating 79 next synthetic samples
08/01/2026 01:05:27 AM [pe] [INFO ]  PE population: generating 79*3 next synthetic samples
08/01/2026 01:05:27 AM [pe] [INFO ]  VARIATION API: creating variations for 79 samples
08/01/2026 01:05:27 AM [pe] [INFO ]  VARIATION API: finished creating variations for 79 samples
08/01/2026 01:05:27 AM [pe] [INFO ]  VARIATION API: creating variations for 79 samples
08/01/2026 01:05:27 AM [pe] [INFO ]  VARIATION API: finished creating variations for 79 samples
08/01/2026 01:05:27 AM [pe] [INFO ]  VARIATION API: creating variations for 79 samples
08/01/2026 01:05:27 AM [pe] [INFO ]  VARIATION API: finished creating variations for 79 samples
08/01/2026 01:05:27 AM [pe] [INFO ]  PE population: finished generating 79*3 next synthetic samples
08/01/2026 01:05:27 AM [pe] [INFO ]  Composite population: finished generating 79 next synthetic samples
08/01/2026 01:05:27 AM [pe] [INFO ]  Label 4
08/01/2026 01:05:27 AM [pe] [INFO ]  Histogram: computing nearest neighbors histogram for 706 private samples and 396 synthetic samples
08/01/2026 01:05:27 AM [pe] [INFO ]  Embedding: PE.EMBEDDING.TabularEmbedding already computed
08/01/2026 01:05:27 AM [pe] [INFO ]  Embedding: computing PE.EMBEDDING.TabularEmbedding for 297/396 samples
08/01/2026 01:05:27 AM [pe] [INFO ]  Embedding: finished computing PE.EMBEDDING.TabularEmbedding for 297/396 samples
08/01/2026 01:05:27 AM [pe] [INFO ]  Histogram: finished computing nearest neighbors histogram for 706 private samples and 396 synthetic samples
08/01/2026 01:05:27 AM [pe] [INFO ]  Composite population: generating 99 next synthetic samples
08/01/2026 01:05:27 AM [pe] [INFO ]  PE population: generating 99*3 next synthetic samples
08/01/2026 01:05:27 AM [pe] [INFO ]  VARIATION API: creating variations for 99 samples
08/01/2026 01:05:27 AM [pe] [INFO ]  VARIATION API: finished creating variations for 99 samples
08/01/2026 01:05:27 AM [pe] [INFO ]  VARIATION API: creating variations for 99 samples
08/01/2026 01:05:27 AM [pe] [INFO ]  VARIATION API: finished creating variations for 99 samples
08/01/2026 01:05:27 AM [pe] [INFO ]  VARIATION API: creating variations for 99 samples
08/01/2026 01:05:27 AM [pe] [INFO ]  VARIATION API: finished creating variations for 99 samples
08/01/2026 01:05:27 AM [pe] [INFO ]  PE population: finished generating 99*3 next synthetic samples
08/01/2026 01:05:27 AM [pe] [INFO ]  Composite population: finished generating 99 next synthetic samples
08/01/2026 01:05:27 AM [pe] [INFO ]  Label 5
08/01/2026 01:05:27 AM [pe] [INFO ]  Histogram: computing nearest neighbors histogram for 700 private samples and 392 synthetic samples
08/01/2026 01:05:27 AM [pe] [INFO ]  Embedding: PE.EMBEDDING.TabularEmbedding already computed
08/01/2026 01:05:27 AM [pe] [INFO ]  Embedding: computing PE.EMBEDDING.TabularEmbedding for 294/392 samples
08/01/2026 01:05:27 AM [pe] [INFO ]  Embedding: finished computing PE.EMBEDDING.TabularEmbedding for 294/392 samples
08/01/2026 01:05:27 AM [pe] [INFO ]  Histogram: finished computing nearest neighbors histogram for 700 private samples and 392 synthetic samples
08/01/2026 01:05:27 AM [pe] [INFO ]  Composite population: generating 98 next synthetic samples
08/01/2026 01:05:27 AM [pe] [INFO ]  PE population: generating 98*3 next synthetic samples
08/01/2026 01:05:27 AM [pe] [INFO ]  VARIATION API: creating variations for 98 samples
08/01/2026 01:05:27 AM [pe] [INFO ]  VARIATION API: finished creating variations for 98 samples
08/01/2026 01:05:27 AM [pe] [INFO ]  VARIATION API: creating variations for 98 samples
08/01/2026 01:05:27 AM [pe] [INFO ]  VARIATION API: finished creating variations for 98 samples
08/01/2026 01:05:27 AM [pe] [INFO ]  VARIATION API: creating variations for 98 samples
08/01/2026 01:05:27 AM [pe] [INFO ]  VARIATION API: finished creating variations for 98 samples
08/01/2026 01:05:27 AM [pe] [INFO ]  PE population: finished generating 98*3 next synthetic samples
08/01/2026 01:05:27 AM [pe] [INFO ]  Composite population: finished generating 98 next synthetic samples
08/01/2026 01:05:27 AM [pe] [INFO ]  Label 6
08/01/2026 01:05:27 AM [pe] [INFO ]  Histogram: computing nearest neighbors histogram for 560 private samples and 312 synthetic samples
08/01/2026 01:05:27 AM [pe] [INFO ]  Embedding: PE.EMBEDDING.TabularEmbedding already computed
08/01/2026 01:05:27 AM [pe] [INFO ]  Embedding: computing PE.EMBEDDING.TabularEmbedding for 234/312 samples
08/01/2026 01:05:27 AM [pe] [INFO ]  Embedding: finished computing PE.EMBEDDING.TabularEmbedding for 234/312 samples
08/01/2026 01:05:27 AM [pe] [INFO ]  Histogram: finished computing nearest neighbors histogram for 560 private samples and 312 synthetic samples
08/01/2026 01:05:27 AM [pe] [INFO ]  Composite population: generating 78 next synthetic samples
08/01/2026 01:05:27 AM [pe] [INFO ]  PE population: generating 78*3 next synthetic samples
08/01/2026 01:05:27 AM [pe] [INFO ]  VARIATION API: creating variations for 78 samples
08/01/2026 01:05:27 AM [pe] [INFO ]  VARIATION API: finished creating variations for 78 samples
08/01/2026 01:05:27 AM [pe] [INFO ]  VARIATION API: creating variations for 78 samples
08/01/2026 01:05:27 AM [pe] [INFO ]  VARIATION API: finished creating variations for 78 samples
08/01/2026 01:05:27 AM [pe] [INFO ]  VARIATION API: creating variations for 78 samples
08/01/2026 01:05:27 AM [pe] [INFO ]  VARIATION API: finished creating variations for 78 samples
08/01/2026 01:05:27 AM [pe] [INFO ]  PE population: finished generating 78*3 next synthetic samples
08/01/2026 01:05:27 AM [pe] [INFO ]  Composite population: finished generating 78 next synthetic samples
08/01/2026 01:05:27 AM [pe] [INFO ]  Label 7
08/01/2026 01:05:27 AM [pe] [INFO ]  Histogram: computing nearest neighbors histogram for 838 private samples and 468 synthetic samples
08/01/2026 01:05:27 AM [pe] [INFO ]  Embedding: PE.EMBEDDING.TabularEmbedding already computed
08/01/2026 01:05:27 AM [pe] [INFO ]  Embedding: computing PE.EMBEDDING.TabularEmbedding for 351/468 samples
08/01/2026 01:05:27 AM [pe] [INFO ]  Embedding: finished computing PE.EMBEDDING.TabularEmbedding for 351/468 samples
08/01/2026 01:05:27 AM [pe] [INFO ]  Histogram: finished computing nearest neighbors histogram for 838 private samples and 468 synthetic samples
08/01/2026 01:05:27 AM [pe] [INFO ]  Composite population: generating 117 next synthetic samples
08/01/2026 01:05:27 AM [pe] [INFO ]  PE population: generating 117*3 next synthetic samples
08/01/2026 01:05:27 AM [pe] [INFO ]  VARIATION API: creating variations for 117 samples
08/01/2026 01:05:27 AM [pe] [INFO ]  VARIATION API: finished creating variations for 117 samples
08/01/2026 01:05:27 AM [pe] [INFO ]  VARIATION API: creating variations for 117 samples
08/01/2026 01:05:27 AM [pe] [INFO ]  VARIATION API: finished creating variations for 117 samples
08/01/2026 01:05:27 AM [pe] [INFO ]  VARIATION API: creating variations for 117 samples
08/01/2026 01:05:27 AM [pe] [INFO ]  VARIATION API: finished creating variations for 117 samples
08/01/2026 01:05:27 AM [pe] [INFO ]  PE population: finished generating 117*3 next synthetic samples
08/01/2026 01:05:27 AM [pe] [INFO ]  Composite population: finished generating 117 next synthetic samples
08/01/2026 01:05:27 AM [pe] [INFO ]  Label 8
08/01/2026 01:05:27 AM [pe] [INFO ]  Histogram: computing nearest neighbors histogram for 700 private samples and 392 synthetic samples
08/01/2026 01:05:27 AM [pe] [INFO ]  Embedding: PE.EMBEDDING.TabularEmbedding already computed
08/01/2026 01:05:27 AM [pe] [INFO ]  Embedding: computing PE.EMBEDDING.TabularEmbedding for 294/392 samples
08/01/2026 01:05:27 AM [pe] [INFO ]  Embedding: finished computing PE.EMBEDDING.TabularEmbedding for 294/392 samples
08/01/2026 01:05:27 AM [pe] [INFO ]  Histogram: finished computing nearest neighbors histogram for 700 private samples and 392 synthetic samples
08/01/2026 01:05:27 AM [pe] [INFO ]  Composite population: generating 98 next synthetic samples
08/01/2026 01:05:27 AM [pe] [INFO ]  PE population: generating 98*3 next synthetic samples
08/01/2026 01:05:27 AM [pe] [INFO ]  VARIATION API: creating variations for 98 samples
08/01/2026 01:05:27 AM [pe] [INFO ]  VARIATION API: finished creating variations for 98 samples
08/01/2026 01:05:27 AM [pe] [INFO ]  VARIATION API: creating variations for 98 samples
08/01/2026 01:05:27 AM [pe] [INFO ]  VARIATION API: finished creating variations for 98 samples
08/01/2026 01:05:27 AM [pe] [INFO ]  VARIATION API: creating variations for 98 samples
08/01/2026 01:05:27 AM [pe] [INFO ]  VARIATION API: finished creating variations for 98 samples
08/01/2026 01:05:27 AM [pe] [INFO ]  PE population: finished generating 98*3 next synthetic samples
08/01/2026 01:05:27 AM [pe] [INFO ]  Composite population: finished generating 98 next synthetic samples
08/01/2026 01:05:27 AM [pe] [INFO ]  Label 9
08/01/2026 01:05:27 AM [pe] [INFO ]  Histogram: computing nearest neighbors histogram for 420 private samples and 236 synthetic samples
08/01/2026 01:05:27 AM [pe] [INFO ]  Embedding: PE.EMBEDDING.TabularEmbedding already computed
08/01/2026 01:05:27 AM [pe] [INFO ]  Embedding: computing PE.EMBEDDING.TabularEmbedding for 177/236 samples
08/01/2026 01:05:27 AM [pe] [INFO ]  Embedding: finished computing PE.EMBEDDING.TabularEmbedding for 177/236 samples
08/01/2026 01:05:27 AM [pe] [INFO ]  Histogram: finished computing nearest neighbors histogram for 420 private samples and 236 synthetic samples
08/01/2026 01:05:27 AM [pe] [INFO ]  Composite population: generating 59 next synthetic samples
08/01/2026 01:05:27 AM [pe] [INFO ]  PE population: generating 59*3 next synthetic samples
08/01/2026 01:05:27 AM [pe] [INFO ]  VARIATION API: creating variations for 59 samples
08/01/2026 01:05:27 AM [pe] [INFO ]  VARIATION API: finished creating variations for 59 samples
08/01/2026 01:05:27 AM [pe] [INFO ]  VARIATION API: creating variations for 59 samples
08/01/2026 01:05:27 AM [pe] [INFO ]  VARIATION API: finished creating variations for 59 samples
08/01/2026 01:05:27 AM [pe] [INFO ]  VARIATION API: creating variations for 59 samples
08/01/2026 01:05:27 AM [pe] [INFO ]  VARIATION API: finished creating variations for 59 samples
08/01/2026 01:05:27 AM [pe] [INFO ]  PE population: finished generating 59*3 next synthetic samples
08/01/2026 01:05:27 AM [pe] [INFO ]  Composite population: finished generating 59 next synthetic samples
08/01/2026 01:05:27 AM [pe] [INFO ]  Saving the synthetic tabular data to a CSV file
08/01/2026 01:05:28 AM [pe] [INFO ]  Finished saving the synthetic tabular data to a CSV file
08/01/2026 01:05:28 AM [pe] [INFO ]  Evaluating tabular classifier
08/01/2026 01:05:28 AM [pe] [INFO ]  Number of samples after filtering: 1000
08/01/2026 01:05:56 AM [pe] [INFO ]  Tabular classifier test accuracy: 45.66%
08/01/2026 01:05:56 AM [pe] [INFO ]  Tabular classifier test (macro) F1 score: 45.61
08/01/2026 01:05:56 AM [pe] [INFO ]  Finished evaluating tabular classifier (tabular_classifier_tabicl_filter_{'PE.VARIATION_API_FOLD_ID':-1})
08/01/2026 01:05:56 AM [pe] [INFO ]  Computing 5way-WSD ({'PE.VARIATION_API_FOLD_ID':-1})
08/01/2026 01:05:56 AM [pe] [INFO ]  Number of samples after filtering: 1000
08/01/2026 01:06:17 AM [pe] [INFO ]  5way-wsd_1000samples_42seed_{'PE.VARIATION_API_FOLD_ID':-1}: 0.17069763
08/01/2026 01:06:17 AM [pe] [INFO ]  Finished computing 5way-WSD ({'PE.VARIATION_API_FOLD_ID':-1})
08/01/2026 01:06:17 AM [pe] [INFO ]  Computing 6way-WSD ({'PE.VARIATION_API_FOLD_ID':-1})
08/01/2026 01:06:17 AM [pe] [INFO ]  Number of samples after filtering: 1000
08/01/2026 01:06:28 AM [pe] [INFO ]  6way-wsd_1000samples_42seed_{'PE.VARIATION_API_FOLD_ID':-1}: 0.21019297
08/01/2026 01:06:28 AM [pe] [INFO ]  Finished computing 6way-WSD ({'PE.VARIATION_API_FOLD_ID':-1})
08/01/2026 01:06:28 AM [pe] [INFO ]  Computing 7way-WSD ({'PE.VARIATION_API_FOLD_ID':-1})
08/01/2026 01:06:28 AM [pe] [INFO ]  Number of samples after filtering: 1000
08/01/2026 01:06:31 AM [pe] [INFO ]  7way-wsd_1000samples_42seed_{'PE.VARIATION_API_FOLD_ID':-1}: 0.24667047
08/01/2026 01:06:31 AM [pe] [INFO ]  Finished computing 7way-WSD ({'PE.VARIATION_API_FOLD_ID':-1})
08/01/2026 01:06:31 AM [pe] [INFO ]  Iteration: 11
08/01/2026 01:06:31 AM [pe] [INFO ]  	tabular_classifier_tabicl_filter_{'PE.VARIATION_API_FOLD_ID':-1}_test_acc: 45.66210046
08/01/2026 01:06:31 AM [pe] [INFO ]  	tabular_classifier_tabicl_filter_{'PE.VARIATION_API_FOLD_ID':-1}_test_f1: 45.60708308
08/01/2026 01:06:31 AM [pe] [INFO ]  	5way-wsd_1000samples_42seed_{'PE.VARIATION_API_FOLD_ID':-1}: 0.17069763
08/01/2026 01:06:31 AM [pe] [INFO ]  	6way-wsd_1000samples_42seed_{'PE.VARIATION_API_FOLD_ID':-1}: 0.21019297
08/01/2026 01:06:31 AM [pe] [INFO ]  	7way-wsd_1000samples_42seed_{'PE.VARIATION_API_FOLD_ID':-1}: 0.24667047
08/01/2026 01:06:31 AM [pe] [INFO ]  PE iteration 12
08/01/2026 01:06:31 AM [pe] [WARNI]  fraction_per_label_id is not provided. Assuming the fraction of label ids in private data is public information.
08/01/2026 01:06:31 AM [pe] [INFO ]  Label 0
08/01/2026 01:06:31 AM [pe] [INFO ]  Histogram: computing nearest neighbors histogram for 837 private samples and 468 synthetic samples
08/01/2026 01:06:31 AM [pe] [INFO ]  Embedding: PE.EMBEDDING.TabularEmbedding already computed
08/01/2026 01:06:31 AM [pe] [INFO ]  Embedding: computing PE.EMBEDDING.TabularEmbedding for 351/468 samples
08/01/2026 01:06:31 AM [pe] [INFO ]  Embedding: finished computing PE.EMBEDDING.TabularEmbedding for 351/468 samples
08/01/2026 01:06:31 AM [pe] [INFO ]  Histogram: finished computing nearest neighbors histogram for 837 private samples and 468 synthetic samples
08/01/2026 01:06:31 AM [pe] [INFO ]  Composite population: generating 117 next synthetic samples
08/01/2026 01:06:31 AM [pe] [INFO ]  PE population: generating 117*3 next synthetic samples
08/01/2026 01:06:31 AM [pe] [INFO ]  VARIATION API: creating variations for 117 samples
08/01/2026 01:06:31 AM [pe] [INFO ]  VARIATION API: finished creating variations for 117 samples
08/01/2026 01:06:31 AM [pe] [INFO ]  VARIATION API: creating variations for 117 samples
08/01/2026 01:06:31 AM [pe] [INFO ]  VARIATION API: finished creating variations for 117 samples
08/01/2026 01:06:31 AM [pe] [INFO ]  VARIATION API: creating variations for 117 samples
08/01/2026 01:06:31 AM [pe] [INFO ]  VARIATION API: finished creating variations for 117 samples
08/01/2026 01:06:31 AM [pe] [INFO ]  PE population: finished generating 117*3 next synthetic samples
08/01/2026 01:06:31 AM [pe] [INFO ]  Composite population: finished generating 117 next synthetic samples
08/01/2026 01:06:31 AM [pe] [INFO ]  Label 1
08/01/2026 01:06:31 AM [pe] [INFO ]  Histogram: computing nearest neighbors histogram for 834 private samples and 468 synthetic samples
08/01/2026 01:06:31 AM [pe] [INFO ]  Embedding: PE.EMBEDDING.TabularEmbedding already computed
08/01/2026 01:06:31 AM [pe] [INFO ]  Embedding: computing PE.EMBEDDING.TabularEmbedding for 351/468 samples
08/01/2026 01:06:31 AM [pe] [INFO ]  Embedding: finished computing PE.EMBEDDING.TabularEmbedding for 351/468 samples
08/01/2026 01:06:31 AM [pe] [INFO ]  Histogram: finished computing nearest neighbors histogram for 834 private samples and 468 synthetic samples
08/01/2026 01:06:31 AM [pe] [INFO ]  Composite population: generating 117 next synthetic samples
08/01/2026 01:06:31 AM [pe] [INFO ]  PE population: generating 117*3 next synthetic samples
08/01/2026 01:06:31 AM [pe] [INFO ]  VARIATION API: creating variations for 117 samples
08/01/2026 01:06:31 AM [pe] [INFO ]  VARIATION API: finished creating variations for 117 samples
08/01/2026 01:06:31 AM [pe] [INFO ]  VARIATION API: creating variations for 117 samples
08/01/2026 01:06:31 AM [pe] [INFO ]  VARIATION API: finished creating variations for 117 samples
08/01/2026 01:06:31 AM [pe] [INFO ]  VARIATION API: creating variations for 117 samples
08/01/2026 01:06:31 AM [pe] [INFO ]  VARIATION API: finished creating variations for 117 samples
08/01/2026 01:06:31 AM [pe] [INFO ]  PE population: finished generating 117*3 next synthetic samples
08/01/2026 01:06:31 AM [pe] [INFO ]  Composite population: finished generating 117 next synthetic samples
08/01/2026 01:06:31 AM [pe] [INFO ]  Label 2
08/01/2026 01:06:31 AM [pe] [INFO ]  Histogram: computing nearest neighbors histogram for 991 private samples and 552 synthetic samples
08/01/2026 01:06:31 AM [pe] [INFO ]  Embedding: PE.EMBEDDING.TabularEmbedding already computed
08/01/2026 01:06:31 AM [pe] [INFO ]  Embedding: computing PE.EMBEDDING.TabularEmbedding for 414/552 samples
08/01/2026 01:06:31 AM [pe] [INFO ]  Embedding: finished computing PE.EMBEDDING.TabularEmbedding for 414/552 samples
08/01/2026 01:06:31 AM [pe] [INFO ]  Histogram: finished computing nearest neighbors histogram for 991 private samples and 552 synthetic samples
08/01/2026 01:06:31 AM [pe] [INFO ]  Composite population: generating 138 next synthetic samples
08/01/2026 01:06:31 AM [pe] [INFO ]  PE population: generating 138*3 next synthetic samples
08/01/2026 01:06:31 AM [pe] [INFO ]  VARIATION API: creating variations for 138 samples
08/01/2026 01:06:31 AM [pe] [INFO ]  VARIATION API: finished creating variations for 138 samples
08/01/2026 01:06:31 AM [pe] [INFO ]  VARIATION API: creating variations for 138 samples
08/01/2026 01:06:31 AM [pe] [INFO ]  VARIATION API: finished creating variations for 138 samples
08/01/2026 01:06:31 AM [pe] [INFO ]  VARIATION API: creating variations for 138 samples
08/01/2026 01:06:31 AM [pe] [INFO ]  VARIATION API: finished creating variations for 138 samples
08/01/2026 01:06:31 AM [pe] [INFO ]  PE population: finished generating 138*3 next synthetic samples
08/01/2026 01:06:31 AM [pe] [INFO ]  Composite population: finished generating 138 next synthetic samples
08/01/2026 01:06:31 AM [pe] [INFO ]  Label 3
08/01/2026 01:06:31 AM [pe] [INFO ]  Histogram: computing nearest neighbors histogram for 566 private samples and 316 synthetic samples
08/01/2026 01:06:31 AM [pe] [INFO ]  Embedding: PE.EMBEDDING.TabularEmbedding already computed
08/01/2026 01:06:31 AM [pe] [INFO ]  Embedding: computing PE.EMBEDDING.TabularEmbedding for 237/316 samples
08/01/2026 01:06:31 AM [pe] [INFO ]  Embedding: finished computing PE.EMBEDDING.TabularEmbedding for 237/316 samples
08/01/2026 01:06:32 AM [pe] [INFO ]  Histogram: finished computing nearest neighbors histogram for 566 private samples and 316 synthetic samples
08/01/2026 01:06:32 AM [pe] [INFO ]  Composite population: generating 79 next synthetic samples
08/01/2026 01:06:32 AM [pe] [INFO ]  PE population: generating 79*3 next synthetic samples
08/01/2026 01:06:32 AM [pe] [INFO ]  VARIATION API: creating variations for 79 samples
08/01/2026 01:06:32 AM [pe] [INFO ]  VARIATION API: finished creating variations for 79 samples
08/01/2026 01:06:32 AM [pe] [INFO ]  VARIATION API: creating variations for 79 samples
08/01/2026 01:06:32 AM [pe] [INFO ]  VARIATION API: finished creating variations for 79 samples
08/01/2026 01:06:32 AM [pe] [INFO ]  VARIATION API: creating variations for 79 samples
08/01/2026 01:06:32 AM [pe] [INFO ]  VARIATION API: finished creating variations for 79 samples
08/01/2026 01:06:32 AM [pe] [INFO ]  PE population: finished generating 79*3 next synthetic samples
08/01/2026 01:06:32 AM [pe] [INFO ]  Composite population: finished generating 79 next synthetic samples
08/01/2026 01:06:32 AM [pe] [INFO ]  Label 4
08/01/2026 01:06:32 AM [pe] [INFO ]  Histogram: computing nearest neighbors histogram for 706 private samples and 396 synthetic samples
08/01/2026 01:06:32 AM [pe] [INFO ]  Embedding: PE.EMBEDDING.TabularEmbedding already computed
08/01/2026 01:06:32 AM [pe] [INFO ]  Embedding: computing PE.EMBEDDING.TabularEmbedding for 297/396 samples
08/01/2026 01:06:32 AM [pe] [INFO ]  Embedding: finished computing PE.EMBEDDING.TabularEmbedding for 297/396 samples
08/01/2026 01:06:32 AM [pe] [INFO ]  Histogram: finished computing nearest neighbors histogram for 706 private samples and 396 synthetic samples
08/01/2026 01:06:32 AM [pe] [INFO ]  Composite population: generating 99 next synthetic samples
08/01/2026 01:06:32 AM [pe] [INFO ]  PE population: generating 99*3 next synthetic samples
08/01/2026 01:06:32 AM [pe] [INFO ]  VARIATION API: creating variations for 99 samples
08/01/2026 01:06:32 AM [pe] [INFO ]  VARIATION API: finished creating variations for 99 samples
08/01/2026 01:06:32 AM [pe] [INFO ]  VARIATION API: creating variations for 99 samples
08/01/2026 01:06:32 AM [pe] [INFO ]  VARIATION API: finished creating variations for 99 samples
08/01/2026 01:06:32 AM [pe] [INFO ]  VARIATION API: creating variations for 99 samples
08/01/2026 01:06:32 AM [pe] [INFO ]  VARIATION API: finished creating variations for 99 samples
08/01/2026 01:06:32 AM [pe] [INFO ]  PE population: finished generating 99*3 next synthetic samples
08/01/2026 01:06:32 AM [pe] [INFO ]  Composite population: finished generating 99 next synthetic samples
08/01/2026 01:06:32 AM [pe] [INFO ]  Label 5
08/01/2026 01:06:32 AM [pe] [INFO ]  Histogram: computing nearest neighbors histogram for 700 private samples and 392 synthetic samples
08/01/2026 01:06:32 AM [pe] [INFO ]  Embedding: PE.EMBEDDING.TabularEmbedding already computed
08/01/2026 01:06:32 AM [pe] [INFO ]  Embedding: computing PE.EMBEDDING.TabularEmbedding for 294/392 samples
08/01/2026 01:06:32 AM [pe] [INFO ]  Embedding: finished computing PE.EMBEDDING.TabularEmbedding for 294/392 samples
08/01/2026 01:06:32 AM [pe] [INFO ]  Histogram: finished computing nearest neighbors histogram for 700 private samples and 392 synthetic samples
08/01/2026 01:06:32 AM [pe] [INFO ]  Composite population: generating 98 next synthetic samples
08/01/2026 01:06:32 AM [pe] [INFO ]  PE population: generating 98*3 next synthetic samples
08/01/2026 01:06:32 AM [pe] [INFO ]  VARIATION API: creating variations for 98 samples
08/01/2026 01:06:32 AM [pe] [INFO ]  VARIATION API: finished creating variations for 98 samples
08/01/2026 01:06:32 AM [pe] [INFO ]  VARIATION API: creating variations for 98 samples
08/01/2026 01:06:32 AM [pe] [INFO ]  VARIATION API: finished creating variations for 98 samples
08/01/2026 01:06:32 AM [pe] [INFO ]  VARIATION API: creating variations for 98 samples
08/01/2026 01:06:32 AM [pe] [INFO ]  VARIATION API: finished creating variations for 98 samples
08/01/2026 01:06:32 AM [pe] [INFO ]  PE population: finished generating 98*3 next synthetic samples
08/01/2026 01:06:32 AM [pe] [INFO ]  Composite population: finished generating 98 next synthetic samples
08/01/2026 01:06:32 AM [pe] [INFO ]  Label 6
08/01/2026 01:06:32 AM [pe] [INFO ]  Histogram: computing nearest neighbors histogram for 560 private samples and 312 synthetic samples
08/01/2026 01:06:32 AM [pe] [INFO ]  Embedding: PE.EMBEDDING.TabularEmbedding already computed
08/01/2026 01:06:32 AM [pe] [INFO ]  Embedding: computing PE.EMBEDDING.TabularEmbedding for 234/312 samples
08/01/2026 01:06:32 AM [pe] [INFO ]  Embedding: finished computing PE.EMBEDDING.TabularEmbedding for 234/312 samples
08/01/2026 01:06:32 AM [pe] [INFO ]  Histogram: finished computing nearest neighbors histogram for 560 private samples and 312 synthetic samples
08/01/2026 01:06:32 AM [pe] [INFO ]  Composite population: generating 78 next synthetic samples
08/01/2026 01:06:32 AM [pe] [INFO ]  PE population: generating 78*3 next synthetic samples
08/01/2026 01:06:32 AM [pe] [INFO ]  VARIATION API: creating variations for 78 samples
08/01/2026 01:06:32 AM [pe] [INFO ]  VARIATION API: finished creating variations for 78 samples
08/01/2026 01:06:32 AM [pe] [INFO ]  VARIATION API: creating variations for 78 samples
08/01/2026 01:06:32 AM [pe] [INFO ]  VARIATION API: finished creating variations for 78 samples
08/01/2026 01:06:32 AM [pe] [INFO ]  VARIATION API: creating variations for 78 samples
08/01/2026 01:06:32 AM [pe] [INFO ]  VARIATION API: finished creating variations for 78 samples
08/01/2026 01:06:32 AM [pe] [INFO ]  PE population: finished generating 78*3 next synthetic samples
08/01/2026 01:06:32 AM [pe] [INFO ]  Composite population: finished generating 78 next synthetic samples
08/01/2026 01:06:32 AM [pe] [INFO ]  Label 7
08/01/2026 01:06:32 AM [pe] [INFO ]  Histogram: computing nearest neighbors histogram for 838 private samples and 468 synthetic samples
08/01/2026 01:06:32 AM [pe] [INFO ]  Embedding: PE.EMBEDDING.TabularEmbedding already computed
08/01/2026 01:06:32 AM [pe] [INFO ]  Embedding: computing PE.EMBEDDING.TabularEmbedding for 351/468 samples
08/01/2026 01:06:32 AM [pe] [INFO ]  Embedding: finished computing PE.EMBEDDING.TabularEmbedding for 351/468 samples
08/01/2026 01:06:32 AM [pe] [INFO ]  Histogram: finished computing nearest neighbors histogram for 838 private samples and 468 synthetic samples
08/01/2026 01:06:32 AM [pe] [INFO ]  Composite population: generating 117 next synthetic samples
08/01/2026 01:06:32 AM [pe] [INFO ]  PE population: generating 117*3 next synthetic samples
08/01/2026 01:06:32 AM [pe] [INFO ]  VARIATION API: creating variations for 117 samples
08/01/2026 01:06:32 AM [pe] [INFO ]  VARIATION API: finished creating variations for 117 samples
08/01/2026 01:06:32 AM [pe] [INFO ]  VARIATION API: creating variations for 117 samples
08/01/2026 01:06:32 AM [pe] [INFO ]  VARIATION API: finished creating variations for 117 samples
08/01/2026 01:06:32 AM [pe] [INFO ]  VARIATION API: creating variations for 117 samples
08/01/2026 01:06:32 AM [pe] [INFO ]  VARIATION API: finished creating variations for 117 samples
08/01/2026 01:06:32 AM [pe] [INFO ]  PE population: finished generating 117*3 next synthetic samples
08/01/2026 01:06:32 AM [pe] [INFO ]  Composite population: finished generating 117 next synthetic samples
08/01/2026 01:06:32 AM [pe] [INFO ]  Label 8
08/01/2026 01:06:32 AM [pe] [INFO ]  Histogram: computing nearest neighbors histogram for 700 private samples and 392 synthetic samples
08/01/2026 01:06:32 AM [pe] [INFO ]  Embedding: PE.EMBEDDING.TabularEmbedding already computed
08/01/2026 01:06:32 AM [pe] [INFO ]  Embedding: computing PE.EMBEDDING.TabularEmbedding for 294/392 samples
08/01/2026 01:06:32 AM [pe] [INFO ]  Embedding: finished computing PE.EMBEDDING.TabularEmbedding for 294/392 samples
08/01/2026 01:06:32 AM [pe] [INFO ]  Histogram: finished computing nearest neighbors histogram for 700 private samples and 392 synthetic samples
08/01/2026 01:06:32 AM [pe] [INFO ]  Composite population: generating 98 next synthetic samples
08/01/2026 01:06:32 AM [pe] [INFO ]  PE population: generating 98*3 next synthetic samples
08/01/2026 01:06:32 AM [pe] [INFO ]  VARIATION API: creating variations for 98 samples
08/01/2026 01:06:32 AM [pe] [INFO ]  VARIATION API: finished creating variations for 98 samples
08/01/2026 01:06:32 AM [pe] [INFO ]  VARIATION API: creating variations for 98 samples
08/01/2026 01:06:32 AM [pe] [INFO ]  VARIATION API: finished creating variations for 98 samples
08/01/2026 01:06:32 AM [pe] [INFO ]  VARIATION API: creating variations for 98 samples
08/01/2026 01:06:32 AM [pe] [INFO ]  VARIATION API: finished creating variations for 98 samples
08/01/2026 01:06:32 AM [pe] [INFO ]  PE population: finished generating 98*3 next synthetic samples
08/01/2026 01:06:32 AM [pe] [INFO ]  Composite population: finished generating 98 next synthetic samples
08/01/2026 01:06:32 AM [pe] [INFO ]  Label 9
08/01/2026 01:06:32 AM [pe] [INFO ]  Histogram: computing nearest neighbors histogram for 420 private samples and 236 synthetic samples
08/01/2026 01:06:32 AM [pe] [INFO ]  Embedding: PE.EMBEDDING.TabularEmbedding already computed
08/01/2026 01:06:32 AM [pe] [INFO ]  Embedding: computing PE.EMBEDDING.TabularEmbedding for 177/236 samples
08/01/2026 01:06:32 AM [pe] [INFO ]  Embedding: finished computing PE.EMBEDDING.TabularEmbedding for 177/236 samples
08/01/2026 01:06:32 AM [pe] [INFO ]  Histogram: finished computing nearest neighbors histogram for 420 private samples and 236 synthetic samples
08/01/2026 01:06:32 AM [pe] [INFO ]  Composite population: generating 59 next synthetic samples
08/01/2026 01:06:32 AM [pe] [INFO ]  PE population: generating 59*3 next synthetic samples
08/01/2026 01:06:32 AM [pe] [INFO ]  VARIATION API: creating variations for 59 samples
08/01/2026 01:06:32 AM [pe] [INFO ]  VARIATION API: finished creating variations for 59 samples
08/01/2026 01:06:32 AM [pe] [INFO ]  VARIATION API: creating variations for 59 samples
08/01/2026 01:06:32 AM [pe] [INFO ]  VARIATION API: finished creating variations for 59 samples
08/01/2026 01:06:32 AM [pe] [INFO ]  VARIATION API: creating variations for 59 samples
08/01/2026 01:06:32 AM [pe] [INFO ]  VARIATION API: finished creating variations for 59 samples
08/01/2026 01:06:32 AM [pe] [INFO ]  PE population: finished generating 59*3 next synthetic samples
08/01/2026 01:06:32 AM [pe] [INFO ]  Composite population: finished generating 59 next synthetic samples
08/01/2026 01:06:32 AM [pe] [INFO ]  Saving the synthetic tabular data to a CSV file
08/01/2026 01:06:33 AM [pe] [INFO ]  Finished saving the synthetic tabular data to a CSV file
08/01/2026 01:06:33 AM [pe] [INFO ]  Evaluating tabular classifier
08/01/2026 01:06:33 AM [pe] [INFO ]  Number of samples after filtering: 1000
08/01/2026 01:07:01 AM [pe] [INFO ]  Tabular classifier test accuracy: 45.73%
08/01/2026 01:07:01 AM [pe] [INFO ]  Tabular classifier test (macro) F1 score: 45.73
08/01/2026 01:07:01 AM [pe] [INFO ]  Finished evaluating tabular classifier (tabular_classifier_tabicl_filter_{'PE.VARIATION_API_FOLD_ID':-1})
08/01/2026 01:07:01 AM [pe] [INFO ]  Computing 5way-WSD ({'PE.VARIATION_API_FOLD_ID':-1})
08/01/2026 01:07:01 AM [pe] [INFO ]  Number of samples after filtering: 1000
08/01/2026 01:07:22 AM [pe] [INFO ]  5way-wsd_1000samples_42seed_{'PE.VARIATION_API_FOLD_ID':-1}: 0.16486399
08/01/2026 01:07:22 AM [pe] [INFO ]  Finished computing 5way-WSD ({'PE.VARIATION_API_FOLD_ID':-1})
08/01/2026 01:07:22 AM [pe] [INFO ]  Computing 6way-WSD ({'PE.VARIATION_API_FOLD_ID':-1})
08/01/2026 01:07:22 AM [pe] [INFO ]  Number of samples after filtering: 1000
08/01/2026 01:07:33 AM [pe] [INFO ]  6way-wsd_1000samples_42seed_{'PE.VARIATION_API_FOLD_ID':-1}: 0.20230605
08/01/2026 01:07:33 AM [pe] [INFO ]  Finished computing 6way-WSD ({'PE.VARIATION_API_FOLD_ID':-1})
08/01/2026 01:07:33 AM [pe] [INFO ]  Computing 7way-WSD ({'PE.VARIATION_API_FOLD_ID':-1})
08/01/2026 01:07:33 AM [pe] [INFO ]  Number of samples after filtering: 1000
08/01/2026 01:07:36 AM [pe] [INFO ]  7way-wsd_1000samples_42seed_{'PE.VARIATION_API_FOLD_ID':-1}: 0.23673195
08/01/2026 01:07:36 AM [pe] [INFO ]  Finished computing 7way-WSD ({'PE.VARIATION_API_FOLD_ID':-1})
08/01/2026 01:07:36 AM [pe] [INFO ]  Iteration: 12
08/01/2026 01:07:36 AM [pe] [INFO ]  	tabular_classifier_tabicl_filter_{'PE.VARIATION_API_FOLD_ID':-1}_test_acc: 45.72733203
08/01/2026 01:07:36 AM [pe] [INFO ]  	tabular_classifier_tabicl_filter_{'PE.VARIATION_API_FOLD_ID':-1}_test_f1: 45.73318534
08/01/2026 01:07:36 AM [pe] [INFO ]  	5way-wsd_1000samples_42seed_{'PE.VARIATION_API_FOLD_ID':-1}: 0.16486399
08/01/2026 01:07:36 AM [pe] [INFO ]  	6way-wsd_1000samples_42seed_{'PE.VARIATION_API_FOLD_ID':-1}: 0.20230605
08/01/2026 01:07:36 AM [pe] [INFO ]  	7way-wsd_1000samples_42seed_{'PE.VARIATION_API_FOLD_ID':-1}: 0.23673195
08/01/2026 01:07:36 AM [pe] [INFO ]  PE iteration 13
08/01/2026 01:07:36 AM [pe] [WARNI]  fraction_per_label_id is not provided. Assuming the fraction of label ids in private data is public information.
08/01/2026 01:07:36 AM [pe] [INFO ]  Label 0
08/01/2026 01:07:36 AM [pe] [INFO ]  Histogram: computing nearest neighbors histogram for 837 private samples and 468 synthetic samples
08/01/2026 01:07:36 AM [pe] [INFO ]  Embedding: PE.EMBEDDING.TabularEmbedding already computed
08/01/2026 01:07:36 AM [pe] [INFO ]  Embedding: computing PE.EMBEDDING.TabularEmbedding for 351/468 samples
08/01/2026 01:07:36 AM [pe] [INFO ]  Embedding: finished computing PE.EMBEDDING.TabularEmbedding for 351/468 samples
08/01/2026 01:07:36 AM [pe] [INFO ]  Histogram: finished computing nearest neighbors histogram for 837 private samples and 468 synthetic samples
08/01/2026 01:07:36 AM [pe] [INFO ]  Composite population: generating 117 next synthetic samples
08/01/2026 01:07:36 AM [pe] [INFO ]  PE population: generating 117*3 next synthetic samples
08/01/2026 01:07:36 AM [pe] [INFO ]  VARIATION API: creating variations for 117 samples
08/01/2026 01:07:36 AM [pe] [INFO ]  VARIATION API: finished creating variations for 117 samples
08/01/2026 01:07:36 AM [pe] [INFO ]  VARIATION API: creating variations for 117 samples
08/01/2026 01:07:36 AM [pe] [INFO ]  VARIATION API: finished creating variations for 117 samples
08/01/2026 01:07:36 AM [pe] [INFO ]  VARIATION API: creating variations for 117 samples
08/01/2026 01:07:36 AM [pe] [INFO ]  VARIATION API: finished creating variations for 117 samples
08/01/2026 01:07:36 AM [pe] [INFO ]  PE population: finished generating 117*3 next synthetic samples
08/01/2026 01:07:36 AM [pe] [INFO ]  Composite population: finished generating 117 next synthetic samples
08/01/2026 01:07:36 AM [pe] [INFO ]  Label 1
08/01/2026 01:07:36 AM [pe] [INFO ]  Histogram: computing nearest neighbors histogram for 834 private samples and 468 synthetic samples
08/01/2026 01:07:36 AM [pe] [INFO ]  Embedding: PE.EMBEDDING.TabularEmbedding already computed
08/01/2026 01:07:36 AM [pe] [INFO ]  Embedding: computing PE.EMBEDDING.TabularEmbedding for 351/468 samples
08/01/2026 01:07:36 AM [pe] [INFO ]  Embedding: finished computing PE.EMBEDDING.TabularEmbedding for 351/468 samples
08/01/2026 01:07:36 AM [pe] [INFO ]  Histogram: finished computing nearest neighbors histogram for 834 private samples and 468 synthetic samples
08/01/2026 01:07:36 AM [pe] [INFO ]  Composite population: generating 117 next synthetic samples
08/01/2026 01:07:36 AM [pe] [INFO ]  PE population: generating 117*3 next synthetic samples
08/01/2026 01:07:36 AM [pe] [INFO ]  VARIATION API: creating variations for 117 samples
08/01/2026 01:07:36 AM [pe] [INFO ]  VARIATION API: finished creating variations for 117 samples
08/01/2026 01:07:36 AM [pe] [INFO ]  VARIATION API: creating variations for 117 samples
08/01/2026 01:07:36 AM [pe] [INFO ]  VARIATION API: finished creating variations for 117 samples
08/01/2026 01:07:36 AM [pe] [INFO ]  VARIATION API: creating variations for 117 samples
08/01/2026 01:07:36 AM [pe] [INFO ]  VARIATION API: finished creating variations for 117 samples
08/01/2026 01:07:36 AM [pe] [INFO ]  PE population: finished generating 117*3 next synthetic samples
08/01/2026 01:07:36 AM [pe] [INFO ]  Composite population: finished generating 117 next synthetic samples
08/01/2026 01:07:36 AM [pe] [INFO ]  Label 2
08/01/2026 01:07:36 AM [pe] [INFO ]  Histogram: computing nearest neighbors histogram for 991 private samples and 552 synthetic samples
08/01/2026 01:07:36 AM [pe] [INFO ]  Embedding: PE.EMBEDDING.TabularEmbedding already computed
08/01/2026 01:07:36 AM [pe] [INFO ]  Embedding: computing PE.EMBEDDING.TabularEmbedding for 414/552 samples
08/01/2026 01:07:36 AM [pe] [INFO ]  Embedding: finished computing PE.EMBEDDING.TabularEmbedding for 414/552 samples
08/01/2026 01:07:36 AM [pe] [INFO ]  Histogram: finished computing nearest neighbors histogram for 991 private samples and 552 synthetic samples
08/01/2026 01:07:36 AM [pe] [INFO ]  Composite population: generating 138 next synthetic samples
08/01/2026 01:07:36 AM [pe] [INFO ]  PE population: generating 138*3 next synthetic samples
08/01/2026 01:07:36 AM [pe] [INFO ]  VARIATION API: creating variations for 138 samples
08/01/2026 01:07:36 AM [pe] [INFO ]  VARIATION API: finished creating variations for 138 samples
08/01/2026 01:07:36 AM [pe] [INFO ]  VARIATION API: creating variations for 138 samples
08/01/2026 01:07:36 AM [pe] [INFO ]  VARIATION API: finished creating variations for 138 samples
08/01/2026 01:07:36 AM [pe] [INFO ]  VARIATION API: creating variations for 138 samples
08/01/2026 01:07:36 AM [pe] [INFO ]  VARIATION API: finished creating variations for 138 samples
08/01/2026 01:07:36 AM [pe] [INFO ]  PE population: finished generating 138*3 next synthetic samples
08/01/2026 01:07:36 AM [pe] [INFO ]  Composite population: finished generating 138 next synthetic samples
08/01/2026 01:07:36 AM [pe] [INFO ]  Label 3
08/01/2026 01:07:36 AM [pe] [INFO ]  Histogram: computing nearest neighbors histogram for 566 private samples and 316 synthetic samples
08/01/2026 01:07:36 AM [pe] [INFO ]  Embedding: PE.EMBEDDING.TabularEmbedding already computed
08/01/2026 01:07:36 AM [pe] [INFO ]  Embedding: computing PE.EMBEDDING.TabularEmbedding for 237/316 samples
08/01/2026 01:07:36 AM [pe] [INFO ]  Embedding: finished computing PE.EMBEDDING.TabularEmbedding for 237/316 samples
08/01/2026 01:07:36 AM [pe] [INFO ]  Histogram: finished computing nearest neighbors histogram for 566 private samples and 316 synthetic samples
08/01/2026 01:07:36 AM [pe] [INFO ]  Composite population: generating 79 next synthetic samples
08/01/2026 01:07:36 AM [pe] [INFO ]  PE population: generating 79*3 next synthetic samples
08/01/2026 01:07:36 AM [pe] [INFO ]  VARIATION API: creating variations for 79 samples
08/01/2026 01:07:36 AM [pe] [INFO ]  VARIATION API: finished creating variations for 79 samples
08/01/2026 01:07:36 AM [pe] [INFO ]  VARIATION API: creating variations for 79 samples
08/01/2026 01:07:36 AM [pe] [INFO ]  VARIATION API: finished creating variations for 79 samples
08/01/2026 01:07:36 AM [pe] [INFO ]  VARIATION API: creating variations for 79 samples
08/01/2026 01:07:36 AM [pe] [INFO ]  VARIATION API: finished creating variations for 79 samples
08/01/2026 01:07:36 AM [pe] [INFO ]  PE population: finished generating 79*3 next synthetic samples
08/01/2026 01:07:36 AM [pe] [INFO ]  Composite population: finished generating 79 next synthetic samples
08/01/2026 01:07:36 AM [pe] [INFO ]  Label 4
08/01/2026 01:07:36 AM [pe] [INFO ]  Histogram: computing nearest neighbors histogram for 706 private samples and 396 synthetic samples
08/01/2026 01:07:36 AM [pe] [INFO ]  Embedding: PE.EMBEDDING.TabularEmbedding already computed
08/01/2026 01:07:36 AM [pe] [INFO ]  Embedding: computing PE.EMBEDDING.TabularEmbedding for 297/396 samples
08/01/2026 01:07:36 AM [pe] [INFO ]  Embedding: finished computing PE.EMBEDDING.TabularEmbedding for 297/396 samples
08/01/2026 01:07:36 AM [pe] [INFO ]  Histogram: finished computing nearest neighbors histogram for 706 private samples and 396 synthetic samples
08/01/2026 01:07:36 AM [pe] [INFO ]  Composite population: generating 99 next synthetic samples
08/01/2026 01:07:36 AM [pe] [INFO ]  PE population: generating 99*3 next synthetic samples
08/01/2026 01:07:36 AM [pe] [INFO ]  VARIATION API: creating variations for 99 samples
08/01/2026 01:07:36 AM [pe] [INFO ]  VARIATION API: finished creating variations for 99 samples
08/01/2026 01:07:36 AM [pe] [INFO ]  VARIATION API: creating variations for 99 samples
08/01/2026 01:07:36 AM [pe] [INFO ]  VARIATION API: finished creating variations for 99 samples
08/01/2026 01:07:36 AM [pe] [INFO ]  VARIATION API: creating variations for 99 samples
08/01/2026 01:07:36 AM [pe] [INFO ]  VARIATION API: finished creating variations for 99 samples
08/01/2026 01:07:36 AM [pe] [INFO ]  PE population: finished generating 99*3 next synthetic samples
08/01/2026 01:07:36 AM [pe] [INFO ]  Composite population: finished generating 99 next synthetic samples
08/01/2026 01:07:36 AM [pe] [INFO ]  Label 5
08/01/2026 01:07:36 AM [pe] [INFO ]  Histogram: computing nearest neighbors histogram for 700 private samples and 392 synthetic samples
08/01/2026 01:07:36 AM [pe] [INFO ]  Embedding: PE.EMBEDDING.TabularEmbedding already computed
08/01/2026 01:07:36 AM [pe] [INFO ]  Embedding: computing PE.EMBEDDING.TabularEmbedding for 294/392 samples
08/01/2026 01:07:36 AM [pe] [INFO ]  Embedding: finished computing PE.EMBEDDING.TabularEmbedding for 294/392 samples
08/01/2026 01:07:36 AM [pe] [INFO ]  Histogram: finished computing nearest neighbors histogram for 700 private samples and 392 synthetic samples
08/01/2026 01:07:36 AM [pe] [INFO ]  Composite population: generating 98 next synthetic samples
08/01/2026 01:07:36 AM [pe] [INFO ]  PE population: generating 98*3 next synthetic samples
08/01/2026 01:07:36 AM [pe] [INFO ]  VARIATION API: creating variations for 98 samples
08/01/2026 01:07:36 AM [pe] [INFO ]  VARIATION API: finished creating variations for 98 samples
08/01/2026 01:07:36 AM [pe] [INFO ]  VARIATION API: creating variations for 98 samples
08/01/2026 01:07:36 AM [pe] [INFO ]  VARIATION API: finished creating variations for 98 samples
08/01/2026 01:07:36 AM [pe] [INFO ]  VARIATION API: creating variations for 98 samples
08/01/2026 01:07:36 AM [pe] [INFO ]  VARIATION API: finished creating variations for 98 samples
08/01/2026 01:07:36 AM [pe] [INFO ]  PE population: finished generating 98*3 next synthetic samples
08/01/2026 01:07:36 AM [pe] [INFO ]  Composite population: finished generating 98 next synthetic samples
08/01/2026 01:07:36 AM [pe] [INFO ]  Label 6
08/01/2026 01:07:36 AM [pe] [INFO ]  Histogram: computing nearest neighbors histogram for 560 private samples and 312 synthetic samples
08/01/2026 01:07:36 AM [pe] [INFO ]  Embedding: PE.EMBEDDING.TabularEmbedding already computed
08/01/2026 01:07:36 AM [pe] [INFO ]  Embedding: computing PE.EMBEDDING.TabularEmbedding for 234/312 samples
08/01/2026 01:07:36 AM [pe] [INFO ]  Embedding: finished computing PE.EMBEDDING.TabularEmbedding for 234/312 samples
08/01/2026 01:07:36 AM [pe] [INFO ]  Histogram: finished computing nearest neighbors histogram for 560 private samples and 312 synthetic samples
08/01/2026 01:07:36 AM [pe] [INFO ]  Composite population: generating 78 next synthetic samples
08/01/2026 01:07:36 AM [pe] [INFO ]  PE population: generating 78*3 next synthetic samples
08/01/2026 01:07:36 AM [pe] [INFO ]  VARIATION API: creating variations for 78 samples
08/01/2026 01:07:36 AM [pe] [INFO ]  VARIATION API: finished creating variations for 78 samples
08/01/2026 01:07:36 AM [pe] [INFO ]  VARIATION API: creating variations for 78 samples
08/01/2026 01:07:36 AM [pe] [INFO ]  VARIATION API: finished creating variations for 78 samples
08/01/2026 01:07:36 AM [pe] [INFO ]  VARIATION API: creating variations for 78 samples
08/01/2026 01:07:36 AM [pe] [INFO ]  VARIATION API: finished creating variations for 78 samples
08/01/2026 01:07:37 AM [pe] [INFO ]  PE population: finished generating 78*3 next synthetic samples
08/01/2026 01:07:37 AM [pe] [INFO ]  Composite population: finished generating 78 next synthetic samples
08/01/2026 01:07:37 AM [pe] [INFO ]  Label 7
08/01/2026 01:07:37 AM [pe] [INFO ]  Histogram: computing nearest neighbors histogram for 838 private samples and 468 synthetic samples
08/01/2026 01:07:37 AM [pe] [INFO ]  Embedding: PE.EMBEDDING.TabularEmbedding already computed
08/01/2026 01:07:37 AM [pe] [INFO ]  Embedding: computing PE.EMBEDDING.TabularEmbedding for 351/468 samples
08/01/2026 01:07:37 AM [pe] [INFO ]  Embedding: finished computing PE.EMBEDDING.TabularEmbedding for 351/468 samples
08/01/2026 01:07:37 AM [pe] [INFO ]  Histogram: finished computing nearest neighbors histogram for 838 private samples and 468 synthetic samples
08/01/2026 01:07:37 AM [pe] [INFO ]  Composite population: generating 117 next synthetic samples
08/01/2026 01:07:37 AM [pe] [INFO ]  PE population: generating 117*3 next synthetic samples
08/01/2026 01:07:37 AM [pe] [INFO ]  VARIATION API: creating variations for 117 samples
08/01/2026 01:07:37 AM [pe] [INFO ]  VARIATION API: finished creating variations for 117 samples
08/01/2026 01:07:37 AM [pe] [INFO ]  VARIATION API: creating variations for 117 samples
08/01/2026 01:07:37 AM [pe] [INFO ]  VARIATION API: finished creating variations for 117 samples
08/01/2026 01:07:37 AM [pe] [INFO ]  VARIATION API: creating variations for 117 samples
08/01/2026 01:07:37 AM [pe] [INFO ]  VARIATION API: finished creating variations for 117 samples
08/01/2026 01:07:37 AM [pe] [INFO ]  PE population: finished generating 117*3 next synthetic samples
08/01/2026 01:07:37 AM [pe] [INFO ]  Composite population: finished generating 117 next synthetic samples
08/01/2026 01:07:37 AM [pe] [INFO ]  Label 8
08/01/2026 01:07:37 AM [pe] [INFO ]  Histogram: computing nearest neighbors histogram for 700 private samples and 392 synthetic samples
08/01/2026 01:07:37 AM [pe] [INFO ]  Embedding: PE.EMBEDDING.TabularEmbedding already computed
08/01/2026 01:07:37 AM [pe] [INFO ]  Embedding: computing PE.EMBEDDING.TabularEmbedding for 294/392 samples
08/01/2026 01:07:37 AM [pe] [INFO ]  Embedding: finished computing PE.EMBEDDING.TabularEmbedding for 294/392 samples
08/01/2026 01:07:37 AM [pe] [INFO ]  Histogram: finished computing nearest neighbors histogram for 700 private samples and 392 synthetic samples
08/01/2026 01:07:37 AM [pe] [INFO ]  Composite population: generating 98 next synthetic samples
08/01/2026 01:07:37 AM [pe] [INFO ]  PE population: generating 98*3 next synthetic samples
08/01/2026 01:07:37 AM [pe] [INFO ]  VARIATION API: creating variations for 98 samples
08/01/2026 01:07:37 AM [pe] [INFO ]  VARIATION API: finished creating variations for 98 samples
08/01/2026 01:07:37 AM [pe] [INFO ]  VARIATION API: creating variations for 98 samples
08/01/2026 01:07:37 AM [pe] [INFO ]  VARIATION API: finished creating variations for 98 samples
08/01/2026 01:07:37 AM [pe] [INFO ]  VARIATION API: creating variations for 98 samples
08/01/2026 01:07:37 AM [pe] [INFO ]  VARIATION API: finished creating variations for 98 samples
08/01/2026 01:07:37 AM [pe] [INFO ]  PE population: finished generating 98*3 next synthetic samples
08/01/2026 01:07:37 AM [pe] [INFO ]  Composite population: finished generating 98 next synthetic samples
08/01/2026 01:07:37 AM [pe] [INFO ]  Label 9
08/01/2026 01:07:37 AM [pe] [INFO ]  Histogram: computing nearest neighbors histogram for 420 private samples and 236 synthetic samples
08/01/2026 01:07:37 AM [pe] [INFO ]  Embedding: PE.EMBEDDING.TabularEmbedding already computed
08/01/2026 01:07:37 AM [pe] [INFO ]  Embedding: computing PE.EMBEDDING.TabularEmbedding for 177/236 samples
08/01/2026 01:07:37 AM [pe] [INFO ]  Embedding: finished computing PE.EMBEDDING.TabularEmbedding for 177/236 samples
08/01/2026 01:07:37 AM [pe] [INFO ]  Histogram: finished computing nearest neighbors histogram for 420 private samples and 236 synthetic samples
08/01/2026 01:07:37 AM [pe] [INFO ]  Composite population: generating 59 next synthetic samples
08/01/2026 01:07:37 AM [pe] [INFO ]  PE population: generating 59*3 next synthetic samples
08/01/2026 01:07:37 AM [pe] [INFO ]  VARIATION API: creating variations for 59 samples
08/01/2026 01:07:37 AM [pe] [INFO ]  VARIATION API: finished creating variations for 59 samples
08/01/2026 01:07:37 AM [pe] [INFO ]  VARIATION API: creating variations for 59 samples
08/01/2026 01:07:37 AM [pe] [INFO ]  VARIATION API: finished creating variations for 59 samples
08/01/2026 01:07:37 AM [pe] [INFO ]  VARIATION API: creating variations for 59 samples
08/01/2026 01:07:37 AM [pe] [INFO ]  VARIATION API: finished creating variations for 59 samples
08/01/2026 01:07:37 AM [pe] [INFO ]  PE population: finished generating 59*3 next synthetic samples
08/01/2026 01:07:37 AM [pe] [INFO ]  Composite population: finished generating 59 next synthetic samples
08/01/2026 01:07:37 AM [pe] [INFO ]  Saving the synthetic tabular data to a CSV file
08/01/2026 01:07:37 AM [pe] [INFO ]  Finished saving the synthetic tabular data to a CSV file
08/01/2026 01:07:37 AM [pe] [INFO ]  Evaluating tabular classifier
08/01/2026 01:07:37 AM [pe] [INFO ]  Number of samples after filtering: 1000
08/01/2026 01:08:06 AM [pe] [INFO ]  Tabular classifier test accuracy: 47.03%
08/01/2026 01:08:06 AM [pe] [INFO ]  Tabular classifier test (macro) F1 score: 47.58
08/01/2026 01:08:06 AM [pe] [INFO ]  Finished evaluating tabular classifier (tabular_classifier_tabicl_filter_{'PE.VARIATION_API_FOLD_ID':-1})
08/01/2026 01:08:06 AM [pe] [INFO ]  Computing 5way-WSD ({'PE.VARIATION_API_FOLD_ID':-1})
08/01/2026 01:08:06 AM [pe] [INFO ]  Number of samples after filtering: 1000
08/01/2026 01:08:27 AM [pe] [INFO ]  5way-wsd_1000samples_42seed_{'PE.VARIATION_API_FOLD_ID':-1}: 0.15689587
08/01/2026 01:08:27 AM [pe] [INFO ]  Finished computing 5way-WSD ({'PE.VARIATION_API_FOLD_ID':-1})
08/01/2026 01:08:27 AM [pe] [INFO ]  Computing 6way-WSD ({'PE.VARIATION_API_FOLD_ID':-1})
08/01/2026 01:08:27 AM [pe] [INFO ]  Number of samples after filtering: 1000
08/01/2026 01:08:37 AM [pe] [INFO ]  6way-wsd_1000samples_42seed_{'PE.VARIATION_API_FOLD_ID':-1}: 0.19258042
08/01/2026 01:08:37 AM [pe] [INFO ]  Finished computing 6way-WSD ({'PE.VARIATION_API_FOLD_ID':-1})
08/01/2026 01:08:37 AM [pe] [INFO ]  Computing 7way-WSD ({'PE.VARIATION_API_FOLD_ID':-1})
08/01/2026 01:08:37 AM [pe] [INFO ]  Number of samples after filtering: 1000
08/01/2026 01:08:40 AM [pe] [INFO ]  7way-wsd_1000samples_42seed_{'PE.VARIATION_API_FOLD_ID':-1}: 0.22528519
08/01/2026 01:08:40 AM [pe] [INFO ]  Finished computing 7way-WSD ({'PE.VARIATION_API_FOLD_ID':-1})
08/01/2026 01:08:40 AM [pe] [INFO ]  Iteration: 13
08/01/2026 01:08:40 AM [pe] [INFO ]  	tabular_classifier_tabicl_filter_{'PE.VARIATION_API_FOLD_ID':-1}_test_acc: 47.03196347
08/01/2026 01:08:40 AM [pe] [INFO ]  	tabular_classifier_tabicl_filter_{'PE.VARIATION_API_FOLD_ID':-1}_test_f1: 47.58407181
08/01/2026 01:08:40 AM [pe] [INFO ]  	5way-wsd_1000samples_42seed_{'PE.VARIATION_API_FOLD_ID':-1}: 0.15689587
08/01/2026 01:08:40 AM [pe] [INFO ]  	6way-wsd_1000samples_42seed_{'PE.VARIATION_API_FOLD_ID':-1}: 0.19258042
08/01/2026 01:08:40 AM [pe] [INFO ]  	7way-wsd_1000samples_42seed_{'PE.VARIATION_API_FOLD_ID':-1}: 0.22528519
08/01/2026 01:08:40 AM [pe] [INFO ]  PE iteration 14
08/01/2026 01:08:40 AM [pe] [WARNI]  fraction_per_label_id is not provided. Assuming the fraction of label ids in private data is public information.
08/01/2026 01:08:40 AM [pe] [INFO ]  Label 0
08/01/2026 01:08:40 AM [pe] [INFO ]  Histogram: computing nearest neighbors histogram for 837 private samples and 468 synthetic samples
08/01/2026 01:08:40 AM [pe] [INFO ]  Embedding: PE.EMBEDDING.TabularEmbedding already computed
08/01/2026 01:08:40 AM [pe] [INFO ]  Embedding: computing PE.EMBEDDING.TabularEmbedding for 351/468 samples
08/01/2026 01:08:40 AM [pe] [INFO ]  Embedding: finished computing PE.EMBEDDING.TabularEmbedding for 351/468 samples
08/01/2026 01:08:40 AM [pe] [INFO ]  Histogram: finished computing nearest neighbors histogram for 837 private samples and 468 synthetic samples
08/01/2026 01:08:40 AM [pe] [INFO ]  Composite population: generating 117 next synthetic samples
08/01/2026 01:08:40 AM [pe] [INFO ]  PE population: generating 117*3 next synthetic samples
08/01/2026 01:08:40 AM [pe] [INFO ]  VARIATION API: creating variations for 117 samples
08/01/2026 01:08:40 AM [pe] [INFO ]  VARIATION API: finished creating variations for 117 samples
08/01/2026 01:08:40 AM [pe] [INFO ]  VARIATION API: creating variations for 117 samples
08/01/2026 01:08:40 AM [pe] [INFO ]  VARIATION API: finished creating variations for 117 samples
08/01/2026 01:08:40 AM [pe] [INFO ]  VARIATION API: creating variations for 117 samples
08/01/2026 01:08:40 AM [pe] [INFO ]  VARIATION API: finished creating variations for 117 samples
08/01/2026 01:08:40 AM [pe] [INFO ]  PE population: finished generating 117*3 next synthetic samples
08/01/2026 01:08:40 AM [pe] [INFO ]  Composite population: finished generating 117 next synthetic samples
08/01/2026 01:08:40 AM [pe] [INFO ]  Label 1
08/01/2026 01:08:40 AM [pe] [INFO ]  Histogram: computing nearest neighbors histogram for 834 private samples and 468 synthetic samples
08/01/2026 01:08:40 AM [pe] [INFO ]  Embedding: PE.EMBEDDING.TabularEmbedding already computed
08/01/2026 01:08:40 AM [pe] [INFO ]  Embedding: computing PE.EMBEDDING.TabularEmbedding for 351/468 samples
08/01/2026 01:08:40 AM [pe] [INFO ]  Embedding: finished computing PE.EMBEDDING.TabularEmbedding for 351/468 samples
08/01/2026 01:08:40 AM [pe] [INFO ]  Histogram: finished computing nearest neighbors histogram for 834 private samples and 468 synthetic samples
08/01/2026 01:08:40 AM [pe] [INFO ]  Composite population: generating 117 next synthetic samples
08/01/2026 01:08:40 AM [pe] [INFO ]  PE population: generating 117*3 next synthetic samples
08/01/2026 01:08:40 AM [pe] [INFO ]  VARIATION API: creating variations for 117 samples
08/01/2026 01:08:40 AM [pe] [INFO ]  VARIATION API: finished creating variations for 117 samples
08/01/2026 01:08:40 AM [pe] [INFO ]  VARIATION API: creating variations for 117 samples
08/01/2026 01:08:40 AM [pe] [INFO ]  VARIATION API: finished creating variations for 117 samples
08/01/2026 01:08:40 AM [pe] [INFO ]  VARIATION API: creating variations for 117 samples
08/01/2026 01:08:40 AM [pe] [INFO ]  VARIATION API: finished creating variations for 117 samples
08/01/2026 01:08:40 AM [pe] [INFO ]  PE population: finished generating 117*3 next synthetic samples
08/01/2026 01:08:40 AM [pe] [INFO ]  Composite population: finished generating 117 next synthetic samples
08/01/2026 01:08:40 AM [pe] [INFO ]  Label 2
08/01/2026 01:08:40 AM [pe] [INFO ]  Histogram: computing nearest neighbors histogram for 991 private samples and 552 synthetic samples
08/01/2026 01:08:40 AM [pe] [INFO ]  Embedding: PE.EMBEDDING.TabularEmbedding already computed
08/01/2026 01:08:40 AM [pe] [INFO ]  Embedding: computing PE.EMBEDDING.TabularEmbedding for 414/552 samples
08/01/2026 01:08:40 AM [pe] [INFO ]  Embedding: finished computing PE.EMBEDDING.TabularEmbedding for 414/552 samples
08/01/2026 01:08:40 AM [pe] [INFO ]  Histogram: finished computing nearest neighbors histogram for 991 private samples and 552 synthetic samples
08/01/2026 01:08:40 AM [pe] [INFO ]  Composite population: generating 138 next synthetic samples
08/01/2026 01:08:40 AM [pe] [INFO ]  PE population: generating 138*3 next synthetic samples
08/01/2026 01:08:40 AM [pe] [INFO ]  VARIATION API: creating variations for 138 samples
08/01/2026 01:08:40 AM [pe] [INFO ]  VARIATION API: finished creating variations for 138 samples
08/01/2026 01:08:40 AM [pe] [INFO ]  VARIATION API: creating variations for 138 samples
08/01/2026 01:08:40 AM [pe] [INFO ]  VARIATION API: finished creating variations for 138 samples
08/01/2026 01:08:40 AM [pe] [INFO ]  VARIATION API: creating variations for 138 samples
08/01/2026 01:08:40 AM [pe] [INFO ]  VARIATION API: finished creating variations for 138 samples
08/01/2026 01:08:40 AM [pe] [INFO ]  PE population: finished generating 138*3 next synthetic samples
08/01/2026 01:08:40 AM [pe] [INFO ]  Composite population: finished generating 138 next synthetic samples
08/01/2026 01:08:40 AM [pe] [INFO ]  Label 3
08/01/2026 01:08:40 AM [pe] [INFO ]  Histogram: computing nearest neighbors histogram for 566 private samples and 316 synthetic samples
08/01/2026 01:08:40 AM [pe] [INFO ]  Embedding: PE.EMBEDDING.TabularEmbedding already computed
08/01/2026 01:08:40 AM [pe] [INFO ]  Embedding: computing PE.EMBEDDING.TabularEmbedding for 237/316 samples
08/01/2026 01:08:40 AM [pe] [INFO ]  Embedding: finished computing PE.EMBEDDING.TabularEmbedding for 237/316 samples
08/01/2026 01:08:40 AM [pe] [INFO ]  Histogram: finished computing nearest neighbors histogram for 566 private samples and 316 synthetic samples
08/01/2026 01:08:40 AM [pe] [INFO ]  Composite population: generating 79 next synthetic samples
08/01/2026 01:08:40 AM [pe] [INFO ]  PE population: generating 79*3 next synthetic samples
08/01/2026 01:08:40 AM [pe] [INFO ]  VARIATION API: creating variations for 79 samples
08/01/2026 01:08:40 AM [pe] [INFO ]  VARIATION API: finished creating variations for 79 samples
08/01/2026 01:08:40 AM [pe] [INFO ]  VARIATION API: creating variations for 79 samples
08/01/2026 01:08:40 AM [pe] [INFO ]  VARIATION API: finished creating variations for 79 samples
08/01/2026 01:08:40 AM [pe] [INFO ]  VARIATION API: creating variations for 79 samples
08/01/2026 01:08:40 AM [pe] [INFO ]  VARIATION API: finished creating variations for 79 samples
08/01/2026 01:08:40 AM [pe] [INFO ]  PE population: finished generating 79*3 next synthetic samples
08/01/2026 01:08:40 AM [pe] [INFO ]  Composite population: finished generating 79 next synthetic samples
08/01/2026 01:08:40 AM [pe] [INFO ]  Label 4
08/01/2026 01:08:40 AM [pe] [INFO ]  Histogram: computing nearest neighbors histogram for 706 private samples and 396 synthetic samples
08/01/2026 01:08:40 AM [pe] [INFO ]  Embedding: PE.EMBEDDING.TabularEmbedding already computed
08/01/2026 01:08:40 AM [pe] [INFO ]  Embedding: computing PE.EMBEDDING.TabularEmbedding for 297/396 samples
08/01/2026 01:08:40 AM [pe] [INFO ]  Embedding: finished computing PE.EMBEDDING.TabularEmbedding for 297/396 samples
08/01/2026 01:08:41 AM [pe] [INFO ]  Histogram: finished computing nearest neighbors histogram for 706 private samples and 396 synthetic samples
08/01/2026 01:08:41 AM [pe] [INFO ]  Composite population: generating 99 next synthetic samples
08/01/2026 01:08:41 AM [pe] [INFO ]  PE population: generating 99*3 next synthetic samples
08/01/2026 01:08:41 AM [pe] [INFO ]  VARIATION API: creating variations for 99 samples
08/01/2026 01:08:41 AM [pe] [INFO ]  VARIATION API: finished creating variations for 99 samples
08/01/2026 01:08:41 AM [pe] [INFO ]  VARIATION API: creating variations for 99 samples
08/01/2026 01:08:41 AM [pe] [INFO ]  VARIATION API: finished creating variations for 99 samples
08/01/2026 01:08:41 AM [pe] [INFO ]  VARIATION API: creating variations for 99 samples
08/01/2026 01:08:41 AM [pe] [INFO ]  VARIATION API: finished creating variations for 99 samples
08/01/2026 01:08:41 AM [pe] [INFO ]  PE population: finished generating 99*3 next synthetic samples
08/01/2026 01:08:41 AM [pe] [INFO ]  Composite population: finished generating 99 next synthetic samples
08/01/2026 01:08:41 AM [pe] [INFO ]  Label 5
08/01/2026 01:08:41 AM [pe] [INFO ]  Histogram: computing nearest neighbors histogram for 700 private samples and 392 synthetic samples
08/01/2026 01:08:41 AM [pe] [INFO ]  Embedding: PE.EMBEDDING.TabularEmbedding already computed
08/01/2026 01:08:41 AM [pe] [INFO ]  Embedding: computing PE.EMBEDDING.TabularEmbedding for 294/392 samples
08/01/2026 01:08:41 AM [pe] [INFO ]  Embedding: finished computing PE.EMBEDDING.TabularEmbedding for 294/392 samples
08/01/2026 01:08:41 AM [pe] [INFO ]  Histogram: finished computing nearest neighbors histogram for 700 private samples and 392 synthetic samples
08/01/2026 01:08:41 AM [pe] [INFO ]  Composite population: generating 98 next synthetic samples
08/01/2026 01:08:41 AM [pe] [INFO ]  PE population: generating 98*3 next synthetic samples
08/01/2026 01:08:41 AM [pe] [INFO ]  VARIATION API: creating variations for 98 samples
08/01/2026 01:08:41 AM [pe] [INFO ]  VARIATION API: finished creating variations for 98 samples
08/01/2026 01:08:41 AM [pe] [INFO ]  VARIATION API: creating variations for 98 samples
08/01/2026 01:08:41 AM [pe] [INFO ]  VARIATION API: finished creating variations for 98 samples
08/01/2026 01:08:41 AM [pe] [INFO ]  VARIATION API: creating variations for 98 samples
08/01/2026 01:08:41 AM [pe] [INFO ]  VARIATION API: finished creating variations for 98 samples
08/01/2026 01:08:41 AM [pe] [INFO ]  PE population: finished generating 98*3 next synthetic samples
08/01/2026 01:08:41 AM [pe] [INFO ]  Composite population: finished generating 98 next synthetic samples
08/01/2026 01:08:41 AM [pe] [INFO ]  Label 6
08/01/2026 01:08:41 AM [pe] [INFO ]  Histogram: computing nearest neighbors histogram for 560 private samples and 312 synthetic samples
08/01/2026 01:08:41 AM [pe] [INFO ]  Embedding: PE.EMBEDDING.TabularEmbedding already computed
08/01/2026 01:08:41 AM [pe] [INFO ]  Embedding: computing PE.EMBEDDING.TabularEmbedding for 234/312 samples
08/01/2026 01:08:41 AM [pe] [INFO ]  Embedding: finished computing PE.EMBEDDING.TabularEmbedding for 234/312 samples
08/01/2026 01:08:41 AM [pe] [INFO ]  Histogram: finished computing nearest neighbors histogram for 560 private samples and 312 synthetic samples
08/01/2026 01:08:41 AM [pe] [INFO ]  Composite population: generating 78 next synthetic samples
08/01/2026 01:08:41 AM [pe] [INFO ]  PE population: generating 78*3 next synthetic samples
08/01/2026 01:08:41 AM [pe] [INFO ]  VARIATION API: creating variations for 78 samples
08/01/2026 01:08:41 AM [pe] [INFO ]  VARIATION API: finished creating variations for 78 samples
08/01/2026 01:08:41 AM [pe] [INFO ]  VARIATION API: creating variations for 78 samples
08/01/2026 01:08:41 AM [pe] [INFO ]  VARIATION API: finished creating variations for 78 samples
08/01/2026 01:08:41 AM [pe] [INFO ]  VARIATION API: creating variations for 78 samples
08/01/2026 01:08:41 AM [pe] [INFO ]  VARIATION API: finished creating variations for 78 samples
08/01/2026 01:08:41 AM [pe] [INFO ]  PE population: finished generating 78*3 next synthetic samples
08/01/2026 01:08:41 AM [pe] [INFO ]  Composite population: finished generating 78 next synthetic samples
08/01/2026 01:08:41 AM [pe] [INFO ]  Label 7
08/01/2026 01:08:41 AM [pe] [INFO ]  Histogram: computing nearest neighbors histogram for 838 private samples and 468 synthetic samples
08/01/2026 01:08:41 AM [pe] [INFO ]  Embedding: PE.EMBEDDING.TabularEmbedding already computed
08/01/2026 01:08:41 AM [pe] [INFO ]  Embedding: computing PE.EMBEDDING.TabularEmbedding for 351/468 samples
08/01/2026 01:08:41 AM [pe] [INFO ]  Embedding: finished computing PE.EMBEDDING.TabularEmbedding for 351/468 samples
08/01/2026 01:08:41 AM [pe] [INFO ]  Histogram: finished computing nearest neighbors histogram for 838 private samples and 468 synthetic samples
08/01/2026 01:08:41 AM [pe] [INFO ]  Composite population: generating 117 next synthetic samples
08/01/2026 01:08:41 AM [pe] [INFO ]  PE population: generating 117*3 next synthetic samples
08/01/2026 01:08:41 AM [pe] [INFO ]  VARIATION API: creating variations for 117 samples
08/01/2026 01:08:41 AM [pe] [INFO ]  VARIATION API: finished creating variations for 117 samples
08/01/2026 01:08:41 AM [pe] [INFO ]  VARIATION API: creating variations for 117 samples
08/01/2026 01:08:41 AM [pe] [INFO ]  VARIATION API: finished creating variations for 117 samples
08/01/2026 01:08:41 AM [pe] [INFO ]  VARIATION API: creating variations for 117 samples
08/01/2026 01:08:41 AM [pe] [INFO ]  VARIATION API: finished creating variations for 117 samples
08/01/2026 01:08:41 AM [pe] [INFO ]  PE population: finished generating 117*3 next synthetic samples
08/01/2026 01:08:41 AM [pe] [INFO ]  Composite population: finished generating 117 next synthetic samples
08/01/2026 01:08:41 AM [pe] [INFO ]  Label 8
08/01/2026 01:08:41 AM [pe] [INFO ]  Histogram: computing nearest neighbors histogram for 700 private samples and 392 synthetic samples
08/01/2026 01:08:41 AM [pe] [INFO ]  Embedding: PE.EMBEDDING.TabularEmbedding already computed
08/01/2026 01:08:41 AM [pe] [INFO ]  Embedding: computing PE.EMBEDDING.TabularEmbedding for 294/392 samples
08/01/2026 01:08:41 AM [pe] [INFO ]  Embedding: finished computing PE.EMBEDDING.TabularEmbedding for 294/392 samples
08/01/2026 01:08:41 AM [pe] [INFO ]  Histogram: finished computing nearest neighbors histogram for 700 private samples and 392 synthetic samples
08/01/2026 01:08:41 AM [pe] [INFO ]  Composite population: generating 98 next synthetic samples
08/01/2026 01:08:41 AM [pe] [INFO ]  PE population: generating 98*3 next synthetic samples
08/01/2026 01:08:41 AM [pe] [INFO ]  VARIATION API: creating variations for 98 samples
08/01/2026 01:08:41 AM [pe] [INFO ]  VARIATION API: finished creating variations for 98 samples
08/01/2026 01:08:41 AM [pe] [INFO ]  VARIATION API: creating variations for 98 samples
08/01/2026 01:08:41 AM [pe] [INFO ]  VARIATION API: finished creating variations for 98 samples
08/01/2026 01:08:41 AM [pe] [INFO ]  VARIATION API: creating variations for 98 samples
08/01/2026 01:08:41 AM [pe] [INFO ]  VARIATION API: finished creating variations for 98 samples
08/01/2026 01:08:41 AM [pe] [INFO ]  PE population: finished generating 98*3 next synthetic samples
08/01/2026 01:08:41 AM [pe] [INFO ]  Composite population: finished generating 98 next synthetic samples
08/01/2026 01:08:41 AM [pe] [INFO ]  Label 9
08/01/2026 01:08:41 AM [pe] [INFO ]  Histogram: computing nearest neighbors histogram for 420 private samples and 236 synthetic samples
08/01/2026 01:08:41 AM [pe] [INFO ]  Embedding: PE.EMBEDDING.TabularEmbedding already computed
08/01/2026 01:08:41 AM [pe] [INFO ]  Embedding: computing PE.EMBEDDING.TabularEmbedding for 177/236 samples
08/01/2026 01:08:41 AM [pe] [INFO ]  Embedding: finished computing PE.EMBEDDING.TabularEmbedding for 177/236 samples
08/01/2026 01:08:41 AM [pe] [INFO ]  Histogram: finished computing nearest neighbors histogram for 420 private samples and 236 synthetic samples
08/01/2026 01:08:41 AM [pe] [INFO ]  Composite population: generating 59 next synthetic samples
08/01/2026 01:08:41 AM [pe] [INFO ]  PE population: generating 59*3 next synthetic samples
08/01/2026 01:08:41 AM [pe] [INFO ]  VARIATION API: creating variations for 59 samples
08/01/2026 01:08:41 AM [pe] [INFO ]  VARIATION API: finished creating variations for 59 samples
08/01/2026 01:08:41 AM [pe] [INFO ]  VARIATION API: creating variations for 59 samples
08/01/2026 01:08:41 AM [pe] [INFO ]  VARIATION API: finished creating variations for 59 samples
08/01/2026 01:08:41 AM [pe] [INFO ]  VARIATION API: creating variations for 59 samples
08/01/2026 01:08:41 AM [pe] [INFO ]  VARIATION API: finished creating variations for 59 samples
08/01/2026 01:08:41 AM [pe] [INFO ]  PE population: finished generating 59*3 next synthetic samples
08/01/2026 01:08:41 AM [pe] [INFO ]  Composite population: finished generating 59 next synthetic samples
08/01/2026 01:08:42 AM [pe] [INFO ]  Saving the synthetic tabular data to a CSV file
08/01/2026 01:08:42 AM [pe] [INFO ]  Finished saving the synthetic tabular data to a CSV file
08/01/2026 01:08:42 AM [pe] [INFO ]  Evaluating tabular classifier
08/01/2026 01:08:42 AM [pe] [INFO ]  Number of samples after filtering: 1000
08/01/2026 01:09:11 AM [pe] [INFO ]  Tabular classifier test accuracy: 47.75%
08/01/2026 01:09:11 AM [pe] [INFO ]  Tabular classifier test (macro) F1 score: 48.20
08/01/2026 01:09:11 AM [pe] [INFO ]  Finished evaluating tabular classifier (tabular_classifier_tabicl_filter_{'PE.VARIATION_API_FOLD_ID':-1})
08/01/2026 01:09:11 AM [pe] [INFO ]  Computing 5way-WSD ({'PE.VARIATION_API_FOLD_ID':-1})
08/01/2026 01:09:11 AM [pe] [INFO ]  Number of samples after filtering: 1000
08/01/2026 01:09:31 AM [pe] [INFO ]  5way-wsd_1000samples_42seed_{'PE.VARIATION_API_FOLD_ID':-1}: 0.14896074
08/01/2026 01:09:31 AM [pe] [INFO ]  Finished computing 5way-WSD ({'PE.VARIATION_API_FOLD_ID':-1})
08/01/2026 01:09:31 AM [pe] [INFO ]  Computing 6way-WSD ({'PE.VARIATION_API_FOLD_ID':-1})
08/01/2026 01:09:31 AM [pe] [INFO ]  Number of samples after filtering: 1000
08/01/2026 01:09:41 AM [pe] [INFO ]  6way-wsd_1000samples_42seed_{'PE.VARIATION_API_FOLD_ID':-1}: 0.18167101
08/01/2026 01:09:41 AM [pe] [INFO ]  Finished computing 6way-WSD ({'PE.VARIATION_API_FOLD_ID':-1})
08/01/2026 01:09:41 AM [pe] [INFO ]  Computing 7way-WSD ({'PE.VARIATION_API_FOLD_ID':-1})
08/01/2026 01:09:42 AM [pe] [INFO ]  Number of samples after filtering: 1000
08/01/2026 01:09:45 AM [pe] [INFO ]  7way-wsd_1000samples_42seed_{'PE.VARIATION_API_FOLD_ID':-1}: 0.21135306
08/01/2026 01:09:45 AM [pe] [INFO ]  Finished computing 7way-WSD ({'PE.VARIATION_API_FOLD_ID':-1})
08/01/2026 01:09:45 AM [pe] [INFO ]  Iteration: 14
08/01/2026 01:09:45 AM [pe] [INFO ]  	tabular_classifier_tabicl_filter_{'PE.VARIATION_API_FOLD_ID':-1}_test_acc: 47.74951076
08/01/2026 01:09:45 AM [pe] [INFO ]  	tabular_classifier_tabicl_filter_{'PE.VARIATION_API_FOLD_ID':-1}_test_f1: 48.19757289
08/01/2026 01:09:45 AM [pe] [INFO ]  	5way-wsd_1000samples_42seed_{'PE.VARIATION_API_FOLD_ID':-1}: 0.14896074
08/01/2026 01:09:45 AM [pe] [INFO ]  	6way-wsd_1000samples_42seed_{'PE.VARIATION_API_FOLD_ID':-1}: 0.18167101
08/01/2026 01:09:45 AM [pe] [INFO ]  	7way-wsd_1000samples_42seed_{'PE.VARIATION_API_FOLD_ID':-1}: 0.21135306
=== Sat Aug  1 01:09:47 AM CEST 2026 person_activity.py (Tab-PE) ===
/home/rec1/Desktop/AI_Safety/ICML_reproduce/tab-pe-WB0hLRRlcj/scripts/person_activity.py:20: Pandas4Warning: The 'mode.copy_on_write' option is deprecated. Copy-on-Write can no longer be disabled (it is always enabled with pandas >= 3.0), and setting the option has no impact. This option will be removed in pandas 4.0.
  pd.options.mode.copy_on_write = True
/home/rec1/Desktop/AI_Safety/ICML_reproduce/tab-pe-WB0hLRRlcj/DPSDA_upstream/pe/dp/gaussian.py:23: RuntimeWarning: overflow encountered in exp
  if np.isinf(np.exp(eps)):
08/01/2026 01:10:07 AM [pe] [INFO ]  DP epsilon=1.0, delta=7.434136520415307e-07, noise_multiplier=16.03373907826658, num_iterations=14.
08/01/2026 01:10:07 AM [pe] [WARNI]  fraction_per_label_id is not provided. Assuming the fraction of label ids in private data is public information.
08/01/2026 01:10:07 AM [pe] [INFO ]  Composite population: generating 90 initial synthetic samples for label Class: 1
08/01/2026 01:10:07 AM [pe] [INFO ]  PE population: generating 90*1 initial synthetic samples for label Class: 1
08/01/2026 01:10:07 AM [pe] [INFO ]  RANDOM API: creating 90 samples for label Class: 1
08/01/2026 01:10:07 AM [pe] [INFO ]  RANDOM API: finished creating 90 samples for label Class: 1
08/01/2026 01:10:07 AM [pe] [INFO ]  PE population: finished generating 90*1 initial synthetic samples for label Class: 1
08/01/2026 01:10:07 AM [pe] [INFO ]  Composite population: finished generating 90 initial synthetic samples for label Class: 1
08/01/2026 01:10:07 AM [pe] [INFO ]  Composite population: generating 87 initial synthetic samples for label Class: 2
08/01/2026 01:10:07 AM [pe] [INFO ]  PE population: generating 87*1 initial synthetic samples for label Class: 2
08/01/2026 01:10:07 AM [pe] [INFO ]  RANDOM API: creating 87 samples for label Class: 2
08/01/2026 01:10:07 AM [pe] [INFO ]  RANDOM API: finished creating 87 samples for label Class: 2
08/01/2026 01:10:07 AM [pe] [INFO ]  PE population: finished generating 87*1 initial synthetic samples for label Class: 2
08/01/2026 01:10:07 AM [pe] [INFO ]  Composite population: finished generating 87 initial synthetic samples for label Class: 2
08/01/2026 01:10:07 AM [pe] [INFO ]  Composite population: generating 992 initial synthetic samples for label Class: 3
08/01/2026 01:10:07 AM [pe] [INFO ]  PE population: generating 992*1 initial synthetic samples for label Class: 3
08/01/2026 01:10:07 AM [pe] [INFO ]  RANDOM API: creating 992 samples for label Class: 3
08/01/2026 01:10:07 AM [pe] [INFO ]  RANDOM API: finished creating 992 samples for label Class: 3
08/01/2026 01:10:07 AM [pe] [INFO ]  PE population: finished generating 992*1 initial synthetic samples for label Class: 3
08/01/2026 01:10:07 AM [pe] [INFO ]  Composite population: finished generating 992 initial synthetic samples for label Class: 3
08/01/2026 01:10:07 AM [pe] [INFO ]  Composite population: generating 1652 initial synthetic samples for label Class: 4
08/01/2026 01:10:07 AM [pe] [INFO ]  PE population: generating 1652*1 initial synthetic samples for label Class: 4
08/01/2026 01:10:07 AM [pe] [INFO ]  RANDOM API: creating 1652 samples for label Class: 4
08/01/2026 01:10:07 AM [pe] [INFO ]  RANDOM API: finished creating 1652 samples for label Class: 4
08/01/2026 01:10:07 AM [pe] [INFO ]  PE population: finished generating 1652*1 initial synthetic samples for label Class: 4
08/01/2026 01:10:07 AM [pe] [INFO ]  Composite population: finished generating 1652 initial synthetic samples for label Class: 4
08/01/2026 01:10:07 AM [pe] [INFO ]  Composite population: generating 187 initial synthetic samples for label Class: 5
08/01/2026 01:10:07 AM [pe] [INFO ]  PE population: generating 187*1 initial synthetic samples for label Class: 5
08/01/2026 01:10:07 AM [pe] [INFO ]  RANDOM API: creating 187 samples for label Class: 5
08/01/2026 01:10:07 AM [pe] [INFO ]  RANDOM API: finished creating 187 samples for label Class: 5
08/01/2026 01:10:07 AM [pe] [INFO ]  PE population: finished generating 187*1 initial synthetic samples for label Class: 5
08/01/2026 01:10:07 AM [pe] [INFO ]  Composite population: finished generating 187 initial synthetic samples for label Class: 5
08/01/2026 01:10:07 AM [pe] [INFO ]  Composite population: generating 158 initial synthetic samples for label Class: 6
08/01/2026 01:10:07 AM [pe] [INFO ]  PE population: generating 158*1 initial synthetic samples for label Class: 6
08/01/2026 01:10:07 AM [pe] [INFO ]  RANDOM API: creating 158 samples for label Class: 6
08/01/2026 01:10:07 AM [pe] [INFO ]  RANDOM API: finished creating 158 samples for label Class: 6
08/01/2026 01:10:07 AM [pe] [INFO ]  PE population: finished generating 158*1 initial synthetic samples for label Class: 6
08/01/2026 01:10:07 AM [pe] [INFO ]  Composite population: finished generating 158 initial synthetic samples for label Class: 6
08/01/2026 01:10:07 AM [pe] [INFO ]  Composite population: generating 826 initial synthetic samples for label Class: 7
08/01/2026 01:10:07 AM [pe] [INFO ]  PE population: generating 826*1 initial synthetic samples for label Class: 7
08/01/2026 01:10:07 AM [pe] [INFO ]  RANDOM API: creating 826 samples for label Class: 7
08/01/2026 01:10:07 AM [pe] [INFO ]  RANDOM API: finished creating 826 samples for label Class: 7
08/01/2026 01:10:07 AM [pe] [INFO ]  PE population: finished generating 826*1 initial synthetic samples for label Class: 7
08/01/2026 01:10:07 AM [pe] [INFO ]  Composite population: finished generating 826 initial synthetic samples for label Class: 7
08/01/2026 01:10:07 AM [pe] [INFO ]  Composite population: generating 52 initial synthetic samples for label Class: 8
08/01/2026 01:10:07 AM [pe] [INFO ]  PE population: generating 52*1 initial synthetic samples for label Class: 8
08/01/2026 01:10:07 AM [pe] [INFO ]  RANDOM API: creating 52 samples for label Class: 8
08/01/2026 01:10:07 AM [pe] [INFO ]  RANDOM API: finished creating 52 samples for label Class: 8
08/01/2026 01:10:07 AM [pe] [INFO ]  PE population: finished generating 52*1 initial synthetic samples for label Class: 8
08/01/2026 01:10:07 AM [pe] [INFO ]  Composite population: finished generating 52 initial synthetic samples for label Class: 8
08/01/2026 01:10:07 AM [pe] [INFO ]  Composite population: generating 357 initial synthetic samples for label Class: 9
08/01/2026 01:10:07 AM [pe] [INFO ]  PE population: generating 357*1 initial synthetic samples for label Class: 9
08/01/2026 01:10:07 AM [pe] [INFO ]  RANDOM API: creating 357 samples for label Class: 9
08/01/2026 01:10:07 AM [pe] [INFO ]  RANDOM API: finished creating 357 samples for label Class: 9
08/01/2026 01:10:07 AM [pe] [INFO ]  PE population: finished generating 357*1 initial synthetic samples for label Class: 9
08/01/2026 01:10:07 AM [pe] [INFO ]  Composite population: finished generating 357 initial synthetic samples for label Class: 9
08/01/2026 01:10:07 AM [pe] [INFO ]  Composite population: generating 557 initial synthetic samples for label Class: 10
08/01/2026 01:10:07 AM [pe] [INFO ]  PE population: generating 557*1 initial synthetic samples for label Class: 10
08/01/2026 01:10:07 AM [pe] [INFO ]  RANDOM API: creating 557 samples for label Class: 10
08/01/2026 01:10:07 AM [pe] [INFO ]  RANDOM API: finished creating 557 samples for label Class: 10
08/01/2026 01:10:07 AM [pe] [INFO ]  PE population: finished generating 557*1 initial synthetic samples for label Class: 10
08/01/2026 01:10:07 AM [pe] [INFO ]  Composite population: finished generating 557 initial synthetic samples for label Class: 10
08/01/2026 01:10:07 AM [pe] [INFO ]  Composite population: generating 42 initial synthetic samples for label Class: 11
08/01/2026 01:10:07 AM [pe] [INFO ]  PE population: generating 42*1 initial synthetic samples for label Class: 11
08/01/2026 01:10:07 AM [pe] [INFO ]  RANDOM API: creating 42 samples for label Class: 11
08/01/2026 01:10:07 AM [pe] [INFO ]  RANDOM API: finished creating 42 samples for label Class: 11
08/01/2026 01:10:07 AM [pe] [INFO ]  PE population: finished generating 42*1 initial synthetic samples for label Class: 11
08/01/2026 01:10:07 AM [pe] [INFO ]  Composite population: finished generating 42 initial synthetic samples for label Class: 11
08/01/2026 01:10:07 AM [pe] [INFO ]  Saving the synthetic tabular data to a CSV file
08/01/2026 01:10:08 AM [pe] [INFO ]  Finished saving the synthetic tabular data to a CSV file
08/01/2026 01:10:08 AM [pe] [INFO ]  Evaluating tabular classifier
08/01/2026 01:10:08 AM [pe] [INFO ]  Number of samples after filtering: 5000
08/01/2026 01:30:55 AM [pe] [INFO ]  Tabular classifier test accuracy: 33.05%
08/01/2026 01:30:55 AM [pe] [INFO ]  Tabular classifier test (macro) F1 score: 4.52
08/01/2026 01:30:55 AM [pe] [INFO ]  Finished evaluating tabular classifier (tabular_classifier_tabicl_filter_{'PE.VARIATION_API_FOLD_ID':-1})
08/01/2026 01:30:55 AM [pe] [INFO ]  Computing 5way-WSD ({'PE.VARIATION_API_FOLD_ID':-1})
08/01/2026 01:30:55 AM [pe] [INFO ]  Number of samples after filtering: 5000
08/01/2026 01:32:43 AM [pe] [INFO ]  5way-wsd_2000samples_42seed_{'PE.VARIATION_API_FOLD_ID':-1}: 0.30410543
08/01/2026 01:32:43 AM [pe] [INFO ]  Finished computing 5way-WSD ({'PE.VARIATION_API_FOLD_ID':-1})
08/01/2026 01:32:43 AM [pe] [INFO ]  Computing 6way-WSD ({'PE.VARIATION_API_FOLD_ID':-1})
08/01/2026 01:32:43 AM [pe] [INFO ]  Number of samples after filtering: 5000
08/01/2026 01:33:41 AM [pe] [INFO ]  6way-wsd_2000samples_42seed_{'PE.VARIATION_API_FOLD_ID':-1}: 0.38541522
08/01/2026 01:33:41 AM [pe] [INFO ]  Finished computing 6way-WSD ({'PE.VARIATION_API_FOLD_ID':-1})
08/01/2026 01:33:41 AM [pe] [INFO ]  Computing 7way-WSD ({'PE.VARIATION_API_FOLD_ID':-1})
08/01/2026 01:33:41 AM [pe] [INFO ]  Number of samples after filtering: 5000
08/01/2026 01:34:00 AM [pe] [INFO ]  7way-wsd_2000samples_42seed_{'PE.VARIATION_API_FOLD_ID':-1}: 0.46293895
08/01/2026 01:34:00 AM [pe] [INFO ]  Finished computing 7way-WSD ({'PE.VARIATION_API_FOLD_ID':-1})
08/01/2026 01:34:00 AM [pe] [INFO ]  Iteration: 0
08/01/2026 01:34:00 AM [pe] [INFO ]  	tabular_classifier_tabicl_filter_{'PE.VARIATION_API_FOLD_ID':-1}_test_acc: 33.04622104
08/01/2026 01:34:00 AM [pe] [INFO ]  	tabular_classifier_tabicl_filter_{'PE.VARIATION_API_FOLD_ID':-1}_test_f1: 4.51602742
08/01/2026 01:34:00 AM [pe] [INFO ]  	5way-wsd_2000samples_42seed_{'PE.VARIATION_API_FOLD_ID':-1}: 0.30410543
08/01/2026 01:34:00 AM [pe] [INFO ]  	6way-wsd_2000samples_42seed_{'PE.VARIATION_API_FOLD_ID':-1}: 0.38541522
08/01/2026 01:34:00 AM [pe] [INFO ]  	7way-wsd_2000samples_42seed_{'PE.VARIATION_API_FOLD_ID':-1}: 0.46293895
08/01/2026 01:34:00 AM [pe] [INFO ]  PE iteration 1
08/01/2026 01:34:00 AM [pe] [WARNI]  fraction_per_label_id is not provided. Assuming the fraction of label ids in private data is public information.
08/01/2026 01:34:00 AM [pe] [INFO ]  Label 0
08/01/2026 01:34:00 AM [pe] [INFO ]  Histogram: computing nearest neighbors histogram for 2081 private samples and 90 synthetic samples
08/01/2026 01:34:00 AM [pe] [INFO ]  Embedding: computing PE.EMBEDDING.TabularEmbedding for 2081/2081 samples
08/01/2026 01:34:00 AM [pe] [INFO ]  Embedding: finished computing PE.EMBEDDING.TabularEmbedding for 2081/2081 samples
08/01/2026 01:34:00 AM [pe] [INFO ]  Embedding: computing PE.EMBEDDING.TabularEmbedding for 90/90 samples
08/01/2026 01:34:00 AM [pe] [INFO ]  Embedding: finished computing PE.EMBEDDING.TabularEmbedding for 90/90 samples
08/01/2026 01:34:00 AM [pe] [INFO ]  Histogram: finished computing nearest neighbors histogram for 2081 private samples and 90 synthetic samples
08/01/2026 01:34:00 AM [pe] [INFO ]  Composite population: generating 90 next synthetic samples
08/01/2026 01:34:00 AM [pe] [INFO ]  PE population: generating 90*1 next synthetic samples
08/01/2026 01:34:00 AM [pe] [INFO ]  VARIATION API: creating variations for 90 samples
08/01/2026 01:34:00 AM [pe] [INFO ]  VARIATION API: finished creating variations for 90 samples
08/01/2026 01:34:00 AM [pe] [INFO ]  PE population: finished generating 90*1 next synthetic samples
08/01/2026 01:34:00 AM [pe] [INFO ]  Composite population: finished generating 90 next synthetic samples
08/01/2026 01:34:00 AM [pe] [INFO ]  Label 1
08/01/2026 01:34:00 AM [pe] [INFO ]  Histogram: computing nearest neighbors histogram for 1993 private samples and 87 synthetic samples
08/01/2026 01:34:00 AM [pe] [INFO ]  Embedding: computing PE.EMBEDDING.TabularEmbedding for 1993/1993 samples
08/01/2026 01:34:00 AM [pe] [INFO ]  Embedding: finished computing PE.EMBEDDING.TabularEmbedding for 1993/1993 samples
08/01/2026 01:34:00 AM [pe] [INFO ]  Embedding: computing PE.EMBEDDING.TabularEmbedding for 87/87 samples
08/01/2026 01:34:00 AM [pe] [INFO ]  Embedding: finished computing PE.EMBEDDING.TabularEmbedding for 87/87 samples
08/01/2026 01:34:00 AM [pe] [INFO ]  Histogram: finished computing nearest neighbors histogram for 1993 private samples and 87 synthetic samples
08/01/2026 01:34:00 AM [pe] [INFO ]  Composite population: generating 87 next synthetic samples
08/01/2026 01:34:00 AM [pe] [INFO ]  PE population: generating 87*1 next synthetic samples
08/01/2026 01:34:00 AM [pe] [INFO ]  VARIATION API: creating variations for 87 samples
08/01/2026 01:34:00 AM [pe] [INFO ]  VARIATION API: finished creating variations for 87 samples
08/01/2026 01:34:00 AM [pe] [INFO ]  PE population: finished generating 87*1 next synthetic samples
08/01/2026 01:34:00 AM [pe] [INFO ]  Composite population: finished generating 87 next synthetic samples
08/01/2026 01:34:00 AM [pe] [INFO ]  Label 2
08/01/2026 01:34:00 AM [pe] [INFO ]  Histogram: computing nearest neighbors histogram for 22897 private samples and 992 synthetic samples
08/01/2026 01:34:00 AM [pe] [INFO ]  Embedding: computing PE.EMBEDDING.TabularEmbedding for 22897/22897 samples
08/01/2026 01:34:00 AM [pe] [INFO ]  Embedding: finished computing PE.EMBEDDING.TabularEmbedding for 22897/22897 samples
08/01/2026 01:34:00 AM [pe] [INFO ]  Embedding: computing PE.EMBEDDING.TabularEmbedding for 992/992 samples
08/01/2026 01:34:00 AM [pe] [INFO ]  Embedding: finished computing PE.EMBEDDING.TabularEmbedding for 992/992 samples
08/01/2026 01:34:00 AM [pe] [INFO ]  Histogram: finished computing nearest neighbors histogram for 22897 private samples and 992 synthetic samples
08/01/2026 01:34:00 AM [pe] [INFO ]  Composite population: generating 992 next synthetic samples
08/01/2026 01:34:00 AM [pe] [INFO ]  PE population: generating 992*1 next synthetic samples
08/01/2026 01:34:00 AM [pe] [INFO ]  VARIATION API: creating variations for 992 samples
08/01/2026 01:34:00 AM [pe] [INFO ]  VARIATION API: finished creating variations for 992 samples
08/01/2026 01:34:00 AM [pe] [INFO ]  PE population: finished generating 992*1 next synthetic samples
08/01/2026 01:34:00 AM [pe] [INFO ]  Composite population: finished generating 992 next synthetic samples
08/01/2026 01:34:00 AM [pe] [INFO ]  Label 3
08/01/2026 01:34:00 AM [pe] [INFO ]  Histogram: computing nearest neighbors histogram for 38136 private samples and 1652 synthetic samples
08/01/2026 01:34:00 AM [pe] [INFO ]  Embedding: computing PE.EMBEDDING.TabularEmbedding for 38136/38136 samples
08/01/2026 01:34:00 AM [pe] [INFO ]  Embedding: finished computing PE.EMBEDDING.TabularEmbedding for 38136/38136 samples
08/01/2026 01:34:00 AM [pe] [INFO ]  Embedding: computing PE.EMBEDDING.TabularEmbedding for 1652/1652 samples
08/01/2026 01:34:00 AM [pe] [INFO ]  Embedding: finished computing PE.EMBEDDING.TabularEmbedding for 1652/1652 samples
08/01/2026 01:34:01 AM [pe] [INFO ]  Histogram: finished computing nearest neighbors histogram for 38136 private samples and 1652 synthetic samples
08/01/2026 01:34:01 AM [pe] [INFO ]  Composite population: generating 1652 next synthetic samples
08/01/2026 01:34:01 AM [pe] [INFO ]  PE population: generating 1652*1 next synthetic samples
08/01/2026 01:34:01 AM [pe] [INFO ]  VARIATION API: creating variations for 1652 samples
08/01/2026 01:34:01 AM [pe] [INFO ]  VARIATION API: finished creating variations for 1652 samples
08/01/2026 01:34:01 AM [pe] [INFO ]  PE population: finished generating 1652*1 next synthetic samples
08/01/2026 01:34:01 AM [pe] [INFO ]  Composite population: finished generating 1652 next synthetic samples
08/01/2026 01:34:01 AM [pe] [INFO ]  Label 4
08/01/2026 01:34:01 AM [pe] [INFO ]  Histogram: computing nearest neighbors histogram for 4318 private samples and 187 synthetic samples
08/01/2026 01:34:01 AM [pe] [INFO ]  Embedding: computing PE.EMBEDDING.TabularEmbedding for 4318/4318 samples
08/01/2026 01:34:01 AM [pe] [INFO ]  Embedding: finished computing PE.EMBEDDING.TabularEmbedding for 4318/4318 samples
08/01/2026 01:34:01 AM [pe] [INFO ]  Embedding: computing PE.EMBEDDING.TabularEmbedding for 187/187 samples
08/01/2026 01:34:01 AM [pe] [INFO ]  Embedding: finished computing PE.EMBEDDING.TabularEmbedding for 187/187 samples
08/01/2026 01:34:01 AM [pe] [INFO ]  Histogram: finished computing nearest neighbors histogram for 4318 private samples and 187 synthetic samples
08/01/2026 01:34:01 AM [pe] [INFO ]  Composite population: generating 187 next synthetic samples
08/01/2026 01:34:01 AM [pe] [INFO ]  PE population: generating 187*1 next synthetic samples
08/01/2026 01:34:01 AM [pe] [INFO ]  VARIATION API: creating variations for 187 samples
08/01/2026 01:34:01 AM [pe] [INFO ]  VARIATION API: finished creating variations for 187 samples
08/01/2026 01:34:01 AM [pe] [INFO ]  PE population: finished generating 187*1 next synthetic samples
08/01/2026 01:34:01 AM [pe] [INFO ]  Composite population: finished generating 187 next synthetic samples
08/01/2026 01:34:01 AM [pe] [INFO ]  Label 5
08/01/2026 01:34:01 AM [pe] [INFO ]  Histogram: computing nearest neighbors histogram for 3647 private samples and 158 synthetic samples
08/01/2026 01:34:01 AM [pe] [INFO ]  Embedding: computing PE.EMBEDDING.TabularEmbedding for 3647/3647 samples
08/01/2026 01:34:01 AM [pe] [INFO ]  Embedding: finished computing PE.EMBEDDING.TabularEmbedding for 3647/3647 samples
08/01/2026 01:34:01 AM [pe] [INFO ]  Embedding: computing PE.EMBEDDING.TabularEmbedding for 158/158 samples
08/01/2026 01:34:01 AM [pe] [INFO ]  Embedding: finished computing PE.EMBEDDING.TabularEmbedding for 158/158 samples
08/01/2026 01:34:01 AM [pe] [INFO ]  Histogram: finished computing nearest neighbors histogram for 3647 private samples and 158 synthetic samples
08/01/2026 01:34:01 AM [pe] [INFO ]  Composite population: generating 158 next synthetic samples
08/01/2026 01:34:01 AM [pe] [INFO ]  PE population: generating 158*1 next synthetic samples
08/01/2026 01:34:01 AM [pe] [INFO ]  VARIATION API: creating variations for 158 samples
08/01/2026 01:34:01 AM [pe] [INFO ]  VARIATION API: finished creating variations for 158 samples
08/01/2026 01:34:01 AM [pe] [INFO ]  PE population: finished generating 158*1 next synthetic samples
08/01/2026 01:34:01 AM [pe] [INFO ]  Composite population: finished generating 158 next synthetic samples
08/01/2026 01:34:01 AM [pe] [INFO ]  Label 6
08/01/2026 01:34:01 AM [pe] [INFO ]  Histogram: computing nearest neighbors histogram for 19071 private samples and 826 synthetic samples
08/01/2026 01:34:01 AM [pe] [INFO ]  Embedding: computing PE.EMBEDDING.TabularEmbedding for 19071/19071 samples
08/01/2026 01:34:01 AM [pe] [INFO ]  Embedding: finished computing PE.EMBEDDING.TabularEmbedding for 19071/19071 samples
08/01/2026 01:34:01 AM [pe] [INFO ]  Embedding: computing PE.EMBEDDING.TabularEmbedding for 826/826 samples
08/01/2026 01:34:01 AM [pe] [INFO ]  Embedding: finished computing PE.EMBEDDING.TabularEmbedding for 826/826 samples
08/01/2026 01:34:01 AM [pe] [INFO ]  Histogram: finished computing nearest neighbors histogram for 19071 private samples and 826 synthetic samples
08/01/2026 01:34:01 AM [pe] [INFO ]  Composite population: generating 826 next synthetic samples
08/01/2026 01:34:01 AM [pe] [INFO ]  PE population: generating 826*1 next synthetic samples
08/01/2026 01:34:01 AM [pe] [INFO ]  VARIATION API: creating variations for 826 samples
08/01/2026 01:34:01 AM [pe] [INFO ]  VARIATION API: finished creating variations for 826 samples
08/01/2026 01:34:01 AM [pe] [INFO ]  PE population: finished generating 826*1 next synthetic samples
08/01/2026 01:34:01 AM [pe] [INFO ]  Composite population: finished generating 826 next synthetic samples
08/01/2026 01:34:01 AM [pe] [INFO ]  Label 7
08/01/2026 01:34:01 AM [pe] [INFO ]  Histogram: computing nearest neighbors histogram for 1194 private samples and 52 synthetic samples
08/01/2026 01:34:01 AM [pe] [INFO ]  Embedding: computing PE.EMBEDDING.TabularEmbedding for 1194/1194 samples
08/01/2026 01:34:01 AM [pe] [INFO ]  Embedding: finished computing PE.EMBEDDING.TabularEmbedding for 1194/1194 samples
08/01/2026 01:34:01 AM [pe] [INFO ]  Embedding: computing PE.EMBEDDING.TabularEmbedding for 52/52 samples
08/01/2026 01:34:01 AM [pe] [INFO ]  Embedding: finished computing PE.EMBEDDING.TabularEmbedding for 52/52 samples
08/01/2026 01:34:01 AM [pe] [INFO ]  Histogram: finished computing nearest neighbors histogram for 1194 private samples and 52 synthetic samples
08/01/2026 01:34:01 AM [pe] [INFO ]  Composite population: generating 52 next synthetic samples
08/01/2026 01:34:01 AM [pe] [INFO ]  PE population: generating 52*1 next synthetic samples
08/01/2026 01:34:01 AM [pe] [INFO ]  VARIATION API: creating variations for 52 samples
08/01/2026 01:34:01 AM [pe] [INFO ]  VARIATION API: finished creating variations for 52 samples
08/01/2026 01:34:01 AM [pe] [INFO ]  PE population: finished generating 52*1 next synthetic samples
08/01/2026 01:34:01 AM [pe] [INFO ]  Composite population: finished generating 52 next synthetic samples
08/01/2026 01:34:01 AM [pe] [INFO ]  Label 8
08/01/2026 01:34:01 AM [pe] [INFO ]  Histogram: computing nearest neighbors histogram for 8245 private samples and 357 synthetic samples
08/01/2026 01:34:01 AM [pe] [INFO ]  Embedding: computing PE.EMBEDDING.TabularEmbedding for 8245/8245 samples
08/01/2026 01:34:02 AM [pe] [INFO ]  Embedding: finished computing PE.EMBEDDING.TabularEmbedding for 8245/8245 samples
08/01/2026 01:34:02 AM [pe] [INFO ]  Embedding: computing PE.EMBEDDING.TabularEmbedding for 357/357 samples
08/01/2026 01:34:02 AM [pe] [INFO ]  Embedding: finished computing PE.EMBEDDING.TabularEmbedding for 357/357 samples
08/01/2026 01:34:02 AM [pe] [INFO ]  Histogram: finished computing nearest neighbors histogram for 8245 private samples and 357 synthetic samples
08/01/2026 01:34:02 AM [pe] [INFO ]  Composite population: generating 357 next synthetic samples
08/01/2026 01:34:02 AM [pe] [INFO ]  PE population: generating 357*1 next synthetic samples
08/01/2026 01:34:02 AM [pe] [INFO ]  VARIATION API: creating variations for 357 samples
08/01/2026 01:34:02 AM [pe] [INFO ]  VARIATION API: finished creating variations for 357 samples
08/01/2026 01:34:02 AM [pe] [INFO ]  PE population: finished generating 357*1 next synthetic samples
08/01/2026 01:34:02 AM [pe] [INFO ]  Composite population: finished generating 357 next synthetic samples
08/01/2026 01:34:02 AM [pe] [INFO ]  Label 9
08/01/2026 01:34:02 AM [pe] [INFO ]  Histogram: computing nearest neighbors histogram for 12853 private samples and 557 synthetic samples
08/01/2026 01:34:02 AM [pe] [INFO ]  Embedding: computing PE.EMBEDDING.TabularEmbedding for 12853/12853 samples
08/01/2026 01:34:02 AM [pe] [INFO ]  Embedding: finished computing PE.EMBEDDING.TabularEmbedding for 12853/12853 samples
08/01/2026 01:34:02 AM [pe] [INFO ]  Embedding: computing PE.EMBEDDING.TabularEmbedding for 557/557 samples
08/01/2026 01:34:02 AM [pe] [INFO ]  Embedding: finished computing PE.EMBEDDING.TabularEmbedding for 557/557 samples
08/01/2026 01:34:02 AM [pe] [INFO ]  Histogram: finished computing nearest neighbors histogram for 12853 private samples and 557 synthetic samples
08/01/2026 01:34:02 AM [pe] [INFO ]  Composite population: generating 557 next synthetic samples
08/01/2026 01:34:02 AM [pe] [INFO ]  PE population: generating 557*1 next synthetic samples
08/01/2026 01:34:02 AM [pe] [INFO ]  VARIATION API: creating variations for 557 samples
08/01/2026 01:34:02 AM [pe] [INFO ]  VARIATION API: finished creating variations for 557 samples
08/01/2026 01:34:02 AM [pe] [INFO ]  PE population: finished generating 557*1 next synthetic samples
08/01/2026 01:34:02 AM [pe] [INFO ]  Composite population: finished generating 557 next synthetic samples
08/01/2026 01:34:02 AM [pe] [INFO ]  Label 10
08/01/2026 01:34:02 AM [pe] [INFO ]  Histogram: computing nearest neighbors histogram for 967 private samples and 42 synthetic samples
08/01/2026 01:34:02 AM [pe] [INFO ]  Embedding: computing PE.EMBEDDING.TabularEmbedding for 967/967 samples
08/01/2026 01:34:02 AM [pe] [INFO ]  Embedding: finished computing PE.EMBEDDING.TabularEmbedding for 967/967 samples
08/01/2026 01:34:02 AM [pe] [INFO ]  Embedding: computing PE.EMBEDDING.TabularEmbedding for 42/42 samples
08/01/2026 01:34:02 AM [pe] [INFO ]  Embedding: finished computing PE.EMBEDDING.TabularEmbedding for 42/42 samples
08/01/2026 01:34:02 AM [pe] [INFO ]  Histogram: finished computing nearest neighbors histogram for 967 private samples and 42 synthetic samples
08/01/2026 01:34:02 AM [pe] [INFO ]  Composite population: generating 42 next synthetic samples
08/01/2026 01:34:02 AM [pe] [INFO ]  PE population: generating 42*1 next synthetic samples
08/01/2026 01:34:02 AM [pe] [INFO ]  VARIATION API: creating variations for 42 samples
08/01/2026 01:34:02 AM [pe] [INFO ]  VARIATION API: finished creating variations for 42 samples
08/01/2026 01:34:02 AM [pe] [INFO ]  PE population: finished generating 42*1 next synthetic samples
08/01/2026 01:34:02 AM [pe] [INFO ]  Composite population: finished generating 42 next synthetic samples
08/01/2026 01:34:02 AM [pe] [INFO ]  Saving the synthetic tabular data to a CSV file
08/01/2026 01:34:03 AM [pe] [INFO ]  Finished saving the synthetic tabular data to a CSV file
08/01/2026 01:34:03 AM [pe] [INFO ]  Evaluating tabular classifier
08/01/2026 01:34:03 AM [pe] [INFO ]  Number of samples after filtering: 0
08/01/2026 01:34:03 AM [pe] [WARNI]  No samples satisfy the filter criterion {'PE.VARIATION_API_FOLD_ID':-1}. Skipping computation.
08/01/2026 01:34:03 AM [pe] [INFO ]  Computing 5way-WSD ({'PE.VARIATION_API_FOLD_ID':-1})
08/01/2026 01:34:03 AM [pe] [INFO ]  Number of samples after filtering: 0
08/01/2026 01:34:03 AM [pe] [WARNI]  No samples satisfy the filter criterion {'PE.VARIATION_API_FOLD_ID':-1}. Skipping computation.
08/01/2026 01:34:03 AM [pe] [INFO ]  Computing 6way-WSD ({'PE.VARIATION_API_FOLD_ID':-1})
08/01/2026 01:34:03 AM [pe] [INFO ]  Number of samples after filtering: 0
08/01/2026 01:34:03 AM [pe] [WARNI]  No samples satisfy the filter criterion {'PE.VARIATION_API_FOLD_ID':-1}. Skipping computation.
08/01/2026 01:34:03 AM [pe] [INFO ]  Computing 7way-WSD ({'PE.VARIATION_API_FOLD_ID':-1})
08/01/2026 01:34:03 AM [pe] [INFO ]  Number of samples after filtering: 0
08/01/2026 01:34:03 AM [pe] [WARNI]  No samples satisfy the filter criterion {'PE.VARIATION_API_FOLD_ID':-1}. Skipping computation.
08/01/2026 01:34:03 AM [pe] [INFO ]  PE iteration 2
08/01/2026 01:34:03 AM [pe] [WARNI]  fraction_per_label_id is not provided. Assuming the fraction of label ids in private data is public information.
08/01/2026 01:34:03 AM [pe] [INFO ]  Label 0
08/01/2026 01:34:03 AM [pe] [INFO ]  Histogram: computing nearest neighbors histogram for 2081 private samples and 90 synthetic samples
08/01/2026 01:34:03 AM [pe] [INFO ]  Embedding: PE.EMBEDDING.TabularEmbedding already computed
08/01/2026 01:34:03 AM [pe] [INFO ]  Embedding: computing PE.EMBEDDING.TabularEmbedding for 90/90 samples
08/01/2026 01:34:03 AM [pe] [INFO ]  Embedding: finished computing PE.EMBEDDING.TabularEmbedding for 90/90 samples
08/01/2026 01:34:03 AM [pe] [INFO ]  Histogram: finished computing nearest neighbors histogram for 2081 private samples and 90 synthetic samples
08/01/2026 01:34:03 AM [pe] [INFO ]  Composite population: generating 90 next synthetic samples
08/01/2026 01:34:03 AM [pe] [INFO ]  PE population: generating 90*1 next synthetic samples
08/01/2026 01:34:03 AM [pe] [INFO ]  VARIATION API: creating variations for 90 samples
08/01/2026 01:34:03 AM [pe] [INFO ]  VARIATION API: finished creating variations for 90 samples
08/01/2026 01:34:03 AM [pe] [INFO ]  PE population: finished generating 90*1 next synthetic samples
08/01/2026 01:34:03 AM [pe] [INFO ]  Composite population: finished generating 90 next synthetic samples
08/01/2026 01:34:03 AM [pe] [INFO ]  Label 1
08/01/2026 01:34:03 AM [pe] [INFO ]  Histogram: computing nearest neighbors histogram for 1993 private samples and 87 synthetic samples
08/01/2026 01:34:03 AM [pe] [INFO ]  Embedding: PE.EMBEDDING.TabularEmbedding already computed
08/01/2026 01:34:03 AM [pe] [INFO ]  Embedding: computing PE.EMBEDDING.TabularEmbedding for 87/87 samples
08/01/2026 01:34:03 AM [pe] [INFO ]  Embedding: finished computing PE.EMBEDDING.TabularEmbedding for 87/87 samples
08/01/2026 01:34:03 AM [pe] [INFO ]  Histogram: finished computing nearest neighbors histogram for 1993 private samples and 87 synthetic samples
08/01/2026 01:34:03 AM [pe] [INFO ]  Composite population: generating 87 next synthetic samples
08/01/2026 01:34:03 AM [pe] [INFO ]  PE population: generating 87*1 next synthetic samples
08/01/2026 01:34:03 AM [pe] [INFO ]  VARIATION API: creating variations for 87 samples
08/01/2026 01:34:03 AM [pe] [INFO ]  VARIATION API: finished creating variations for 87 samples
08/01/2026 01:34:03 AM [pe] [INFO ]  PE population: finished generating 87*1 next synthetic samples
08/01/2026 01:34:03 AM [pe] [INFO ]  Composite population: finished generating 87 next synthetic samples
08/01/2026 01:34:03 AM [pe] [INFO ]  Label 2
08/01/2026 01:34:03 AM [pe] [INFO ]  Histogram: computing nearest neighbors histogram for 22897 private samples and 992 synthetic samples
08/01/2026 01:34:03 AM [pe] [INFO ]  Embedding: PE.EMBEDDING.TabularEmbedding already computed
08/01/2026 01:34:03 AM [pe] [INFO ]  Embedding: computing PE.EMBEDDING.TabularEmbedding for 992/992 samples
08/01/2026 01:34:03 AM [pe] [INFO ]  Embedding: finished computing PE.EMBEDDING.TabularEmbedding for 992/992 samples
08/01/2026 01:34:03 AM [pe] [INFO ]  Histogram: finished computing nearest neighbors histogram for 22897 private samples and 992 synthetic samples
08/01/2026 01:34:03 AM [pe] [INFO ]  Composite population: generating 992 next synthetic samples
08/01/2026 01:34:03 AM [pe] [INFO ]  PE population: generating 992*1 next synthetic samples
08/01/2026 01:34:03 AM [pe] [INFO ]  VARIATION API: creating variations for 992 samples
08/01/2026 01:34:03 AM [pe] [INFO ]  VARIATION API: finished creating variations for 992 samples
08/01/2026 01:34:03 AM [pe] [INFO ]  PE population: finished generating 992*1 next synthetic samples
08/01/2026 01:34:03 AM [pe] [INFO ]  Composite population: finished generating 992 next synthetic samples
08/01/2026 01:34:03 AM [pe] [INFO ]  Label 3
08/01/2026 01:34:03 AM [pe] [INFO ]  Histogram: computing nearest neighbors histogram for 38136 private samples and 1652 synthetic samples
08/01/2026 01:34:03 AM [pe] [INFO ]  Embedding: PE.EMBEDDING.TabularEmbedding already computed
08/01/2026 01:34:03 AM [pe] [INFO ]  Embedding: computing PE.EMBEDDING.TabularEmbedding for 1652/1652 samples
08/01/2026 01:34:03 AM [pe] [INFO ]  Embedding: finished computing PE.EMBEDDING.TabularEmbedding for 1652/1652 samples
08/01/2026 01:34:03 AM [pe] [INFO ]  Histogram: finished computing nearest neighbors histogram for 38136 private samples and 1652 synthetic samples
08/01/2026 01:34:03 AM [pe] [INFO ]  Composite population: generating 1652 next synthetic samples
08/01/2026 01:34:03 AM [pe] [INFO ]  PE population: generating 1652*1 next synthetic samples
08/01/2026 01:34:03 AM [pe] [INFO ]  VARIATION API: creating variations for 1652 samples
08/01/2026 01:34:03 AM [pe] [INFO ]  VARIATION API: finished creating variations for 1652 samples
08/01/2026 01:34:03 AM [pe] [INFO ]  PE population: finished generating 1652*1 next synthetic samples
08/01/2026 01:34:03 AM [pe] [INFO ]  Composite population: finished generating 1652 next synthetic samples
08/01/2026 01:34:03 AM [pe] [INFO ]  Label 4
08/01/2026 01:34:03 AM [pe] [INFO ]  Histogram: computing nearest neighbors histogram for 4318 private samples and 187 synthetic samples
08/01/2026 01:34:03 AM [pe] [INFO ]  Embedding: PE.EMBEDDING.TabularEmbedding already computed
08/01/2026 01:34:04 AM [pe] [INFO ]  Embedding: computing PE.EMBEDDING.TabularEmbedding for 187/187 samples
08/01/2026 01:34:04 AM [pe] [INFO ]  Embedding: finished computing PE.EMBEDDING.TabularEmbedding for 187/187 samples
08/01/2026 01:34:04 AM [pe] [INFO ]  Histogram: finished computing nearest neighbors histogram for 4318 private samples and 187 synthetic samples
08/01/2026 01:34:04 AM [pe] [INFO ]  Composite population: generating 187 next synthetic samples
08/01/2026 01:34:04 AM [pe] [INFO ]  PE population: generating 187*1 next synthetic samples
08/01/2026 01:34:04 AM [pe] [INFO ]  VARIATION API: creating variations for 187 samples
08/01/2026 01:34:04 AM [pe] [INFO ]  VARIATION API: finished creating variations for 187 samples
08/01/2026 01:34:04 AM [pe] [INFO ]  PE population: finished generating 187*1 next synthetic samples
08/01/2026 01:34:04 AM [pe] [INFO ]  Composite population: finished generating 187 next synthetic samples
08/01/2026 01:34:04 AM [pe] [INFO ]  Label 5
08/01/2026 01:34:04 AM [pe] [INFO ]  Histogram: computing nearest neighbors histogram for 3647 private samples and 158 synthetic samples
08/01/2026 01:34:04 AM [pe] [INFO ]  Embedding: PE.EMBEDDING.TabularEmbedding already computed
08/01/2026 01:34:04 AM [pe] [INFO ]  Embedding: computing PE.EMBEDDING.TabularEmbedding for 158/158 samples
08/01/2026 01:34:04 AM [pe] [INFO ]  Embedding: finished computing PE.EMBEDDING.TabularEmbedding for 158/158 samples
08/01/2026 01:34:04 AM [pe] [INFO ]  Histogram: finished computing nearest neighbors histogram for 3647 private samples and 158 synthetic samples
08/01/2026 01:34:04 AM [pe] [INFO ]  Composite population: generating 158 next synthetic samples
08/01/2026 01:34:04 AM [pe] [INFO ]  PE population: generating 158*1 next synthetic samples
08/01/2026 01:34:04 AM [pe] [INFO ]  VARIATION API: creating variations for 158 samples
08/01/2026 01:34:04 AM [pe] [INFO ]  VARIATION API: finished creating variations for 158 samples
08/01/2026 01:34:04 AM [pe] [INFO ]  PE population: finished generating 158*1 next synthetic samples
08/01/2026 01:34:04 AM [pe] [INFO ]  Composite population: finished generating 158 next synthetic samples
08/01/2026 01:34:04 AM [pe] [INFO ]  Label 6
08/01/2026 01:34:04 AM [pe] [INFO ]  Histogram: computing nearest neighbors histogram for 19071 private samples and 826 synthetic samples
08/01/2026 01:34:04 AM [pe] [INFO ]  Embedding: PE.EMBEDDING.TabularEmbedding already computed
08/01/2026 01:34:04 AM [pe] [INFO ]  Embedding: computing PE.EMBEDDING.TabularEmbedding for 826/826 samples
08/01/2026 01:34:04 AM [pe] [INFO ]  Embedding: finished computing PE.EMBEDDING.TabularEmbedding for 826/826 samples
08/01/2026 01:34:04 AM [pe] [INFO ]  Histogram: finished computing nearest neighbors histogram for 19071 private samples and 826 synthetic samples
08/01/2026 01:34:04 AM [pe] [INFO ]  Composite population: generating 826 next synthetic samples
08/01/2026 01:34:04 AM [pe] [INFO ]  PE population: generating 826*1 next synthetic samples
08/01/2026 01:34:04 AM [pe] [INFO ]  VARIATION API: creating variations for 826 samples
08/01/2026 01:34:04 AM [pe] [INFO ]  VARIATION API: finished creating variations for 826 samples
08/01/2026 01:34:04 AM [pe] [INFO ]  PE population: finished generating 826*1 next synthetic samples
08/01/2026 01:34:04 AM [pe] [INFO ]  Composite population: finished generating 826 next synthetic samples
08/01/2026 01:34:04 AM [pe] [INFO ]  Label 7
08/01/2026 01:34:04 AM [pe] [INFO ]  Histogram: computing nearest neighbors histogram for 1194 private samples and 52 synthetic samples
08/01/2026 01:34:04 AM [pe] [INFO ]  Embedding: PE.EMBEDDING.TabularEmbedding already computed
08/01/2026 01:34:04 AM [pe] [INFO ]  Embedding: computing PE.EMBEDDING.TabularEmbedding for 52/52 samples
08/01/2026 01:34:04 AM [pe] [INFO ]  Embedding: finished computing PE.EMBEDDING.TabularEmbedding for 52/52 samples
08/01/2026 01:34:04 AM [pe] [INFO ]  Histogram: finished computing nearest neighbors histogram for 1194 private samples and 52 synthetic samples
08/01/2026 01:34:04 AM [pe] [INFO ]  Composite population: generating 52 next synthetic samples
08/01/2026 01:34:04 AM [pe] [INFO ]  PE population: generating 52*1 next synthetic samples
08/01/2026 01:34:04 AM [pe] [INFO ]  VARIATION API: creating variations for 52 samples
08/01/2026 01:34:04 AM [pe] [INFO ]  VARIATION API: finished creating variations for 52 samples
08/01/2026 01:34:04 AM [pe] [INFO ]  PE population: finished generating 52*1 next synthetic samples
08/01/2026 01:34:04 AM [pe] [INFO ]  Composite population: finished generating 52 next synthetic samples
08/01/2026 01:34:04 AM [pe] [INFO ]  Label 8
08/01/2026 01:34:04 AM [pe] [INFO ]  Histogram: computing nearest neighbors histogram for 8245 private samples and 357 synthetic samples
08/01/2026 01:34:04 AM [pe] [INFO ]  Embedding: PE.EMBEDDING.TabularEmbedding already computed
08/01/2026 01:34:04 AM [pe] [INFO ]  Embedding: computing PE.EMBEDDING.TabularEmbedding for 357/357 samples
08/01/2026 01:34:04 AM [pe] [INFO ]  Embedding: finished computing PE.EMBEDDING.TabularEmbedding for 357/357 samples
08/01/2026 01:34:04 AM [pe] [INFO ]  Histogram: finished computing nearest neighbors histogram for 8245 private samples and 357 synthetic samples
08/01/2026 01:34:04 AM [pe] [INFO ]  Composite population: generating 357 next synthetic samples
08/01/2026 01:34:04 AM [pe] [INFO ]  PE population: generating 357*1 next synthetic samples
08/01/2026 01:34:04 AM [pe] [INFO ]  VARIATION API: creating variations for 357 samples
08/01/2026 01:34:04 AM [pe] [INFO ]  VARIATION API: finished creating variations for 357 samples
08/01/2026 01:34:04 AM [pe] [INFO ]  PE population: finished generating 357*1 next synthetic samples
08/01/2026 01:34:04 AM [pe] [INFO ]  Composite population: finished generating 357 next synthetic samples
08/01/2026 01:34:04 AM [pe] [INFO ]  Label 9
08/01/2026 01:34:04 AM [pe] [INFO ]  Histogram: computing nearest neighbors histogram for 12853 private samples and 557 synthetic samples
08/01/2026 01:34:04 AM [pe] [INFO ]  Embedding: PE.EMBEDDING.TabularEmbedding already computed
08/01/2026 01:34:04 AM [pe] [INFO ]  Embedding: computing PE.EMBEDDING.TabularEmbedding for 557/557 samples
08/01/2026 01:34:04 AM [pe] [INFO ]  Embedding: finished computing PE.EMBEDDING.TabularEmbedding for 557/557 samples
08/01/2026 01:34:04 AM [pe] [INFO ]  Histogram: finished computing nearest neighbors histogram for 12853 private samples and 557 synthetic samples
08/01/2026 01:34:04 AM [pe] [INFO ]  Composite population: generating 557 next synthetic samples
08/01/2026 01:34:04 AM [pe] [INFO ]  PE population: generating 557*1 next synthetic samples
08/01/2026 01:34:04 AM [pe] [INFO ]  VARIATION API: creating variations for 557 samples
08/01/2026 01:34:05 AM [pe] [INFO ]  VARIATION API: finished creating variations for 557 samples
08/01/2026 01:34:05 AM [pe] [INFO ]  PE population: finished generating 557*1 next synthetic samples
08/01/2026 01:34:05 AM [pe] [INFO ]  Composite population: finished generating 557 next synthetic samples
08/01/2026 01:34:05 AM [pe] [INFO ]  Label 10
08/01/2026 01:34:05 AM [pe] [INFO ]  Histogram: computing nearest neighbors histogram for 967 private samples and 42 synthetic samples
08/01/2026 01:34:05 AM [pe] [INFO ]  Embedding: PE.EMBEDDING.TabularEmbedding already computed
08/01/2026 01:34:05 AM [pe] [INFO ]  Embedding: computing PE.EMBEDDING.TabularEmbedding for 42/42 samples
08/01/2026 01:34:05 AM [pe] [INFO ]  Embedding: finished computing PE.EMBEDDING.TabularEmbedding for 42/42 samples
08/01/2026 01:34:05 AM [pe] [INFO ]  Histogram: finished computing nearest neighbors histogram for 967 private samples and 42 synthetic samples
08/01/2026 01:34:05 AM [pe] [INFO ]  Composite population: generating 42 next synthetic samples
08/01/2026 01:34:05 AM [pe] [INFO ]  PE population: generating 42*1 next synthetic samples
08/01/2026 01:34:05 AM [pe] [INFO ]  VARIATION API: creating variations for 42 samples
08/01/2026 01:34:05 AM [pe] [INFO ]  VARIATION API: finished creating variations for 42 samples
08/01/2026 01:34:05 AM [pe] [INFO ]  PE population: finished generating 42*1 next synthetic samples
08/01/2026 01:34:05 AM [pe] [INFO ]  Composite population: finished generating 42 next synthetic samples
08/01/2026 01:34:05 AM [pe] [INFO ]  Saving the synthetic tabular data to a CSV file
08/01/2026 01:34:05 AM [pe] [INFO ]  Finished saving the synthetic tabular data to a CSV file
08/01/2026 01:34:05 AM [pe] [INFO ]  Evaluating tabular classifier
08/01/2026 01:34:05 AM [pe] [INFO ]  Number of samples after filtering: 0
08/01/2026 01:34:05 AM [pe] [WARNI]  No samples satisfy the filter criterion {'PE.VARIATION_API_FOLD_ID':-1}. Skipping computation.
08/01/2026 01:34:05 AM [pe] [INFO ]  Computing 5way-WSD ({'PE.VARIATION_API_FOLD_ID':-1})
08/01/2026 01:34:05 AM [pe] [INFO ]  Number of samples after filtering: 0
08/01/2026 01:34:05 AM [pe] [WARNI]  No samples satisfy the filter criterion {'PE.VARIATION_API_FOLD_ID':-1}. Skipping computation.
08/01/2026 01:34:05 AM [pe] [INFO ]  Computing 6way-WSD ({'PE.VARIATION_API_FOLD_ID':-1})
08/01/2026 01:34:05 AM [pe] [INFO ]  Number of samples after filtering: 0
08/01/2026 01:34:05 AM [pe] [WARNI]  No samples satisfy the filter criterion {'PE.VARIATION_API_FOLD_ID':-1}. Skipping computation.
08/01/2026 01:34:05 AM [pe] [INFO ]  Computing 7way-WSD ({'PE.VARIATION_API_FOLD_ID':-1})
08/01/2026 01:34:05 AM [pe] [INFO ]  Number of samples after filtering: 0
08/01/2026 01:34:05 AM [pe] [WARNI]  No samples satisfy the filter criterion {'PE.VARIATION_API_FOLD_ID':-1}. Skipping computation.
08/01/2026 01:34:05 AM [pe] [INFO ]  PE iteration 3
08/01/2026 01:34:05 AM [pe] [WARNI]  fraction_per_label_id is not provided. Assuming the fraction of label ids in private data is public information.
08/01/2026 01:34:05 AM [pe] [INFO ]  Label 0
08/01/2026 01:34:05 AM [pe] [INFO ]  Histogram: computing nearest neighbors histogram for 2081 private samples and 90 synthetic samples
08/01/2026 01:34:05 AM [pe] [INFO ]  Embedding: PE.EMBEDDING.TabularEmbedding already computed
08/01/2026 01:34:05 AM [pe] [INFO ]  Embedding: computing PE.EMBEDDING.TabularEmbedding for 90/90 samples
08/01/2026 01:34:05 AM [pe] [INFO ]  Embedding: finished computing PE.EMBEDDING.TabularEmbedding for 90/90 samples
08/01/2026 01:34:05 AM [pe] [INFO ]  Histogram: finished computing nearest neighbors histogram for 2081 private samples and 90 synthetic samples
08/01/2026 01:34:05 AM [pe] [INFO ]  Composite population: generating 90 next synthetic samples
08/01/2026 01:34:05 AM [pe] [INFO ]  PE population: generating 90*1 next synthetic samples
08/01/2026 01:34:05 AM [pe] [INFO ]  VARIATION API: creating variations for 90 samples
08/01/2026 01:34:05 AM [pe] [INFO ]  VARIATION API: finished creating variations for 90 samples
08/01/2026 01:34:05 AM [pe] [INFO ]  PE population: finished generating 90*1 next synthetic samples
08/01/2026 01:34:05 AM [pe] [INFO ]  Composite population: finished generating 90 next synthetic samples
08/01/2026 01:34:05 AM [pe] [INFO ]  Label 1
08/01/2026 01:34:05 AM [pe] [INFO ]  Histogram: computing nearest neighbors histogram for 1993 private samples and 87 synthetic samples
08/01/2026 01:34:05 AM [pe] [INFO ]  Embedding: PE.EMBEDDING.TabularEmbedding already computed
08/01/2026 01:34:05 AM [pe] [INFO ]  Embedding: computing PE.EMBEDDING.TabularEmbedding for 87/87 samples
08/01/2026 01:34:05 AM [pe] [INFO ]  Embedding: finished computing PE.EMBEDDING.TabularEmbedding for 87/87 samples
08/01/2026 01:34:05 AM [pe] [INFO ]  Histogram: finished computing nearest neighbors histogram for 1993 private samples and 87 synthetic samples
08/01/2026 01:34:05 AM [pe] [INFO ]  Composite population: generating 87 next synthetic samples
08/01/2026 01:34:05 AM [pe] [INFO ]  PE population: generating 87*1 next synthetic samples
08/01/2026 01:34:05 AM [pe] [INFO ]  VARIATION API: creating variations for 87 samples
08/01/2026 01:34:05 AM [pe] [INFO ]  VARIATION API: finished creating variations for 87 samples
08/01/2026 01:34:05 AM [pe] [INFO ]  PE population: finished generating 87*1 next synthetic samples
08/01/2026 01:34:05 AM [pe] [INFO ]  Composite population: finished generating 87 next synthetic samples
08/01/2026 01:34:05 AM [pe] [INFO ]  Label 2
08/01/2026 01:34:05 AM [pe] [INFO ]  Histogram: computing nearest neighbors histogram for 22897 private samples and 992 synthetic samples
08/01/2026 01:34:05 AM [pe] [INFO ]  Embedding: PE.EMBEDDING.TabularEmbedding already computed
08/01/2026 01:34:05 AM [pe] [INFO ]  Embedding: computing PE.EMBEDDING.TabularEmbedding for 992/992 samples
08/01/2026 01:34:06 AM [pe] [INFO ]  Embedding: finished computing PE.EMBEDDING.TabularEmbedding for 992/992 samples
08/01/2026 01:34:06 AM [pe] [INFO ]  Histogram: finished computing nearest neighbors histogram for 22897 private samples and 992 synthetic samples
08/01/2026 01:34:06 AM [pe] [INFO ]  Composite population: generating 992 next synthetic samples
08/01/2026 01:34:06 AM [pe] [INFO ]  PE population: generating 992*1 next synthetic samples
08/01/2026 01:34:06 AM [pe] [INFO ]  VARIATION API: creating variations for 992 samples
08/01/2026 01:34:06 AM [pe] [INFO ]  VARIATION API: finished creating variations for 992 samples
08/01/2026 01:34:06 AM [pe] [INFO ]  PE population: finished generating 992*1 next synthetic samples
08/01/2026 01:34:06 AM [pe] [INFO ]  Composite population: finished generating 992 next synthetic samples
08/01/2026 01:34:06 AM [pe] [INFO ]  Label 3
08/01/2026 01:34:06 AM [pe] [INFO ]  Histogram: computing nearest neighbors histogram for 38136 private samples and 1652 synthetic samples
08/01/2026 01:34:06 AM [pe] [INFO ]  Embedding: PE.EMBEDDING.TabularEmbedding already computed
08/01/2026 01:34:06 AM [pe] [INFO ]  Embedding: computing PE.EMBEDDING.TabularEmbedding for 1652/1652 samples
08/01/2026 01:34:06 AM [pe] [INFO ]  Embedding: finished computing PE.EMBEDDING.TabularEmbedding for 1652/1652 samples
08/01/2026 01:34:06 AM [pe] [INFO ]  Histogram: finished computing nearest neighbors histogram for 38136 private samples and 1652 synthetic samples
08/01/2026 01:34:06 AM [pe] [INFO ]  Composite population: generating 1652 next synthetic samples
08/01/2026 01:34:06 AM [pe] [INFO ]  PE population: generating 1652*1 next synthetic samples
08/01/2026 01:34:06 AM [pe] [INFO ]  VARIATION API: creating variations for 1652 samples
08/01/2026 01:34:06 AM [pe] [INFO ]  VARIATION API: finished creating variations for 1652 samples
08/01/2026 01:34:06 AM [pe] [INFO ]  PE population: finished generating 1652*1 next synthetic samples
08/01/2026 01:34:06 AM [pe] [INFO ]  Composite population: finished generating 1652 next synthetic samples
08/01/2026 01:34:06 AM [pe] [INFO ]  Label 4
08/01/2026 01:34:06 AM [pe] [INFO ]  Histogram: computing nearest neighbors histogram for 4318 private samples and 187 synthetic samples
08/01/2026 01:34:06 AM [pe] [INFO ]  Embedding: PE.EMBEDDING.TabularEmbedding already computed
08/01/2026 01:34:06 AM [pe] [INFO ]  Embedding: computing PE.EMBEDDING.TabularEmbedding for 187/187 samples
08/01/2026 01:34:06 AM [pe] [INFO ]  Embedding: finished computing PE.EMBEDDING.TabularEmbedding for 187/187 samples
08/01/2026 01:34:06 AM [pe] [INFO ]  Histogram: finished computing nearest neighbors histogram for 4318 private samples and 187 synthetic samples
08/01/2026 01:34:06 AM [pe] [INFO ]  Composite population: generating 187 next synthetic samples
08/01/2026 01:34:06 AM [pe] [INFO ]  PE population: generating 187*1 next synthetic samples
08/01/2026 01:34:06 AM [pe] [INFO ]  VARIATION API: creating variations for 187 samples
08/01/2026 01:34:06 AM [pe] [INFO ]  VARIATION API: finished creating variations for 187 samples
08/01/2026 01:34:06 AM [pe] [INFO ]  PE population: finished generating 187*1 next synthetic samples
08/01/2026 01:34:06 AM [pe] [INFO ]  Composite population: finished generating 187 next synthetic samples
08/01/2026 01:34:06 AM [pe] [INFO ]  Label 5
08/01/2026 01:34:06 AM [pe] [INFO ]  Histogram: computing nearest neighbors histogram for 3647 private samples and 158 synthetic samples
08/01/2026 01:34:06 AM [pe] [INFO ]  Embedding: PE.EMBEDDING.TabularEmbedding already computed
08/01/2026 01:34:06 AM [pe] [INFO ]  Embedding: computing PE.EMBEDDING.TabularEmbedding for 158/158 samples
08/01/2026 01:34:06 AM [pe] [INFO ]  Embedding: finished computing PE.EMBEDDING.TabularEmbedding for 158/158 samples
08/01/2026 01:34:06 AM [pe] [INFO ]  Histogram: finished computing nearest neighbors histogram for 3647 private samples and 158 synthetic samples
08/01/2026 01:34:06 AM [pe] [INFO ]  Composite population: generating 158 next synthetic samples
08/01/2026 01:34:06 AM [pe] [INFO ]  PE population: generating 158*1 next synthetic samples
08/01/2026 01:34:06 AM [pe] [INFO ]  VARIATION API: creating variations for 158 samples
08/01/2026 01:34:06 AM [pe] [INFO ]  VARIATION API: finished creating variations for 158 samples
08/01/2026 01:34:06 AM [pe] [INFO ]  PE population: finished generating 158*1 next synthetic samples
08/01/2026 01:34:06 AM [pe] [INFO ]  Composite population: finished generating 158 next synthetic samples
08/01/2026 01:34:06 AM [pe] [INFO ]  Label 6
08/01/2026 01:34:06 AM [pe] [INFO ]  Histogram: computing nearest neighbors histogram for 19071 private samples and 826 synthetic samples
08/01/2026 01:34:06 AM [pe] [INFO ]  Embedding: PE.EMBEDDING.TabularEmbedding already computed
08/01/2026 01:34:06 AM [pe] [INFO ]  Embedding: computing PE.EMBEDDING.TabularEmbedding for 826/826 samples
08/01/2026 01:34:06 AM [pe] [INFO ]  Embedding: finished computing PE.EMBEDDING.TabularEmbedding for 826/826 samples
08/01/2026 01:34:06 AM [pe] [INFO ]  Histogram: finished computing nearest neighbors histogram for 19071 private samples and 826 synthetic samples
08/01/2026 01:34:06 AM [pe] [INFO ]  Composite population: generating 826 next synthetic samples
08/01/2026 01:34:06 AM [pe] [INFO ]  PE population: generating 826*1 next synthetic samples
08/01/2026 01:34:06 AM [pe] [INFO ]  VARIATION API: creating variations for 826 samples
08/01/2026 01:34:06 AM [pe] [INFO ]  VARIATION API: finished creating variations for 826 samples
08/01/2026 01:34:06 AM [pe] [INFO ]  PE population: finished generating 826*1 next synthetic samples
08/01/2026 01:34:06 AM [pe] [INFO ]  Composite population: finished generating 826 next synthetic samples
08/01/2026 01:34:06 AM [pe] [INFO ]  Label 7
08/01/2026 01:34:06 AM [pe] [INFO ]  Histogram: computing nearest neighbors histogram for 1194 private samples and 52 synthetic samples
08/01/2026 01:34:06 AM [pe] [INFO ]  Embedding: PE.EMBEDDING.TabularEmbedding already computed
08/01/2026 01:34:07 AM [pe] [INFO ]  Embedding: computing PE.EMBEDDING.TabularEmbedding for 52/52 samples
08/01/2026 01:34:07 AM [pe] [INFO ]  Embedding: finished computing PE.EMBEDDING.TabularEmbedding for 52/52 samples
08/01/2026 01:34:07 AM [pe] [INFO ]  Histogram: finished computing nearest neighbors histogram for 1194 private samples and 52 synthetic samples
08/01/2026 01:34:07 AM [pe] [INFO ]  Composite population: generating 52 next synthetic samples
08/01/2026 01:34:07 AM [pe] [INFO ]  PE population: generating 52*1 next synthetic samples
08/01/2026 01:34:07 AM [pe] [INFO ]  VARIATION API: creating variations for 52 samples
08/01/2026 01:34:07 AM [pe] [INFO ]  VARIATION API: finished creating variations for 52 samples
08/01/2026 01:34:07 AM [pe] [INFO ]  PE population: finished generating 52*1 next synthetic samples
08/01/2026 01:34:07 AM [pe] [INFO ]  Composite population: finished generating 52 next synthetic samples
08/01/2026 01:34:07 AM [pe] [INFO ]  Label 8
08/01/2026 01:34:07 AM [pe] [INFO ]  Histogram: computing nearest neighbors histogram for 8245 private samples and 357 synthetic samples
08/01/2026 01:34:07 AM [pe] [INFO ]  Embedding: PE.EMBEDDING.TabularEmbedding already computed
08/01/2026 01:34:07 AM [pe] [INFO ]  Embedding: computing PE.EMBEDDING.TabularEmbedding for 357/357 samples
08/01/2026 01:34:07 AM [pe] [INFO ]  Embedding: finished computing PE.EMBEDDING.TabularEmbedding for 357/357 samples
08/01/2026 01:34:07 AM [pe] [INFO ]  Histogram: finished computing nearest neighbors histogram for 8245 private samples and 357 synthetic samples
08/01/2026 01:34:07 AM [pe] [INFO ]  Composite population: generating 357 next synthetic samples
08/01/2026 01:34:07 AM [pe] [INFO ]  PE population: generating 357*1 next synthetic samples
08/01/2026 01:34:07 AM [pe] [INFO ]  VARIATION API: creating variations for 357 samples
08/01/2026 01:34:07 AM [pe] [INFO ]  VARIATION API: finished creating variations for 357 samples
08/01/2026 01:34:07 AM [pe] [INFO ]  PE population: finished generating 357*1 next synthetic samples
08/01/2026 01:34:07 AM [pe] [INFO ]  Composite population: finished generating 357 next synthetic samples
08/01/2026 01:34:07 AM [pe] [INFO ]  Label 9
08/01/2026 01:34:07 AM [pe] [INFO ]  Histogram: computing nearest neighbors histogram for 12853 private samples and 557 synthetic samples
08/01/2026 01:34:07 AM [pe] [INFO ]  Embedding: PE.EMBEDDING.TabularEmbedding already computed
08/01/2026 01:34:07 AM [pe] [INFO ]  Embedding: computing PE.EMBEDDING.TabularEmbedding for 557/557 samples
08/01/2026 01:34:07 AM [pe] [INFO ]  Embedding: finished computing PE.EMBEDDING.TabularEmbedding for 557/557 samples
08/01/2026 01:34:07 AM [pe] [INFO ]  Histogram: finished computing nearest neighbors histogram for 12853 private samples and 557 synthetic samples
08/01/2026 01:34:07 AM [pe] [INFO ]  Composite population: generating 557 next synthetic samples
08/01/2026 01:34:07 AM [pe] [INFO ]  PE population: generating 557*1 next synthetic samples
08/01/2026 01:34:07 AM [pe] [INFO ]  VARIATION API: creating variations for 557 samples
08/01/2026 01:34:07 AM [pe] [INFO ]  VARIATION API: finished creating variations for 557 samples
08/01/2026 01:34:07 AM [pe] [INFO ]  PE population: finished generating 557*1 next synthetic samples
08/01/2026 01:34:07 AM [pe] [INFO ]  Composite population: finished generating 557 next synthetic samples
08/01/2026 01:34:07 AM [pe] [INFO ]  Label 10
08/01/2026 01:34:07 AM [pe] [INFO ]  Histogram: computing nearest neighbors histogram for 967 private samples and 42 synthetic samples
08/01/2026 01:34:07 AM [pe] [INFO ]  Embedding: PE.EMBEDDING.TabularEmbedding already computed
08/01/2026 01:34:07 AM [pe] [INFO ]  Embedding: computing PE.EMBEDDING.TabularEmbedding for 42/42 samples
08/01/2026 01:34:07 AM [pe] [INFO ]  Embedding: finished computing PE.EMBEDDING.TabularEmbedding for 42/42 samples
08/01/2026 01:34:07 AM [pe] [INFO ]  Histogram: finished computing nearest neighbors histogram for 967 private samples and 42 synthetic samples
08/01/2026 01:34:07 AM [pe] [INFO ]  Composite population: generating 42 next synthetic samples
08/01/2026 01:34:07 AM [pe] [INFO ]  PE population: generating 42*1 next synthetic samples
08/01/2026 01:34:07 AM [pe] [INFO ]  VARIATION API: creating variations for 42 samples
08/01/2026 01:34:07 AM [pe] [INFO ]  VARIATION API: finished creating variations for 42 samples
08/01/2026 01:34:07 AM [pe] [INFO ]  PE population: finished generating 42*1 next synthetic samples
08/01/2026 01:34:07 AM [pe] [INFO ]  Composite population: finished generating 42 next synthetic samples
08/01/2026 01:34:07 AM [pe] [INFO ]  Saving the synthetic tabular data to a CSV file
08/01/2026 01:34:08 AM [pe] [INFO ]  Finished saving the synthetic tabular data to a CSV file
08/01/2026 01:34:08 AM [pe] [INFO ]  Evaluating tabular classifier
08/01/2026 01:34:08 AM [pe] [INFO ]  Number of samples after filtering: 0
08/01/2026 01:34:08 AM [pe] [WARNI]  No samples satisfy the filter criterion {'PE.VARIATION_API_FOLD_ID':-1}. Skipping computation.
08/01/2026 01:34:08 AM [pe] [INFO ]  Computing 5way-WSD ({'PE.VARIATION_API_FOLD_ID':-1})
08/01/2026 01:34:08 AM [pe] [INFO ]  Number of samples after filtering: 0
08/01/2026 01:34:08 AM [pe] [WARNI]  No samples satisfy the filter criterion {'PE.VARIATION_API_FOLD_ID':-1}. Skipping computation.
08/01/2026 01:34:08 AM [pe] [INFO ]  Computing 6way-WSD ({'PE.VARIATION_API_FOLD_ID':-1})
08/01/2026 01:34:08 AM [pe] [INFO ]  Number of samples after filtering: 0
08/01/2026 01:34:08 AM [pe] [WARNI]  No samples satisfy the filter criterion {'PE.VARIATION_API_FOLD_ID':-1}. Skipping computation.
08/01/2026 01:34:08 AM [pe] [INFO ]  Computing 7way-WSD ({'PE.VARIATION_API_FOLD_ID':-1})
08/01/2026 01:34:08 AM [pe] [INFO ]  Number of samples after filtering: 0
08/01/2026 01:34:08 AM [pe] [WARNI]  No samples satisfy the filter criterion {'PE.VARIATION_API_FOLD_ID':-1}. Skipping computation.
08/01/2026 01:34:08 AM [pe] [INFO ]  PE iteration 4
08/01/2026 01:34:08 AM [pe] [WARNI]  fraction_per_label_id is not provided. Assuming the fraction of label ids in private data is public information.
08/01/2026 01:34:08 AM [pe] [INFO ]  Label 0
08/01/2026 01:34:08 AM [pe] [INFO ]  Histogram: computing nearest neighbors histogram for 2081 private samples and 90 synthetic samples
08/01/2026 01:34:08 AM [pe] [INFO ]  Embedding: PE.EMBEDDING.TabularEmbedding already computed
08/01/2026 01:34:08 AM [pe] [INFO ]  Embedding: computing PE.EMBEDDING.TabularEmbedding for 90/90 samples
08/01/2026 01:34:08 AM [pe] [INFO ]  Embedding: finished computing PE.EMBEDDING.TabularEmbedding for 90/90 samples
08/01/2026 01:34:08 AM [pe] [INFO ]  Histogram: finished computing nearest neighbors histogram for 2081 private samples and 90 synthetic samples
08/01/2026 01:34:08 AM [pe] [INFO ]  Composite population: generating 90 next synthetic samples
08/01/2026 01:34:08 AM [pe] [INFO ]  PE population: generating 90*1 next synthetic samples
08/01/2026 01:34:08 AM [pe] [INFO ]  VARIATION API: creating variations for 90 samples
08/01/2026 01:34:08 AM [pe] [INFO ]  VARIATION API: finished creating variations for 90 samples
08/01/2026 01:34:08 AM [pe] [INFO ]  PE population: finished generating 90*1 next synthetic samples
08/01/2026 01:34:08 AM [pe] [INFO ]  Composite population: finished generating 90 next synthetic samples
08/01/2026 01:34:08 AM [pe] [INFO ]  Label 1
08/01/2026 01:34:08 AM [pe] [INFO ]  Histogram: computing nearest neighbors histogram for 1993 private samples and 87 synthetic samples
08/01/2026 01:34:08 AM [pe] [INFO ]  Embedding: PE.EMBEDDING.TabularEmbedding already computed
08/01/2026 01:34:08 AM [pe] [INFO ]  Embedding: computing PE.EMBEDDING.TabularEmbedding for 87/87 samples
08/01/2026 01:34:08 AM [pe] [INFO ]  Embedding: finished computing PE.EMBEDDING.TabularEmbedding for 87/87 samples
08/01/2026 01:34:08 AM [pe] [INFO ]  Histogram: finished computing nearest neighbors histogram for 1993 private samples and 87 synthetic samples
08/01/2026 01:34:08 AM [pe] [INFO ]  Composite population: generating 87 next synthetic samples
08/01/2026 01:34:08 AM [pe] [INFO ]  PE population: generating 87*1 next synthetic samples
08/01/2026 01:34:08 AM [pe] [INFO ]  VARIATION API: creating variations for 87 samples
08/01/2026 01:34:08 AM [pe] [INFO ]  VARIATION API: finished creating variations for 87 samples
08/01/2026 01:34:08 AM [pe] [INFO ]  PE population: finished generating 87*1 next synthetic samples
08/01/2026 01:34:08 AM [pe] [INFO ]  Composite population: finished generating 87 next synthetic samples
08/01/2026 01:34:08 AM [pe] [INFO ]  Label 2
08/01/2026 01:34:08 AM [pe] [INFO ]  Histogram: computing nearest neighbors histogram for 22897 private samples and 992 synthetic samples
08/01/2026 01:34:08 AM [pe] [INFO ]  Embedding: PE.EMBEDDING.TabularEmbedding already computed
08/01/2026 01:34:08 AM [pe] [INFO ]  Embedding: computing PE.EMBEDDING.TabularEmbedding for 992/992 samples
08/01/2026 01:34:08 AM [pe] [INFO ]  Embedding: finished computing PE.EMBEDDING.TabularEmbedding for 992/992 samples
08/01/2026 01:34:08 AM [pe] [INFO ]  Histogram: finished computing nearest neighbors histogram for 22897 private samples and 992 synthetic samples
08/01/2026 01:34:08 AM [pe] [INFO ]  Composite population: generating 992 next synthetic samples
08/01/2026 01:34:08 AM [pe] [INFO ]  PE population: generating 992*1 next synthetic samples
08/01/2026 01:34:08 AM [pe] [INFO ]  VARIATION API: creating variations for 992 samples
08/01/2026 01:34:08 AM [pe] [INFO ]  VARIATION API: finished creating variations for 992 samples
08/01/2026 01:34:08 AM [pe] [INFO ]  PE population: finished generating 992*1 next synthetic samples
08/01/2026 01:34:08 AM [pe] [INFO ]  Composite population: finished generating 992 next synthetic samples
08/01/2026 01:34:08 AM [pe] [INFO ]  Label 3
08/01/2026 01:34:08 AM [pe] [INFO ]  Histogram: computing nearest neighbors histogram for 38136 private samples and 1652 synthetic samples
08/01/2026 01:34:08 AM [pe] [INFO ]  Embedding: PE.EMBEDDING.TabularEmbedding already computed
08/01/2026 01:34:08 AM [pe] [INFO ]  Embedding: computing PE.EMBEDDING.TabularEmbedding for 1652/1652 samples
08/01/2026 01:34:08 AM [pe] [INFO ]  Embedding: finished computing PE.EMBEDDING.TabularEmbedding for 1652/1652 samples
08/01/2026 01:34:08 AM [pe] [INFO ]  Histogram: finished computing nearest neighbors histogram for 38136 private samples and 1652 synthetic samples
08/01/2026 01:34:08 AM [pe] [INFO ]  Composite population: generating 1652 next synthetic samples
08/01/2026 01:34:08 AM [pe] [INFO ]  PE population: generating 1652*1 next synthetic samples
08/01/2026 01:34:08 AM [pe] [INFO ]  VARIATION API: creating variations for 1652 samples
08/01/2026 01:34:08 AM [pe] [INFO ]  VARIATION API: finished creating variations for 1652 samples
08/01/2026 01:34:08 AM [pe] [INFO ]  PE population: finished generating 1652*1 next synthetic samples
08/01/2026 01:34:08 AM [pe] [INFO ]  Composite population: finished generating 1652 next synthetic samples
08/01/2026 01:34:08 AM [pe] [INFO ]  Label 4
08/01/2026 01:34:08 AM [pe] [INFO ]  Histogram: computing nearest neighbors histogram for 4318 private samples and 187 synthetic samples
08/01/2026 01:34:08 AM [pe] [INFO ]  Embedding: PE.EMBEDDING.TabularEmbedding already computed
08/01/2026 01:34:08 AM [pe] [INFO ]  Embedding: computing PE.EMBEDDING.TabularEmbedding for 187/187 samples
08/01/2026 01:34:08 AM [pe] [INFO ]  Embedding: finished computing PE.EMBEDDING.TabularEmbedding for 187/187 samples
08/01/2026 01:34:08 AM [pe] [INFO ]  Histogram: finished computing nearest neighbors histogram for 4318 private samples and 187 synthetic samples
08/01/2026 01:34:08 AM [pe] [INFO ]  Composite population: generating 187 next synthetic samples
08/01/2026 01:34:08 AM [pe] [INFO ]  PE population: generating 187*1 next synthetic samples
08/01/2026 01:34:08 AM [pe] [INFO ]  VARIATION API: creating variations for 187 samples
08/01/2026 01:34:08 AM [pe] [INFO ]  VARIATION API: finished creating variations for 187 samples
08/01/2026 01:34:08 AM [pe] [INFO ]  PE population: finished generating 187*1 next synthetic samples
08/01/2026 01:34:08 AM [pe] [INFO ]  Composite population: finished generating 187 next synthetic samples
08/01/2026 01:34:08 AM [pe] [INFO ]  Label 5
08/01/2026 01:34:09 AM [pe] [INFO ]  Histogram: computing nearest neighbors histogram for 3647 private samples and 158 synthetic samples
08/01/2026 01:34:09 AM [pe] [INFO ]  Embedding: PE.EMBEDDING.TabularEmbedding already computed
08/01/2026 01:34:09 AM [pe] [INFO ]  Embedding: computing PE.EMBEDDING.TabularEmbedding for 158/158 samples
08/01/2026 01:34:09 AM [pe] [INFO ]  Embedding: finished computing PE.EMBEDDING.TabularEmbedding for 158/158 samples
08/01/2026 01:34:09 AM [pe] [INFO ]  Histogram: finished computing nearest neighbors histogram for 3647 private samples and 158 synthetic samples
08/01/2026 01:34:09 AM [pe] [INFO ]  Composite population: generating 158 next synthetic samples
08/01/2026 01:34:09 AM [pe] [INFO ]  PE population: generating 158*1 next synthetic samples
08/01/2026 01:34:09 AM [pe] [INFO ]  VARIATION API: creating variations for 158 samples
08/01/2026 01:34:09 AM [pe] [INFO ]  VARIATION API: finished creating variations for 158 samples
08/01/2026 01:34:09 AM [pe] [INFO ]  PE population: finished generating 158*1 next synthetic samples
08/01/2026 01:34:09 AM [pe] [INFO ]  Composite population: finished generating 158 next synthetic samples
08/01/2026 01:34:09 AM [pe] [INFO ]  Label 6
08/01/2026 01:34:09 AM [pe] [INFO ]  Histogram: computing nearest neighbors histogram for 19071 private samples and 826 synthetic samples
08/01/2026 01:34:09 AM [pe] [INFO ]  Embedding: PE.EMBEDDING.TabularEmbedding already computed
08/01/2026 01:34:09 AM [pe] [INFO ]  Embedding: computing PE.EMBEDDING.TabularEmbedding for 826/826 samples
08/01/2026 01:34:09 AM [pe] [INFO ]  Embedding: finished computing PE.EMBEDDING.TabularEmbedding for 826/826 samples
08/01/2026 01:34:09 AM [pe] [INFO ]  Histogram: finished computing nearest neighbors histogram for 19071 private samples and 826 synthetic samples
08/01/2026 01:34:09 AM [pe] [INFO ]  Composite population: generating 826 next synthetic samples
08/01/2026 01:34:09 AM [pe] [INFO ]  PE population: generating 826*1 next synthetic samples
08/01/2026 01:34:09 AM [pe] [INFO ]  VARIATION API: creating variations for 826 samples
08/01/2026 01:34:09 AM [pe] [INFO ]  VARIATION API: finished creating variations for 826 samples
08/01/2026 01:34:09 AM [pe] [INFO ]  PE population: finished generating 826*1 next synthetic samples
08/01/2026 01:34:09 AM [pe] [INFO ]  Composite population: finished generating 826 next synthetic samples
08/01/2026 01:34:09 AM [pe] [INFO ]  Label 7
08/01/2026 01:34:09 AM [pe] [INFO ]  Histogram: computing nearest neighbors histogram for 1194 private samples and 52 synthetic samples
08/01/2026 01:34:09 AM [pe] [INFO ]  Embedding: PE.EMBEDDING.TabularEmbedding already computed
08/01/2026 01:34:09 AM [pe] [INFO ]  Embedding: computing PE.EMBEDDING.TabularEmbedding for 52/52 samples
08/01/2026 01:34:09 AM [pe] [INFO ]  Embedding: finished computing PE.EMBEDDING.TabularEmbedding for 52/52 samples
08/01/2026 01:34:09 AM [pe] [INFO ]  Histogram: finished computing nearest neighbors histogram for 1194 private samples and 52 synthetic samples
08/01/2026 01:34:09 AM [pe] [INFO ]  Composite population: generating 52 next synthetic samples
08/01/2026 01:34:09 AM [pe] [INFO ]  PE population: generating 52*1 next synthetic samples
08/01/2026 01:34:09 AM [pe] [INFO ]  VARIATION API: creating variations for 52 samples
08/01/2026 01:34:09 AM [pe] [INFO ]  VARIATION API: finished creating variations for 52 samples
08/01/2026 01:34:09 AM [pe] [INFO ]  PE population: finished generating 52*1 next synthetic samples
08/01/2026 01:34:09 AM [pe] [INFO ]  Composite population: finished generating 52 next synthetic samples
08/01/2026 01:34:09 AM [pe] [INFO ]  Label 8
08/01/2026 01:34:09 AM [pe] [INFO ]  Histogram: computing nearest neighbors histogram for 8245 private samples and 357 synthetic samples
08/01/2026 01:34:09 AM [pe] [INFO ]  Embedding: PE.EMBEDDING.TabularEmbedding already computed
08/01/2026 01:34:09 AM [pe] [INFO ]  Embedding: computing PE.EMBEDDING.TabularEmbedding for 357/357 samples
08/01/2026 01:34:09 AM [pe] [INFO ]  Embedding: finished computing PE.EMBEDDING.TabularEmbedding for 357/357 samples
08/01/2026 01:34:09 AM [pe] [INFO ]  Histogram: finished computing nearest neighbors histogram for 8245 private samples and 357 synthetic samples
08/01/2026 01:34:09 AM [pe] [INFO ]  Composite population: generating 357 next synthetic samples
08/01/2026 01:34:09 AM [pe] [INFO ]  PE population: generating 357*1 next synthetic samples
08/01/2026 01:34:09 AM [pe] [INFO ]  VARIATION API: creating variations for 357 samples
08/01/2026 01:34:09 AM [pe] [INFO ]  VARIATION API: finished creating variations for 357 samples
08/01/2026 01:34:09 AM [pe] [INFO ]  PE population: finished generating 357*1 next synthetic samples
08/01/2026 01:34:09 AM [pe] [INFO ]  Composite population: finished generating 357 next synthetic samples
08/01/2026 01:34:09 AM [pe] [INFO ]  Label 9
08/01/2026 01:34:09 AM [pe] [INFO ]  Histogram: computing nearest neighbors histogram for 12853 private samples and 557 synthetic samples
08/01/2026 01:34:09 AM [pe] [INFO ]  Embedding: PE.EMBEDDING.TabularEmbedding already computed
08/01/2026 01:34:09 AM [pe] [INFO ]  Embedding: computing PE.EMBEDDING.TabularEmbedding for 557/557 samples
08/01/2026 01:34:09 AM [pe] [INFO ]  Embedding: finished computing PE.EMBEDDING.TabularEmbedding for 557/557 samples
08/01/2026 01:34:09 AM [pe] [INFO ]  Histogram: finished computing nearest neighbors histogram for 12853 private samples and 557 synthetic samples
08/01/2026 01:34:09 AM [pe] [INFO ]  Composite population: generating 557 next synthetic samples
08/01/2026 01:34:09 AM [pe] [INFO ]  PE population: generating 557*1 next synthetic samples
08/01/2026 01:34:09 AM [pe] [INFO ]  VARIATION API: creating variations for 557 samples
08/01/2026 01:34:09 AM [pe] [INFO ]  VARIATION API: finished creating variations for 557 samples
08/01/2026 01:34:09 AM [pe] [INFO ]  PE population: finished generating 557*1 next synthetic samples
08/01/2026 01:34:09 AM [pe] [INFO ]  Composite population: finished generating 557 next synthetic samples
08/01/2026 01:34:09 AM [pe] [INFO ]  Label 10
08/01/2026 01:34:09 AM [pe] [INFO ]  Histogram: computing nearest neighbors histogram for 967 private samples and 42 synthetic samples
08/01/2026 01:34:09 AM [pe] [INFO ]  Embedding: PE.EMBEDDING.TabularEmbedding already computed
08/01/2026 01:34:09 AM [pe] [INFO ]  Embedding: computing PE.EMBEDDING.TabularEmbedding for 42/42 samples
08/01/2026 01:34:09 AM [pe] [INFO ]  Embedding: finished computing PE.EMBEDDING.TabularEmbedding for 42/42 samples
08/01/2026 01:34:09 AM [pe] [INFO ]  Histogram: finished computing nearest neighbors histogram for 967 private samples and 42 synthetic samples
08/01/2026 01:34:09 AM [pe] [INFO ]  Composite population: generating 42 next synthetic samples
08/01/2026 01:34:09 AM [pe] [INFO ]  PE population: generating 42*1 next synthetic samples
08/01/2026 01:34:09 AM [pe] [INFO ]  VARIATION API: creating variations for 42 samples
08/01/2026 01:34:09 AM [pe] [INFO ]  VARIATION API: finished creating variations for 42 samples
08/01/2026 01:34:09 AM [pe] [INFO ]  PE population: finished generating 42*1 next synthetic samples
08/01/2026 01:34:09 AM [pe] [INFO ]  Composite population: finished generating 42 next synthetic samples
08/01/2026 01:34:09 AM [pe] [INFO ]  Saving the synthetic tabular data to a CSV file
08/01/2026 01:34:10 AM [pe] [INFO ]  Finished saving the synthetic tabular data to a CSV file
08/01/2026 01:34:10 AM [pe] [INFO ]  Evaluating tabular classifier
08/01/2026 01:34:10 AM [pe] [INFO ]  Number of samples after filtering: 0
08/01/2026 01:34:10 AM [pe] [WARNI]  No samples satisfy the filter criterion {'PE.VARIATION_API_FOLD_ID':-1}. Skipping computation.
08/01/2026 01:34:10 AM [pe] [INFO ]  Computing 5way-WSD ({'PE.VARIATION_API_FOLD_ID':-1})
08/01/2026 01:34:10 AM [pe] [INFO ]  Number of samples after filtering: 0
08/01/2026 01:34:10 AM [pe] [WARNI]  No samples satisfy the filter criterion {'PE.VARIATION_API_FOLD_ID':-1}. Skipping computation.
08/01/2026 01:34:10 AM [pe] [INFO ]  Computing 6way-WSD ({'PE.VARIATION_API_FOLD_ID':-1})
08/01/2026 01:34:10 AM [pe] [INFO ]  Number of samples after filtering: 0
08/01/2026 01:34:10 AM [pe] [WARNI]  No samples satisfy the filter criterion {'PE.VARIATION_API_FOLD_ID':-1}. Skipping computation.
08/01/2026 01:34:10 AM [pe] [INFO ]  Computing 7way-WSD ({'PE.VARIATION_API_FOLD_ID':-1})
08/01/2026 01:34:10 AM [pe] [INFO ]  Number of samples after filtering: 0
08/01/2026 01:34:10 AM [pe] [WARNI]  No samples satisfy the filter criterion {'PE.VARIATION_API_FOLD_ID':-1}. Skipping computation.
08/01/2026 01:34:10 AM [pe] [INFO ]  PE iteration 5
08/01/2026 01:34:10 AM [pe] [WARNI]  fraction_per_label_id is not provided. Assuming the fraction of label ids in private data is public information.
08/01/2026 01:34:10 AM [pe] [INFO ]  Label 0
08/01/2026 01:34:10 AM [pe] [INFO ]  Histogram: computing nearest neighbors histogram for 2081 private samples and 90 synthetic samples
08/01/2026 01:34:10 AM [pe] [INFO ]  Embedding: PE.EMBEDDING.TabularEmbedding already computed
08/01/2026 01:34:10 AM [pe] [INFO ]  Embedding: computing PE.EMBEDDING.TabularEmbedding for 90/90 samples
08/01/2026 01:34:10 AM [pe] [INFO ]  Embedding: finished computing PE.EMBEDDING.TabularEmbedding for 90/90 samples
08/01/2026 01:34:10 AM [pe] [INFO ]  Histogram: finished computing nearest neighbors histogram for 2081 private samples and 90 synthetic samples
08/01/2026 01:34:10 AM [pe] [INFO ]  Composite population: generating 90 next synthetic samples
08/01/2026 01:34:10 AM [pe] [INFO ]  PE population: generating 90*3 next synthetic samples
08/01/2026 01:34:10 AM [pe] [INFO ]  VARIATION API: creating variations for 90 samples
08/01/2026 01:34:10 AM [pe] [INFO ]  VARIATION API: finished creating variations for 90 samples
08/01/2026 01:34:10 AM [pe] [INFO ]  VARIATION API: creating variations for 90 samples
08/01/2026 01:34:10 AM [pe] [INFO ]  VARIATION API: finished creating variations for 90 samples
08/01/2026 01:34:10 AM [pe] [INFO ]  VARIATION API: creating variations for 90 samples
08/01/2026 01:34:10 AM [pe] [INFO ]  VARIATION API: finished creating variations for 90 samples
08/01/2026 01:34:10 AM [pe] [INFO ]  PE population: finished generating 90*3 next synthetic samples
08/01/2026 01:34:10 AM [pe] [INFO ]  Composite population: finished generating 90 next synthetic samples
08/01/2026 01:34:10 AM [pe] [INFO ]  Label 1
08/01/2026 01:34:10 AM [pe] [INFO ]  Histogram: computing nearest neighbors histogram for 1993 private samples and 87 synthetic samples
08/01/2026 01:34:10 AM [pe] [INFO ]  Embedding: PE.EMBEDDING.TabularEmbedding already computed
08/01/2026 01:34:10 AM [pe] [INFO ]  Embedding: computing PE.EMBEDDING.TabularEmbedding for 87/87 samples
08/01/2026 01:34:10 AM [pe] [INFO ]  Embedding: finished computing PE.EMBEDDING.TabularEmbedding for 87/87 samples
08/01/2026 01:34:10 AM [pe] [INFO ]  Histogram: finished computing nearest neighbors histogram for 1993 private samples and 87 synthetic samples
08/01/2026 01:34:10 AM [pe] [INFO ]  Composite population: generating 87 next synthetic samples
08/01/2026 01:34:10 AM [pe] [INFO ]  PE population: generating 87*3 next synthetic samples
08/01/2026 01:34:10 AM [pe] [INFO ]  VARIATION API: creating variations for 87 samples
08/01/2026 01:34:10 AM [pe] [INFO ]  VARIATION API: finished creating variations for 87 samples
08/01/2026 01:34:10 AM [pe] [INFO ]  VARIATION API: creating variations for 87 samples
08/01/2026 01:34:10 AM [pe] [INFO ]  VARIATION API: finished creating variations for 87 samples
08/01/2026 01:34:10 AM [pe] [INFO ]  VARIATION API: creating variations for 87 samples
08/01/2026 01:34:10 AM [pe] [INFO ]  VARIATION API: finished creating variations for 87 samples
08/01/2026 01:34:10 AM [pe] [INFO ]  PE population: finished generating 87*3 next synthetic samples
08/01/2026 01:34:10 AM [pe] [INFO ]  Composite population: finished generating 87 next synthetic samples
08/01/2026 01:34:10 AM [pe] [INFO ]  Label 2
08/01/2026 01:34:10 AM [pe] [INFO ]  Histogram: computing nearest neighbors histogram for 22897 private samples and 992 synthetic samples
08/01/2026 01:34:10 AM [pe] [INFO ]  Embedding: PE.EMBEDDING.TabularEmbedding already computed
08/01/2026 01:34:10 AM [pe] [INFO ]  Embedding: computing PE.EMBEDDING.TabularEmbedding for 992/992 samples
08/01/2026 01:34:10 AM [pe] [INFO ]  Embedding: finished computing PE.EMBEDDING.TabularEmbedding for 992/992 samples
08/01/2026 01:34:10 AM [pe] [INFO ]  Histogram: finished computing nearest neighbors histogram for 22897 private samples and 992 synthetic samples
08/01/2026 01:34:10 AM [pe] [INFO ]  Composite population: generating 992 next synthetic samples
08/01/2026 01:34:10 AM [pe] [INFO ]  PE population: generating 992*3 next synthetic samples
08/01/2026 01:34:10 AM [pe] [INFO ]  VARIATION API: creating variations for 992 samples
08/01/2026 01:34:10 AM [pe] [INFO ]  VARIATION API: finished creating variations for 992 samples
08/01/2026 01:34:10 AM [pe] [INFO ]  VARIATION API: creating variations for 992 samples
08/01/2026 01:34:10 AM [pe] [INFO ]  VARIATION API: finished creating variations for 992 samples
08/01/2026 01:34:10 AM [pe] [INFO ]  VARIATION API: creating variations for 992 samples
08/01/2026 01:34:10 AM [pe] [INFO ]  VARIATION API: finished creating variations for 992 samples
08/01/2026 01:34:10 AM [pe] [INFO ]  PE population: finished generating 992*3 next synthetic samples
08/01/2026 01:34:10 AM [pe] [INFO ]  Composite population: finished generating 992 next synthetic samples
08/01/2026 01:34:10 AM [pe] [INFO ]  Label 3
08/01/2026 01:34:10 AM [pe] [INFO ]  Histogram: computing nearest neighbors histogram for 38136 private samples and 1652 synthetic samples
08/01/2026 01:34:10 AM [pe] [INFO ]  Embedding: PE.EMBEDDING.TabularEmbedding already computed
08/01/2026 01:34:10 AM [pe] [INFO ]  Embedding: computing PE.EMBEDDING.TabularEmbedding for 1652/1652 samples
08/01/2026 01:34:10 AM [pe] [INFO ]  Embedding: finished computing PE.EMBEDDING.TabularEmbedding for 1652/1652 samples
08/01/2026 01:34:11 AM [pe] [INFO ]  Histogram: finished computing nearest neighbors histogram for 38136 private samples and 1652 synthetic samples
08/01/2026 01:34:11 AM [pe] [INFO ]  Composite population: generating 1652 next synthetic samples
08/01/2026 01:34:11 AM [pe] [INFO ]  PE population: generating 1652*3 next synthetic samples
08/01/2026 01:34:11 AM [pe] [INFO ]  VARIATION API: creating variations for 1652 samples
08/01/2026 01:34:11 AM [pe] [INFO ]  VARIATION API: finished creating variations for 1652 samples
08/01/2026 01:34:11 AM [pe] [INFO ]  VARIATION API: creating variations for 1652 samples
08/01/2026 01:34:11 AM [pe] [INFO ]  VARIATION API: finished creating variations for 1652 samples
08/01/2026 01:34:11 AM [pe] [INFO ]  VARIATION API: creating variations for 1652 samples
08/01/2026 01:34:11 AM [pe] [INFO ]  VARIATION API: finished creating variations for 1652 samples
08/01/2026 01:34:11 AM [pe] [INFO ]  PE population: finished generating 1652*3 next synthetic samples
08/01/2026 01:34:11 AM [pe] [INFO ]  Composite population: finished generating 1652 next synthetic samples
08/01/2026 01:34:11 AM [pe] [INFO ]  Label 4
08/01/2026 01:34:11 AM [pe] [INFO ]  Histogram: computing nearest neighbors histogram for 4318 private samples and 187 synthetic samples
08/01/2026 01:34:11 AM [pe] [INFO ]  Embedding: PE.EMBEDDING.TabularEmbedding already computed
08/01/2026 01:34:11 AM [pe] [INFO ]  Embedding: computing PE.EMBEDDING.TabularEmbedding for 187/187 samples
08/01/2026 01:34:11 AM [pe] [INFO ]  Embedding: finished computing PE.EMBEDDING.TabularEmbedding for 187/187 samples
08/01/2026 01:34:11 AM [pe] [INFO ]  Histogram: finished computing nearest neighbors histogram for 4318 private samples and 187 synthetic samples
08/01/2026 01:34:11 AM [pe] [INFO ]  Composite population: generating 187 next synthetic samples
08/01/2026 01:34:11 AM [pe] [INFO ]  PE population: generating 187*3 next synthetic samples
08/01/2026 01:34:11 AM [pe] [INFO ]  VARIATION API: creating variations for 187 samples
08/01/2026 01:34:11 AM [pe] [INFO ]  VARIATION API: finished creating variations for 187 samples
08/01/2026 01:34:11 AM [pe] [INFO ]  VARIATION API: creating variations for 187 samples
08/01/2026 01:34:11 AM [pe] [INFO ]  VARIATION API: finished creating variations for 187 samples
08/01/2026 01:34:11 AM [pe] [INFO ]  VARIATION API: creating variations for 187 samples
08/01/2026 01:34:11 AM [pe] [INFO ]  VARIATION API: finished creating variations for 187 samples
08/01/2026 01:34:11 AM [pe] [INFO ]  PE population: finished generating 187*3 next synthetic samples
08/01/2026 01:34:11 AM [pe] [INFO ]  Composite population: finished generating 187 next synthetic samples
08/01/2026 01:34:11 AM [pe] [INFO ]  Label 5
08/01/2026 01:34:11 AM [pe] [INFO ]  Histogram: computing nearest neighbors histogram for 3647 private samples and 158 synthetic samples
08/01/2026 01:34:11 AM [pe] [INFO ]  Embedding: PE.EMBEDDING.TabularEmbedding already computed
08/01/2026 01:34:11 AM [pe] [INFO ]  Embedding: computing PE.EMBEDDING.TabularEmbedding for 158/158 samples
08/01/2026 01:34:11 AM [pe] [INFO ]  Embedding: finished computing PE.EMBEDDING.TabularEmbedding for 158/158 samples
08/01/2026 01:34:11 AM [pe] [INFO ]  Histogram: finished computing nearest neighbors histogram for 3647 private samples and 158 synthetic samples
08/01/2026 01:34:11 AM [pe] [INFO ]  Composite population: generating 158 next synthetic samples
08/01/2026 01:34:11 AM [pe] [INFO ]  PE population: generating 158*3 next synthetic samples
08/01/2026 01:34:11 AM [pe] [INFO ]  VARIATION API: creating variations for 158 samples
08/01/2026 01:34:11 AM [pe] [INFO ]  VARIATION API: finished creating variations for 158 samples
08/01/2026 01:34:11 AM [pe] [INFO ]  VARIATION API: creating variations for 158 samples
08/01/2026 01:34:11 AM [pe] [INFO ]  VARIATION API: finished creating variations for 158 samples
08/01/2026 01:34:11 AM [pe] [INFO ]  VARIATION API: creating variations for 158 samples
08/01/2026 01:34:11 AM [pe] [INFO ]  VARIATION API: finished creating variations for 158 samples
08/01/2026 01:34:11 AM [pe] [INFO ]  PE population: finished generating 158*3 next synthetic samples
08/01/2026 01:34:11 AM [pe] [INFO ]  Composite population: finished generating 158 next synthetic samples
08/01/2026 01:34:11 AM [pe] [INFO ]  Label 6
08/01/2026 01:34:11 AM [pe] [INFO ]  Histogram: computing nearest neighbors histogram for 19071 private samples and 826 synthetic samples
08/01/2026 01:34:11 AM [pe] [INFO ]  Embedding: PE.EMBEDDING.TabularEmbedding already computed
08/01/2026 01:34:11 AM [pe] [INFO ]  Embedding: computing PE.EMBEDDING.TabularEmbedding for 826/826 samples
08/01/2026 01:34:11 AM [pe] [INFO ]  Embedding: finished computing PE.EMBEDDING.TabularEmbedding for 826/826 samples
08/01/2026 01:34:11 AM [pe] [INFO ]  Histogram: finished computing nearest neighbors histogram for 19071 private samples and 826 synthetic samples
08/01/2026 01:34:11 AM [pe] [INFO ]  Composite population: generating 826 next synthetic samples
08/01/2026 01:34:11 AM [pe] [INFO ]  PE population: generating 826*3 next synthetic samples
08/01/2026 01:34:11 AM [pe] [INFO ]  VARIATION API: creating variations for 826 samples
08/01/2026 01:34:11 AM [pe] [INFO ]  VARIATION API: finished creating variations for 826 samples
08/01/2026 01:34:11 AM [pe] [INFO ]  VARIATION API: creating variations for 826 samples
08/01/2026 01:34:11 AM [pe] [INFO ]  VARIATION API: finished creating variations for 826 samples
08/01/2026 01:34:11 AM [pe] [INFO ]  VARIATION API: creating variations for 826 samples
08/01/2026 01:34:11 AM [pe] [INFO ]  VARIATION API: finished creating variations for 826 samples
08/01/2026 01:34:11 AM [pe] [INFO ]  PE population: finished generating 826*3 next synthetic samples
08/01/2026 01:34:11 AM [pe] [INFO ]  Composite population: finished generating 826 next synthetic samples
08/01/2026 01:34:11 AM [pe] [INFO ]  Label 7
08/01/2026 01:34:11 AM [pe] [INFO ]  Histogram: computing nearest neighbors histogram for 1194 private samples and 52 synthetic samples
08/01/2026 01:34:11 AM [pe] [INFO ]  Embedding: PE.EMBEDDING.TabularEmbedding already computed
08/01/2026 01:34:11 AM [pe] [INFO ]  Embedding: computing PE.EMBEDDING.TabularEmbedding for 52/52 samples
08/01/2026 01:34:11 AM [pe] [INFO ]  Embedding: finished computing PE.EMBEDDING.TabularEmbedding for 52/52 samples
08/01/2026 01:34:11 AM [pe] [INFO ]  Histogram: finished computing nearest neighbors histogram for 1194 private samples and 52 synthetic samples
08/01/2026 01:34:11 AM [pe] [INFO ]  Composite population: generating 52 next synthetic samples
08/01/2026 01:34:11 AM [pe] [INFO ]  PE population: generating 52*3 next synthetic samples
08/01/2026 01:34:11 AM [pe] [INFO ]  VARIATION API: creating variations for 52 samples
08/01/2026 01:34:11 AM [pe] [INFO ]  VARIATION API: finished creating variations for 52 samples
08/01/2026 01:34:11 AM [pe] [INFO ]  VARIATION API: creating variations for 52 samples
08/01/2026 01:34:11 AM [pe] [INFO ]  VARIATION API: finished creating variations for 52 samples
08/01/2026 01:34:11 AM [pe] [INFO ]  VARIATION API: creating variations for 52 samples
08/01/2026 01:34:11 AM [pe] [INFO ]  VARIATION API: finished creating variations for 52 samples
08/01/2026 01:34:11 AM [pe] [INFO ]  PE population: finished generating 52*3 next synthetic samples
08/01/2026 01:34:11 AM [pe] [INFO ]  Composite population: finished generating 52 next synthetic samples
08/01/2026 01:34:11 AM [pe] [INFO ]  Label 8
08/01/2026 01:34:11 AM [pe] [INFO ]  Histogram: computing nearest neighbors histogram for 8245 private samples and 357 synthetic samples
08/01/2026 01:34:11 AM [pe] [INFO ]  Embedding: PE.EMBEDDING.TabularEmbedding already computed
08/01/2026 01:34:11 AM [pe] [INFO ]  Embedding: computing PE.EMBEDDING.TabularEmbedding for 357/357 samples
08/01/2026 01:34:11 AM [pe] [INFO ]  Embedding: finished computing PE.EMBEDDING.TabularEmbedding for 357/357 samples
08/01/2026 01:34:11 AM [pe] [INFO ]  Histogram: finished computing nearest neighbors histogram for 8245 private samples and 357 synthetic samples
08/01/2026 01:34:11 AM [pe] [INFO ]  Composite population: generating 357 next synthetic samples
08/01/2026 01:34:11 AM [pe] [INFO ]  PE population: generating 357*3 next synthetic samples
08/01/2026 01:34:12 AM [pe] [INFO ]  VARIATION API: creating variations for 357 samples
08/01/2026 01:34:12 AM [pe] [INFO ]  VARIATION API: finished creating variations for 357 samples
08/01/2026 01:34:12 AM [pe] [INFO ]  VARIATION API: creating variations for 357 samples
08/01/2026 01:34:12 AM [pe] [INFO ]  VARIATION API: finished creating variations for 357 samples
08/01/2026 01:34:12 AM [pe] [INFO ]  VARIATION API: creating variations for 357 samples
08/01/2026 01:34:12 AM [pe] [INFO ]  VARIATION API: finished creating variations for 357 samples
08/01/2026 01:34:12 AM [pe] [INFO ]  PE population: finished generating 357*3 next synthetic samples
08/01/2026 01:34:12 AM [pe] [INFO ]  Composite population: finished generating 357 next synthetic samples
08/01/2026 01:34:12 AM [pe] [INFO ]  Label 9
08/01/2026 01:34:12 AM [pe] [INFO ]  Histogram: computing nearest neighbors histogram for 12853 private samples and 557 synthetic samples
08/01/2026 01:34:12 AM [pe] [INFO ]  Embedding: PE.EMBEDDING.TabularEmbedding already computed
08/01/2026 01:34:12 AM [pe] [INFO ]  Embedding: computing PE.EMBEDDING.TabularEmbedding for 557/557 samples
08/01/2026 01:34:12 AM [pe] [INFO ]  Embedding: finished computing PE.EMBEDDING.TabularEmbedding for 557/557 samples
08/01/2026 01:34:12 AM [pe] [INFO ]  Histogram: finished computing nearest neighbors histogram for 12853 private samples and 557 synthetic samples
08/01/2026 01:34:12 AM [pe] [INFO ]  Composite population: generating 557 next synthetic samples
08/01/2026 01:34:12 AM [pe] [INFO ]  PE population: generating 557*3 next synthetic samples
08/01/2026 01:34:12 AM [pe] [INFO ]  VARIATION API: creating variations for 557 samples
08/01/2026 01:34:12 AM [pe] [INFO ]  VARIATION API: finished creating variations for 557 samples
08/01/2026 01:34:12 AM [pe] [INFO ]  VARIATION API: creating variations for 557 samples
08/01/2026 01:34:12 AM [pe] [INFO ]  VARIATION API: finished creating variations for 557 samples
08/01/2026 01:34:12 AM [pe] [INFO ]  VARIATION API: creating variations for 557 samples
08/01/2026 01:34:12 AM [pe] [INFO ]  VARIATION API: finished creating variations for 557 samples
08/01/2026 01:34:12 AM [pe] [INFO ]  PE population: finished generating 557*3 next synthetic samples
08/01/2026 01:34:12 AM [pe] [INFO ]  Composite population: finished generating 557 next synthetic samples
08/01/2026 01:34:12 AM [pe] [INFO ]  Label 10
08/01/2026 01:34:12 AM [pe] [INFO ]  Histogram: computing nearest neighbors histogram for 967 private samples and 42 synthetic samples
08/01/2026 01:34:12 AM [pe] [INFO ]  Embedding: PE.EMBEDDING.TabularEmbedding already computed
08/01/2026 01:34:12 AM [pe] [INFO ]  Embedding: computing PE.EMBEDDING.TabularEmbedding for 42/42 samples
08/01/2026 01:34:12 AM [pe] [INFO ]  Embedding: finished computing PE.EMBEDDING.TabularEmbedding for 42/42 samples
08/01/2026 01:34:12 AM [pe] [INFO ]  Histogram: finished computing nearest neighbors histogram for 967 private samples and 42 synthetic samples
08/01/2026 01:34:12 AM [pe] [INFO ]  Composite population: generating 42 next synthetic samples
08/01/2026 01:34:12 AM [pe] [INFO ]  PE population: generating 42*3 next synthetic samples
08/01/2026 01:34:12 AM [pe] [INFO ]  VARIATION API: creating variations for 42 samples
08/01/2026 01:34:12 AM [pe] [INFO ]  VARIATION API: finished creating variations for 42 samples
08/01/2026 01:34:12 AM [pe] [INFO ]  VARIATION API: creating variations for 42 samples
08/01/2026 01:34:12 AM [pe] [INFO ]  VARIATION API: finished creating variations for 42 samples
08/01/2026 01:34:12 AM [pe] [INFO ]  VARIATION API: creating variations for 42 samples
08/01/2026 01:34:12 AM [pe] [INFO ]  VARIATION API: finished creating variations for 42 samples
08/01/2026 01:34:12 AM [pe] [INFO ]  PE population: finished generating 42*3 next synthetic samples
08/01/2026 01:34:12 AM [pe] [INFO ]  Composite population: finished generating 42 next synthetic samples
08/01/2026 01:34:12 AM [pe] [INFO ]  Saving the synthetic tabular data to a CSV file
08/01/2026 01:34:14 AM [pe] [INFO ]  Finished saving the synthetic tabular data to a CSV file
08/01/2026 01:34:14 AM [pe] [INFO ]  Evaluating tabular classifier
08/01/2026 01:34:14 AM [pe] [INFO ]  Number of samples after filtering: 5000
08/01/2026 01:54:18 AM [pe] [INFO ]  Tabular classifier test accuracy: 53.34%
08/01/2026 01:54:18 AM [pe] [INFO ]  Tabular classifier test (macro) F1 score: 25.56
08/01/2026 01:54:18 AM [pe] [INFO ]  Finished evaluating tabular classifier (tabular_classifier_tabicl_filter_{'PE.VARIATION_API_FOLD_ID':-1})
08/01/2026 01:54:18 AM [pe] [INFO ]  Computing 5way-WSD ({'PE.VARIATION_API_FOLD_ID':-1})
08/01/2026 01:54:18 AM [pe] [INFO ]  Number of samples after filtering: 5000
08/01/2026 01:55:47 AM [pe] [INFO ]  5way-wsd_2000samples_42seed_{'PE.VARIATION_API_FOLD_ID':-1}: 0.16917282
08/01/2026 01:55:47 AM [pe] [INFO ]  Finished computing 5way-WSD ({'PE.VARIATION_API_FOLD_ID':-1})
08/01/2026 01:55:47 AM [pe] [INFO ]  Computing 6way-WSD ({'PE.VARIATION_API_FOLD_ID':-1})
08/01/2026 01:55:47 AM [pe] [INFO ]  Number of samples after filtering: 5000
08/01/2026 01:56:33 AM [pe] [INFO ]  6way-wsd_2000samples_42seed_{'PE.VARIATION_API_FOLD_ID':-1}: 0.21827746
08/01/2026 01:56:33 AM [pe] [INFO ]  Finished computing 6way-WSD ({'PE.VARIATION_API_FOLD_ID':-1})
08/01/2026 01:56:33 AM [pe] [INFO ]  Computing 7way-WSD ({'PE.VARIATION_API_FOLD_ID':-1})
08/01/2026 01:56:33 AM [pe] [INFO ]  Number of samples after filtering: 5000
08/01/2026 01:56:47 AM [pe] [INFO ]  7way-wsd_2000samples_42seed_{'PE.VARIATION_API_FOLD_ID':-1}: 0.26582841
08/01/2026 01:56:47 AM [pe] [INFO ]  Finished computing 7way-WSD ({'PE.VARIATION_API_FOLD_ID':-1})
08/01/2026 01:56:47 AM [pe] [INFO ]  Iteration: 5
08/01/2026 01:56:47 AM [pe] [INFO ]  	tabular_classifier_tabicl_filter_{'PE.VARIATION_API_FOLD_ID':-1}_test_acc: 53.33818594
08/01/2026 01:56:47 AM [pe] [INFO ]  	tabular_classifier_tabicl_filter_{'PE.VARIATION_API_FOLD_ID':-1}_test_f1: 25.55685373
08/01/2026 01:56:47 AM [pe] [INFO ]  	5way-wsd_2000samples_42seed_{'PE.VARIATION_API_FOLD_ID':-1}: 0.16917282
08/01/2026 01:56:47 AM [pe] [INFO ]  	6way-wsd_2000samples_42seed_{'PE.VARIATION_API_FOLD_ID':-1}: 0.21827746
08/01/2026 01:56:47 AM [pe] [INFO ]  	7way-wsd_2000samples_42seed_{'PE.VARIATION_API_FOLD_ID':-1}: 0.26582841
08/01/2026 01:56:47 AM [pe] [INFO ]  PE iteration 6
08/01/2026 01:56:47 AM [pe] [WARNI]  fraction_per_label_id is not provided. Assuming the fraction of label ids in private data is public information.
08/01/2026 01:56:47 AM [pe] [INFO ]  Label 0
08/01/2026 01:56:47 AM [pe] [INFO ]  Histogram: computing nearest neighbors histogram for 2081 private samples and 360 synthetic samples
08/01/2026 01:56:47 AM [pe] [INFO ]  Embedding: PE.EMBEDDING.TabularEmbedding already computed
08/01/2026 01:56:47 AM [pe] [INFO ]  Embedding: computing PE.EMBEDDING.TabularEmbedding for 270/360 samples
08/01/2026 01:56:47 AM [pe] [INFO ]  Embedding: finished computing PE.EMBEDDING.TabularEmbedding for 270/360 samples
08/01/2026 01:56:47 AM [pe] [INFO ]  Histogram: finished computing nearest neighbors histogram for 2081 private samples and 360 synthetic samples
08/01/2026 01:56:47 AM [pe] [INFO ]  Composite population: generating 90 next synthetic samples
08/01/2026 01:56:47 AM [pe] [INFO ]  PE population: generating 90*3 next synthetic samples
08/01/2026 01:56:47 AM [pe] [INFO ]  VARIATION API: creating variations for 90 samples
08/01/2026 01:56:47 AM [pe] [INFO ]  VARIATION API: finished creating variations for 90 samples
08/01/2026 01:56:47 AM [pe] [INFO ]  VARIATION API: creating variations for 90 samples
08/01/2026 01:56:47 AM [pe] [INFO ]  VARIATION API: finished creating variations for 90 samples
08/01/2026 01:56:47 AM [pe] [INFO ]  VARIATION API: creating variations for 90 samples
08/01/2026 01:56:47 AM [pe] [INFO ]  VARIATION API: finished creating variations for 90 samples
08/01/2026 01:56:47 AM [pe] [INFO ]  PE population: finished generating 90*3 next synthetic samples
08/01/2026 01:56:47 AM [pe] [INFO ]  Composite population: finished generating 90 next synthetic samples
08/01/2026 01:56:47 AM [pe] [INFO ]  Label 1
08/01/2026 01:56:47 AM [pe] [INFO ]  Histogram: computing nearest neighbors histogram for 1993 private samples and 348 synthetic samples
08/01/2026 01:56:47 AM [pe] [INFO ]  Embedding: PE.EMBEDDING.TabularEmbedding already computed
08/01/2026 01:56:47 AM [pe] [INFO ]  Embedding: computing PE.EMBEDDING.TabularEmbedding for 261/348 samples
08/01/2026 01:56:47 AM [pe] [INFO ]  Embedding: finished computing PE.EMBEDDING.TabularEmbedding for 261/348 samples
08/01/2026 01:56:47 AM [pe] [INFO ]  Histogram: finished computing nearest neighbors histogram for 1993 private samples and 348 synthetic samples
08/01/2026 01:56:47 AM [pe] [INFO ]  Composite population: generating 87 next synthetic samples
08/01/2026 01:56:47 AM [pe] [INFO ]  PE population: generating 87*3 next synthetic samples
08/01/2026 01:56:47 AM [pe] [INFO ]  VARIATION API: creating variations for 87 samples
08/01/2026 01:56:47 AM [pe] [INFO ]  VARIATION API: finished creating variations for 87 samples
08/01/2026 01:56:47 AM [pe] [INFO ]  VARIATION API: creating variations for 87 samples
08/01/2026 01:56:47 AM [pe] [INFO ]  VARIATION API: finished creating variations for 87 samples
08/01/2026 01:56:47 AM [pe] [INFO ]  VARIATION API: creating variations for 87 samples
08/01/2026 01:56:47 AM [pe] [INFO ]  VARIATION API: finished creating variations for 87 samples
08/01/2026 01:56:48 AM [pe] [INFO ]  PE population: finished generating 87*3 next synthetic samples
08/01/2026 01:56:48 AM [pe] [INFO ]  Composite population: finished generating 87 next synthetic samples
08/01/2026 01:56:48 AM [pe] [INFO ]  Label 2
08/01/2026 01:56:48 AM [pe] [INFO ]  Histogram: computing nearest neighbors histogram for 22897 private samples and 3968 synthetic samples
08/01/2026 01:56:48 AM [pe] [INFO ]  Embedding: PE.EMBEDDING.TabularEmbedding already computed
08/01/2026 01:56:48 AM [pe] [INFO ]  Embedding: computing PE.EMBEDDING.TabularEmbedding for 2976/3968 samples
08/01/2026 01:56:48 AM [pe] [INFO ]  Embedding: finished computing PE.EMBEDDING.TabularEmbedding for 2976/3968 samples
08/01/2026 01:56:48 AM [pe] [INFO ]  Histogram: finished computing nearest neighbors histogram for 22897 private samples and 3968 synthetic samples
08/01/2026 01:56:48 AM [pe] [INFO ]  Composite population: generating 992 next synthetic samples
08/01/2026 01:56:48 AM [pe] [INFO ]  PE population: generating 992*3 next synthetic samples
08/01/2026 01:56:48 AM [pe] [INFO ]  VARIATION API: creating variations for 992 samples
08/01/2026 01:56:48 AM [pe] [INFO ]  VARIATION API: finished creating variations for 992 samples
08/01/2026 01:56:48 AM [pe] [INFO ]  VARIATION API: creating variations for 992 samples
08/01/2026 01:56:48 AM [pe] [INFO ]  VARIATION API: finished creating variations for 992 samples
08/01/2026 01:56:48 AM [pe] [INFO ]  VARIATION API: creating variations for 992 samples
08/01/2026 01:56:48 AM [pe] [INFO ]  VARIATION API: finished creating variations for 992 samples
08/01/2026 01:56:48 AM [pe] [INFO ]  PE population: finished generating 992*3 next synthetic samples
08/01/2026 01:56:48 AM [pe] [INFO ]  Composite population: finished generating 992 next synthetic samples
08/01/2026 01:56:48 AM [pe] [INFO ]  Label 3
08/01/2026 01:56:48 AM [pe] [INFO ]  Histogram: computing nearest neighbors histogram for 38136 private samples and 6608 synthetic samples
08/01/2026 01:56:48 AM [pe] [INFO ]  Embedding: PE.EMBEDDING.TabularEmbedding already computed
08/01/2026 01:56:48 AM [pe] [INFO ]  Embedding: computing PE.EMBEDDING.TabularEmbedding for 4956/6608 samples
08/01/2026 01:56:48 AM [pe] [INFO ]  Embedding: finished computing PE.EMBEDDING.TabularEmbedding for 4956/6608 samples
08/01/2026 01:56:49 AM [pe] [INFO ]  Histogram: finished computing nearest neighbors histogram for 38136 private samples and 6608 synthetic samples
08/01/2026 01:56:49 AM [pe] [INFO ]  Composite population: generating 1652 next synthetic samples
08/01/2026 01:56:49 AM [pe] [INFO ]  PE population: generating 1652*3 next synthetic samples
08/01/2026 01:56:49 AM [pe] [INFO ]  VARIATION API: creating variations for 1652 samples
08/01/2026 01:56:49 AM [pe] [INFO ]  VARIATION API: finished creating variations for 1652 samples
08/01/2026 01:56:49 AM [pe] [INFO ]  VARIATION API: creating variations for 1652 samples
08/01/2026 01:56:49 AM [pe] [INFO ]  VARIATION API: finished creating variations for 1652 samples
08/01/2026 01:56:49 AM [pe] [INFO ]  VARIATION API: creating variations for 1652 samples
08/01/2026 01:56:49 AM [pe] [INFO ]  VARIATION API: finished creating variations for 1652 samples
08/01/2026 01:56:49 AM [pe] [INFO ]  PE population: finished generating 1652*3 next synthetic samples
08/01/2026 01:56:49 AM [pe] [INFO ]  Composite population: finished generating 1652 next synthetic samples
08/01/2026 01:56:49 AM [pe] [INFO ]  Label 4
08/01/2026 01:56:49 AM [pe] [INFO ]  Histogram: computing nearest neighbors histogram for 4318 private samples and 748 synthetic samples
08/01/2026 01:56:49 AM [pe] [INFO ]  Embedding: PE.EMBEDDING.TabularEmbedding already computed
08/01/2026 01:56:49 AM [pe] [INFO ]  Embedding: computing PE.EMBEDDING.TabularEmbedding for 561/748 samples
08/01/2026 01:56:49 AM [pe] [INFO ]  Embedding: finished computing PE.EMBEDDING.TabularEmbedding for 561/748 samples
08/01/2026 01:56:49 AM [pe] [INFO ]  Histogram: finished computing nearest neighbors histogram for 4318 private samples and 748 synthetic samples
08/01/2026 01:56:49 AM [pe] [INFO ]  Composite population: generating 187 next synthetic samples
08/01/2026 01:56:49 AM [pe] [INFO ]  PE population: generating 187*3 next synthetic samples
08/01/2026 01:56:49 AM [pe] [INFO ]  VARIATION API: creating variations for 187 samples
08/01/2026 01:56:49 AM [pe] [INFO ]  VARIATION API: finished creating variations for 187 samples
08/01/2026 01:56:49 AM [pe] [INFO ]  VARIATION API: creating variations for 187 samples
08/01/2026 01:56:49 AM [pe] [INFO ]  VARIATION API: finished creating variations for 187 samples
08/01/2026 01:56:49 AM [pe] [INFO ]  VARIATION API: creating variations for 187 samples
08/01/2026 01:56:49 AM [pe] [INFO ]  VARIATION API: finished creating variations for 187 samples
08/01/2026 01:56:49 AM [pe] [INFO ]  PE population: finished generating 187*3 next synthetic samples
08/01/2026 01:56:49 AM [pe] [INFO ]  Composite population: finished generating 187 next synthetic samples
08/01/2026 01:56:49 AM [pe] [INFO ]  Label 5
08/01/2026 01:56:49 AM [pe] [INFO ]  Histogram: computing nearest neighbors histogram for 3647 private samples and 632 synthetic samples
08/01/2026 01:56:49 AM [pe] [INFO ]  Embedding: PE.EMBEDDING.TabularEmbedding already computed
08/01/2026 01:56:49 AM [pe] [INFO ]  Embedding: computing PE.EMBEDDING.TabularEmbedding for 474/632 samples
08/01/2026 01:56:49 AM [pe] [INFO ]  Embedding: finished computing PE.EMBEDDING.TabularEmbedding for 474/632 samples
08/01/2026 01:56:49 AM [pe] [INFO ]  Histogram: finished computing nearest neighbors histogram for 3647 private samples and 632 synthetic samples
08/01/2026 01:56:49 AM [pe] [INFO ]  Composite population: generating 158 next synthetic samples
08/01/2026 01:56:49 AM [pe] [INFO ]  PE population: generating 158*3 next synthetic samples
08/01/2026 01:56:49 AM [pe] [INFO ]  VARIATION API: creating variations for 158 samples
08/01/2026 01:56:49 AM [pe] [INFO ]  VARIATION API: finished creating variations for 158 samples
08/01/2026 01:56:49 AM [pe] [INFO ]  VARIATION API: creating variations for 158 samples
08/01/2026 01:56:50 AM [pe] [INFO ]  VARIATION API: finished creating variations for 158 samples
08/01/2026 01:56:50 AM [pe] [INFO ]  VARIATION API: creating variations for 158 samples
08/01/2026 01:56:50 AM [pe] [INFO ]  VARIATION API: finished creating variations for 158 samples
08/01/2026 01:56:50 AM [pe] [INFO ]  PE population: finished generating 158*3 next synthetic samples
08/01/2026 01:56:50 AM [pe] [INFO ]  Composite population: finished generating 158 next synthetic samples
08/01/2026 01:56:50 AM [pe] [INFO ]  Label 6
08/01/2026 01:56:50 AM [pe] [INFO ]  Histogram: computing nearest neighbors histogram for 19071 private samples and 3304 synthetic samples
08/01/2026 01:56:50 AM [pe] [INFO ]  Embedding: PE.EMBEDDING.TabularEmbedding already computed
08/01/2026 01:56:50 AM [pe] [INFO ]  Embedding: computing PE.EMBEDDING.TabularEmbedding for 2478/3304 samples
08/01/2026 01:56:50 AM [pe] [INFO ]  Embedding: finished computing PE.EMBEDDING.TabularEmbedding for 2478/3304 samples
08/01/2026 01:56:50 AM [pe] [INFO ]  Histogram: finished computing nearest neighbors histogram for 19071 private samples and 3304 synthetic samples
08/01/2026 01:56:50 AM [pe] [INFO ]  Composite population: generating 826 next synthetic samples
08/01/2026 01:56:50 AM [pe] [INFO ]  PE population: generating 826*3 next synthetic samples
08/01/2026 01:56:50 AM [pe] [INFO ]  VARIATION API: creating variations for 826 samples
08/01/2026 01:56:50 AM [pe] [INFO ]  VARIATION API: finished creating variations for 826 samples
08/01/2026 01:56:50 AM [pe] [INFO ]  VARIATION API: creating variations for 826 samples
08/01/2026 01:56:50 AM [pe] [INFO ]  VARIATION API: finished creating variations for 826 samples
08/01/2026 01:56:50 AM [pe] [INFO ]  VARIATION API: creating variations for 826 samples
08/01/2026 01:56:50 AM [pe] [INFO ]  VARIATION API: finished creating variations for 826 samples
08/01/2026 01:56:50 AM [pe] [INFO ]  PE population: finished generating 826*3 next synthetic samples
08/01/2026 01:56:50 AM [pe] [INFO ]  Composite population: finished generating 826 next synthetic samples
08/01/2026 01:56:50 AM [pe] [INFO ]  Label 7
08/01/2026 01:56:50 AM [pe] [INFO ]  Histogram: computing nearest neighbors histogram for 1194 private samples and 208 synthetic samples
08/01/2026 01:56:50 AM [pe] [INFO ]  Embedding: PE.EMBEDDING.TabularEmbedding already computed
08/01/2026 01:56:50 AM [pe] [INFO ]  Embedding: computing PE.EMBEDDING.TabularEmbedding for 156/208 samples
08/01/2026 01:56:50 AM [pe] [INFO ]  Embedding: finished computing PE.EMBEDDING.TabularEmbedding for 156/208 samples
08/01/2026 01:56:50 AM [pe] [INFO ]  Histogram: finished computing nearest neighbors histogram for 1194 private samples and 208 synthetic samples
08/01/2026 01:56:50 AM [pe] [INFO ]  Composite population: generating 52 next synthetic samples
08/01/2026 01:56:50 AM [pe] [INFO ]  PE population: generating 52*3 next synthetic samples
08/01/2026 01:56:50 AM [pe] [INFO ]  VARIATION API: creating variations for 52 samples
08/01/2026 01:56:50 AM [pe] [INFO ]  VARIATION API: finished creating variations for 52 samples
08/01/2026 01:56:50 AM [pe] [INFO ]  VARIATION API: creating variations for 52 samples
08/01/2026 01:56:50 AM [pe] [INFO ]  VARIATION API: finished creating variations for 52 samples
08/01/2026 01:56:50 AM [pe] [INFO ]  VARIATION API: creating variations for 52 samples
08/01/2026 01:56:50 AM [pe] [INFO ]  VARIATION API: finished creating variations for 52 samples
08/01/2026 01:56:50 AM [pe] [INFO ]  PE population: finished generating 52*3 next synthetic samples
08/01/2026 01:56:50 AM [pe] [INFO ]  Composite population: finished generating 52 next synthetic samples
08/01/2026 01:56:50 AM [pe] [INFO ]  Label 8
08/01/2026 01:56:50 AM [pe] [INFO ]  Histogram: computing nearest neighbors histogram for 8245 private samples and 1428 synthetic samples
08/01/2026 01:56:50 AM [pe] [INFO ]  Embedding: PE.EMBEDDING.TabularEmbedding already computed
08/01/2026 01:56:50 AM [pe] [INFO ]  Embedding: computing PE.EMBEDDING.TabularEmbedding for 1071/1428 samples
08/01/2026 01:56:50 AM [pe] [INFO ]  Embedding: finished computing PE.EMBEDDING.TabularEmbedding for 1071/1428 samples
08/01/2026 01:56:50 AM [pe] [INFO ]  Histogram: finished computing nearest neighbors histogram for 8245 private samples and 1428 synthetic samples
08/01/2026 01:56:50 AM [pe] [INFO ]  Composite population: generating 357 next synthetic samples
08/01/2026 01:56:50 AM [pe] [INFO ]  PE population: generating 357*3 next synthetic samples
08/01/2026 01:56:50 AM [pe] [INFO ]  VARIATION API: creating variations for 357 samples
08/01/2026 01:56:50 AM [pe] [INFO ]  VARIATION API: finished creating variations for 357 samples
08/01/2026 01:56:50 AM [pe] [INFO ]  VARIATION API: creating variations for 357 samples
08/01/2026 01:56:50 AM [pe] [INFO ]  VARIATION API: finished creating variations for 357 samples
08/01/2026 01:56:50 AM [pe] [INFO ]  VARIATION API: creating variations for 357 samples
08/01/2026 01:56:50 AM [pe] [INFO ]  VARIATION API: finished creating variations for 357 samples
08/01/2026 01:56:50 AM [pe] [INFO ]  PE population: finished generating 357*3 next synthetic samples
08/01/2026 01:56:50 AM [pe] [INFO ]  Composite population: finished generating 357 next synthetic samples
08/01/2026 01:56:50 AM [pe] [INFO ]  Label 9
08/01/2026 01:56:50 AM [pe] [INFO ]  Histogram: computing nearest neighbors histogram for 12853 private samples and 2228 synthetic samples
08/01/2026 01:56:50 AM [pe] [INFO ]  Embedding: PE.EMBEDDING.TabularEmbedding already computed
08/01/2026 01:56:50 AM [pe] [INFO ]  Embedding: computing PE.EMBEDDING.TabularEmbedding for 1671/2228 samples
08/01/2026 01:56:50 AM [pe] [INFO ]  Embedding: finished computing PE.EMBEDDING.TabularEmbedding for 1671/2228 samples
08/01/2026 01:56:50 AM [pe] [INFO ]  Histogram: finished computing nearest neighbors histogram for 12853 private samples and 2228 synthetic samples
08/01/2026 01:56:50 AM [pe] [INFO ]  Composite population: generating 557 next synthetic samples
08/01/2026 01:56:50 AM [pe] [INFO ]  PE population: generating 557*3 next synthetic samples
08/01/2026 01:56:50 AM [pe] [INFO ]  VARIATION API: creating variations for 557 samples
08/01/2026 01:56:50 AM [pe] [INFO ]  VARIATION API: finished creating variations for 557 samples
08/01/2026 01:56:50 AM [pe] [INFO ]  VARIATION API: creating variations for 557 samples
08/01/2026 01:56:50 AM [pe] [INFO ]  VARIATION API: finished creating variations for 557 samples
08/01/2026 01:56:50 AM [pe] [INFO ]  VARIATION API: creating variations for 557 samples
08/01/2026 01:56:50 AM [pe] [INFO ]  VARIATION API: finished creating variations for 557 samples
08/01/2026 01:56:51 AM [pe] [INFO ]  PE population: finished generating 557*3 next synthetic samples
08/01/2026 01:56:51 AM [pe] [INFO ]  Composite population: finished generating 557 next synthetic samples
08/01/2026 01:56:51 AM [pe] [INFO ]  Label 10
08/01/2026 01:56:51 AM [pe] [INFO ]  Histogram: computing nearest neighbors histogram for 967 private samples and 168 synthetic samples
08/01/2026 01:56:51 AM [pe] [INFO ]  Embedding: PE.EMBEDDING.TabularEmbedding already computed
08/01/2026 01:56:51 AM [pe] [INFO ]  Embedding: computing PE.EMBEDDING.TabularEmbedding for 126/168 samples
08/01/2026 01:56:51 AM [pe] [INFO ]  Embedding: finished computing PE.EMBEDDING.TabularEmbedding for 126/168 samples
08/01/2026 01:56:51 AM [pe] [INFO ]  Histogram: finished computing nearest neighbors histogram for 967 private samples and 168 synthetic samples
08/01/2026 01:56:51 AM [pe] [INFO ]  Composite population: generating 42 next synthetic samples
08/01/2026 01:56:51 AM [pe] [INFO ]  PE population: generating 42*3 next synthetic samples
08/01/2026 01:56:51 AM [pe] [INFO ]  VARIATION API: creating variations for 42 samples
08/01/2026 01:56:51 AM [pe] [INFO ]  VARIATION API: finished creating variations for 42 samples
08/01/2026 01:56:51 AM [pe] [INFO ]  VARIATION API: creating variations for 42 samples
08/01/2026 01:56:51 AM [pe] [INFO ]  VARIATION API: finished creating variations for 42 samples
08/01/2026 01:56:51 AM [pe] [INFO ]  VARIATION API: creating variations for 42 samples
08/01/2026 01:56:51 AM [pe] [INFO ]  VARIATION API: finished creating variations for 42 samples
08/01/2026 01:56:51 AM [pe] [INFO ]  PE population: finished generating 42*3 next synthetic samples
08/01/2026 01:56:51 AM [pe] [INFO ]  Composite population: finished generating 42 next synthetic samples
08/01/2026 01:56:51 AM [pe] [INFO ]  Saving the synthetic tabular data to a CSV file
08/01/2026 01:56:53 AM [pe] [INFO ]  Finished saving the synthetic tabular data to a CSV file
08/01/2026 01:56:53 AM [pe] [INFO ]  Evaluating tabular classifier
08/01/2026 01:56:53 AM [pe] [INFO ]  Number of samples after filtering: 5000
08/01/2026 02:16:37 AM [pe] [INFO ]  Tabular classifier test accuracy: 56.08%
08/01/2026 02:16:37 AM [pe] [INFO ]  Tabular classifier test (macro) F1 score: 27.90
08/01/2026 02:16:37 AM [pe] [INFO ]  Finished evaluating tabular classifier (tabular_classifier_tabicl_filter_{'PE.VARIATION_API_FOLD_ID':-1})
08/01/2026 02:16:37 AM [pe] [INFO ]  Computing 5way-WSD ({'PE.VARIATION_API_FOLD_ID':-1})
08/01/2026 02:16:37 AM [pe] [INFO ]  Number of samples after filtering: 5000
08/01/2026 02:18:03 AM [pe] [INFO ]  5way-wsd_2000samples_42seed_{'PE.VARIATION_API_FOLD_ID':-1}: 0.15730681
08/01/2026 02:18:03 AM [pe] [INFO ]  Finished computing 5way-WSD ({'PE.VARIATION_API_FOLD_ID':-1})
08/01/2026 02:18:03 AM [pe] [INFO ]  Computing 6way-WSD ({'PE.VARIATION_API_FOLD_ID':-1})
08/01/2026 02:18:03 AM [pe] [INFO ]  Number of samples after filtering: 5000
08/01/2026 02:18:47 AM [pe] [INFO ]  6way-wsd_2000samples_42seed_{'PE.VARIATION_API_FOLD_ID':-1}: 0.20469686
08/01/2026 02:18:47 AM [pe] [INFO ]  Finished computing 6way-WSD ({'PE.VARIATION_API_FOLD_ID':-1})
08/01/2026 02:18:47 AM [pe] [INFO ]  Computing 7way-WSD ({'PE.VARIATION_API_FOLD_ID':-1})
08/01/2026 02:18:47 AM [pe] [INFO ]  Number of samples after filtering: 5000
08/01/2026 02:19:01 AM [pe] [INFO ]  7way-wsd_2000samples_42seed_{'PE.VARIATION_API_FOLD_ID':-1}: 0.25081503
08/01/2026 02:19:01 AM [pe] [INFO ]  Finished computing 7way-WSD ({'PE.VARIATION_API_FOLD_ID':-1})
08/01/2026 02:19:01 AM [pe] [INFO ]  Iteration: 6
08/01/2026 02:19:01 AM [pe] [INFO ]  	tabular_classifier_tabicl_filter_{'PE.VARIATION_API_FOLD_ID':-1}_test_acc: 56.07990618
08/01/2026 02:19:01 AM [pe] [INFO ]  	tabular_classifier_tabicl_filter_{'PE.VARIATION_API_FOLD_ID':-1}_test_f1: 27.89657712
08/01/2026 02:19:01 AM [pe] [INFO ]  	5way-wsd_2000samples_42seed_{'PE.VARIATION_API_FOLD_ID':-1}: 0.15730681
08/01/2026 02:19:01 AM [pe] [INFO ]  	6way-wsd_2000samples_42seed_{'PE.VARIATION_API_FOLD_ID':-1}: 0.20469686
08/01/2026 02:19:01 AM [pe] [INFO ]  	7way-wsd_2000samples_42seed_{'PE.VARIATION_API_FOLD_ID':-1}: 0.25081503
08/01/2026 02:19:01 AM [pe] [INFO ]  PE iteration 7
08/01/2026 02:19:01 AM [pe] [WARNI]  fraction_per_label_id is not provided. Assuming the fraction of label ids in private data is public information.
08/01/2026 02:19:01 AM [pe] [INFO ]  Label 0
08/01/2026 02:19:01 AM [pe] [INFO ]  Histogram: computing nearest neighbors histogram for 2081 private samples and 360 synthetic samples
08/01/2026 02:19:01 AM [pe] [INFO ]  Embedding: PE.EMBEDDING.TabularEmbedding already computed
08/01/2026 02:19:01 AM [pe] [INFO ]  Embedding: computing PE.EMBEDDING.TabularEmbedding for 270/360 samples
08/01/2026 02:19:01 AM [pe] [INFO ]  Embedding: finished computing PE.EMBEDDING.TabularEmbedding for 270/360 samples
08/01/2026 02:19:01 AM [pe] [INFO ]  Histogram: finished computing nearest neighbors histogram for 2081 private samples and 360 synthetic samples
08/01/2026 02:19:01 AM [pe] [INFO ]  Composite population: generating 90 next synthetic samples
08/01/2026 02:19:01 AM [pe] [INFO ]  PE population: generating 90*3 next synthetic samples
08/01/2026 02:19:01 AM [pe] [INFO ]  VARIATION API: creating variations for 90 samples
08/01/2026 02:19:01 AM [pe] [INFO ]  VARIATION API: finished creating variations for 90 samples
08/01/2026 02:19:01 AM [pe] [INFO ]  VARIATION API: creating variations for 90 samples
08/01/2026 02:19:01 AM [pe] [INFO ]  VARIATION API: finished creating variations for 90 samples
08/01/2026 02:19:01 AM [pe] [INFO ]  VARIATION API: creating variations for 90 samples
08/01/2026 02:19:01 AM [pe] [INFO ]  VARIATION API: finished creating variations for 90 samples
08/01/2026 02:19:01 AM [pe] [INFO ]  PE population: finished generating 90*3 next synthetic samples
08/01/2026 02:19:01 AM [pe] [INFO ]  Composite population: finished generating 90 next synthetic samples
08/01/2026 02:19:01 AM [pe] [INFO ]  Label 1
08/01/2026 02:19:01 AM [pe] [INFO ]  Histogram: computing nearest neighbors histogram for 1993 private samples and 348 synthetic samples
08/01/2026 02:19:01 AM [pe] [INFO ]  Embedding: PE.EMBEDDING.TabularEmbedding already computed
08/01/2026 02:19:01 AM [pe] [INFO ]  Embedding: computing PE.EMBEDDING.TabularEmbedding for 261/348 samples
08/01/2026 02:19:01 AM [pe] [INFO ]  Embedding: finished computing PE.EMBEDDING.TabularEmbedding for 261/348 samples
08/01/2026 02:19:01 AM [pe] [INFO ]  Histogram: finished computing nearest neighbors histogram for 1993 private samples and 348 synthetic samples
08/01/2026 02:19:01 AM [pe] [INFO ]  Composite population: generating 87 next synthetic samples
08/01/2026 02:19:01 AM [pe] [INFO ]  PE population: generating 87*3 next synthetic samples
08/01/2026 02:19:01 AM [pe] [INFO ]  VARIATION API: creating variations for 87 samples
08/01/2026 02:19:01 AM [pe] [INFO ]  VARIATION API: finished creating variations for 87 samples
08/01/2026 02:19:01 AM [pe] [INFO ]  VARIATION API: creating variations for 87 samples
08/01/2026 02:19:01 AM [pe] [INFO ]  VARIATION API: finished creating variations for 87 samples
08/01/2026 02:19:01 AM [pe] [INFO ]  VARIATION API: creating variations for 87 samples
08/01/2026 02:19:01 AM [pe] [INFO ]  VARIATION API: finished creating variations for 87 samples
08/01/2026 02:19:01 AM [pe] [INFO ]  PE population: finished generating 87*3 next synthetic samples
08/01/2026 02:19:01 AM [pe] [INFO ]  Composite population: finished generating 87 next synthetic samples
08/01/2026 02:19:01 AM [pe] [INFO ]  Label 2
08/01/2026 02:19:02 AM [pe] [INFO ]  Histogram: computing nearest neighbors histogram for 22897 private samples and 3968 synthetic samples
08/01/2026 02:19:02 AM [pe] [INFO ]  Embedding: PE.EMBEDDING.TabularEmbedding already computed
08/01/2026 02:19:02 AM [pe] [INFO ]  Embedding: computing PE.EMBEDDING.TabularEmbedding for 2976/3968 samples
08/01/2026 02:19:02 AM [pe] [INFO ]  Embedding: finished computing PE.EMBEDDING.TabularEmbedding for 2976/3968 samples
08/01/2026 02:19:02 AM [pe] [INFO ]  Histogram: finished computing nearest neighbors histogram for 22897 private samples and 3968 synthetic samples
08/01/2026 02:19:02 AM [pe] [INFO ]  Composite population: generating 992 next synthetic samples
08/01/2026 02:19:02 AM [pe] [INFO ]  PE population: generating 992*3 next synthetic samples
08/01/2026 02:19:02 AM [pe] [INFO ]  VARIATION API: creating variations for 992 samples
08/01/2026 02:19:02 AM [pe] [INFO ]  VARIATION API: finished creating variations for 992 samples
08/01/2026 02:19:02 AM [pe] [INFO ]  VARIATION API: creating variations for 992 samples
08/01/2026 02:19:02 AM [pe] [INFO ]  VARIATION API: finished creating variations for 992 samples
08/01/2026 02:19:02 AM [pe] [INFO ]  VARIATION API: creating variations for 992 samples
08/01/2026 02:19:02 AM [pe] [INFO ]  VARIATION API: finished creating variations for 992 samples
08/01/2026 02:19:02 AM [pe] [INFO ]  PE population: finished generating 992*3 next synthetic samples
08/01/2026 02:19:02 AM [pe] [INFO ]  Composite population: finished generating 992 next synthetic samples
08/01/2026 02:19:02 AM [pe] [INFO ]  Label 3
08/01/2026 02:19:02 AM [pe] [INFO ]  Histogram: computing nearest neighbors histogram for 38136 private samples and 6608 synthetic samples
08/01/2026 02:19:02 AM [pe] [INFO ]  Embedding: PE.EMBEDDING.TabularEmbedding already computed
08/01/2026 02:19:02 AM [pe] [INFO ]  Embedding: computing PE.EMBEDDING.TabularEmbedding for 4956/6608 samples
08/01/2026 02:19:02 AM [pe] [INFO ]  Embedding: finished computing PE.EMBEDDING.TabularEmbedding for 4956/6608 samples
08/01/2026 02:19:03 AM [pe] [INFO ]  Histogram: finished computing nearest neighbors histogram for 38136 private samples and 6608 synthetic samples
08/01/2026 02:19:03 AM [pe] [INFO ]  Composite population: generating 1652 next synthetic samples
08/01/2026 02:19:03 AM [pe] [INFO ]  PE population: generating 1652*3 next synthetic samples
08/01/2026 02:19:03 AM [pe] [INFO ]  VARIATION API: creating variations for 1652 samples
08/01/2026 02:19:03 AM [pe] [INFO ]  VARIATION API: finished creating variations for 1652 samples
08/01/2026 02:19:03 AM [pe] [INFO ]  VARIATION API: creating variations for 1652 samples
08/01/2026 02:19:03 AM [pe] [INFO ]  VARIATION API: finished creating variations for 1652 samples
08/01/2026 02:19:03 AM [pe] [INFO ]  VARIATION API: creating variations for 1652 samples
08/01/2026 02:19:03 AM [pe] [INFO ]  VARIATION API: finished creating variations for 1652 samples
08/01/2026 02:19:03 AM [pe] [INFO ]  PE population: finished generating 1652*3 next synthetic samples
08/01/2026 02:19:03 AM [pe] [INFO ]  Composite population: finished generating 1652 next synthetic samples
08/01/2026 02:19:03 AM [pe] [INFO ]  Label 4
08/01/2026 02:19:03 AM [pe] [INFO ]  Histogram: computing nearest neighbors histogram for 4318 private samples and 748 synthetic samples
08/01/2026 02:19:03 AM [pe] [INFO ]  Embedding: PE.EMBEDDING.TabularEmbedding already computed
08/01/2026 02:19:03 AM [pe] [INFO ]  Embedding: computing PE.EMBEDDING.TabularEmbedding for 561/748 samples
08/01/2026 02:19:03 AM [pe] [INFO ]  Embedding: finished computing PE.EMBEDDING.TabularEmbedding for 561/748 samples
08/01/2026 02:19:03 AM [pe] [INFO ]  Histogram: finished computing nearest neighbors histogram for 4318 private samples and 748 synthetic samples
08/01/2026 02:19:03 AM [pe] [INFO ]  Composite population: generating 187 next synthetic samples
08/01/2026 02:19:03 AM [pe] [INFO ]  PE population: generating 187*3 next synthetic samples
08/01/2026 02:19:03 AM [pe] [INFO ]  VARIATION API: creating variations for 187 samples
08/01/2026 02:19:03 AM [pe] [INFO ]  VARIATION API: finished creating variations for 187 samples
08/01/2026 02:19:03 AM [pe] [INFO ]  VARIATION API: creating variations for 187 samples
08/01/2026 02:19:03 AM [pe] [INFO ]  VARIATION API: finished creating variations for 187 samples
08/01/2026 02:19:03 AM [pe] [INFO ]  VARIATION API: creating variations for 187 samples
08/01/2026 02:19:03 AM [pe] [INFO ]  VARIATION API: finished creating variations for 187 samples
08/01/2026 02:19:03 AM [pe] [INFO ]  PE population: finished generating 187*3 next synthetic samples
08/01/2026 02:19:03 AM [pe] [INFO ]  Composite population: finished generating 187 next synthetic samples
08/01/2026 02:19:03 AM [pe] [INFO ]  Label 5
08/01/2026 02:19:03 AM [pe] [INFO ]  Histogram: computing nearest neighbors histogram for 3647 private samples and 632 synthetic samples
08/01/2026 02:19:03 AM [pe] [INFO ]  Embedding: PE.EMBEDDING.TabularEmbedding already computed
08/01/2026 02:19:03 AM [pe] [INFO ]  Embedding: computing PE.EMBEDDING.TabularEmbedding for 474/632 samples
08/01/2026 02:19:03 AM [pe] [INFO ]  Embedding: finished computing PE.EMBEDDING.TabularEmbedding for 474/632 samples
08/01/2026 02:19:04 AM [pe] [INFO ]  Histogram: finished computing nearest neighbors histogram for 3647 private samples and 632 synthetic samples
08/01/2026 02:19:04 AM [pe] [INFO ]  Composite population: generating 158 next synthetic samples
08/01/2026 02:19:04 AM [pe] [INFO ]  PE population: generating 158*3 next synthetic samples
08/01/2026 02:19:04 AM [pe] [INFO ]  VARIATION API: creating variations for 158 samples
08/01/2026 02:19:04 AM [pe] [INFO ]  VARIATION API: finished creating variations for 158 samples
08/01/2026 02:19:04 AM [pe] [INFO ]  VARIATION API: creating variations for 158 samples
08/01/2026 02:19:04 AM [pe] [INFO ]  VARIATION API: finished creating variations for 158 samples
08/01/2026 02:19:04 AM [pe] [INFO ]  VARIATION API: creating variations for 158 samples
08/01/2026 02:19:04 AM [pe] [INFO ]  VARIATION API: finished creating variations for 158 samples
08/01/2026 02:19:04 AM [pe] [INFO ]  PE population: finished generating 158*3 next synthetic samples
08/01/2026 02:19:04 AM [pe] [INFO ]  Composite population: finished generating 158 next synthetic samples
08/01/2026 02:19:04 AM [pe] [INFO ]  Label 6
08/01/2026 02:19:04 AM [pe] [INFO ]  Histogram: computing nearest neighbors histogram for 19071 private samples and 3304 synthetic samples
08/01/2026 02:19:04 AM [pe] [INFO ]  Embedding: PE.EMBEDDING.TabularEmbedding already computed
08/01/2026 02:19:04 AM [pe] [INFO ]  Embedding: computing PE.EMBEDDING.TabularEmbedding for 2478/3304 samples
08/01/2026 02:19:04 AM [pe] [INFO ]  Embedding: finished computing PE.EMBEDDING.TabularEmbedding for 2478/3304 samples
08/01/2026 02:19:04 AM [pe] [INFO ]  Histogram: finished computing nearest neighbors histogram for 19071 private samples and 3304 synthetic samples
08/01/2026 02:19:04 AM [pe] [INFO ]  Composite population: generating 826 next synthetic samples
08/01/2026 02:19:04 AM [pe] [INFO ]  PE population: generating 826*3 next synthetic samples
08/01/2026 02:19:04 AM [pe] [INFO ]  VARIATION API: creating variations for 826 samples
08/01/2026 02:19:04 AM [pe] [INFO ]  VARIATION API: finished creating variations for 826 samples
08/01/2026 02:19:04 AM [pe] [INFO ]  VARIATION API: creating variations for 826 samples
08/01/2026 02:19:04 AM [pe] [INFO ]  VARIATION API: finished creating variations for 826 samples
08/01/2026 02:19:04 AM [pe] [INFO ]  VARIATION API: creating variations for 826 samples
08/01/2026 02:19:04 AM [pe] [INFO ]  VARIATION API: finished creating variations for 826 samples
08/01/2026 02:19:04 AM [pe] [INFO ]  PE population: finished generating 826*3 next synthetic samples
08/01/2026 02:19:04 AM [pe] [INFO ]  Composite population: finished generating 826 next synthetic samples
08/01/2026 02:19:04 AM [pe] [INFO ]  Label 7
08/01/2026 02:19:04 AM [pe] [INFO ]  Histogram: computing nearest neighbors histogram for 1194 private samples and 208 synthetic samples
08/01/2026 02:19:04 AM [pe] [INFO ]  Embedding: PE.EMBEDDING.TabularEmbedding already computed
08/01/2026 02:19:04 AM [pe] [INFO ]  Embedding: computing PE.EMBEDDING.TabularEmbedding for 156/208 samples
08/01/2026 02:19:04 AM [pe] [INFO ]  Embedding: finished computing PE.EMBEDDING.TabularEmbedding for 156/208 samples
08/01/2026 02:19:04 AM [pe] [INFO ]  Histogram: finished computing nearest neighbors histogram for 1194 private samples and 208 synthetic samples
08/01/2026 02:19:04 AM [pe] [INFO ]  Composite population: generating 52 next synthetic samples
08/01/2026 02:19:04 AM [pe] [INFO ]  PE population: generating 52*3 next synthetic samples
08/01/2026 02:19:04 AM [pe] [INFO ]  VARIATION API: creating variations for 52 samples
08/01/2026 02:19:04 AM [pe] [INFO ]  VARIATION API: finished creating variations for 52 samples
08/01/2026 02:19:04 AM [pe] [INFO ]  VARIATION API: creating variations for 52 samples
08/01/2026 02:19:05 AM [pe] [INFO ]  VARIATION API: finished creating variations for 52 samples
08/01/2026 02:19:05 AM [pe] [INFO ]  VARIATION API: creating variations for 52 samples
08/01/2026 02:19:05 AM [pe] [INFO ]  VARIATION API: finished creating variations for 52 samples
08/01/2026 02:19:05 AM [pe] [INFO ]  PE population: finished generating 52*3 next synthetic samples
08/01/2026 02:19:05 AM [pe] [INFO ]  Composite population: finished generating 52 next synthetic samples
08/01/2026 02:19:05 AM [pe] [INFO ]  Label 8
08/01/2026 02:19:05 AM [pe] [INFO ]  Histogram: computing nearest neighbors histogram for 8245 private samples and 1428 synthetic samples
08/01/2026 02:19:05 AM [pe] [INFO ]  Embedding: PE.EMBEDDING.TabularEmbedding already computed
08/01/2026 02:19:05 AM [pe] [INFO ]  Embedding: computing PE.EMBEDDING.TabularEmbedding for 1071/1428 samples
08/01/2026 02:19:05 AM [pe] [INFO ]  Embedding: finished computing PE.EMBEDDING.TabularEmbedding for 1071/1428 samples
08/01/2026 02:19:05 AM [pe] [INFO ]  Histogram: finished computing nearest neighbors histogram for 8245 private samples and 1428 synthetic samples
08/01/2026 02:19:05 AM [pe] [INFO ]  Composite population: generating 357 next synthetic samples
08/01/2026 02:19:05 AM [pe] [INFO ]  PE population: generating 357*3 next synthetic samples
08/01/2026 02:19:05 AM [pe] [INFO ]  VARIATION API: creating variations for 357 samples
08/01/2026 02:19:05 AM [pe] [INFO ]  VARIATION API: finished creating variations for 357 samples
08/01/2026 02:19:05 AM [pe] [INFO ]  VARIATION API: creating variations for 357 samples
08/01/2026 02:19:05 AM [pe] [INFO ]  VARIATION API: finished creating variations for 357 samples
08/01/2026 02:19:05 AM [pe] [INFO ]  VARIATION API: creating variations for 357 samples
08/01/2026 02:19:05 AM [pe] [INFO ]  VARIATION API: finished creating variations for 357 samples
08/01/2026 02:19:05 AM [pe] [INFO ]  PE population: finished generating 357*3 next synthetic samples
08/01/2026 02:19:05 AM [pe] [INFO ]  Composite population: finished generating 357 next synthetic samples
08/01/2026 02:19:05 AM [pe] [INFO ]  Label 9
08/01/2026 02:19:05 AM [pe] [INFO ]  Histogram: computing nearest neighbors histogram for 12853 private samples and 2228 synthetic samples
08/01/2026 02:19:05 AM [pe] [INFO ]  Embedding: PE.EMBEDDING.TabularEmbedding already computed
08/01/2026 02:19:05 AM [pe] [INFO ]  Embedding: computing PE.EMBEDDING.TabularEmbedding for 1671/2228 samples
08/01/2026 02:19:05 AM [pe] [INFO ]  Embedding: finished computing PE.EMBEDDING.TabularEmbedding for 1671/2228 samples
08/01/2026 02:19:05 AM [pe] [INFO ]  Histogram: finished computing nearest neighbors histogram for 12853 private samples and 2228 synthetic samples
08/01/2026 02:19:05 AM [pe] [INFO ]  Composite population: generating 557 next synthetic samples
08/01/2026 02:19:05 AM [pe] [INFO ]  PE population: generating 557*3 next synthetic samples
08/01/2026 02:19:05 AM [pe] [INFO ]  VARIATION API: creating variations for 557 samples
08/01/2026 02:19:05 AM [pe] [INFO ]  VARIATION API: finished creating variations for 557 samples
08/01/2026 02:19:05 AM [pe] [INFO ]  VARIATION API: creating variations for 557 samples
08/01/2026 02:19:05 AM [pe] [INFO ]  VARIATION API: finished creating variations for 557 samples
08/01/2026 02:19:05 AM [pe] [INFO ]  VARIATION API: creating variations for 557 samples
08/01/2026 02:19:05 AM [pe] [INFO ]  VARIATION API: finished creating variations for 557 samples
08/01/2026 02:19:05 AM [pe] [INFO ]  PE population: finished generating 557*3 next synthetic samples
08/01/2026 02:19:05 AM [pe] [INFO ]  Composite population: finished generating 557 next synthetic samples
08/01/2026 02:19:05 AM [pe] [INFO ]  Label 10
08/01/2026 02:19:05 AM [pe] [INFO ]  Histogram: computing nearest neighbors histogram for 967 private samples and 168 synthetic samples
08/01/2026 02:19:05 AM [pe] [INFO ]  Embedding: PE.EMBEDDING.TabularEmbedding already computed
08/01/2026 02:19:05 AM [pe] [INFO ]  Embedding: computing PE.EMBEDDING.TabularEmbedding for 126/168 samples
08/01/2026 02:19:05 AM [pe] [INFO ]  Embedding: finished computing PE.EMBEDDING.TabularEmbedding for 126/168 samples
08/01/2026 02:19:05 AM [pe] [INFO ]  Histogram: finished computing nearest neighbors histogram for 967 private samples and 168 synthetic samples
08/01/2026 02:19:05 AM [pe] [INFO ]  Composite population: generating 42 next synthetic samples
08/01/2026 02:19:05 AM [pe] [INFO ]  PE population: generating 42*3 next synthetic samples
08/01/2026 02:19:05 AM [pe] [INFO ]  VARIATION API: creating variations for 42 samples
08/01/2026 02:19:05 AM [pe] [INFO ]  VARIATION API: finished creating variations for 42 samples
08/01/2026 02:19:05 AM [pe] [INFO ]  VARIATION API: creating variations for 42 samples
08/01/2026 02:19:05 AM [pe] [INFO ]  VARIATION API: finished creating variations for 42 samples
08/01/2026 02:19:05 AM [pe] [INFO ]  VARIATION API: creating variations for 42 samples
08/01/2026 02:19:05 AM [pe] [INFO ]  VARIATION API: finished creating variations for 42 samples
08/01/2026 02:19:05 AM [pe] [INFO ]  PE population: finished generating 42*3 next synthetic samples
08/01/2026 02:19:05 AM [pe] [INFO ]  Composite population: finished generating 42 next synthetic samples
08/01/2026 02:19:05 AM [pe] [INFO ]  Saving the synthetic tabular data to a CSV file
08/01/2026 02:19:08 AM [pe] [INFO ]  Finished saving the synthetic tabular data to a CSV file
08/01/2026 02:19:08 AM [pe] [INFO ]  Evaluating tabular classifier
08/01/2026 02:19:08 AM [pe] [INFO ]  Number of samples after filtering: 5000
08/01/2026 02:38:53 AM [pe] [INFO ]  Tabular classifier test accuracy: 58.40%
08/01/2026 02:38:53 AM [pe] [INFO ]  Tabular classifier test (macro) F1 score: 29.81
08/01/2026 02:38:53 AM [pe] [INFO ]  Finished evaluating tabular classifier (tabular_classifier_tabicl_filter_{'PE.VARIATION_API_FOLD_ID':-1})
08/01/2026 02:38:53 AM [pe] [INFO ]  Computing 5way-WSD ({'PE.VARIATION_API_FOLD_ID':-1})
08/01/2026 02:38:53 AM [pe] [INFO ]  Number of samples after filtering: 5000
08/01/2026 02:40:19 AM [pe] [INFO ]  5way-wsd_2000samples_42seed_{'PE.VARIATION_API_FOLD_ID':-1}: 0.14810188
08/01/2026 02:40:19 AM [pe] [INFO ]  Finished computing 5way-WSD ({'PE.VARIATION_API_FOLD_ID':-1})
08/01/2026 02:40:19 AM [pe] [INFO ]  Computing 6way-WSD ({'PE.VARIATION_API_FOLD_ID':-1})
08/01/2026 02:40:19 AM [pe] [INFO ]  Number of samples after filtering: 5000
08/01/2026 02:41:05 AM [pe] [INFO ]  6way-wsd_2000samples_42seed_{'PE.VARIATION_API_FOLD_ID':-1}: 0.19272497
08/01/2026 02:41:05 AM [pe] [INFO ]  Finished computing 6way-WSD ({'PE.VARIATION_API_FOLD_ID':-1})
08/01/2026 02:41:05 AM [pe] [INFO ]  Computing 7way-WSD ({'PE.VARIATION_API_FOLD_ID':-1})
08/01/2026 02:41:05 AM [pe] [INFO ]  Number of samples after filtering: 5000
08/01/2026 02:41:19 AM [pe] [INFO ]  7way-wsd_2000samples_42seed_{'PE.VARIATION_API_FOLD_ID':-1}: 0.23616795
08/01/2026 02:41:19 AM [pe] [INFO ]  Finished computing 7way-WSD ({'PE.VARIATION_API_FOLD_ID':-1})
08/01/2026 02:41:19 AM [pe] [INFO ]  Iteration: 7
08/01/2026 02:41:19 AM [pe] [INFO ]  	tabular_classifier_tabicl_filter_{'PE.VARIATION_API_FOLD_ID':-1}_test_acc: 58.40106757
08/01/2026 02:41:19 AM [pe] [INFO ]  	tabular_classifier_tabicl_filter_{'PE.VARIATION_API_FOLD_ID':-1}_test_f1: 29.81442084
08/01/2026 02:41:19 AM [pe] [INFO ]  	5way-wsd_2000samples_42seed_{'PE.VARIATION_API_FOLD_ID':-1}: 0.14810188
08/01/2026 02:41:19 AM [pe] [INFO ]  	6way-wsd_2000samples_42seed_{'PE.VARIATION_API_FOLD_ID':-1}: 0.19272497
08/01/2026 02:41:19 AM [pe] [INFO ]  	7way-wsd_2000samples_42seed_{'PE.VARIATION_API_FOLD_ID':-1}: 0.23616795
08/01/2026 02:41:19 AM [pe] [INFO ]  PE iteration 8
08/01/2026 02:41:19 AM [pe] [WARNI]  fraction_per_label_id is not provided. Assuming the fraction of label ids in private data is public information.
08/01/2026 02:41:19 AM [pe] [INFO ]  Label 0
08/01/2026 02:41:19 AM [pe] [INFO ]  Histogram: computing nearest neighbors histogram for 2081 private samples and 360 synthetic samples
08/01/2026 02:41:19 AM [pe] [INFO ]  Embedding: PE.EMBEDDING.TabularEmbedding already computed
08/01/2026 02:41:19 AM [pe] [INFO ]  Embedding: computing PE.EMBEDDING.TabularEmbedding for 270/360 samples
08/01/2026 02:41:19 AM [pe] [INFO ]  Embedding: finished computing PE.EMBEDDING.TabularEmbedding for 270/360 samples
08/01/2026 02:41:19 AM [pe] [INFO ]  Histogram: finished computing nearest neighbors histogram for 2081 private samples and 360 synthetic samples
08/01/2026 02:41:19 AM [pe] [INFO ]  Composite population: generating 90 next synthetic samples
08/01/2026 02:41:19 AM [pe] [INFO ]  PE population: generating 90*3 next synthetic samples
08/01/2026 02:41:19 AM [pe] [INFO ]  VARIATION API: creating variations for 90 samples
08/01/2026 02:41:19 AM [pe] [INFO ]  VARIATION API: finished creating variations for 90 samples
08/01/2026 02:41:19 AM [pe] [INFO ]  VARIATION API: creating variations for 90 samples
08/01/2026 02:41:19 AM [pe] [INFO ]  VARIATION API: finished creating variations for 90 samples
08/01/2026 02:41:19 AM [pe] [INFO ]  VARIATION API: creating variations for 90 samples
08/01/2026 02:41:19 AM [pe] [INFO ]  VARIATION API: finished creating variations for 90 samples
08/01/2026 02:41:19 AM [pe] [INFO ]  PE population: finished generating 90*3 next synthetic samples
08/01/2026 02:41:19 AM [pe] [INFO ]  Composite population: finished generating 90 next synthetic samples
08/01/2026 02:41:19 AM [pe] [INFO ]  Label 1
08/01/2026 02:41:19 AM [pe] [INFO ]  Histogram: computing nearest neighbors histogram for 1993 private samples and 348 synthetic samples
08/01/2026 02:41:19 AM [pe] [INFO ]  Embedding: PE.EMBEDDING.TabularEmbedding already computed
08/01/2026 02:41:19 AM [pe] [INFO ]  Embedding: computing PE.EMBEDDING.TabularEmbedding for 261/348 samples
08/01/2026 02:41:19 AM [pe] [INFO ]  Embedding: finished computing PE.EMBEDDING.TabularEmbedding for 261/348 samples
08/01/2026 02:41:19 AM [pe] [INFO ]  Histogram: finished computing nearest neighbors histogram for 1993 private samples and 348 synthetic samples
08/01/2026 02:41:19 AM [pe] [INFO ]  Composite population: generating 87 next synthetic samples
08/01/2026 02:41:19 AM [pe] [INFO ]  PE population: generating 87*3 next synthetic samples
08/01/2026 02:41:19 AM [pe] [INFO ]  VARIATION API: creating variations for 87 samples
08/01/2026 02:41:19 AM [pe] [INFO ]  VARIATION API: finished creating variations for 87 samples
08/01/2026 02:41:19 AM [pe] [INFO ]  VARIATION API: creating variations for 87 samples
08/01/2026 02:41:19 AM [pe] [INFO ]  VARIATION API: finished creating variations for 87 samples
08/01/2026 02:41:19 AM [pe] [INFO ]  VARIATION API: creating variations for 87 samples
08/01/2026 02:41:19 AM [pe] [INFO ]  VARIATION API: finished creating variations for 87 samples
08/01/2026 02:41:19 AM [pe] [INFO ]  PE population: finished generating 87*3 next synthetic samples
08/01/2026 02:41:19 AM [pe] [INFO ]  Composite population: finished generating 87 next synthetic samples
08/01/2026 02:41:19 AM [pe] [INFO ]  Label 2
08/01/2026 02:41:19 AM [pe] [INFO ]  Histogram: computing nearest neighbors histogram for 22897 private samples and 3968 synthetic samples
08/01/2026 02:41:19 AM [pe] [INFO ]  Embedding: PE.EMBEDDING.TabularEmbedding already computed
08/01/2026 02:41:19 AM [pe] [INFO ]  Embedding: computing PE.EMBEDDING.TabularEmbedding for 2976/3968 samples
08/01/2026 02:41:19 AM [pe] [INFO ]  Embedding: finished computing PE.EMBEDDING.TabularEmbedding for 2976/3968 samples
08/01/2026 02:41:19 AM [pe] [INFO ]  Histogram: finished computing nearest neighbors histogram for 22897 private samples and 3968 synthetic samples
08/01/2026 02:41:19 AM [pe] [INFO ]  Composite population: generating 992 next synthetic samples
08/01/2026 02:41:19 AM [pe] [INFO ]  PE population: generating 992*3 next synthetic samples
08/01/2026 02:41:20 AM [pe] [INFO ]  VARIATION API: creating variations for 992 samples
08/01/2026 02:41:20 AM [pe] [INFO ]  VARIATION API: finished creating variations for 992 samples
08/01/2026 02:41:20 AM [pe] [INFO ]  VARIATION API: creating variations for 992 samples
08/01/2026 02:41:20 AM [pe] [INFO ]  VARIATION API: finished creating variations for 992 samples
08/01/2026 02:41:20 AM [pe] [INFO ]  VARIATION API: creating variations for 992 samples
08/01/2026 02:41:20 AM [pe] [INFO ]  VARIATION API: finished creating variations for 992 samples
08/01/2026 02:41:20 AM [pe] [INFO ]  PE population: finished generating 992*3 next synthetic samples
08/01/2026 02:41:20 AM [pe] [INFO ]  Composite population: finished generating 992 next synthetic samples
08/01/2026 02:41:20 AM [pe] [INFO ]  Label 3
08/01/2026 02:41:20 AM [pe] [INFO ]  Histogram: computing nearest neighbors histogram for 38136 private samples and 6608 synthetic samples
08/01/2026 02:41:20 AM [pe] [INFO ]  Embedding: PE.EMBEDDING.TabularEmbedding already computed
08/01/2026 02:41:20 AM [pe] [INFO ]  Embedding: computing PE.EMBEDDING.TabularEmbedding for 4956/6608 samples
08/01/2026 02:41:20 AM [pe] [INFO ]  Embedding: finished computing PE.EMBEDDING.TabularEmbedding for 4956/6608 samples
08/01/2026 02:41:21 AM [pe] [INFO ]  Histogram: finished computing nearest neighbors histogram for 38136 private samples and 6608 synthetic samples
08/01/2026 02:41:21 AM [pe] [INFO ]  Composite population: generating 1652 next synthetic samples
08/01/2026 02:41:21 AM [pe] [INFO ]  PE population: generating 1652*3 next synthetic samples
08/01/2026 02:41:21 AM [pe] [INFO ]  VARIATION API: creating variations for 1652 samples
08/01/2026 02:41:21 AM [pe] [INFO ]  VARIATION API: finished creating variations for 1652 samples
08/01/2026 02:41:21 AM [pe] [INFO ]  VARIATION API: creating variations for 1652 samples
08/01/2026 02:41:21 AM [pe] [INFO ]  VARIATION API: finished creating variations for 1652 samples
08/01/2026 02:41:21 AM [pe] [INFO ]  VARIATION API: creating variations for 1652 samples
08/01/2026 02:41:21 AM [pe] [INFO ]  VARIATION API: finished creating variations for 1652 samples
08/01/2026 02:41:21 AM [pe] [INFO ]  PE population: finished generating 1652*3 next synthetic samples
08/01/2026 02:41:21 AM [pe] [INFO ]  Composite population: finished generating 1652 next synthetic samples
08/01/2026 02:41:21 AM [pe] [INFO ]  Label 4
08/01/2026 02:41:21 AM [pe] [INFO ]  Histogram: computing nearest neighbors histogram for 4318 private samples and 748 synthetic samples
08/01/2026 02:41:21 AM [pe] [INFO ]  Embedding: PE.EMBEDDING.TabularEmbedding already computed
08/01/2026 02:41:21 AM [pe] [INFO ]  Embedding: computing PE.EMBEDDING.TabularEmbedding for 561/748 samples
08/01/2026 02:41:21 AM [pe] [INFO ]  Embedding: finished computing PE.EMBEDDING.TabularEmbedding for 561/748 samples
08/01/2026 02:41:21 AM [pe] [INFO ]  Histogram: finished computing nearest neighbors histogram for 4318 private samples and 748 synthetic samples
08/01/2026 02:41:21 AM [pe] [INFO ]  Composite population: generating 187 next synthetic samples
08/01/2026 02:41:21 AM [pe] [INFO ]  PE population: generating 187*3 next synthetic samples
08/01/2026 02:41:21 AM [pe] [INFO ]  VARIATION API: creating variations for 187 samples
08/01/2026 02:41:21 AM [pe] [INFO ]  VARIATION API: finished creating variations for 187 samples
08/01/2026 02:41:21 AM [pe] [INFO ]  VARIATION API: creating variations for 187 samples
08/01/2026 02:41:21 AM [pe] [INFO ]  VARIATION API: finished creating variations for 187 samples
08/01/2026 02:41:21 AM [pe] [INFO ]  VARIATION API: creating variations for 187 samples
08/01/2026 02:41:21 AM [pe] [INFO ]  VARIATION API: finished creating variations for 187 samples
08/01/2026 02:41:21 AM [pe] [INFO ]  PE population: finished generating 187*3 next synthetic samples
08/01/2026 02:41:21 AM [pe] [INFO ]  Composite population: finished generating 187 next synthetic samples
08/01/2026 02:41:21 AM [pe] [INFO ]  Label 5
08/01/2026 02:41:21 AM [pe] [INFO ]  Histogram: computing nearest neighbors histogram for 3647 private samples and 632 synthetic samples
08/01/2026 02:41:21 AM [pe] [INFO ]  Embedding: PE.EMBEDDING.TabularEmbedding already computed
08/01/2026 02:41:21 AM [pe] [INFO ]  Embedding: computing PE.EMBEDDING.TabularEmbedding for 474/632 samples
08/01/2026 02:41:21 AM [pe] [INFO ]  Embedding: finished computing PE.EMBEDDING.TabularEmbedding for 474/632 samples
08/01/2026 02:41:21 AM [pe] [INFO ]  Histogram: finished computing nearest neighbors histogram for 3647 private samples and 632 synthetic samples
08/01/2026 02:41:21 AM [pe] [INFO ]  Composite population: generating 158 next synthetic samples
08/01/2026 02:41:21 AM [pe] [INFO ]  PE population: generating 158*3 next synthetic samples
08/01/2026 02:41:21 AM [pe] [INFO ]  VARIATION API: creating variations for 158 samples
08/01/2026 02:41:21 AM [pe] [INFO ]  VARIATION API: finished creating variations for 158 samples
08/01/2026 02:41:21 AM [pe] [INFO ]  VARIATION API: creating variations for 158 samples
08/01/2026 02:41:21 AM [pe] [INFO ]  VARIATION API: finished creating variations for 158 samples
08/01/2026 02:41:21 AM [pe] [INFO ]  VARIATION API: creating variations for 158 samples
08/01/2026 02:41:21 AM [pe] [INFO ]  VARIATION API: finished creating variations for 158 samples
08/01/2026 02:41:21 AM [pe] [INFO ]  PE population: finished generating 158*3 next synthetic samples
08/01/2026 02:41:21 AM [pe] [INFO ]  Composite population: finished generating 158 next synthetic samples
08/01/2026 02:41:21 AM [pe] [INFO ]  Label 6
08/01/2026 02:41:21 AM [pe] [INFO ]  Histogram: computing nearest neighbors histogram for 19071 private samples and 3304 synthetic samples
08/01/2026 02:41:21 AM [pe] [INFO ]  Embedding: PE.EMBEDDING.TabularEmbedding already computed
08/01/2026 02:41:21 AM [pe] [INFO ]  Embedding: computing PE.EMBEDDING.TabularEmbedding for 2478/3304 samples
08/01/2026 02:41:21 AM [pe] [INFO ]  Embedding: finished computing PE.EMBEDDING.TabularEmbedding for 2478/3304 samples
08/01/2026 02:41:21 AM [pe] [INFO ]  Histogram: finished computing nearest neighbors histogram for 19071 private samples and 3304 synthetic samples
08/01/2026 02:41:21 AM [pe] [INFO ]  Composite population: generating 826 next synthetic samples
08/01/2026 02:41:21 AM [pe] [INFO ]  PE population: generating 826*3 next synthetic samples
08/01/2026 02:41:21 AM [pe] [INFO ]  VARIATION API: creating variations for 826 samples
08/01/2026 02:41:21 AM [pe] [INFO ]  VARIATION API: finished creating variations for 826 samples
08/01/2026 02:41:21 AM [pe] [INFO ]  VARIATION API: creating variations for 826 samples
08/01/2026 02:41:21 AM [pe] [INFO ]  VARIATION API: finished creating variations for 826 samples
08/01/2026 02:41:21 AM [pe] [INFO ]  VARIATION API: creating variations for 826 samples
08/01/2026 02:41:21 AM [pe] [INFO ]  VARIATION API: finished creating variations for 826 samples
08/01/2026 02:41:22 AM [pe] [INFO ]  PE population: finished generating 826*3 next synthetic samples
08/01/2026 02:41:22 AM [pe] [INFO ]  Composite population: finished generating 826 next synthetic samples
08/01/2026 02:41:22 AM [pe] [INFO ]  Label 7
08/01/2026 02:41:22 AM [pe] [INFO ]  Histogram: computing nearest neighbors histogram for 1194 private samples and 208 synthetic samples
08/01/2026 02:41:22 AM [pe] [INFO ]  Embedding: PE.EMBEDDING.TabularEmbedding already computed
08/01/2026 02:41:22 AM [pe] [INFO ]  Embedding: computing PE.EMBEDDING.TabularEmbedding for 156/208 samples
08/01/2026 02:41:22 AM [pe] [INFO ]  Embedding: finished computing PE.EMBEDDING.TabularEmbedding for 156/208 samples
08/01/2026 02:41:22 AM [pe] [INFO ]  Histogram: finished computing nearest neighbors histogram for 1194 private samples and 208 synthetic samples
08/01/2026 02:41:22 AM [pe] [INFO ]  Composite population: generating 52 next synthetic samples
08/01/2026 02:41:22 AM [pe] [INFO ]  PE population: generating 52*3 next synthetic samples
08/01/2026 02:41:22 AM [pe] [INFO ]  VARIATION API: creating variations for 52 samples
08/01/2026 02:41:22 AM [pe] [INFO ]  VARIATION API: finished creating variations for 52 samples
08/01/2026 02:41:22 AM [pe] [INFO ]  VARIATION API: creating variations for 52 samples
08/01/2026 02:41:22 AM [pe] [INFO ]  VARIATION API: finished creating variations for 52 samples
08/01/2026 02:41:22 AM [pe] [INFO ]  VARIATION API: creating variations for 52 samples
08/01/2026 02:41:22 AM [pe] [INFO ]  VARIATION API: finished creating variations for 52 samples
08/01/2026 02:41:22 AM [pe] [INFO ]  PE population: finished generating 52*3 next synthetic samples
08/01/2026 02:41:22 AM [pe] [INFO ]  Composite population: finished generating 52 next synthetic samples
08/01/2026 02:41:22 AM [pe] [INFO ]  Label 8
08/01/2026 02:41:22 AM [pe] [INFO ]  Histogram: computing nearest neighbors histogram for 8245 private samples and 1428 synthetic samples
08/01/2026 02:41:22 AM [pe] [INFO ]  Embedding: PE.EMBEDDING.TabularEmbedding already computed
08/01/2026 02:41:22 AM [pe] [INFO ]  Embedding: computing PE.EMBEDDING.TabularEmbedding for 1071/1428 samples
08/01/2026 02:41:22 AM [pe] [INFO ]  Embedding: finished computing PE.EMBEDDING.TabularEmbedding for 1071/1428 samples
08/01/2026 02:41:22 AM [pe] [INFO ]  Histogram: finished computing nearest neighbors histogram for 8245 private samples and 1428 synthetic samples
08/01/2026 02:41:22 AM [pe] [INFO ]  Composite population: generating 357 next synthetic samples
08/01/2026 02:41:22 AM [pe] [INFO ]  PE population: generating 357*3 next synthetic samples
08/01/2026 02:41:22 AM [pe] [INFO ]  VARIATION API: creating variations for 357 samples
08/01/2026 02:41:22 AM [pe] [INFO ]  VARIATION API: finished creating variations for 357 samples
08/01/2026 02:41:22 AM [pe] [INFO ]  VARIATION API: creating variations for 357 samples
08/01/2026 02:41:22 AM [pe] [INFO ]  VARIATION API: finished creating variations for 357 samples
08/01/2026 02:41:22 AM [pe] [INFO ]  VARIATION API: creating variations for 357 samples
08/01/2026 02:41:22 AM [pe] [INFO ]  VARIATION API: finished creating variations for 357 samples
08/01/2026 02:41:22 AM [pe] [INFO ]  PE population: finished generating 357*3 next synthetic samples
08/01/2026 02:41:22 AM [pe] [INFO ]  Composite population: finished generating 357 next synthetic samples
08/01/2026 02:41:22 AM [pe] [INFO ]  Label 9
08/01/2026 02:41:22 AM [pe] [INFO ]  Histogram: computing nearest neighbors histogram for 12853 private samples and 2228 synthetic samples
08/01/2026 02:41:22 AM [pe] [INFO ]  Embedding: PE.EMBEDDING.TabularEmbedding already computed
08/01/2026 02:41:22 AM [pe] [INFO ]  Embedding: computing PE.EMBEDDING.TabularEmbedding for 1671/2228 samples
08/01/2026 02:41:22 AM [pe] [INFO ]  Embedding: finished computing PE.EMBEDDING.TabularEmbedding for 1671/2228 samples
08/01/2026 02:41:22 AM [pe] [INFO ]  Histogram: finished computing nearest neighbors histogram for 12853 private samples and 2228 synthetic samples
08/01/2026 02:41:22 AM [pe] [INFO ]  Composite population: generating 557 next synthetic samples
08/01/2026 02:41:22 AM [pe] [INFO ]  PE population: generating 557*3 next synthetic samples
08/01/2026 02:41:22 AM [pe] [INFO ]  VARIATION API: creating variations for 557 samples
08/01/2026 02:41:22 AM [pe] [INFO ]  VARIATION API: finished creating variations for 557 samples
08/01/2026 02:41:22 AM [pe] [INFO ]  VARIATION API: creating variations for 557 samples
08/01/2026 02:41:22 AM [pe] [INFO ]  VARIATION API: finished creating variations for 557 samples
08/01/2026 02:41:22 AM [pe] [INFO ]  VARIATION API: creating variations for 557 samples
08/01/2026 02:41:22 AM [pe] [INFO ]  VARIATION API: finished creating variations for 557 samples
08/01/2026 02:41:22 AM [pe] [INFO ]  PE population: finished generating 557*3 next synthetic samples
08/01/2026 02:41:22 AM [pe] [INFO ]  Composite population: finished generating 557 next synthetic samples
08/01/2026 02:41:22 AM [pe] [INFO ]  Label 10
08/01/2026 02:41:22 AM [pe] [INFO ]  Histogram: computing nearest neighbors histogram for 967 private samples and 168 synthetic samples
08/01/2026 02:41:22 AM [pe] [INFO ]  Embedding: PE.EMBEDDING.TabularEmbedding already computed
08/01/2026 02:41:22 AM [pe] [INFO ]  Embedding: computing PE.EMBEDDING.TabularEmbedding for 126/168 samples
08/01/2026 02:41:22 AM [pe] [INFO ]  Embedding: finished computing PE.EMBEDDING.TabularEmbedding for 126/168 samples
08/01/2026 02:41:22 AM [pe] [INFO ]  Histogram: finished computing nearest neighbors histogram for 967 private samples and 168 synthetic samples
08/01/2026 02:41:22 AM [pe] [INFO ]  Composite population: generating 42 next synthetic samples
08/01/2026 02:41:22 AM [pe] [INFO ]  PE population: generating 42*3 next synthetic samples
08/01/2026 02:41:22 AM [pe] [INFO ]  VARIATION API: creating variations for 42 samples
08/01/2026 02:41:22 AM [pe] [INFO ]  VARIATION API: finished creating variations for 42 samples
08/01/2026 02:41:22 AM [pe] [INFO ]  VARIATION API: creating variations for 42 samples
08/01/2026 02:41:22 AM [pe] [INFO ]  VARIATION API: finished creating variations for 42 samples
08/01/2026 02:41:22 AM [pe] [INFO ]  VARIATION API: creating variations for 42 samples
08/01/2026 02:41:22 AM [pe] [INFO ]  VARIATION API: finished creating variations for 42 samples
08/01/2026 02:41:22 AM [pe] [INFO ]  PE population: finished generating 42*3 next synthetic samples
08/01/2026 02:41:22 AM [pe] [INFO ]  Composite population: finished generating 42 next synthetic samples
08/01/2026 02:41:23 AM [pe] [INFO ]  Saving the synthetic tabular data to a CSV file
08/01/2026 02:41:25 AM [pe] [INFO ]  Finished saving the synthetic tabular data to a CSV file
08/01/2026 02:41:25 AM [pe] [INFO ]  Evaluating tabular classifier
08/01/2026 02:41:25 AM [pe] [INFO ]  Number of samples after filtering: 5000
08/01/2026 03:01:09 AM [pe] [INFO ]  Tabular classifier test accuracy: 60.45%
08/01/2026 03:01:09 AM [pe] [INFO ]  Tabular classifier test (macro) F1 score: 32.14
08/01/2026 03:01:09 AM [pe] [INFO ]  Finished evaluating tabular classifier (tabular_classifier_tabicl_filter_{'PE.VARIATION_API_FOLD_ID':-1})
08/01/2026 03:01:09 AM [pe] [INFO ]  Computing 5way-WSD ({'PE.VARIATION_API_FOLD_ID':-1})
08/01/2026 03:01:09 AM [pe] [INFO ]  Number of samples after filtering: 5000
08/01/2026 03:02:35 AM [pe] [INFO ]  5way-wsd_2000samples_42seed_{'PE.VARIATION_API_FOLD_ID':-1}: 0.13733542
08/01/2026 03:02:35 AM [pe] [INFO ]  Finished computing 5way-WSD ({'PE.VARIATION_API_FOLD_ID':-1})
08/01/2026 03:02:35 AM [pe] [INFO ]  Computing 6way-WSD ({'PE.VARIATION_API_FOLD_ID':-1})
08/01/2026 03:02:35 AM [pe] [INFO ]  Number of samples after filtering: 5000
08/01/2026 03:03:20 AM [pe] [INFO ]  6way-wsd_2000samples_42seed_{'PE.VARIATION_API_FOLD_ID':-1}: 0.17879155
08/01/2026 03:03:20 AM [pe] [INFO ]  Finished computing 6way-WSD ({'PE.VARIATION_API_FOLD_ID':-1})
08/01/2026 03:03:20 AM [pe] [INFO ]  Computing 7way-WSD ({'PE.VARIATION_API_FOLD_ID':-1})
08/01/2026 03:03:20 AM [pe] [INFO ]  Number of samples after filtering: 5000
08/01/2026 03:03:34 AM [pe] [INFO ]  7way-wsd_2000samples_42seed_{'PE.VARIATION_API_FOLD_ID':-1}: 0.21896566
08/01/2026 03:03:34 AM [pe] [INFO ]  Finished computing 7way-WSD ({'PE.VARIATION_API_FOLD_ID':-1})
08/01/2026 03:03:34 AM [pe] [INFO ]  Iteration: 8
08/01/2026 03:03:34 AM [pe] [INFO ]  	tabular_classifier_tabicl_filter_{'PE.VARIATION_API_FOLD_ID':-1}_test_acc: 60.45129201
08/01/2026 03:03:34 AM [pe] [INFO ]  	tabular_classifier_tabicl_filter_{'PE.VARIATION_API_FOLD_ID':-1}_test_f1: 32.14284673
08/01/2026 03:03:34 AM [pe] [INFO ]  	5way-wsd_2000samples_42seed_{'PE.VARIATION_API_FOLD_ID':-1}: 0.13733542
08/01/2026 03:03:34 AM [pe] [INFO ]  	6way-wsd_2000samples_42seed_{'PE.VARIATION_API_FOLD_ID':-1}: 0.17879155
08/01/2026 03:03:34 AM [pe] [INFO ]  	7way-wsd_2000samples_42seed_{'PE.VARIATION_API_FOLD_ID':-1}: 0.21896566
08/01/2026 03:03:34 AM [pe] [INFO ]  PE iteration 9
08/01/2026 03:03:34 AM [pe] [WARNI]  fraction_per_label_id is not provided. Assuming the fraction of label ids in private data is public information.
08/01/2026 03:03:34 AM [pe] [INFO ]  Label 0
08/01/2026 03:03:34 AM [pe] [INFO ]  Histogram: computing nearest neighbors histogram for 2081 private samples and 360 synthetic samples
08/01/2026 03:03:34 AM [pe] [INFO ]  Embedding: PE.EMBEDDING.TabularEmbedding already computed
08/01/2026 03:03:34 AM [pe] [INFO ]  Embedding: computing PE.EMBEDDING.TabularEmbedding for 270/360 samples
08/01/2026 03:03:34 AM [pe] [INFO ]  Embedding: finished computing PE.EMBEDDING.TabularEmbedding for 270/360 samples
08/01/2026 03:03:34 AM [pe] [INFO ]  Histogram: finished computing nearest neighbors histogram for 2081 private samples and 360 synthetic samples
08/01/2026 03:03:34 AM [pe] [INFO ]  Composite population: generating 90 next synthetic samples
08/01/2026 03:03:34 AM [pe] [INFO ]  PE population: generating 90*3 next synthetic samples
08/01/2026 03:03:34 AM [pe] [INFO ]  VARIATION API: creating variations for 90 samples
08/01/2026 03:03:34 AM [pe] [INFO ]  VARIATION API: finished creating variations for 90 samples
08/01/2026 03:03:34 AM [pe] [INFO ]  VARIATION API: creating variations for 90 samples
08/01/2026 03:03:34 AM [pe] [INFO ]  VARIATION API: finished creating variations for 90 samples
08/01/2026 03:03:34 AM [pe] [INFO ]  VARIATION API: creating variations for 90 samples
08/01/2026 03:03:34 AM [pe] [INFO ]  VARIATION API: finished creating variations for 90 samples
08/01/2026 03:03:34 AM [pe] [INFO ]  PE population: finished generating 90*3 next synthetic samples
08/01/2026 03:03:34 AM [pe] [INFO ]  Composite population: finished generating 90 next synthetic samples
08/01/2026 03:03:34 AM [pe] [INFO ]  Label 1
08/01/2026 03:03:34 AM [pe] [INFO ]  Histogram: computing nearest neighbors histogram for 1993 private samples and 348 synthetic samples
08/01/2026 03:03:34 AM [pe] [INFO ]  Embedding: PE.EMBEDDING.TabularEmbedding already computed
08/01/2026 03:03:34 AM [pe] [INFO ]  Embedding: computing PE.EMBEDDING.TabularEmbedding for 261/348 samples
08/01/2026 03:03:34 AM [pe] [INFO ]  Embedding: finished computing PE.EMBEDDING.TabularEmbedding for 261/348 samples
08/01/2026 03:03:34 AM [pe] [INFO ]  Histogram: finished computing nearest neighbors histogram for 1993 private samples and 348 synthetic samples
08/01/2026 03:03:34 AM [pe] [INFO ]  Composite population: generating 87 next synthetic samples
08/01/2026 03:03:34 AM [pe] [INFO ]  PE population: generating 87*3 next synthetic samples
08/01/2026 03:03:34 AM [pe] [INFO ]  VARIATION API: creating variations for 87 samples
08/01/2026 03:03:34 AM [pe] [INFO ]  VARIATION API: finished creating variations for 87 samples
08/01/2026 03:03:34 AM [pe] [INFO ]  VARIATION API: creating variations for 87 samples
08/01/2026 03:03:34 AM [pe] [INFO ]  VARIATION API: finished creating variations for 87 samples
08/01/2026 03:03:34 AM [pe] [INFO ]  VARIATION API: creating variations for 87 samples
08/01/2026 03:03:34 AM [pe] [INFO ]  VARIATION API: finished creating variations for 87 samples
08/01/2026 03:03:34 AM [pe] [INFO ]  PE population: finished generating 87*3 next synthetic samples
08/01/2026 03:03:34 AM [pe] [INFO ]  Composite population: finished generating 87 next synthetic samples
08/01/2026 03:03:34 AM [pe] [INFO ]  Label 2
08/01/2026 03:03:34 AM [pe] [INFO ]  Histogram: computing nearest neighbors histogram for 22897 private samples and 3968 synthetic samples
08/01/2026 03:03:34 AM [pe] [INFO ]  Embedding: PE.EMBEDDING.TabularEmbedding already computed
08/01/2026 03:03:34 AM [pe] [INFO ]  Embedding: computing PE.EMBEDDING.TabularEmbedding for 2976/3968 samples
08/01/2026 03:03:34 AM [pe] [INFO ]  Embedding: finished computing PE.EMBEDDING.TabularEmbedding for 2976/3968 samples
08/01/2026 03:03:34 AM [pe] [INFO ]  Histogram: finished computing nearest neighbors histogram for 22897 private samples and 3968 synthetic samples
08/01/2026 03:03:34 AM [pe] [INFO ]  Composite population: generating 992 next synthetic samples
08/01/2026 03:03:34 AM [pe] [INFO ]  PE population: generating 992*3 next synthetic samples
08/01/2026 03:03:34 AM [pe] [INFO ]  VARIATION API: creating variations for 992 samples
08/01/2026 03:03:35 AM [pe] [INFO ]  VARIATION API: finished creating variations for 992 samples
08/01/2026 03:03:35 AM [pe] [INFO ]  VARIATION API: creating variations for 992 samples
08/01/2026 03:03:35 AM [pe] [INFO ]  VARIATION API: finished creating variations for 992 samples
08/01/2026 03:03:35 AM [pe] [INFO ]  VARIATION API: creating variations for 992 samples
08/01/2026 03:03:35 AM [pe] [INFO ]  VARIATION API: finished creating variations for 992 samples
08/01/2026 03:03:35 AM [pe] [INFO ]  PE population: finished generating 992*3 next synthetic samples
08/01/2026 03:03:35 AM [pe] [INFO ]  Composite population: finished generating 992 next synthetic samples
08/01/2026 03:03:35 AM [pe] [INFO ]  Label 3
08/01/2026 03:03:35 AM [pe] [INFO ]  Histogram: computing nearest neighbors histogram for 38136 private samples and 6608 synthetic samples
08/01/2026 03:03:35 AM [pe] [INFO ]  Embedding: PE.EMBEDDING.TabularEmbedding already computed
08/01/2026 03:03:35 AM [pe] [INFO ]  Embedding: computing PE.EMBEDDING.TabularEmbedding for 4956/6608 samples
08/01/2026 03:03:35 AM [pe] [INFO ]  Embedding: finished computing PE.EMBEDDING.TabularEmbedding for 4956/6608 samples
08/01/2026 03:03:36 AM [pe] [INFO ]  Histogram: finished computing nearest neighbors histogram for 38136 private samples and 6608 synthetic samples
08/01/2026 03:03:36 AM [pe] [INFO ]  Composite population: generating 1652 next synthetic samples
08/01/2026 03:03:36 AM [pe] [INFO ]  PE population: generating 1652*3 next synthetic samples
08/01/2026 03:03:36 AM [pe] [INFO ]  VARIATION API: creating variations for 1652 samples
08/01/2026 03:03:36 AM [pe] [INFO ]  VARIATION API: finished creating variations for 1652 samples
08/01/2026 03:03:36 AM [pe] [INFO ]  VARIATION API: creating variations for 1652 samples
08/01/2026 03:03:36 AM [pe] [INFO ]  VARIATION API: finished creating variations for 1652 samples
08/01/2026 03:03:36 AM [pe] [INFO ]  VARIATION API: creating variations for 1652 samples
08/01/2026 03:03:36 AM [pe] [INFO ]  VARIATION API: finished creating variations for 1652 samples
08/01/2026 03:03:36 AM [pe] [INFO ]  PE population: finished generating 1652*3 next synthetic samples
08/01/2026 03:03:36 AM [pe] [INFO ]  Composite population: finished generating 1652 next synthetic samples
08/01/2026 03:03:36 AM [pe] [INFO ]  Label 4
08/01/2026 03:03:36 AM [pe] [INFO ]  Histogram: computing nearest neighbors histogram for 4318 private samples and 748 synthetic samples
08/01/2026 03:03:36 AM [pe] [INFO ]  Embedding: PE.EMBEDDING.TabularEmbedding already computed
08/01/2026 03:03:36 AM [pe] [INFO ]  Embedding: computing PE.EMBEDDING.TabularEmbedding for 561/748 samples
08/01/2026 03:03:36 AM [pe] [INFO ]  Embedding: finished computing PE.EMBEDDING.TabularEmbedding for 561/748 samples
08/01/2026 03:03:36 AM [pe] [INFO ]  Histogram: finished computing nearest neighbors histogram for 4318 private samples and 748 synthetic samples
08/01/2026 03:03:36 AM [pe] [INFO ]  Composite population: generating 187 next synthetic samples
08/01/2026 03:03:36 AM [pe] [INFO ]  PE population: generating 187*3 next synthetic samples
08/01/2026 03:03:36 AM [pe] [INFO ]  VARIATION API: creating variations for 187 samples
08/01/2026 03:03:36 AM [pe] [INFO ]  VARIATION API: finished creating variations for 187 samples
08/01/2026 03:03:36 AM [pe] [INFO ]  VARIATION API: creating variations for 187 samples
08/01/2026 03:03:36 AM [pe] [INFO ]  VARIATION API: finished creating variations for 187 samples
08/01/2026 03:03:36 AM [pe] [INFO ]  VARIATION API: creating variations for 187 samples
08/01/2026 03:03:36 AM [pe] [INFO ]  VARIATION API: finished creating variations for 187 samples
08/01/2026 03:03:36 AM [pe] [INFO ]  PE population: finished generating 187*3 next synthetic samples
08/01/2026 03:03:36 AM [pe] [INFO ]  Composite population: finished generating 187 next synthetic samples
08/01/2026 03:03:36 AM [pe] [INFO ]  Label 5
08/01/2026 03:03:36 AM [pe] [INFO ]  Histogram: computing nearest neighbors histogram for 3647 private samples and 632 synthetic samples
08/01/2026 03:03:36 AM [pe] [INFO ]  Embedding: PE.EMBEDDING.TabularEmbedding already computed
08/01/2026 03:03:36 AM [pe] [INFO ]  Embedding: computing PE.EMBEDDING.TabularEmbedding for 474/632 samples
08/01/2026 03:03:36 AM [pe] [INFO ]  Embedding: finished computing PE.EMBEDDING.TabularEmbedding for 474/632 samples
08/01/2026 03:03:36 AM [pe] [INFO ]  Histogram: finished computing nearest neighbors histogram for 3647 private samples and 632 synthetic samples
08/01/2026 03:03:36 AM [pe] [INFO ]  Composite population: generating 158 next synthetic samples
08/01/2026 03:03:36 AM [pe] [INFO ]  PE population: generating 158*3 next synthetic samples
08/01/2026 03:03:36 AM [pe] [INFO ]  VARIATION API: creating variations for 158 samples
08/01/2026 03:03:36 AM [pe] [INFO ]  VARIATION API: finished creating variations for 158 samples
08/01/2026 03:03:36 AM [pe] [INFO ]  VARIATION API: creating variations for 158 samples
08/01/2026 03:03:36 AM [pe] [INFO ]  VARIATION API: finished creating variations for 158 samples
08/01/2026 03:03:36 AM [pe] [INFO ]  VARIATION API: creating variations for 158 samples
08/01/2026 03:03:36 AM [pe] [INFO ]  VARIATION API: finished creating variations for 158 samples
08/01/2026 03:03:36 AM [pe] [INFO ]  PE population: finished generating 158*3 next synthetic samples
08/01/2026 03:03:36 AM [pe] [INFO ]  Composite population: finished generating 158 next synthetic samples
08/01/2026 03:03:36 AM [pe] [INFO ]  Label 6
08/01/2026 03:03:36 AM [pe] [INFO ]  Histogram: computing nearest neighbors histogram for 19071 private samples and 3304 synthetic samples
08/01/2026 03:03:36 AM [pe] [INFO ]  Embedding: PE.EMBEDDING.TabularEmbedding already computed
08/01/2026 03:03:36 AM [pe] [INFO ]  Embedding: computing PE.EMBEDDING.TabularEmbedding for 2478/3304 samples
08/01/2026 03:03:36 AM [pe] [INFO ]  Embedding: finished computing PE.EMBEDDING.TabularEmbedding for 2478/3304 samples
08/01/2026 03:03:36 AM [pe] [INFO ]  Histogram: finished computing nearest neighbors histogram for 19071 private samples and 3304 synthetic samples
08/01/2026 03:03:36 AM [pe] [INFO ]  Composite population: generating 826 next synthetic samples
08/01/2026 03:03:36 AM [pe] [INFO ]  PE population: generating 826*3 next synthetic samples
08/01/2026 03:03:36 AM [pe] [INFO ]  VARIATION API: creating variations for 826 samples
08/01/2026 03:03:36 AM [pe] [INFO ]  VARIATION API: finished creating variations for 826 samples
08/01/2026 03:03:36 AM [pe] [INFO ]  VARIATION API: creating variations for 826 samples
08/01/2026 03:03:36 AM [pe] [INFO ]  VARIATION API: finished creating variations for 826 samples
08/01/2026 03:03:36 AM [pe] [INFO ]  VARIATION API: creating variations for 826 samples
08/01/2026 03:03:36 AM [pe] [INFO ]  VARIATION API: finished creating variations for 826 samples
08/01/2026 03:03:37 AM [pe] [INFO ]  PE population: finished generating 826*3 next synthetic samples
08/01/2026 03:03:37 AM [pe] [INFO ]  Composite population: finished generating 826 next synthetic samples
08/01/2026 03:03:37 AM [pe] [INFO ]  Label 7
08/01/2026 03:03:37 AM [pe] [INFO ]  Histogram: computing nearest neighbors histogram for 1194 private samples and 208 synthetic samples
08/01/2026 03:03:37 AM [pe] [INFO ]  Embedding: PE.EMBEDDING.TabularEmbedding already computed
08/01/2026 03:03:37 AM [pe] [INFO ]  Embedding: computing PE.EMBEDDING.TabularEmbedding for 156/208 samples
08/01/2026 03:03:37 AM [pe] [INFO ]  Embedding: finished computing PE.EMBEDDING.TabularEmbedding for 156/208 samples
08/01/2026 03:03:37 AM [pe] [INFO ]  Histogram: finished computing nearest neighbors histogram for 1194 private samples and 208 synthetic samples
08/01/2026 03:03:37 AM [pe] [INFO ]  Composite population: generating 52 next synthetic samples
08/01/2026 03:03:37 AM [pe] [INFO ]  PE population: generating 52*3 next synthetic samples
08/01/2026 03:03:37 AM [pe] [INFO ]  VARIATION API: creating variations for 52 samples
08/01/2026 03:03:37 AM [pe] [INFO ]  VARIATION API: finished creating variations for 52 samples
08/01/2026 03:03:37 AM [pe] [INFO ]  VARIATION API: creating variations for 52 samples
08/01/2026 03:03:37 AM [pe] [INFO ]  VARIATION API: finished creating variations for 52 samples
08/01/2026 03:03:37 AM [pe] [INFO ]  VARIATION API: creating variations for 52 samples
08/01/2026 03:03:37 AM [pe] [INFO ]  VARIATION API: finished creating variations for 52 samples
08/01/2026 03:03:37 AM [pe] [INFO ]  PE population: finished generating 52*3 next synthetic samples
08/01/2026 03:03:37 AM [pe] [INFO ]  Composite population: finished generating 52 next synthetic samples
08/01/2026 03:03:37 AM [pe] [INFO ]  Label 8
08/01/2026 03:03:37 AM [pe] [INFO ]  Histogram: computing nearest neighbors histogram for 8245 private samples and 1428 synthetic samples
08/01/2026 03:03:37 AM [pe] [INFO ]  Embedding: PE.EMBEDDING.TabularEmbedding already computed
08/01/2026 03:03:37 AM [pe] [INFO ]  Embedding: computing PE.EMBEDDING.TabularEmbedding for 1071/1428 samples
08/01/2026 03:03:37 AM [pe] [INFO ]  Embedding: finished computing PE.EMBEDDING.TabularEmbedding for 1071/1428 samples
08/01/2026 03:03:37 AM [pe] [INFO ]  Histogram: finished computing nearest neighbors histogram for 8245 private samples and 1428 synthetic samples
08/01/2026 03:03:37 AM [pe] [INFO ]  Composite population: generating 357 next synthetic samples
08/01/2026 03:03:37 AM [pe] [INFO ]  PE population: generating 357*3 next synthetic samples
08/01/2026 03:03:37 AM [pe] [INFO ]  VARIATION API: creating variations for 357 samples
08/01/2026 03:03:37 AM [pe] [INFO ]  VARIATION API: finished creating variations for 357 samples
08/01/2026 03:03:37 AM [pe] [INFO ]  VARIATION API: creating variations for 357 samples
08/01/2026 03:03:37 AM [pe] [INFO ]  VARIATION API: finished creating variations for 357 samples
08/01/2026 03:03:37 AM [pe] [INFO ]  VARIATION API: creating variations for 357 samples
08/01/2026 03:03:37 AM [pe] [INFO ]  VARIATION API: finished creating variations for 357 samples
08/01/2026 03:03:37 AM [pe] [INFO ]  PE population: finished generating 357*3 next synthetic samples
08/01/2026 03:03:37 AM [pe] [INFO ]  Composite population: finished generating 357 next synthetic samples
08/01/2026 03:03:37 AM [pe] [INFO ]  Label 9
08/01/2026 03:03:37 AM [pe] [INFO ]  Histogram: computing nearest neighbors histogram for 12853 private samples and 2228 synthetic samples
08/01/2026 03:03:37 AM [pe] [INFO ]  Embedding: PE.EMBEDDING.TabularEmbedding already computed
08/01/2026 03:03:37 AM [pe] [INFO ]  Embedding: computing PE.EMBEDDING.TabularEmbedding for 1671/2228 samples
08/01/2026 03:03:37 AM [pe] [INFO ]  Embedding: finished computing PE.EMBEDDING.TabularEmbedding for 1671/2228 samples
08/01/2026 03:03:37 AM [pe] [INFO ]  Histogram: finished computing nearest neighbors histogram for 12853 private samples and 2228 synthetic samples
08/01/2026 03:03:37 AM [pe] [INFO ]  Composite population: generating 557 next synthetic samples
08/01/2026 03:03:37 AM [pe] [INFO ]  PE population: generating 557*3 next synthetic samples
08/01/2026 03:03:37 AM [pe] [INFO ]  VARIATION API: creating variations for 557 samples
08/01/2026 03:03:37 AM [pe] [INFO ]  VARIATION API: finished creating variations for 557 samples
08/01/2026 03:03:37 AM [pe] [INFO ]  VARIATION API: creating variations for 557 samples
08/01/2026 03:03:37 AM [pe] [INFO ]  VARIATION API: finished creating variations for 557 samples
08/01/2026 03:03:37 AM [pe] [INFO ]  VARIATION API: creating variations for 557 samples
08/01/2026 03:03:37 AM [pe] [INFO ]  VARIATION API: finished creating variations for 557 samples
08/01/2026 03:03:37 AM [pe] [INFO ]  PE population: finished generating 557*3 next synthetic samples
08/01/2026 03:03:37 AM [pe] [INFO ]  Composite population: finished generating 557 next synthetic samples
08/01/2026 03:03:37 AM [pe] [INFO ]  Label 10
08/01/2026 03:03:37 AM [pe] [INFO ]  Histogram: computing nearest neighbors histogram for 967 private samples and 168 synthetic samples
08/01/2026 03:03:37 AM [pe] [INFO ]  Embedding: PE.EMBEDDING.TabularEmbedding already computed
08/01/2026 03:03:37 AM [pe] [INFO ]  Embedding: computing PE.EMBEDDING.TabularEmbedding for 126/168 samples
08/01/2026 03:03:37 AM [pe] [INFO ]  Embedding: finished computing PE.EMBEDDING.TabularEmbedding for 126/168 samples
08/01/2026 03:03:37 AM [pe] [INFO ]  Histogram: finished computing nearest neighbors histogram for 967 private samples and 168 synthetic samples
08/01/2026 03:03:37 AM [pe] [INFO ]  Composite population: generating 42 next synthetic samples
08/01/2026 03:03:37 AM [pe] [INFO ]  PE population: generating 42*3 next synthetic samples
08/01/2026 03:03:37 AM [pe] [INFO ]  VARIATION API: creating variations for 42 samples
08/01/2026 03:03:37 AM [pe] [INFO ]  VARIATION API: finished creating variations for 42 samples
08/01/2026 03:03:37 AM [pe] [INFO ]  VARIATION API: creating variations for 42 samples
08/01/2026 03:03:37 AM [pe] [INFO ]  VARIATION API: finished creating variations for 42 samples
08/01/2026 03:03:37 AM [pe] [INFO ]  VARIATION API: creating variations for 42 samples
08/01/2026 03:03:37 AM [pe] [INFO ]  VARIATION API: finished creating variations for 42 samples
08/01/2026 03:03:37 AM [pe] [INFO ]  PE population: finished generating 42*3 next synthetic samples
08/01/2026 03:03:37 AM [pe] [INFO ]  Composite population: finished generating 42 next synthetic samples
08/01/2026 03:03:37 AM [pe] [INFO ]  Saving the synthetic tabular data to a CSV file
08/01/2026 03:03:40 AM [pe] [INFO ]  Finished saving the synthetic tabular data to a CSV file
08/01/2026 03:03:40 AM [pe] [INFO ]  Evaluating tabular classifier
08/01/2026 03:03:40 AM [pe] [INFO ]  Number of samples after filtering: 5000
08/01/2026 03:23:22 AM [pe] [INFO ]  Tabular classifier test accuracy: 61.28%
08/01/2026 03:23:22 AM [pe] [INFO ]  Tabular classifier test (macro) F1 score: 33.18
08/01/2026 03:23:22 AM [pe] [INFO ]  Finished evaluating tabular classifier (tabular_classifier_tabicl_filter_{'PE.VARIATION_API_FOLD_ID':-1})
08/01/2026 03:23:22 AM [pe] [INFO ]  Computing 5way-WSD ({'PE.VARIATION_API_FOLD_ID':-1})
08/01/2026 03:23:22 AM [pe] [INFO ]  Number of samples after filtering: 5000
08/01/2026 03:24:43 AM [pe] [INFO ]  5way-wsd_2000samples_42seed_{'PE.VARIATION_API_FOLD_ID':-1}: 0.13127165
08/01/2026 03:24:43 AM [pe] [INFO ]  Finished computing 5way-WSD ({'PE.VARIATION_API_FOLD_ID':-1})
08/01/2026 03:24:43 AM [pe] [INFO ]  Computing 6way-WSD ({'PE.VARIATION_API_FOLD_ID':-1})
08/01/2026 03:24:43 AM [pe] [INFO ]  Number of samples after filtering: 5000
08/01/2026 03:25:25 AM [pe] [INFO ]  6way-wsd_2000samples_42seed_{'PE.VARIATION_API_FOLD_ID':-1}: 0.17087170
08/01/2026 03:25:25 AM [pe] [INFO ]  Finished computing 6way-WSD ({'PE.VARIATION_API_FOLD_ID':-1})
08/01/2026 03:25:25 AM [pe] [INFO ]  Computing 7way-WSD ({'PE.VARIATION_API_FOLD_ID':-1})
08/01/2026 03:25:25 AM [pe] [INFO ]  Number of samples after filtering: 5000
08/01/2026 03:25:38 AM [pe] [INFO ]  7way-wsd_2000samples_42seed_{'PE.VARIATION_API_FOLD_ID':-1}: 0.20929289
08/01/2026 03:25:38 AM [pe] [INFO ]  Finished computing 7way-WSD ({'PE.VARIATION_API_FOLD_ID':-1})
08/01/2026 03:25:38 AM [pe] [INFO ]  Iteration: 9
08/01/2026 03:25:38 AM [pe] [INFO ]  	tabular_classifier_tabicl_filter_{'PE.VARIATION_API_FOLD_ID':-1}_test_acc: 61.28432205
08/01/2026 03:25:38 AM [pe] [INFO ]  	tabular_classifier_tabicl_filter_{'PE.VARIATION_API_FOLD_ID':-1}_test_f1: 33.17537171
08/01/2026 03:25:38 AM [pe] [INFO ]  	5way-wsd_2000samples_42seed_{'PE.VARIATION_API_FOLD_ID':-1}: 0.13127165
08/01/2026 03:25:38 AM [pe] [INFO ]  	6way-wsd_2000samples_42seed_{'PE.VARIATION_API_FOLD_ID':-1}: 0.17087170
08/01/2026 03:25:38 AM [pe] [INFO ]  	7way-wsd_2000samples_42seed_{'PE.VARIATION_API_FOLD_ID':-1}: 0.20929289
08/01/2026 03:25:38 AM [pe] [INFO ]  PE iteration 10
08/01/2026 03:25:38 AM [pe] [WARNI]  fraction_per_label_id is not provided. Assuming the fraction of label ids in private data is public information.
08/01/2026 03:25:38 AM [pe] [INFO ]  Label 0
08/01/2026 03:25:38 AM [pe] [INFO ]  Histogram: computing nearest neighbors histogram for 2081 private samples and 360 synthetic samples
08/01/2026 03:25:38 AM [pe] [INFO ]  Embedding: PE.EMBEDDING.TabularEmbedding already computed
08/01/2026 03:25:38 AM [pe] [INFO ]  Embedding: computing PE.EMBEDDING.TabularEmbedding for 270/360 samples
08/01/2026 03:25:38 AM [pe] [INFO ]  Embedding: finished computing PE.EMBEDDING.TabularEmbedding for 270/360 samples
08/01/2026 03:25:38 AM [pe] [INFO ]  Histogram: finished computing nearest neighbors histogram for 2081 private samples and 360 synthetic samples
08/01/2026 03:25:38 AM [pe] [INFO ]  Composite population: generating 90 next synthetic samples
08/01/2026 03:25:38 AM [pe] [INFO ]  PE population: generating 90*3 next synthetic samples
08/01/2026 03:25:38 AM [pe] [INFO ]  VARIATION API: creating variations for 90 samples
08/01/2026 03:25:38 AM [pe] [INFO ]  VARIATION API: finished creating variations for 90 samples
08/01/2026 03:25:38 AM [pe] [INFO ]  VARIATION API: creating variations for 90 samples
08/01/2026 03:25:38 AM [pe] [INFO ]  VARIATION API: finished creating variations for 90 samples
08/01/2026 03:25:38 AM [pe] [INFO ]  VARIATION API: creating variations for 90 samples
08/01/2026 03:25:38 AM [pe] [INFO ]  VARIATION API: finished creating variations for 90 samples
08/01/2026 03:25:38 AM [pe] [INFO ]  PE population: finished generating 90*3 next synthetic samples
08/01/2026 03:25:38 AM [pe] [INFO ]  Composite population: finished generating 90 next synthetic samples
08/01/2026 03:25:38 AM [pe] [INFO ]  Label 1
08/01/2026 03:25:38 AM [pe] [INFO ]  Histogram: computing nearest neighbors histogram for 1993 private samples and 348 synthetic samples
08/01/2026 03:25:38 AM [pe] [INFO ]  Embedding: PE.EMBEDDING.TabularEmbedding already computed
08/01/2026 03:25:38 AM [pe] [INFO ]  Embedding: computing PE.EMBEDDING.TabularEmbedding for 261/348 samples
08/01/2026 03:25:38 AM [pe] [INFO ]  Embedding: finished computing PE.EMBEDDING.TabularEmbedding for 261/348 samples
08/01/2026 03:25:38 AM [pe] [INFO ]  Histogram: finished computing nearest neighbors histogram for 1993 private samples and 348 synthetic samples
08/01/2026 03:25:38 AM [pe] [INFO ]  Composite population: generating 87 next synthetic samples
08/01/2026 03:25:38 AM [pe] [INFO ]  PE population: generating 87*3 next synthetic samples
08/01/2026 03:25:38 AM [pe] [INFO ]  VARIATION API: creating variations for 87 samples
08/01/2026 03:25:38 AM [pe] [INFO ]  VARIATION API: finished creating variations for 87 samples
08/01/2026 03:25:38 AM [pe] [INFO ]  VARIATION API: creating variations for 87 samples
08/01/2026 03:25:38 AM [pe] [INFO ]  VARIATION API: finished creating variations for 87 samples
08/01/2026 03:25:38 AM [pe] [INFO ]  VARIATION API: creating variations for 87 samples
08/01/2026 03:25:38 AM [pe] [INFO ]  VARIATION API: finished creating variations for 87 samples
08/01/2026 03:25:38 AM [pe] [INFO ]  PE population: finished generating 87*3 next synthetic samples
08/01/2026 03:25:38 AM [pe] [INFO ]  Composite population: finished generating 87 next synthetic samples
08/01/2026 03:25:38 AM [pe] [INFO ]  Label 2
08/01/2026 03:25:38 AM [pe] [INFO ]  Histogram: computing nearest neighbors histogram for 22897 private samples and 3968 synthetic samples
08/01/2026 03:25:38 AM [pe] [INFO ]  Embedding: PE.EMBEDDING.TabularEmbedding already computed
08/01/2026 03:25:38 AM [pe] [INFO ]  Embedding: computing PE.EMBEDDING.TabularEmbedding for 2976/3968 samples
08/01/2026 03:25:38 AM [pe] [INFO ]  Embedding: finished computing PE.EMBEDDING.TabularEmbedding for 2976/3968 samples
08/01/2026 03:25:39 AM [pe] [INFO ]  Histogram: finished computing nearest neighbors histogram for 22897 private samples and 3968 synthetic samples
08/01/2026 03:25:39 AM [pe] [INFO ]  Composite population: generating 992 next synthetic samples
08/01/2026 03:25:39 AM [pe] [INFO ]  PE population: generating 992*3 next synthetic samples
08/01/2026 03:25:39 AM [pe] [INFO ]  VARIATION API: creating variations for 992 samples
08/01/2026 03:25:39 AM [pe] [INFO ]  VARIATION API: finished creating variations for 992 samples
08/01/2026 03:25:39 AM [pe] [INFO ]  VARIATION API: creating variations for 992 samples
08/01/2026 03:25:39 AM [pe] [INFO ]  VARIATION API: finished creating variations for 992 samples
08/01/2026 03:25:39 AM [pe] [INFO ]  VARIATION API: creating variations for 992 samples
08/01/2026 03:25:39 AM [pe] [INFO ]  VARIATION API: finished creating variations for 992 samples
08/01/2026 03:25:39 AM [pe] [INFO ]  PE population: finished generating 992*3 next synthetic samples
08/01/2026 03:25:39 AM [pe] [INFO ]  Composite population: finished generating 992 next synthetic samples
08/01/2026 03:25:39 AM [pe] [INFO ]  Label 3
08/01/2026 03:25:39 AM [pe] [INFO ]  Histogram: computing nearest neighbors histogram for 38136 private samples and 6608 synthetic samples
08/01/2026 03:25:39 AM [pe] [INFO ]  Embedding: PE.EMBEDDING.TabularEmbedding already computed
08/01/2026 03:25:39 AM [pe] [INFO ]  Embedding: computing PE.EMBEDDING.TabularEmbedding for 4956/6608 samples
08/01/2026 03:25:39 AM [pe] [INFO ]  Embedding: finished computing PE.EMBEDDING.TabularEmbedding for 4956/6608 samples
08/01/2026 03:25:40 AM [pe] [INFO ]  Histogram: finished computing nearest neighbors histogram for 38136 private samples and 6608 synthetic samples
08/01/2026 03:25:40 AM [pe] [INFO ]  Composite population: generating 1652 next synthetic samples
08/01/2026 03:25:40 AM [pe] [INFO ]  PE population: generating 1652*3 next synthetic samples
08/01/2026 03:25:40 AM [pe] [INFO ]  VARIATION API: creating variations for 1652 samples
08/01/2026 03:25:40 AM [pe] [INFO ]  VARIATION API: finished creating variations for 1652 samples
08/01/2026 03:25:40 AM [pe] [INFO ]  VARIATION API: creating variations for 1652 samples
08/01/2026 03:25:40 AM [pe] [INFO ]  VARIATION API: finished creating variations for 1652 samples
08/01/2026 03:25:40 AM [pe] [INFO ]  VARIATION API: creating variations for 1652 samples
08/01/2026 03:25:40 AM [pe] [INFO ]  VARIATION API: finished creating variations for 1652 samples
08/01/2026 03:25:40 AM [pe] [INFO ]  PE population: finished generating 1652*3 next synthetic samples
08/01/2026 03:25:40 AM [pe] [INFO ]  Composite population: finished generating 1652 next synthetic samples
08/01/2026 03:25:40 AM [pe] [INFO ]  Label 4
08/01/2026 03:25:40 AM [pe] [INFO ]  Histogram: computing nearest neighbors histogram for 4318 private samples and 748 synthetic samples
08/01/2026 03:25:40 AM [pe] [INFO ]  Embedding: PE.EMBEDDING.TabularEmbedding already computed
08/01/2026 03:25:40 AM [pe] [INFO ]  Embedding: computing PE.EMBEDDING.TabularEmbedding for 561/748 samples
08/01/2026 03:25:40 AM [pe] [INFO ]  Embedding: finished computing PE.EMBEDDING.TabularEmbedding for 561/748 samples
08/01/2026 03:25:41 AM [pe] [INFO ]  Histogram: finished computing nearest neighbors histogram for 4318 private samples and 748 synthetic samples
08/01/2026 03:25:41 AM [pe] [INFO ]  Composite population: generating 187 next synthetic samples
08/01/2026 03:25:41 AM [pe] [INFO ]  PE population: generating 187*3 next synthetic samples
08/01/2026 03:25:41 AM [pe] [INFO ]  VARIATION API: creating variations for 187 samples
08/01/2026 03:25:41 AM [pe] [INFO ]  VARIATION API: finished creating variations for 187 samples
08/01/2026 03:25:41 AM [pe] [INFO ]  VARIATION API: creating variations for 187 samples
08/01/2026 03:25:41 AM [pe] [INFO ]  VARIATION API: finished creating variations for 187 samples
08/01/2026 03:25:41 AM [pe] [INFO ]  VARIATION API: creating variations for 187 samples
08/01/2026 03:25:41 AM [pe] [INFO ]  VARIATION API: finished creating variations for 187 samples
08/01/2026 03:25:41 AM [pe] [INFO ]  PE population: finished generating 187*3 next synthetic samples
08/01/2026 03:25:41 AM [pe] [INFO ]  Composite population: finished generating 187 next synthetic samples
08/01/2026 03:25:41 AM [pe] [INFO ]  Label 5
08/01/2026 03:25:41 AM [pe] [INFO ]  Histogram: computing nearest neighbors histogram for 3647 private samples and 632 synthetic samples
08/01/2026 03:25:41 AM [pe] [INFO ]  Embedding: PE.EMBEDDING.TabularEmbedding already computed
08/01/2026 03:25:41 AM [pe] [INFO ]  Embedding: computing PE.EMBEDDING.TabularEmbedding for 474/632 samples
08/01/2026 03:25:41 AM [pe] [INFO ]  Embedding: finished computing PE.EMBEDDING.TabularEmbedding for 474/632 samples
08/01/2026 03:25:41 AM [pe] [INFO ]  Histogram: finished computing nearest neighbors histogram for 3647 private samples and 632 synthetic samples
08/01/2026 03:25:41 AM [pe] [INFO ]  Composite population: generating 158 next synthetic samples
08/01/2026 03:25:41 AM [pe] [INFO ]  PE population: generating 158*3 next synthetic samples
08/01/2026 03:25:41 AM [pe] [INFO ]  VARIATION API: creating variations for 158 samples
08/01/2026 03:25:41 AM [pe] [INFO ]  VARIATION API: finished creating variations for 158 samples
08/01/2026 03:25:41 AM [pe] [INFO ]  VARIATION API: creating variations for 158 samples
08/01/2026 03:25:41 AM [pe] [INFO ]  VARIATION API: finished creating variations for 158 samples
08/01/2026 03:25:41 AM [pe] [INFO ]  VARIATION API: creating variations for 158 samples
08/01/2026 03:25:41 AM [pe] [INFO ]  VARIATION API: finished creating variations for 158 samples
08/01/2026 03:25:41 AM [pe] [INFO ]  PE population: finished generating 158*3 next synthetic samples
08/01/2026 03:25:41 AM [pe] [INFO ]  Composite population: finished generating 158 next synthetic samples
08/01/2026 03:25:41 AM [pe] [INFO ]  Label 6
08/01/2026 03:25:41 AM [pe] [INFO ]  Histogram: computing nearest neighbors histogram for 19071 private samples and 3304 synthetic samples
08/01/2026 03:25:41 AM [pe] [INFO ]  Embedding: PE.EMBEDDING.TabularEmbedding already computed
08/01/2026 03:25:41 AM [pe] [INFO ]  Embedding: computing PE.EMBEDDING.TabularEmbedding for 2478/3304 samples
08/01/2026 03:25:41 AM [pe] [INFO ]  Embedding: finished computing PE.EMBEDDING.TabularEmbedding for 2478/3304 samples
08/01/2026 03:25:41 AM [pe] [INFO ]  Histogram: finished computing nearest neighbors histogram for 19071 private samples and 3304 synthetic samples
08/01/2026 03:25:41 AM [pe] [INFO ]  Composite population: generating 826 next synthetic samples
08/01/2026 03:25:41 AM [pe] [INFO ]  PE population: generating 826*3 next synthetic samples
08/01/2026 03:25:41 AM [pe] [INFO ]  VARIATION API: creating variations for 826 samples
08/01/2026 03:25:41 AM [pe] [INFO ]  VARIATION API: finished creating variations for 826 samples
08/01/2026 03:25:41 AM [pe] [INFO ]  VARIATION API: creating variations for 826 samples
08/01/2026 03:25:41 AM [pe] [INFO ]  VARIATION API: finished creating variations for 826 samples
08/01/2026 03:25:41 AM [pe] [INFO ]  VARIATION API: creating variations for 826 samples
08/01/2026 03:25:41 AM [pe] [INFO ]  VARIATION API: finished creating variations for 826 samples
08/01/2026 03:25:41 AM [pe] [INFO ]  PE population: finished generating 826*3 next synthetic samples
08/01/2026 03:25:41 AM [pe] [INFO ]  Composite population: finished generating 826 next synthetic samples
08/01/2026 03:25:41 AM [pe] [INFO ]  Label 7
08/01/2026 03:25:41 AM [pe] [INFO ]  Histogram: computing nearest neighbors histogram for 1194 private samples and 208 synthetic samples
08/01/2026 03:25:41 AM [pe] [INFO ]  Embedding: PE.EMBEDDING.TabularEmbedding already computed
08/01/2026 03:25:41 AM [pe] [INFO ]  Embedding: computing PE.EMBEDDING.TabularEmbedding for 156/208 samples
08/01/2026 03:25:41 AM [pe] [INFO ]  Embedding: finished computing PE.EMBEDDING.TabularEmbedding for 156/208 samples
08/01/2026 03:25:41 AM [pe] [INFO ]  Histogram: finished computing nearest neighbors histogram for 1194 private samples and 208 synthetic samples
08/01/2026 03:25:41 AM [pe] [INFO ]  Composite population: generating 52 next synthetic samples
08/01/2026 03:25:41 AM [pe] [INFO ]  PE population: generating 52*3 next synthetic samples
08/01/2026 03:25:41 AM [pe] [INFO ]  VARIATION API: creating variations for 52 samples
08/01/2026 03:25:41 AM [pe] [INFO ]  VARIATION API: finished creating variations for 52 samples
08/01/2026 03:25:41 AM [pe] [INFO ]  VARIATION API: creating variations for 52 samples
08/01/2026 03:25:41 AM [pe] [INFO ]  VARIATION API: finished creating variations for 52 samples
08/01/2026 03:25:41 AM [pe] [INFO ]  VARIATION API: creating variations for 52 samples
08/01/2026 03:25:41 AM [pe] [INFO ]  VARIATION API: finished creating variations for 52 samples
08/01/2026 03:25:41 AM [pe] [INFO ]  PE population: finished generating 52*3 next synthetic samples
08/01/2026 03:25:41 AM [pe] [INFO ]  Composite population: finished generating 52 next synthetic samples
08/01/2026 03:25:41 AM [pe] [INFO ]  Label 8
08/01/2026 03:25:41 AM [pe] [INFO ]  Histogram: computing nearest neighbors histogram for 8245 private samples and 1428 synthetic samples
08/01/2026 03:25:41 AM [pe] [INFO ]  Embedding: PE.EMBEDDING.TabularEmbedding already computed
08/01/2026 03:25:41 AM [pe] [INFO ]  Embedding: computing PE.EMBEDDING.TabularEmbedding for 1071/1428 samples
08/01/2026 03:25:41 AM [pe] [INFO ]  Embedding: finished computing PE.EMBEDDING.TabularEmbedding for 1071/1428 samples
08/01/2026 03:25:41 AM [pe] [INFO ]  Histogram: finished computing nearest neighbors histogram for 8245 private samples and 1428 synthetic samples
08/01/2026 03:25:41 AM [pe] [INFO ]  Composite population: generating 357 next synthetic samples
08/01/2026 03:25:41 AM [pe] [INFO ]  PE population: generating 357*3 next synthetic samples
08/01/2026 03:25:41 AM [pe] [INFO ]  VARIATION API: creating variations for 357 samples
08/01/2026 03:25:41 AM [pe] [INFO ]  VARIATION API: finished creating variations for 357 samples
08/01/2026 03:25:41 AM [pe] [INFO ]  VARIATION API: creating variations for 357 samples
08/01/2026 03:25:41 AM [pe] [INFO ]  VARIATION API: finished creating variations for 357 samples
08/01/2026 03:25:41 AM [pe] [INFO ]  VARIATION API: creating variations for 357 samples
08/01/2026 03:25:41 AM [pe] [INFO ]  VARIATION API: finished creating variations for 357 samples
08/01/2026 03:25:41 AM [pe] [INFO ]  PE population: finished generating 357*3 next synthetic samples
08/01/2026 03:25:41 AM [pe] [INFO ]  Composite population: finished generating 357 next synthetic samples
08/01/2026 03:25:41 AM [pe] [INFO ]  Label 9
08/01/2026 03:25:41 AM [pe] [INFO ]  Histogram: computing nearest neighbors histogram for 12853 private samples and 2228 synthetic samples
08/01/2026 03:25:41 AM [pe] [INFO ]  Embedding: PE.EMBEDDING.TabularEmbedding already computed
08/01/2026 03:25:41 AM [pe] [INFO ]  Embedding: computing PE.EMBEDDING.TabularEmbedding for 1671/2228 samples
08/01/2026 03:25:42 AM [pe] [INFO ]  Embedding: finished computing PE.EMBEDDING.TabularEmbedding for 1671/2228 samples
08/01/2026 03:25:42 AM [pe] [INFO ]  Histogram: finished computing nearest neighbors histogram for 12853 private samples and 2228 synthetic samples
08/01/2026 03:25:42 AM [pe] [INFO ]  Composite population: generating 557 next synthetic samples
08/01/2026 03:25:42 AM [pe] [INFO ]  PE population: generating 557*3 next synthetic samples
08/01/2026 03:25:42 AM [pe] [INFO ]  VARIATION API: creating variations for 557 samples
08/01/2026 03:25:42 AM [pe] [INFO ]  VARIATION API: finished creating variations for 557 samples
08/01/2026 03:25:42 AM [pe] [INFO ]  VARIATION API: creating variations for 557 samples
08/01/2026 03:25:42 AM [pe] [INFO ]  VARIATION API: finished creating variations for 557 samples
08/01/2026 03:25:42 AM [pe] [INFO ]  VARIATION API: creating variations for 557 samples
08/01/2026 03:25:42 AM [pe] [INFO ]  VARIATION API: finished creating variations for 557 samples
08/01/2026 03:25:42 AM [pe] [INFO ]  PE population: finished generating 557*3 next synthetic samples
08/01/2026 03:25:42 AM [pe] [INFO ]  Composite population: finished generating 557 next synthetic samples
08/01/2026 03:25:42 AM [pe] [INFO ]  Label 10
08/01/2026 03:25:42 AM [pe] [INFO ]  Histogram: computing nearest neighbors histogram for 967 private samples and 168 synthetic samples
08/01/2026 03:25:42 AM [pe] [INFO ]  Embedding: PE.EMBEDDING.TabularEmbedding already computed
08/01/2026 03:25:42 AM [pe] [INFO ]  Embedding: computing PE.EMBEDDING.TabularEmbedding for 126/168 samples
08/01/2026 03:25:42 AM [pe] [INFO ]  Embedding: finished computing PE.EMBEDDING.TabularEmbedding for 126/168 samples
08/01/2026 03:25:42 AM [pe] [INFO ]  Histogram: finished computing nearest neighbors histogram for 967 private samples and 168 synthetic samples
08/01/2026 03:25:42 AM [pe] [INFO ]  Composite population: generating 42 next synthetic samples
08/01/2026 03:25:42 AM [pe] [INFO ]  PE population: generating 42*3 next synthetic samples
08/01/2026 03:25:42 AM [pe] [INFO ]  VARIATION API: creating variations for 42 samples
08/01/2026 03:25:42 AM [pe] [INFO ]  VARIATION API: finished creating variations for 42 samples
08/01/2026 03:25:42 AM [pe] [INFO ]  VARIATION API: creating variations for 42 samples
08/01/2026 03:25:42 AM [pe] [INFO ]  VARIATION API: finished creating variations for 42 samples
08/01/2026 03:25:42 AM [pe] [INFO ]  VARIATION API: creating variations for 42 samples
08/01/2026 03:25:42 AM [pe] [INFO ]  VARIATION API: finished creating variations for 42 samples
08/01/2026 03:25:42 AM [pe] [INFO ]  PE population: finished generating 42*3 next synthetic samples
08/01/2026 03:25:42 AM [pe] [INFO ]  Composite population: finished generating 42 next synthetic samples
08/01/2026 03:25:42 AM [pe] [INFO ]  Saving the synthetic tabular data to a CSV file
08/01/2026 03:25:44 AM [pe] [INFO ]  Finished saving the synthetic tabular data to a CSV file
08/01/2026 03:25:44 AM [pe] [INFO ]  Evaluating tabular classifier
08/01/2026 03:25:44 AM [pe] [INFO ]  Number of samples after filtering: 5000
08/01/2026 03:45:26 AM [pe] [INFO ]  Tabular classifier test accuracy: 62.00%
08/01/2026 03:45:26 AM [pe] [INFO ]  Tabular classifier test (macro) F1 score: 33.69
08/01/2026 03:45:26 AM [pe] [INFO ]  Finished evaluating tabular classifier (tabular_classifier_tabicl_filter_{'PE.VARIATION_API_FOLD_ID':-1})
08/01/2026 03:45:26 AM [pe] [INFO ]  Computing 5way-WSD ({'PE.VARIATION_API_FOLD_ID':-1})
08/01/2026 03:45:26 AM [pe] [INFO ]  Number of samples after filtering: 5000
08/01/2026 03:46:47 AM [pe] [INFO ]  5way-wsd_2000samples_42seed_{'PE.VARIATION_API_FOLD_ID':-1}: 0.12874143
08/01/2026 03:46:47 AM [pe] [INFO ]  Finished computing 5way-WSD ({'PE.VARIATION_API_FOLD_ID':-1})
08/01/2026 03:46:47 AM [pe] [INFO ]  Computing 6way-WSD ({'PE.VARIATION_API_FOLD_ID':-1})
08/01/2026 03:46:47 AM [pe] [INFO ]  Number of samples after filtering: 5000
08/01/2026 03:47:30 AM [pe] [INFO ]  6way-wsd_2000samples_42seed_{'PE.VARIATION_API_FOLD_ID':-1}: 0.16724661
08/01/2026 03:47:30 AM [pe] [INFO ]  Finished computing 6way-WSD ({'PE.VARIATION_API_FOLD_ID':-1})
08/01/2026 03:47:30 AM [pe] [INFO ]  Computing 7way-WSD ({'PE.VARIATION_API_FOLD_ID':-1})
08/01/2026 03:47:30 AM [pe] [INFO ]  Number of samples after filtering: 5000
08/01/2026 03:47:43 AM [pe] [INFO ]  7way-wsd_2000samples_42seed_{'PE.VARIATION_API_FOLD_ID':-1}: 0.20431954
08/01/2026 03:47:43 AM [pe] [INFO ]  Finished computing 7way-WSD ({'PE.VARIATION_API_FOLD_ID':-1})
08/01/2026 03:47:43 AM [pe] [INFO ]  Iteration: 10
08/01/2026 03:47:43 AM [pe] [INFO ]  	tabular_classifier_tabicl_filter_{'PE.VARIATION_API_FOLD_ID':-1}_test_acc: 61.99603704
08/01/2026 03:47:43 AM [pe] [INFO ]  	tabular_classifier_tabicl_filter_{'PE.VARIATION_API_FOLD_ID':-1}_test_f1: 33.68850442
08/01/2026 03:47:43 AM [pe] [INFO ]  	5way-wsd_2000samples_42seed_{'PE.VARIATION_API_FOLD_ID':-1}: 0.12874143
08/01/2026 03:47:43 AM [pe] [INFO ]  	6way-wsd_2000samples_42seed_{'PE.VARIATION_API_FOLD_ID':-1}: 0.16724661
08/01/2026 03:47:43 AM [pe] [INFO ]  	7way-wsd_2000samples_42seed_{'PE.VARIATION_API_FOLD_ID':-1}: 0.20431954
08/01/2026 03:47:43 AM [pe] [INFO ]  PE iteration 11
08/01/2026 03:47:43 AM [pe] [WARNI]  fraction_per_label_id is not provided. Assuming the fraction of label ids in private data is public information.
08/01/2026 03:47:43 AM [pe] [INFO ]  Label 0
08/01/2026 03:47:43 AM [pe] [INFO ]  Histogram: computing nearest neighbors histogram for 2081 private samples and 360 synthetic samples
08/01/2026 03:47:43 AM [pe] [INFO ]  Embedding: PE.EMBEDDING.TabularEmbedding already computed
08/01/2026 03:47:43 AM [pe] [INFO ]  Embedding: computing PE.EMBEDDING.TabularEmbedding for 270/360 samples
08/01/2026 03:47:43 AM [pe] [INFO ]  Embedding: finished computing PE.EMBEDDING.TabularEmbedding for 270/360 samples
08/01/2026 03:47:43 AM [pe] [INFO ]  Histogram: finished computing nearest neighbors histogram for 2081 private samples and 360 synthetic samples
08/01/2026 03:47:43 AM [pe] [INFO ]  Composite population: generating 90 next synthetic samples
08/01/2026 03:47:43 AM [pe] [INFO ]  PE population: generating 90*3 next synthetic samples
08/01/2026 03:47:43 AM [pe] [INFO ]  VARIATION API: creating variations for 90 samples
08/01/2026 03:47:43 AM [pe] [INFO ]  VARIATION API: finished creating variations for 90 samples
08/01/2026 03:47:43 AM [pe] [INFO ]  VARIATION API: creating variations for 90 samples
08/01/2026 03:47:43 AM [pe] [INFO ]  VARIATION API: finished creating variations for 90 samples
08/01/2026 03:47:43 AM [pe] [INFO ]  VARIATION API: creating variations for 90 samples
08/01/2026 03:47:43 AM [pe] [INFO ]  VARIATION API: finished creating variations for 90 samples
08/01/2026 03:47:43 AM [pe] [INFO ]  PE population: finished generating 90*3 next synthetic samples
08/01/2026 03:47:43 AM [pe] [INFO ]  Composite population: finished generating 90 next synthetic samples
08/01/2026 03:47:43 AM [pe] [INFO ]  Label 1
08/01/2026 03:47:43 AM [pe] [INFO ]  Histogram: computing nearest neighbors histogram for 1993 private samples and 348 synthetic samples
08/01/2026 03:47:43 AM [pe] [INFO ]  Embedding: PE.EMBEDDING.TabularEmbedding already computed
08/01/2026 03:47:43 AM [pe] [INFO ]  Embedding: computing PE.EMBEDDING.TabularEmbedding for 261/348 samples
08/01/2026 03:47:43 AM [pe] [INFO ]  Embedding: finished computing PE.EMBEDDING.TabularEmbedding for 261/348 samples
08/01/2026 03:47:43 AM [pe] [INFO ]  Histogram: finished computing nearest neighbors histogram for 1993 private samples and 348 synthetic samples
08/01/2026 03:47:43 AM [pe] [INFO ]  Composite population: generating 87 next synthetic samples
08/01/2026 03:47:43 AM [pe] [INFO ]  PE population: generating 87*3 next synthetic samples
08/01/2026 03:47:43 AM [pe] [INFO ]  VARIATION API: creating variations for 87 samples
08/01/2026 03:47:43 AM [pe] [INFO ]  VARIATION API: finished creating variations for 87 samples
08/01/2026 03:47:43 AM [pe] [INFO ]  VARIATION API: creating variations for 87 samples
08/01/2026 03:47:43 AM [pe] [INFO ]  VARIATION API: finished creating variations for 87 samples
08/01/2026 03:47:43 AM [pe] [INFO ]  VARIATION API: creating variations for 87 samples
08/01/2026 03:47:43 AM [pe] [INFO ]  VARIATION API: finished creating variations for 87 samples
08/01/2026 03:47:43 AM [pe] [INFO ]  PE population: finished generating 87*3 next synthetic samples
08/01/2026 03:47:43 AM [pe] [INFO ]  Composite population: finished generating 87 next synthetic samples
08/01/2026 03:47:43 AM [pe] [INFO ]  Label 2
08/01/2026 03:47:43 AM [pe] [INFO ]  Histogram: computing nearest neighbors histogram for 22897 private samples and 3968 synthetic samples
08/01/2026 03:47:43 AM [pe] [INFO ]  Embedding: PE.EMBEDDING.TabularEmbedding already computed
08/01/2026 03:47:43 AM [pe] [INFO ]  Embedding: computing PE.EMBEDDING.TabularEmbedding for 2976/3968 samples
08/01/2026 03:47:43 AM [pe] [INFO ]  Embedding: finished computing PE.EMBEDDING.TabularEmbedding for 2976/3968 samples
08/01/2026 03:47:44 AM [pe] [INFO ]  Histogram: finished computing nearest neighbors histogram for 22897 private samples and 3968 synthetic samples
08/01/2026 03:47:44 AM [pe] [INFO ]  Composite population: generating 992 next synthetic samples
08/01/2026 03:47:44 AM [pe] [INFO ]  PE population: generating 992*3 next synthetic samples
08/01/2026 03:47:44 AM [pe] [INFO ]  VARIATION API: creating variations for 992 samples
08/01/2026 03:47:44 AM [pe] [INFO ]  VARIATION API: finished creating variations for 992 samples
08/01/2026 03:47:44 AM [pe] [INFO ]  VARIATION API: creating variations for 992 samples
08/01/2026 03:47:44 AM [pe] [INFO ]  VARIATION API: finished creating variations for 992 samples
08/01/2026 03:47:44 AM [pe] [INFO ]  VARIATION API: creating variations for 992 samples
08/01/2026 03:47:44 AM [pe] [INFO ]  VARIATION API: finished creating variations for 992 samples
08/01/2026 03:47:44 AM [pe] [INFO ]  PE population: finished generating 992*3 next synthetic samples
08/01/2026 03:47:44 AM [pe] [INFO ]  Composite population: finished generating 992 next synthetic samples
08/01/2026 03:47:44 AM [pe] [INFO ]  Label 3
08/01/2026 03:47:44 AM [pe] [INFO ]  Histogram: computing nearest neighbors histogram for 38136 private samples and 6608 synthetic samples
08/01/2026 03:47:44 AM [pe] [INFO ]  Embedding: PE.EMBEDDING.TabularEmbedding already computed
08/01/2026 03:47:44 AM [pe] [INFO ]  Embedding: computing PE.EMBEDDING.TabularEmbedding for 4956/6608 samples
08/01/2026 03:47:44 AM [pe] [INFO ]  Embedding: finished computing PE.EMBEDDING.TabularEmbedding for 4956/6608 samples
08/01/2026 03:47:45 AM [pe] [INFO ]  Histogram: finished computing nearest neighbors histogram for 38136 private samples and 6608 synthetic samples
08/01/2026 03:47:45 AM [pe] [INFO ]  Composite population: generating 1652 next synthetic samples
08/01/2026 03:47:45 AM [pe] [INFO ]  PE population: generating 1652*3 next synthetic samples
08/01/2026 03:47:45 AM [pe] [INFO ]  VARIATION API: creating variations for 1652 samples
08/01/2026 03:47:45 AM [pe] [INFO ]  VARIATION API: finished creating variations for 1652 samples
08/01/2026 03:47:45 AM [pe] [INFO ]  VARIATION API: creating variations for 1652 samples
08/01/2026 03:47:45 AM [pe] [INFO ]  VARIATION API: finished creating variations for 1652 samples
08/01/2026 03:47:45 AM [pe] [INFO ]  VARIATION API: creating variations for 1652 samples
08/01/2026 03:47:45 AM [pe] [INFO ]  VARIATION API: finished creating variations for 1652 samples
08/01/2026 03:47:45 AM [pe] [INFO ]  PE population: finished generating 1652*3 next synthetic samples
08/01/2026 03:47:45 AM [pe] [INFO ]  Composite population: finished generating 1652 next synthetic samples
08/01/2026 03:47:45 AM [pe] [INFO ]  Label 4
08/01/2026 03:47:45 AM [pe] [INFO ]  Histogram: computing nearest neighbors histogram for 4318 private samples and 748 synthetic samples
08/01/2026 03:47:45 AM [pe] [INFO ]  Embedding: PE.EMBEDDING.TabularEmbedding already computed
08/01/2026 03:47:45 AM [pe] [INFO ]  Embedding: computing PE.EMBEDDING.TabularEmbedding for 561/748 samples
08/01/2026 03:47:45 AM [pe] [INFO ]  Embedding: finished computing PE.EMBEDDING.TabularEmbedding for 561/748 samples
08/01/2026 03:47:45 AM [pe] [INFO ]  Histogram: finished computing nearest neighbors histogram for 4318 private samples and 748 synthetic samples
08/01/2026 03:47:45 AM [pe] [INFO ]  Composite population: generating 187 next synthetic samples
08/01/2026 03:47:45 AM [pe] [INFO ]  PE population: generating 187*3 next synthetic samples
08/01/2026 03:47:45 AM [pe] [INFO ]  VARIATION API: creating variations for 187 samples
08/01/2026 03:47:45 AM [pe] [INFO ]  VARIATION API: finished creating variations for 187 samples
08/01/2026 03:47:45 AM [pe] [INFO ]  VARIATION API: creating variations for 187 samples
08/01/2026 03:47:45 AM [pe] [INFO ]  VARIATION API: finished creating variations for 187 samples
08/01/2026 03:47:45 AM [pe] [INFO ]  VARIATION API: creating variations for 187 samples
08/01/2026 03:47:45 AM [pe] [INFO ]  VARIATION API: finished creating variations for 187 samples
08/01/2026 03:47:45 AM [pe] [INFO ]  PE population: finished generating 187*3 next synthetic samples
08/01/2026 03:47:45 AM [pe] [INFO ]  Composite population: finished generating 187 next synthetic samples
08/01/2026 03:47:45 AM [pe] [INFO ]  Label 5
08/01/2026 03:47:45 AM [pe] [INFO ]  Histogram: computing nearest neighbors histogram for 3647 private samples and 632 synthetic samples
08/01/2026 03:47:45 AM [pe] [INFO ]  Embedding: PE.EMBEDDING.TabularEmbedding already computed
08/01/2026 03:47:45 AM [pe] [INFO ]  Embedding: computing PE.EMBEDDING.TabularEmbedding for 474/632 samples
08/01/2026 03:47:45 AM [pe] [INFO ]  Embedding: finished computing PE.EMBEDDING.TabularEmbedding for 474/632 samples
08/01/2026 03:47:45 AM [pe] [INFO ]  Histogram: finished computing nearest neighbors histogram for 3647 private samples and 632 synthetic samples
08/01/2026 03:47:45 AM [pe] [INFO ]  Composite population: generating 158 next synthetic samples
08/01/2026 03:47:45 AM [pe] [INFO ]  PE population: generating 158*3 next synthetic samples
08/01/2026 03:47:45 AM [pe] [INFO ]  VARIATION API: creating variations for 158 samples
08/01/2026 03:47:45 AM [pe] [INFO ]  VARIATION API: finished creating variations for 158 samples
08/01/2026 03:47:45 AM [pe] [INFO ]  VARIATION API: creating variations for 158 samples
08/01/2026 03:47:45 AM [pe] [INFO ]  VARIATION API: finished creating variations for 158 samples
08/01/2026 03:47:45 AM [pe] [INFO ]  VARIATION API: creating variations for 158 samples
08/01/2026 03:47:45 AM [pe] [INFO ]  VARIATION API: finished creating variations for 158 samples
08/01/2026 03:47:45 AM [pe] [INFO ]  PE population: finished generating 158*3 next synthetic samples
08/01/2026 03:47:45 AM [pe] [INFO ]  Composite population: finished generating 158 next synthetic samples
08/01/2026 03:47:45 AM [pe] [INFO ]  Label 6
08/01/2026 03:47:45 AM [pe] [INFO ]  Histogram: computing nearest neighbors histogram for 19071 private samples and 3304 synthetic samples
08/01/2026 03:47:45 AM [pe] [INFO ]  Embedding: PE.EMBEDDING.TabularEmbedding already computed
08/01/2026 03:47:45 AM [pe] [INFO ]  Embedding: computing PE.EMBEDDING.TabularEmbedding for 2478/3304 samples
08/01/2026 03:47:45 AM [pe] [INFO ]  Embedding: finished computing PE.EMBEDDING.TabularEmbedding for 2478/3304 samples
08/01/2026 03:47:45 AM [pe] [INFO ]  Histogram: finished computing nearest neighbors histogram for 19071 private samples and 3304 synthetic samples
08/01/2026 03:47:45 AM [pe] [INFO ]  Composite population: generating 826 next synthetic samples
08/01/2026 03:47:45 AM [pe] [INFO ]  PE population: generating 826*3 next synthetic samples
08/01/2026 03:47:45 AM [pe] [INFO ]  VARIATION API: creating variations for 826 samples
08/01/2026 03:47:45 AM [pe] [INFO ]  VARIATION API: finished creating variations for 826 samples
08/01/2026 03:47:45 AM [pe] [INFO ]  VARIATION API: creating variations for 826 samples
08/01/2026 03:47:45 AM [pe] [INFO ]  VARIATION API: finished creating variations for 826 samples
08/01/2026 03:47:45 AM [pe] [INFO ]  VARIATION API: creating variations for 826 samples
08/01/2026 03:47:45 AM [pe] [INFO ]  VARIATION API: finished creating variations for 826 samples
08/01/2026 03:47:46 AM [pe] [INFO ]  PE population: finished generating 826*3 next synthetic samples
08/01/2026 03:47:46 AM [pe] [INFO ]  Composite population: finished generating 826 next synthetic samples
08/01/2026 03:47:46 AM [pe] [INFO ]  Label 7
08/01/2026 03:47:46 AM [pe] [INFO ]  Histogram: computing nearest neighbors histogram for 1194 private samples and 208 synthetic samples
08/01/2026 03:47:46 AM [pe] [INFO ]  Embedding: PE.EMBEDDING.TabularEmbedding already computed
08/01/2026 03:47:46 AM [pe] [INFO ]  Embedding: computing PE.EMBEDDING.TabularEmbedding for 156/208 samples
08/01/2026 03:47:46 AM [pe] [INFO ]  Embedding: finished computing PE.EMBEDDING.TabularEmbedding for 156/208 samples
08/01/2026 03:47:46 AM [pe] [INFO ]  Histogram: finished computing nearest neighbors histogram for 1194 private samples and 208 synthetic samples
08/01/2026 03:47:46 AM [pe] [INFO ]  Composite population: generating 52 next synthetic samples
08/01/2026 03:47:46 AM [pe] [INFO ]  PE population: generating 52*3 next synthetic samples
08/01/2026 03:47:46 AM [pe] [INFO ]  VARIATION API: creating variations for 52 samples
08/01/2026 03:47:46 AM [pe] [INFO ]  VARIATION API: finished creating variations for 52 samples
08/01/2026 03:47:46 AM [pe] [INFO ]  VARIATION API: creating variations for 52 samples
08/01/2026 03:47:46 AM [pe] [INFO ]  VARIATION API: finished creating variations for 52 samples
08/01/2026 03:47:46 AM [pe] [INFO ]  VARIATION API: creating variations for 52 samples
08/01/2026 03:47:46 AM [pe] [INFO ]  VARIATION API: finished creating variations for 52 samples
08/01/2026 03:47:46 AM [pe] [INFO ]  PE population: finished generating 52*3 next synthetic samples
08/01/2026 03:47:46 AM [pe] [INFO ]  Composite population: finished generating 52 next synthetic samples
08/01/2026 03:47:46 AM [pe] [INFO ]  Label 8
08/01/2026 03:47:46 AM [pe] [INFO ]  Histogram: computing nearest neighbors histogram for 8245 private samples and 1428 synthetic samples
08/01/2026 03:47:46 AM [pe] [INFO ]  Embedding: PE.EMBEDDING.TabularEmbedding already computed
08/01/2026 03:47:46 AM [pe] [INFO ]  Embedding: computing PE.EMBEDDING.TabularEmbedding for 1071/1428 samples
08/01/2026 03:47:46 AM [pe] [INFO ]  Embedding: finished computing PE.EMBEDDING.TabularEmbedding for 1071/1428 samples
08/01/2026 03:47:46 AM [pe] [INFO ]  Histogram: finished computing nearest neighbors histogram for 8245 private samples and 1428 synthetic samples
08/01/2026 03:47:46 AM [pe] [INFO ]  Composite population: generating 357 next synthetic samples
08/01/2026 03:47:46 AM [pe] [INFO ]  PE population: generating 357*3 next synthetic samples
08/01/2026 03:47:46 AM [pe] [INFO ]  VARIATION API: creating variations for 357 samples
08/01/2026 03:47:46 AM [pe] [INFO ]  VARIATION API: finished creating variations for 357 samples
08/01/2026 03:47:46 AM [pe] [INFO ]  VARIATION API: creating variations for 357 samples
08/01/2026 03:47:46 AM [pe] [INFO ]  VARIATION API: finished creating variations for 357 samples
08/01/2026 03:47:46 AM [pe] [INFO ]  VARIATION API: creating variations for 357 samples
08/01/2026 03:47:46 AM [pe] [INFO ]  VARIATION API: finished creating variations for 357 samples
08/01/2026 03:47:46 AM [pe] [INFO ]  PE population: finished generating 357*3 next synthetic samples
08/01/2026 03:47:46 AM [pe] [INFO ]  Composite population: finished generating 357 next synthetic samples
08/01/2026 03:47:46 AM [pe] [INFO ]  Label 9
08/01/2026 03:47:46 AM [pe] [INFO ]  Histogram: computing nearest neighbors histogram for 12853 private samples and 2228 synthetic samples
08/01/2026 03:47:46 AM [pe] [INFO ]  Embedding: PE.EMBEDDING.TabularEmbedding already computed
08/01/2026 03:47:46 AM [pe] [INFO ]  Embedding: computing PE.EMBEDDING.TabularEmbedding for 1671/2228 samples
08/01/2026 03:47:46 AM [pe] [INFO ]  Embedding: finished computing PE.EMBEDDING.TabularEmbedding for 1671/2228 samples
08/01/2026 03:47:46 AM [pe] [INFO ]  Histogram: finished computing nearest neighbors histogram for 12853 private samples and 2228 synthetic samples
08/01/2026 03:47:46 AM [pe] [INFO ]  Composite population: generating 557 next synthetic samples
08/01/2026 03:47:46 AM [pe] [INFO ]  PE population: generating 557*3 next synthetic samples
08/01/2026 03:47:46 AM [pe] [INFO ]  VARIATION API: creating variations for 557 samples
08/01/2026 03:47:46 AM [pe] [INFO ]  VARIATION API: finished creating variations for 557 samples
08/01/2026 03:47:46 AM [pe] [INFO ]  VARIATION API: creating variations for 557 samples
08/01/2026 03:47:46 AM [pe] [INFO ]  VARIATION API: finished creating variations for 557 samples
08/01/2026 03:47:46 AM [pe] [INFO ]  VARIATION API: creating variations for 557 samples
08/01/2026 03:47:46 AM [pe] [INFO ]  VARIATION API: finished creating variations for 557 samples
08/01/2026 03:47:46 AM [pe] [INFO ]  PE population: finished generating 557*3 next synthetic samples
08/01/2026 03:47:46 AM [pe] [INFO ]  Composite population: finished generating 557 next synthetic samples
08/01/2026 03:47:46 AM [pe] [INFO ]  Label 10
08/01/2026 03:47:46 AM [pe] [INFO ]  Histogram: computing nearest neighbors histogram for 967 private samples and 168 synthetic samples
08/01/2026 03:47:46 AM [pe] [INFO ]  Embedding: PE.EMBEDDING.TabularEmbedding already computed
08/01/2026 03:47:46 AM [pe] [INFO ]  Embedding: computing PE.EMBEDDING.TabularEmbedding for 126/168 samples
08/01/2026 03:47:46 AM [pe] [INFO ]  Embedding: finished computing PE.EMBEDDING.TabularEmbedding for 126/168 samples
08/01/2026 03:47:46 AM [pe] [INFO ]  Histogram: finished computing nearest neighbors histogram for 967 private samples and 168 synthetic samples
08/01/2026 03:47:46 AM [pe] [INFO ]  Composite population: generating 42 next synthetic samples
08/01/2026 03:47:46 AM [pe] [INFO ]  PE population: generating 42*3 next synthetic samples
08/01/2026 03:47:46 AM [pe] [INFO ]  VARIATION API: creating variations for 42 samples
08/01/2026 03:47:46 AM [pe] [INFO ]  VARIATION API: finished creating variations for 42 samples
08/01/2026 03:47:46 AM [pe] [INFO ]  VARIATION API: creating variations for 42 samples
08/01/2026 03:47:46 AM [pe] [INFO ]  VARIATION API: finished creating variations for 42 samples
08/01/2026 03:47:46 AM [pe] [INFO ]  VARIATION API: creating variations for 42 samples
08/01/2026 03:47:46 AM [pe] [INFO ]  VARIATION API: finished creating variations for 42 samples
08/01/2026 03:47:46 AM [pe] [INFO ]  PE population: finished generating 42*3 next synthetic samples
08/01/2026 03:47:46 AM [pe] [INFO ]  Composite population: finished generating 42 next synthetic samples
08/01/2026 03:47:46 AM [pe] [INFO ]  Saving the synthetic tabular data to a CSV file
08/01/2026 03:47:49 AM [pe] [INFO ]  Finished saving the synthetic tabular data to a CSV file
08/01/2026 03:47:49 AM [pe] [INFO ]  Evaluating tabular classifier
08/01/2026 03:47:49 AM [pe] [INFO ]  Number of samples after filtering: 5000
08/01/2026 04:07:34 AM [pe] [INFO ]  Tabular classifier test accuracy: 62.72%
08/01/2026 04:07:34 AM [pe] [INFO ]  Tabular classifier test (macro) F1 score: 34.15
08/01/2026 04:07:34 AM [pe] [INFO ]  Finished evaluating tabular classifier (tabular_classifier_tabicl_filter_{'PE.VARIATION_API_FOLD_ID':-1})
08/01/2026 04:07:34 AM [pe] [INFO ]  Computing 5way-WSD ({'PE.VARIATION_API_FOLD_ID':-1})
08/01/2026 04:07:34 AM [pe] [INFO ]  Number of samples after filtering: 5000
08/01/2026 04:08:56 AM [pe] [INFO ]  5way-wsd_2000samples_42seed_{'PE.VARIATION_API_FOLD_ID':-1}: 0.12424214
08/01/2026 04:08:56 AM [pe] [INFO ]  Finished computing 5way-WSD ({'PE.VARIATION_API_FOLD_ID':-1})
08/01/2026 04:08:56 AM [pe] [INFO ]  Computing 6way-WSD ({'PE.VARIATION_API_FOLD_ID':-1})
08/01/2026 04:08:56 AM [pe] [INFO ]  Number of samples after filtering: 5000
08/01/2026 04:09:39 AM [pe] [INFO ]  6way-wsd_2000samples_42seed_{'PE.VARIATION_API_FOLD_ID':-1}: 0.16224083
08/01/2026 04:09:39 AM [pe] [INFO ]  Finished computing 6way-WSD ({'PE.VARIATION_API_FOLD_ID':-1})
08/01/2026 04:09:39 AM [pe] [INFO ]  Computing 7way-WSD ({'PE.VARIATION_API_FOLD_ID':-1})
08/01/2026 04:09:39 AM [pe] [INFO ]  Number of samples after filtering: 5000
08/01/2026 04:09:52 AM [pe] [INFO ]  7way-wsd_2000samples_42seed_{'PE.VARIATION_API_FOLD_ID':-1}: 0.19922461
08/01/2026 04:09:52 AM [pe] [INFO ]  Finished computing 7way-WSD ({'PE.VARIATION_API_FOLD_ID':-1})
08/01/2026 04:09:52 AM [pe] [INFO ]  Iteration: 11
08/01/2026 04:09:52 AM [pe] [INFO ]  	tabular_classifier_tabicl_filter_{'PE.VARIATION_API_FOLD_ID':-1}_test_acc: 62.71988354
08/01/2026 04:09:52 AM [pe] [INFO ]  	tabular_classifier_tabicl_filter_{'PE.VARIATION_API_FOLD_ID':-1}_test_f1: 34.14930493
08/01/2026 04:09:52 AM [pe] [INFO ]  	5way-wsd_2000samples_42seed_{'PE.VARIATION_API_FOLD_ID':-1}: 0.12424214
08/01/2026 04:09:52 AM [pe] [INFO ]  	6way-wsd_2000samples_42seed_{'PE.VARIATION_API_FOLD_ID':-1}: 0.16224083
08/01/2026 04:09:52 AM [pe] [INFO ]  	7way-wsd_2000samples_42seed_{'PE.VARIATION_API_FOLD_ID':-1}: 0.19922461
08/01/2026 04:09:52 AM [pe] [INFO ]  PE iteration 12
08/01/2026 04:09:52 AM [pe] [WARNI]  fraction_per_label_id is not provided. Assuming the fraction of label ids in private data is public information.
08/01/2026 04:09:52 AM [pe] [INFO ]  Label 0
08/01/2026 04:09:52 AM [pe] [INFO ]  Histogram: computing nearest neighbors histogram for 2081 private samples and 360 synthetic samples
08/01/2026 04:09:52 AM [pe] [INFO ]  Embedding: PE.EMBEDDING.TabularEmbedding already computed
08/01/2026 04:09:52 AM [pe] [INFO ]  Embedding: computing PE.EMBEDDING.TabularEmbedding for 270/360 samples
08/01/2026 04:09:52 AM [pe] [INFO ]  Embedding: finished computing PE.EMBEDDING.TabularEmbedding for 270/360 samples
08/01/2026 04:09:52 AM [pe] [INFO ]  Histogram: finished computing nearest neighbors histogram for 2081 private samples and 360 synthetic samples
08/01/2026 04:09:52 AM [pe] [INFO ]  Composite population: generating 90 next synthetic samples
08/01/2026 04:09:52 AM [pe] [INFO ]  PE population: generating 90*3 next synthetic samples
08/01/2026 04:09:52 AM [pe] [INFO ]  VARIATION API: creating variations for 90 samples
08/01/2026 04:09:53 AM [pe] [INFO ]  VARIATION API: finished creating variations for 90 samples
08/01/2026 04:09:53 AM [pe] [INFO ]  VARIATION API: creating variations for 90 samples
08/01/2026 04:09:53 AM [pe] [INFO ]  VARIATION API: finished creating variations for 90 samples
08/01/2026 04:09:53 AM [pe] [INFO ]  VARIATION API: creating variations for 90 samples
08/01/2026 04:09:53 AM [pe] [INFO ]  VARIATION API: finished creating variations for 90 samples
08/01/2026 04:09:53 AM [pe] [INFO ]  PE population: finished generating 90*3 next synthetic samples
08/01/2026 04:09:53 AM [pe] [INFO ]  Composite population: finished generating 90 next synthetic samples
08/01/2026 04:09:53 AM [pe] [INFO ]  Label 1
08/01/2026 04:09:53 AM [pe] [INFO ]  Histogram: computing nearest neighbors histogram for 1993 private samples and 348 synthetic samples
08/01/2026 04:09:53 AM [pe] [INFO ]  Embedding: PE.EMBEDDING.TabularEmbedding already computed
08/01/2026 04:09:53 AM [pe] [INFO ]  Embedding: computing PE.EMBEDDING.TabularEmbedding for 261/348 samples
08/01/2026 04:09:53 AM [pe] [INFO ]  Embedding: finished computing PE.EMBEDDING.TabularEmbedding for 261/348 samples
08/01/2026 04:09:53 AM [pe] [INFO ]  Histogram: finished computing nearest neighbors histogram for 1993 private samples and 348 synthetic samples
08/01/2026 04:09:53 AM [pe] [INFO ]  Composite population: generating 87 next synthetic samples
08/01/2026 04:09:53 AM [pe] [INFO ]  PE population: generating 87*3 next synthetic samples
08/01/2026 04:09:53 AM [pe] [INFO ]  VARIATION API: creating variations for 87 samples
08/01/2026 04:09:53 AM [pe] [INFO ]  VARIATION API: finished creating variations for 87 samples
08/01/2026 04:09:53 AM [pe] [INFO ]  VARIATION API: creating variations for 87 samples
08/01/2026 04:09:53 AM [pe] [INFO ]  VARIATION API: finished creating variations for 87 samples
08/01/2026 04:09:53 AM [pe] [INFO ]  VARIATION API: creating variations for 87 samples
08/01/2026 04:09:53 AM [pe] [INFO ]  VARIATION API: finished creating variations for 87 samples
08/01/2026 04:09:53 AM [pe] [INFO ]  PE population: finished generating 87*3 next synthetic samples
08/01/2026 04:09:53 AM [pe] [INFO ]  Composite population: finished generating 87 next synthetic samples
08/01/2026 04:09:53 AM [pe] [INFO ]  Label 2
08/01/2026 04:09:53 AM [pe] [INFO ]  Histogram: computing nearest neighbors histogram for 22897 private samples and 3968 synthetic samples
08/01/2026 04:09:53 AM [pe] [INFO ]  Embedding: PE.EMBEDDING.TabularEmbedding already computed
08/01/2026 04:09:53 AM [pe] [INFO ]  Embedding: computing PE.EMBEDDING.TabularEmbedding for 2976/3968 samples
08/01/2026 04:09:53 AM [pe] [INFO ]  Embedding: finished computing PE.EMBEDDING.TabularEmbedding for 2976/3968 samples
08/01/2026 04:09:53 AM [pe] [INFO ]  Histogram: finished computing nearest neighbors histogram for 22897 private samples and 3968 synthetic samples
08/01/2026 04:09:53 AM [pe] [INFO ]  Composite population: generating 992 next synthetic samples
08/01/2026 04:09:53 AM [pe] [INFO ]  PE population: generating 992*3 next synthetic samples
08/01/2026 04:09:53 AM [pe] [INFO ]  VARIATION API: creating variations for 992 samples
08/01/2026 04:09:53 AM [pe] [INFO ]  VARIATION API: finished creating variations for 992 samples
08/01/2026 04:09:53 AM [pe] [INFO ]  VARIATION API: creating variations for 992 samples
08/01/2026 04:09:53 AM [pe] [INFO ]  VARIATION API: finished creating variations for 992 samples
08/01/2026 04:09:53 AM [pe] [INFO ]  VARIATION API: creating variations for 992 samples
08/01/2026 04:09:53 AM [pe] [INFO ]  VARIATION API: finished creating variations for 992 samples
08/01/2026 04:09:53 AM [pe] [INFO ]  PE population: finished generating 992*3 next synthetic samples
08/01/2026 04:09:53 AM [pe] [INFO ]  Composite population: finished generating 992 next synthetic samples
08/01/2026 04:09:53 AM [pe] [INFO ]  Label 3
08/01/2026 04:09:53 AM [pe] [INFO ]  Histogram: computing nearest neighbors histogram for 38136 private samples and 6608 synthetic samples
08/01/2026 04:09:53 AM [pe] [INFO ]  Embedding: PE.EMBEDDING.TabularEmbedding already computed
08/01/2026 04:09:53 AM [pe] [INFO ]  Embedding: computing PE.EMBEDDING.TabularEmbedding for 4956/6608 samples
08/01/2026 04:09:53 AM [pe] [INFO ]  Embedding: finished computing PE.EMBEDDING.TabularEmbedding for 4956/6608 samples
08/01/2026 04:09:54 AM [pe] [INFO ]  Histogram: finished computing nearest neighbors histogram for 38136 private samples and 6608 synthetic samples
08/01/2026 04:09:54 AM [pe] [INFO ]  Composite population: generating 1652 next synthetic samples
08/01/2026 04:09:54 AM [pe] [INFO ]  PE population: generating 1652*3 next synthetic samples
08/01/2026 04:09:54 AM [pe] [INFO ]  VARIATION API: creating variations for 1652 samples
08/01/2026 04:09:54 AM [pe] [INFO ]  VARIATION API: finished creating variations for 1652 samples
08/01/2026 04:09:54 AM [pe] [INFO ]  VARIATION API: creating variations for 1652 samples
08/01/2026 04:09:54 AM [pe] [INFO ]  VARIATION API: finished creating variations for 1652 samples
08/01/2026 04:09:54 AM [pe] [INFO ]  VARIATION API: creating variations for 1652 samples
08/01/2026 04:09:55 AM [pe] [INFO ]  VARIATION API: finished creating variations for 1652 samples
08/01/2026 04:09:55 AM [pe] [INFO ]  PE population: finished generating 1652*3 next synthetic samples
08/01/2026 04:09:55 AM [pe] [INFO ]  Composite population: finished generating 1652 next synthetic samples
08/01/2026 04:09:55 AM [pe] [INFO ]  Label 4
08/01/2026 04:09:55 AM [pe] [INFO ]  Histogram: computing nearest neighbors histogram for 4318 private samples and 748 synthetic samples
08/01/2026 04:09:55 AM [pe] [INFO ]  Embedding: PE.EMBEDDING.TabularEmbedding already computed
08/01/2026 04:09:55 AM [pe] [INFO ]  Embedding: computing PE.EMBEDDING.TabularEmbedding for 561/748 samples
08/01/2026 04:09:55 AM [pe] [INFO ]  Embedding: finished computing PE.EMBEDDING.TabularEmbedding for 561/748 samples
08/01/2026 04:09:55 AM [pe] [INFO ]  Histogram: finished computing nearest neighbors histogram for 4318 private samples and 748 synthetic samples
08/01/2026 04:09:55 AM [pe] [INFO ]  Composite population: generating 187 next synthetic samples
08/01/2026 04:09:55 AM [pe] [INFO ]  PE population: generating 187*3 next synthetic samples
08/01/2026 04:09:55 AM [pe] [INFO ]  VARIATION API: creating variations for 187 samples
08/01/2026 04:09:55 AM [pe] [INFO ]  VARIATION API: finished creating variations for 187 samples
08/01/2026 04:09:55 AM [pe] [INFO ]  VARIATION API: creating variations for 187 samples
08/01/2026 04:09:55 AM [pe] [INFO ]  VARIATION API: finished creating variations for 187 samples
08/01/2026 04:09:55 AM [pe] [INFO ]  VARIATION API: creating variations for 187 samples
08/01/2026 04:09:55 AM [pe] [INFO ]  VARIATION API: finished creating variations for 187 samples
08/01/2026 04:09:55 AM [pe] [INFO ]  PE population: finished generating 187*3 next synthetic samples
08/01/2026 04:09:55 AM [pe] [INFO ]  Composite population: finished generating 187 next synthetic samples
08/01/2026 04:09:55 AM [pe] [INFO ]  Label 5
08/01/2026 04:09:55 AM [pe] [INFO ]  Histogram: computing nearest neighbors histogram for 3647 private samples and 632 synthetic samples
08/01/2026 04:09:55 AM [pe] [INFO ]  Embedding: PE.EMBEDDING.TabularEmbedding already computed
08/01/2026 04:09:55 AM [pe] [INFO ]  Embedding: computing PE.EMBEDDING.TabularEmbedding for 474/632 samples
08/01/2026 04:09:55 AM [pe] [INFO ]  Embedding: finished computing PE.EMBEDDING.TabularEmbedding for 474/632 samples
08/01/2026 04:09:55 AM [pe] [INFO ]  Histogram: finished computing nearest neighbors histogram for 3647 private samples and 632 synthetic samples
08/01/2026 04:09:55 AM [pe] [INFO ]  Composite population: generating 158 next synthetic samples
08/01/2026 04:09:55 AM [pe] [INFO ]  PE population: generating 158*3 next synthetic samples
08/01/2026 04:09:55 AM [pe] [INFO ]  VARIATION API: creating variations for 158 samples
08/01/2026 04:09:55 AM [pe] [INFO ]  VARIATION API: finished creating variations for 158 samples
08/01/2026 04:09:55 AM [pe] [INFO ]  VARIATION API: creating variations for 158 samples
08/01/2026 04:09:55 AM [pe] [INFO ]  VARIATION API: finished creating variations for 158 samples
08/01/2026 04:09:55 AM [pe] [INFO ]  VARIATION API: creating variations for 158 samples
08/01/2026 04:09:55 AM [pe] [INFO ]  VARIATION API: finished creating variations for 158 samples
08/01/2026 04:09:55 AM [pe] [INFO ]  PE population: finished generating 158*3 next synthetic samples
08/01/2026 04:09:55 AM [pe] [INFO ]  Composite population: finished generating 158 next synthetic samples
08/01/2026 04:09:55 AM [pe] [INFO ]  Label 6
08/01/2026 04:09:55 AM [pe] [INFO ]  Histogram: computing nearest neighbors histogram for 19071 private samples and 3304 synthetic samples
08/01/2026 04:09:55 AM [pe] [INFO ]  Embedding: PE.EMBEDDING.TabularEmbedding already computed
08/01/2026 04:09:55 AM [pe] [INFO ]  Embedding: computing PE.EMBEDDING.TabularEmbedding for 2478/3304 samples
08/01/2026 04:09:55 AM [pe] [INFO ]  Embedding: finished computing PE.EMBEDDING.TabularEmbedding for 2478/3304 samples
08/01/2026 04:09:55 AM [pe] [INFO ]  Histogram: finished computing nearest neighbors histogram for 19071 private samples and 3304 synthetic samples
08/01/2026 04:09:55 AM [pe] [INFO ]  Composite population: generating 826 next synthetic samples
08/01/2026 04:09:55 AM [pe] [INFO ]  PE population: generating 826*3 next synthetic samples
08/01/2026 04:09:55 AM [pe] [INFO ]  VARIATION API: creating variations for 826 samples
08/01/2026 04:09:55 AM [pe] [INFO ]  VARIATION API: finished creating variations for 826 samples
08/01/2026 04:09:55 AM [pe] [INFO ]  VARIATION API: creating variations for 826 samples
08/01/2026 04:09:55 AM [pe] [INFO ]  VARIATION API: finished creating variations for 826 samples
08/01/2026 04:09:55 AM [pe] [INFO ]  VARIATION API: creating variations for 826 samples
08/01/2026 04:09:55 AM [pe] [INFO ]  VARIATION API: finished creating variations for 826 samples
08/01/2026 04:09:55 AM [pe] [INFO ]  PE population: finished generating 826*3 next synthetic samples
08/01/2026 04:09:55 AM [pe] [INFO ]  Composite population: finished generating 826 next synthetic samples
08/01/2026 04:09:55 AM [pe] [INFO ]  Label 7
08/01/2026 04:09:55 AM [pe] [INFO ]  Histogram: computing nearest neighbors histogram for 1194 private samples and 208 synthetic samples
08/01/2026 04:09:55 AM [pe] [INFO ]  Embedding: PE.EMBEDDING.TabularEmbedding already computed
08/01/2026 04:09:55 AM [pe] [INFO ]  Embedding: computing PE.EMBEDDING.TabularEmbedding for 156/208 samples
08/01/2026 04:09:55 AM [pe] [INFO ]  Embedding: finished computing PE.EMBEDDING.TabularEmbedding for 156/208 samples
08/01/2026 04:09:55 AM [pe] [INFO ]  Histogram: finished computing nearest neighbors histogram for 1194 private samples and 208 synthetic samples
08/01/2026 04:09:55 AM [pe] [INFO ]  Composite population: generating 52 next synthetic samples
08/01/2026 04:09:55 AM [pe] [INFO ]  PE population: generating 52*3 next synthetic samples
08/01/2026 04:09:55 AM [pe] [INFO ]  VARIATION API: creating variations for 52 samples
08/01/2026 04:09:55 AM [pe] [INFO ]  VARIATION API: finished creating variations for 52 samples
08/01/2026 04:09:55 AM [pe] [INFO ]  VARIATION API: creating variations for 52 samples
08/01/2026 04:09:55 AM [pe] [INFO ]  VARIATION API: finished creating variations for 52 samples
08/01/2026 04:09:55 AM [pe] [INFO ]  VARIATION API: creating variations for 52 samples
08/01/2026 04:09:55 AM [pe] [INFO ]  VARIATION API: finished creating variations for 52 samples
08/01/2026 04:09:55 AM [pe] [INFO ]  PE population: finished generating 52*3 next synthetic samples
08/01/2026 04:09:55 AM [pe] [INFO ]  Composite population: finished generating 52 next synthetic samples
08/01/2026 04:09:55 AM [pe] [INFO ]  Label 8
08/01/2026 04:09:55 AM [pe] [INFO ]  Histogram: computing nearest neighbors histogram for 8245 private samples and 1428 synthetic samples
08/01/2026 04:09:55 AM [pe] [INFO ]  Embedding: PE.EMBEDDING.TabularEmbedding already computed
08/01/2026 04:09:55 AM [pe] [INFO ]  Embedding: computing PE.EMBEDDING.TabularEmbedding for 1071/1428 samples
08/01/2026 04:09:55 AM [pe] [INFO ]  Embedding: finished computing PE.EMBEDDING.TabularEmbedding for 1071/1428 samples
08/01/2026 04:09:55 AM [pe] [INFO ]  Histogram: finished computing nearest neighbors histogram for 8245 private samples and 1428 synthetic samples
08/01/2026 04:09:55 AM [pe] [INFO ]  Composite population: generating 357 next synthetic samples
08/01/2026 04:09:55 AM [pe] [INFO ]  PE population: generating 357*3 next synthetic samples
08/01/2026 04:09:55 AM [pe] [INFO ]  VARIATION API: creating variations for 357 samples
08/01/2026 04:09:55 AM [pe] [INFO ]  VARIATION API: finished creating variations for 357 samples
08/01/2026 04:09:55 AM [pe] [INFO ]  VARIATION API: creating variations for 357 samples
08/01/2026 04:09:55 AM [pe] [INFO ]  VARIATION API: finished creating variations for 357 samples
08/01/2026 04:09:55 AM [pe] [INFO ]  VARIATION API: creating variations for 357 samples
08/01/2026 04:09:55 AM [pe] [INFO ]  VARIATION API: finished creating variations for 357 samples
08/01/2026 04:09:55 AM [pe] [INFO ]  PE population: finished generating 357*3 next synthetic samples
08/01/2026 04:09:55 AM [pe] [INFO ]  Composite population: finished generating 357 next synthetic samples
08/01/2026 04:09:56 AM [pe] [INFO ]  Label 9
08/01/2026 04:09:56 AM [pe] [INFO ]  Histogram: computing nearest neighbors histogram for 12853 private samples and 2228 synthetic samples
08/01/2026 04:09:56 AM [pe] [INFO ]  Embedding: PE.EMBEDDING.TabularEmbedding already computed
08/01/2026 04:09:56 AM [pe] [INFO ]  Embedding: computing PE.EMBEDDING.TabularEmbedding for 1671/2228 samples
08/01/2026 04:09:56 AM [pe] [INFO ]  Embedding: finished computing PE.EMBEDDING.TabularEmbedding for 1671/2228 samples
08/01/2026 04:09:56 AM [pe] [INFO ]  Histogram: finished computing nearest neighbors histogram for 12853 private samples and 2228 synthetic samples
08/01/2026 04:09:56 AM [pe] [INFO ]  Composite population: generating 557 next synthetic samples
08/01/2026 04:09:56 AM [pe] [INFO ]  PE population: generating 557*3 next synthetic samples
08/01/2026 04:09:56 AM [pe] [INFO ]  VARIATION API: creating variations for 557 samples
08/01/2026 04:09:56 AM [pe] [INFO ]  VARIATION API: finished creating variations for 557 samples
08/01/2026 04:09:56 AM [pe] [INFO ]  VARIATION API: creating variations for 557 samples
08/01/2026 04:09:56 AM [pe] [INFO ]  VARIATION API: finished creating variations for 557 samples
08/01/2026 04:09:56 AM [pe] [INFO ]  VARIATION API: creating variations for 557 samples
08/01/2026 04:09:56 AM [pe] [INFO ]  VARIATION API: finished creating variations for 557 samples
08/01/2026 04:09:56 AM [pe] [INFO ]  PE population: finished generating 557*3 next synthetic samples
08/01/2026 04:09:56 AM [pe] [INFO ]  Composite population: finished generating 557 next synthetic samples
08/01/2026 04:09:56 AM [pe] [INFO ]  Label 10
08/01/2026 04:09:56 AM [pe] [INFO ]  Histogram: computing nearest neighbors histogram for 967 private samples and 168 synthetic samples
08/01/2026 04:09:56 AM [pe] [INFO ]  Embedding: PE.EMBEDDING.TabularEmbedding already computed
08/01/2026 04:09:56 AM [pe] [INFO ]  Embedding: computing PE.EMBEDDING.TabularEmbedding for 126/168 samples
08/01/2026 04:09:56 AM [pe] [INFO ]  Embedding: finished computing PE.EMBEDDING.TabularEmbedding for 126/168 samples
08/01/2026 04:09:56 AM [pe] [INFO ]  Histogram: finished computing nearest neighbors histogram for 967 private samples and 168 synthetic samples
08/01/2026 04:09:56 AM [pe] [INFO ]  Composite population: generating 42 next synthetic samples
08/01/2026 04:09:56 AM [pe] [INFO ]  PE population: generating 42*3 next synthetic samples
08/01/2026 04:09:56 AM [pe] [INFO ]  VARIATION API: creating variations for 42 samples
08/01/2026 04:09:56 AM [pe] [INFO ]  VARIATION API: finished creating variations for 42 samples
08/01/2026 04:09:56 AM [pe] [INFO ]  VARIATION API: creating variations for 42 samples
08/01/2026 04:09:56 AM [pe] [INFO ]  VARIATION API: finished creating variations for 42 samples
08/01/2026 04:09:56 AM [pe] [INFO ]  VARIATION API: creating variations for 42 samples
08/01/2026 04:09:56 AM [pe] [INFO ]  VARIATION API: finished creating variations for 42 samples
08/01/2026 04:09:56 AM [pe] [INFO ]  PE population: finished generating 42*3 next synthetic samples
08/01/2026 04:09:56 AM [pe] [INFO ]  Composite population: finished generating 42 next synthetic samples
08/01/2026 04:09:56 AM [pe] [INFO ]  Saving the synthetic tabular data to a CSV file
08/01/2026 04:09:58 AM [pe] [INFO ]  Finished saving the synthetic tabular data to a CSV file
08/01/2026 04:09:58 AM [pe] [INFO ]  Evaluating tabular classifier
08/01/2026 04:09:58 AM [pe] [INFO ]  Number of samples after filtering: 5000
08/01/2026 04:29:45 AM [pe] [INFO ]  Tabular classifier test accuracy: 63.29%
08/01/2026 04:29:45 AM [pe] [INFO ]  Tabular classifier test (macro) F1 score: 34.84
08/01/2026 04:29:45 AM [pe] [INFO ]  Finished evaluating tabular classifier (tabular_classifier_tabicl_filter_{'PE.VARIATION_API_FOLD_ID':-1})
08/01/2026 04:29:45 AM [pe] [INFO ]  Computing 5way-WSD ({'PE.VARIATION_API_FOLD_ID':-1})
08/01/2026 04:29:45 AM [pe] [INFO ]  Number of samples after filtering: 5000
08/01/2026 04:31:07 AM [pe] [INFO ]  5way-wsd_2000samples_42seed_{'PE.VARIATION_API_FOLD_ID':-1}: 0.11959793
08/01/2026 04:31:07 AM [pe] [INFO ]  Finished computing 5way-WSD ({'PE.VARIATION_API_FOLD_ID':-1})
08/01/2026 04:31:07 AM [pe] [INFO ]  Computing 6way-WSD ({'PE.VARIATION_API_FOLD_ID':-1})
08/01/2026 04:31:07 AM [pe] [INFO ]  Number of samples after filtering: 5000
08/01/2026 04:31:50 AM [pe] [INFO ]  6way-wsd_2000samples_42seed_{'PE.VARIATION_API_FOLD_ID':-1}: 0.15631030
08/01/2026 04:31:50 AM [pe] [INFO ]  Finished computing 6way-WSD ({'PE.VARIATION_API_FOLD_ID':-1})
08/01/2026 04:31:50 AM [pe] [INFO ]  Computing 7way-WSD ({'PE.VARIATION_API_FOLD_ID':-1})
08/01/2026 04:31:50 AM [pe] [INFO ]  Number of samples after filtering: 5000
08/01/2026 04:32:03 AM [pe] [INFO ]  7way-wsd_2000samples_42seed_{'PE.VARIATION_API_FOLD_ID':-1}: 0.19216917
08/01/2026 04:32:03 AM [pe] [INFO ]  Finished computing 7way-WSD ({'PE.VARIATION_API_FOLD_ID':-1})
08/01/2026 04:32:03 AM [pe] [INFO ]  Iteration: 12
08/01/2026 04:32:03 AM [pe] [INFO ]  	tabular_classifier_tabicl_filter_{'PE.VARIATION_API_FOLD_ID':-1}_test_acc: 63.28602046
08/01/2026 04:32:03 AM [pe] [INFO ]  	tabular_classifier_tabicl_filter_{'PE.VARIATION_API_FOLD_ID':-1}_test_f1: 34.84060310
08/01/2026 04:32:03 AM [pe] [INFO ]  	5way-wsd_2000samples_42seed_{'PE.VARIATION_API_FOLD_ID':-1}: 0.11959793
08/01/2026 04:32:03 AM [pe] [INFO ]  	6way-wsd_2000samples_42seed_{'PE.VARIATION_API_FOLD_ID':-1}: 0.15631030
08/01/2026 04:32:03 AM [pe] [INFO ]  	7way-wsd_2000samples_42seed_{'PE.VARIATION_API_FOLD_ID':-1}: 0.19216917
08/01/2026 04:32:03 AM [pe] [INFO ]  PE iteration 13
08/01/2026 04:32:03 AM [pe] [WARNI]  fraction_per_label_id is not provided. Assuming the fraction of label ids in private data is public information.
08/01/2026 04:32:03 AM [pe] [INFO ]  Label 0
08/01/2026 04:32:03 AM [pe] [INFO ]  Histogram: computing nearest neighbors histogram for 2081 private samples and 360 synthetic samples
08/01/2026 04:32:03 AM [pe] [INFO ]  Embedding: PE.EMBEDDING.TabularEmbedding already computed
08/01/2026 04:32:03 AM [pe] [INFO ]  Embedding: computing PE.EMBEDDING.TabularEmbedding for 270/360 samples
08/01/2026 04:32:03 AM [pe] [INFO ]  Embedding: finished computing PE.EMBEDDING.TabularEmbedding for 270/360 samples
08/01/2026 04:32:03 AM [pe] [INFO ]  Histogram: finished computing nearest neighbors histogram for 2081 private samples and 360 synthetic samples
08/01/2026 04:32:03 AM [pe] [INFO ]  Composite population: generating 90 next synthetic samples
08/01/2026 04:32:03 AM [pe] [INFO ]  PE population: generating 90*3 next synthetic samples
08/01/2026 04:32:03 AM [pe] [INFO ]  VARIATION API: creating variations for 90 samples
08/01/2026 04:32:03 AM [pe] [INFO ]  VARIATION API: finished creating variations for 90 samples
08/01/2026 04:32:03 AM [pe] [INFO ]  VARIATION API: creating variations for 90 samples
08/01/2026 04:32:03 AM [pe] [INFO ]  VARIATION API: finished creating variations for 90 samples
08/01/2026 04:32:03 AM [pe] [INFO ]  VARIATION API: creating variations for 90 samples
08/01/2026 04:32:03 AM [pe] [INFO ]  VARIATION API: finished creating variations for 90 samples
08/01/2026 04:32:03 AM [pe] [INFO ]  PE population: finished generating 90*3 next synthetic samples
08/01/2026 04:32:03 AM [pe] [INFO ]  Composite population: finished generating 90 next synthetic samples
08/01/2026 04:32:03 AM [pe] [INFO ]  Label 1
08/01/2026 04:32:03 AM [pe] [INFO ]  Histogram: computing nearest neighbors histogram for 1993 private samples and 348 synthetic samples
08/01/2026 04:32:03 AM [pe] [INFO ]  Embedding: PE.EMBEDDING.TabularEmbedding already computed
08/01/2026 04:32:03 AM [pe] [INFO ]  Embedding: computing PE.EMBEDDING.TabularEmbedding for 261/348 samples
08/01/2026 04:32:03 AM [pe] [INFO ]  Embedding: finished computing PE.EMBEDDING.TabularEmbedding for 261/348 samples
08/01/2026 04:32:03 AM [pe] [INFO ]  Histogram: finished computing nearest neighbors histogram for 1993 private samples and 348 synthetic samples
08/01/2026 04:32:03 AM [pe] [INFO ]  Composite population: generating 87 next synthetic samples
08/01/2026 04:32:03 AM [pe] [INFO ]  PE population: generating 87*3 next synthetic samples
08/01/2026 04:32:03 AM [pe] [INFO ]  VARIATION API: creating variations for 87 samples
08/01/2026 04:32:03 AM [pe] [INFO ]  VARIATION API: finished creating variations for 87 samples
08/01/2026 04:32:03 AM [pe] [INFO ]  VARIATION API: creating variations for 87 samples
08/01/2026 04:32:03 AM [pe] [INFO ]  VARIATION API: finished creating variations for 87 samples
08/01/2026 04:32:03 AM [pe] [INFO ]  VARIATION API: creating variations for 87 samples
08/01/2026 04:32:03 AM [pe] [INFO ]  VARIATION API: finished creating variations for 87 samples
08/01/2026 04:32:03 AM [pe] [INFO ]  PE population: finished generating 87*3 next synthetic samples
08/01/2026 04:32:03 AM [pe] [INFO ]  Composite population: finished generating 87 next synthetic samples
08/01/2026 04:32:03 AM [pe] [INFO ]  Label 2
08/01/2026 04:32:03 AM [pe] [INFO ]  Histogram: computing nearest neighbors histogram for 22897 private samples and 3968 synthetic samples
08/01/2026 04:32:03 AM [pe] [INFO ]  Embedding: PE.EMBEDDING.TabularEmbedding already computed
08/01/2026 04:32:03 AM [pe] [INFO ]  Embedding: computing PE.EMBEDDING.TabularEmbedding for 2976/3968 samples
08/01/2026 04:32:03 AM [pe] [INFO ]  Embedding: finished computing PE.EMBEDDING.TabularEmbedding for 2976/3968 samples
08/01/2026 04:32:04 AM [pe] [INFO ]  Histogram: finished computing nearest neighbors histogram for 22897 private samples and 3968 synthetic samples
08/01/2026 04:32:04 AM [pe] [INFO ]  Composite population: generating 992 next synthetic samples
08/01/2026 04:32:04 AM [pe] [INFO ]  PE population: generating 992*3 next synthetic samples
08/01/2026 04:32:04 AM [pe] [INFO ]  VARIATION API: creating variations for 992 samples
08/01/2026 04:32:04 AM [pe] [INFO ]  VARIATION API: finished creating variations for 992 samples
08/01/2026 04:32:04 AM [pe] [INFO ]  VARIATION API: creating variations for 992 samples
08/01/2026 04:32:04 AM [pe] [INFO ]  VARIATION API: finished creating variations for 992 samples
08/01/2026 04:32:04 AM [pe] [INFO ]  VARIATION API: creating variations for 992 samples
08/01/2026 04:32:04 AM [pe] [INFO ]  VARIATION API: finished creating variations for 992 samples
08/01/2026 04:32:04 AM [pe] [INFO ]  PE population: finished generating 992*3 next synthetic samples
08/01/2026 04:32:04 AM [pe] [INFO ]  Composite population: finished generating 992 next synthetic samples
08/01/2026 04:32:04 AM [pe] [INFO ]  Label 3
08/01/2026 04:32:04 AM [pe] [INFO ]  Histogram: computing nearest neighbors histogram for 38136 private samples and 6608 synthetic samples
08/01/2026 04:32:04 AM [pe] [INFO ]  Embedding: PE.EMBEDDING.TabularEmbedding already computed
08/01/2026 04:32:04 AM [pe] [INFO ]  Embedding: computing PE.EMBEDDING.TabularEmbedding for 4956/6608 samples
08/01/2026 04:32:04 AM [pe] [INFO ]  Embedding: finished computing PE.EMBEDDING.TabularEmbedding for 4956/6608 samples
08/01/2026 04:32:05 AM [pe] [INFO ]  Histogram: finished computing nearest neighbors histogram for 38136 private samples and 6608 synthetic samples
08/01/2026 04:32:05 AM [pe] [INFO ]  Composite population: generating 1652 next synthetic samples
08/01/2026 04:32:05 AM [pe] [INFO ]  PE population: generating 1652*3 next synthetic samples
08/01/2026 04:32:05 AM [pe] [INFO ]  VARIATION API: creating variations for 1652 samples
08/01/2026 04:32:05 AM [pe] [INFO ]  VARIATION API: finished creating variations for 1652 samples
08/01/2026 04:32:05 AM [pe] [INFO ]  VARIATION API: creating variations for 1652 samples
08/01/2026 04:32:05 AM [pe] [INFO ]  VARIATION API: finished creating variations for 1652 samples
08/01/2026 04:32:05 AM [pe] [INFO ]  VARIATION API: creating variations for 1652 samples
08/01/2026 04:32:05 AM [pe] [INFO ]  VARIATION API: finished creating variations for 1652 samples
08/01/2026 04:32:05 AM [pe] [INFO ]  PE population: finished generating 1652*3 next synthetic samples
08/01/2026 04:32:05 AM [pe] [INFO ]  Composite population: finished generating 1652 next synthetic samples
08/01/2026 04:32:05 AM [pe] [INFO ]  Label 4
08/01/2026 04:32:05 AM [pe] [INFO ]  Histogram: computing nearest neighbors histogram for 4318 private samples and 748 synthetic samples
08/01/2026 04:32:05 AM [pe] [INFO ]  Embedding: PE.EMBEDDING.TabularEmbedding already computed
08/01/2026 04:32:05 AM [pe] [INFO ]  Embedding: computing PE.EMBEDDING.TabularEmbedding for 561/748 samples
08/01/2026 04:32:05 AM [pe] [INFO ]  Embedding: finished computing PE.EMBEDDING.TabularEmbedding for 561/748 samples
08/01/2026 04:32:05 AM [pe] [INFO ]  Histogram: finished computing nearest neighbors histogram for 4318 private samples and 748 synthetic samples
08/01/2026 04:32:05 AM [pe] [INFO ]  Composite population: generating 187 next synthetic samples
08/01/2026 04:32:05 AM [pe] [INFO ]  PE population: generating 187*3 next synthetic samples
08/01/2026 04:32:05 AM [pe] [INFO ]  VARIATION API: creating variations for 187 samples
08/01/2026 04:32:05 AM [pe] [INFO ]  VARIATION API: finished creating variations for 187 samples
08/01/2026 04:32:05 AM [pe] [INFO ]  VARIATION API: creating variations for 187 samples
08/01/2026 04:32:05 AM [pe] [INFO ]  VARIATION API: finished creating variations for 187 samples
08/01/2026 04:32:05 AM [pe] [INFO ]  VARIATION API: creating variations for 187 samples
08/01/2026 04:32:05 AM [pe] [INFO ]  VARIATION API: finished creating variations for 187 samples
08/01/2026 04:32:05 AM [pe] [INFO ]  PE population: finished generating 187*3 next synthetic samples
08/01/2026 04:32:05 AM [pe] [INFO ]  Composite population: finished generating 187 next synthetic samples
08/01/2026 04:32:05 AM [pe] [INFO ]  Label 5
08/01/2026 04:32:05 AM [pe] [INFO ]  Histogram: computing nearest neighbors histogram for 3647 private samples and 632 synthetic samples
08/01/2026 04:32:05 AM [pe] [INFO ]  Embedding: PE.EMBEDDING.TabularEmbedding already computed
08/01/2026 04:32:05 AM [pe] [INFO ]  Embedding: computing PE.EMBEDDING.TabularEmbedding for 474/632 samples
08/01/2026 04:32:05 AM [pe] [INFO ]  Embedding: finished computing PE.EMBEDDING.TabularEmbedding for 474/632 samples
08/01/2026 04:32:05 AM [pe] [INFO ]  Histogram: finished computing nearest neighbors histogram for 3647 private samples and 632 synthetic samples
08/01/2026 04:32:05 AM [pe] [INFO ]  Composite population: generating 158 next synthetic samples
08/01/2026 04:32:05 AM [pe] [INFO ]  PE population: generating 158*3 next synthetic samples
08/01/2026 04:32:05 AM [pe] [INFO ]  VARIATION API: creating variations for 158 samples
08/01/2026 04:32:05 AM [pe] [INFO ]  VARIATION API: finished creating variations for 158 samples
08/01/2026 04:32:05 AM [pe] [INFO ]  VARIATION API: creating variations for 158 samples
08/01/2026 04:32:05 AM [pe] [INFO ]  VARIATION API: finished creating variations for 158 samples
08/01/2026 04:32:05 AM [pe] [INFO ]  VARIATION API: creating variations for 158 samples
08/01/2026 04:32:05 AM [pe] [INFO ]  VARIATION API: finished creating variations for 158 samples
08/01/2026 04:32:06 AM [pe] [INFO ]  PE population: finished generating 158*3 next synthetic samples
08/01/2026 04:32:06 AM [pe] [INFO ]  Composite population: finished generating 158 next synthetic samples
08/01/2026 04:32:06 AM [pe] [INFO ]  Label 6
08/01/2026 04:32:06 AM [pe] [INFO ]  Histogram: computing nearest neighbors histogram for 19071 private samples and 3304 synthetic samples
08/01/2026 04:32:06 AM [pe] [INFO ]  Embedding: PE.EMBEDDING.TabularEmbedding already computed
08/01/2026 04:32:06 AM [pe] [INFO ]  Embedding: computing PE.EMBEDDING.TabularEmbedding for 2478/3304 samples
08/01/2026 04:32:06 AM [pe] [INFO ]  Embedding: finished computing PE.EMBEDDING.TabularEmbedding for 2478/3304 samples
08/01/2026 04:32:06 AM [pe] [INFO ]  Histogram: finished computing nearest neighbors histogram for 19071 private samples and 3304 synthetic samples
08/01/2026 04:32:06 AM [pe] [INFO ]  Composite population: generating 826 next synthetic samples
08/01/2026 04:32:06 AM [pe] [INFO ]  PE population: generating 826*3 next synthetic samples
08/01/2026 04:32:06 AM [pe] [INFO ]  VARIATION API: creating variations for 826 samples
08/01/2026 04:32:06 AM [pe] [INFO ]  VARIATION API: finished creating variations for 826 samples
08/01/2026 04:32:06 AM [pe] [INFO ]  VARIATION API: creating variations for 826 samples
08/01/2026 04:32:06 AM [pe] [INFO ]  VARIATION API: finished creating variations for 826 samples
08/01/2026 04:32:06 AM [pe] [INFO ]  VARIATION API: creating variations for 826 samples
08/01/2026 04:32:06 AM [pe] [INFO ]  VARIATION API: finished creating variations for 826 samples
08/01/2026 04:32:06 AM [pe] [INFO ]  PE population: finished generating 826*3 next synthetic samples
08/01/2026 04:32:06 AM [pe] [INFO ]  Composite population: finished generating 826 next synthetic samples
08/01/2026 04:32:06 AM [pe] [INFO ]  Label 7
08/01/2026 04:32:06 AM [pe] [INFO ]  Histogram: computing nearest neighbors histogram for 1194 private samples and 208 synthetic samples
08/01/2026 04:32:06 AM [pe] [INFO ]  Embedding: PE.EMBEDDING.TabularEmbedding already computed
08/01/2026 04:32:06 AM [pe] [INFO ]  Embedding: computing PE.EMBEDDING.TabularEmbedding for 156/208 samples
08/01/2026 04:32:06 AM [pe] [INFO ]  Embedding: finished computing PE.EMBEDDING.TabularEmbedding for 156/208 samples
08/01/2026 04:32:06 AM [pe] [INFO ]  Histogram: finished computing nearest neighbors histogram for 1194 private samples and 208 synthetic samples
08/01/2026 04:32:06 AM [pe] [INFO ]  Composite population: generating 52 next synthetic samples
08/01/2026 04:32:06 AM [pe] [INFO ]  PE population: generating 52*3 next synthetic samples
08/01/2026 04:32:06 AM [pe] [INFO ]  VARIATION API: creating variations for 52 samples
08/01/2026 04:32:06 AM [pe] [INFO ]  VARIATION API: finished creating variations for 52 samples
08/01/2026 04:32:06 AM [pe] [INFO ]  VARIATION API: creating variations for 52 samples
08/01/2026 04:32:06 AM [pe] [INFO ]  VARIATION API: finished creating variations for 52 samples
08/01/2026 04:32:06 AM [pe] [INFO ]  VARIATION API: creating variations for 52 samples
08/01/2026 04:32:06 AM [pe] [INFO ]  VARIATION API: finished creating variations for 52 samples
08/01/2026 04:32:06 AM [pe] [INFO ]  PE population: finished generating 52*3 next synthetic samples
08/01/2026 04:32:06 AM [pe] [INFO ]  Composite population: finished generating 52 next synthetic samples
08/01/2026 04:32:06 AM [pe] [INFO ]  Label 8
08/01/2026 04:32:06 AM [pe] [INFO ]  Histogram: computing nearest neighbors histogram for 8245 private samples and 1428 synthetic samples
08/01/2026 04:32:06 AM [pe] [INFO ]  Embedding: PE.EMBEDDING.TabularEmbedding already computed
08/01/2026 04:32:06 AM [pe] [INFO ]  Embedding: computing PE.EMBEDDING.TabularEmbedding for 1071/1428 samples
08/01/2026 04:32:06 AM [pe] [INFO ]  Embedding: finished computing PE.EMBEDDING.TabularEmbedding for 1071/1428 samples
08/01/2026 04:32:06 AM [pe] [INFO ]  Histogram: finished computing nearest neighbors histogram for 8245 private samples and 1428 synthetic samples
08/01/2026 04:32:06 AM [pe] [INFO ]  Composite population: generating 357 next synthetic samples
08/01/2026 04:32:06 AM [pe] [INFO ]  PE population: generating 357*3 next synthetic samples
08/01/2026 04:32:06 AM [pe] [INFO ]  VARIATION API: creating variations for 357 samples
08/01/2026 04:32:06 AM [pe] [INFO ]  VARIATION API: finished creating variations for 357 samples
08/01/2026 04:32:06 AM [pe] [INFO ]  VARIATION API: creating variations for 357 samples
08/01/2026 04:32:06 AM [pe] [INFO ]  VARIATION API: finished creating variations for 357 samples
08/01/2026 04:32:06 AM [pe] [INFO ]  VARIATION API: creating variations for 357 samples
08/01/2026 04:32:06 AM [pe] [INFO ]  VARIATION API: finished creating variations for 357 samples
08/01/2026 04:32:06 AM [pe] [INFO ]  PE population: finished generating 357*3 next synthetic samples
08/01/2026 04:32:06 AM [pe] [INFO ]  Composite population: finished generating 357 next synthetic samples
08/01/2026 04:32:06 AM [pe] [INFO ]  Label 9
08/01/2026 04:32:06 AM [pe] [INFO ]  Histogram: computing nearest neighbors histogram for 12853 private samples and 2228 synthetic samples
08/01/2026 04:32:06 AM [pe] [INFO ]  Embedding: PE.EMBEDDING.TabularEmbedding already computed
08/01/2026 04:32:06 AM [pe] [INFO ]  Embedding: computing PE.EMBEDDING.TabularEmbedding for 1671/2228 samples
08/01/2026 04:32:06 AM [pe] [INFO ]  Embedding: finished computing PE.EMBEDDING.TabularEmbedding for 1671/2228 samples
08/01/2026 04:32:06 AM [pe] [INFO ]  Histogram: finished computing nearest neighbors histogram for 12853 private samples and 2228 synthetic samples
08/01/2026 04:32:06 AM [pe] [INFO ]  Composite population: generating 557 next synthetic samples
08/01/2026 04:32:06 AM [pe] [INFO ]  PE population: generating 557*3 next synthetic samples
08/01/2026 04:32:06 AM [pe] [INFO ]  VARIATION API: creating variations for 557 samples
08/01/2026 04:32:06 AM [pe] [INFO ]  VARIATION API: finished creating variations for 557 samples
08/01/2026 04:32:06 AM [pe] [INFO ]  VARIATION API: creating variations for 557 samples
08/01/2026 04:32:06 AM [pe] [INFO ]  VARIATION API: finished creating variations for 557 samples
08/01/2026 04:32:06 AM [pe] [INFO ]  VARIATION API: creating variations for 557 samples
08/01/2026 04:32:07 AM [pe] [INFO ]  VARIATION API: finished creating variations for 557 samples
08/01/2026 04:32:07 AM [pe] [INFO ]  PE population: finished generating 557*3 next synthetic samples
08/01/2026 04:32:07 AM [pe] [INFO ]  Composite population: finished generating 557 next synthetic samples
08/01/2026 04:32:07 AM [pe] [INFO ]  Label 10
08/01/2026 04:32:07 AM [pe] [INFO ]  Histogram: computing nearest neighbors histogram for 967 private samples and 168 synthetic samples
08/01/2026 04:32:07 AM [pe] [INFO ]  Embedding: PE.EMBEDDING.TabularEmbedding already computed
08/01/2026 04:32:07 AM [pe] [INFO ]  Embedding: computing PE.EMBEDDING.TabularEmbedding for 126/168 samples
08/01/2026 04:32:07 AM [pe] [INFO ]  Embedding: finished computing PE.EMBEDDING.TabularEmbedding for 126/168 samples
08/01/2026 04:32:07 AM [pe] [INFO ]  Histogram: finished computing nearest neighbors histogram for 967 private samples and 168 synthetic samples
08/01/2026 04:32:07 AM [pe] [INFO ]  Composite population: generating 42 next synthetic samples
08/01/2026 04:32:07 AM [pe] [INFO ]  PE population: generating 42*3 next synthetic samples
08/01/2026 04:32:07 AM [pe] [INFO ]  VARIATION API: creating variations for 42 samples
08/01/2026 04:32:07 AM [pe] [INFO ]  VARIATION API: finished creating variations for 42 samples
08/01/2026 04:32:07 AM [pe] [INFO ]  VARIATION API: creating variations for 42 samples
08/01/2026 04:32:07 AM [pe] [INFO ]  VARIATION API: finished creating variations for 42 samples
08/01/2026 04:32:07 AM [pe] [INFO ]  VARIATION API: creating variations for 42 samples
08/01/2026 04:32:07 AM [pe] [INFO ]  VARIATION API: finished creating variations for 42 samples
08/01/2026 04:32:07 AM [pe] [INFO ]  PE population: finished generating 42*3 next synthetic samples
08/01/2026 04:32:07 AM [pe] [INFO ]  Composite population: finished generating 42 next synthetic samples
08/01/2026 04:32:07 AM [pe] [INFO ]  Saving the synthetic tabular data to a CSV file
08/01/2026 04:32:09 AM [pe] [INFO ]  Finished saving the synthetic tabular data to a CSV file
08/01/2026 04:32:09 AM [pe] [INFO ]  Evaluating tabular classifier
08/01/2026 04:32:09 AM [pe] [INFO ]  Number of samples after filtering: 5000
08/01/2026 04:51:53 AM [pe] [INFO ]  Tabular classifier test accuracy: 63.71%
08/01/2026 04:51:53 AM [pe] [INFO ]  Tabular classifier test (macro) F1 score: 35.70
08/01/2026 04:51:53 AM [pe] [INFO ]  Finished evaluating tabular classifier (tabular_classifier_tabicl_filter_{'PE.VARIATION_API_FOLD_ID':-1})
08/01/2026 04:51:53 AM [pe] [INFO ]  Computing 5way-WSD ({'PE.VARIATION_API_FOLD_ID':-1})
08/01/2026 04:51:53 AM [pe] [INFO ]  Number of samples after filtering: 5000
08/01/2026 04:53:16 AM [pe] [INFO ]  5way-wsd_2000samples_42seed_{'PE.VARIATION_API_FOLD_ID':-1}: 0.11935827
08/01/2026 04:53:16 AM [pe] [INFO ]  Finished computing 5way-WSD ({'PE.VARIATION_API_FOLD_ID':-1})
08/01/2026 04:53:16 AM [pe] [INFO ]  Computing 6way-WSD ({'PE.VARIATION_API_FOLD_ID':-1})
08/01/2026 04:53:16 AM [pe] [INFO ]  Number of samples after filtering: 5000
08/01/2026 04:53:59 AM [pe] [INFO ]  6way-wsd_2000samples_42seed_{'PE.VARIATION_API_FOLD_ID':-1}: 0.15533024
08/01/2026 04:53:59 AM [pe] [INFO ]  Finished computing 6way-WSD ({'PE.VARIATION_API_FOLD_ID':-1})
08/01/2026 04:53:59 AM [pe] [INFO ]  Computing 7way-WSD ({'PE.VARIATION_API_FOLD_ID':-1})
08/01/2026 04:53:59 AM [pe] [INFO ]  Number of samples after filtering: 5000
08/01/2026 04:54:11 AM [pe] [INFO ]  7way-wsd_2000samples_42seed_{'PE.VARIATION_API_FOLD_ID':-1}: 0.19056429
08/01/2026 04:54:11 AM [pe] [INFO ]  Finished computing 7way-WSD ({'PE.VARIATION_API_FOLD_ID':-1})
08/01/2026 04:54:11 AM [pe] [INFO ]  Iteration: 13
08/01/2026 04:54:11 AM [pe] [INFO ]  	tabular_classifier_tabicl_filter_{'PE.VARIATION_API_FOLD_ID':-1}_test_acc: 63.71466699
08/01/2026 04:54:11 AM [pe] [INFO ]  	tabular_classifier_tabicl_filter_{'PE.VARIATION_API_FOLD_ID':-1}_test_f1: 35.69956858
08/01/2026 04:54:11 AM [pe] [INFO ]  	5way-wsd_2000samples_42seed_{'PE.VARIATION_API_FOLD_ID':-1}: 0.11935827
08/01/2026 04:54:11 AM [pe] [INFO ]  	6way-wsd_2000samples_42seed_{'PE.VARIATION_API_FOLD_ID':-1}: 0.15533024
08/01/2026 04:54:11 AM [pe] [INFO ]  	7way-wsd_2000samples_42seed_{'PE.VARIATION_API_FOLD_ID':-1}: 0.19056429
08/01/2026 04:54:11 AM [pe] [INFO ]  PE iteration 14
08/01/2026 04:54:11 AM [pe] [WARNI]  fraction_per_label_id is not provided. Assuming the fraction of label ids in private data is public information.
08/01/2026 04:54:11 AM [pe] [INFO ]  Label 0
08/01/2026 04:54:11 AM [pe] [INFO ]  Histogram: computing nearest neighbors histogram for 2081 private samples and 360 synthetic samples
08/01/2026 04:54:11 AM [pe] [INFO ]  Embedding: PE.EMBEDDING.TabularEmbedding already computed
08/01/2026 04:54:11 AM [pe] [INFO ]  Embedding: computing PE.EMBEDDING.TabularEmbedding for 270/360 samples
08/01/2026 04:54:11 AM [pe] [INFO ]  Embedding: finished computing PE.EMBEDDING.TabularEmbedding for 270/360 samples
08/01/2026 04:54:11 AM [pe] [INFO ]  Histogram: finished computing nearest neighbors histogram for 2081 private samples and 360 synthetic samples
08/01/2026 04:54:11 AM [pe] [INFO ]  Composite population: generating 90 next synthetic samples
08/01/2026 04:54:11 AM [pe] [INFO ]  PE population: generating 90*3 next synthetic samples
08/01/2026 04:54:11 AM [pe] [INFO ]  VARIATION API: creating variations for 90 samples
08/01/2026 04:54:11 AM [pe] [INFO ]  VARIATION API: finished creating variations for 90 samples
08/01/2026 04:54:11 AM [pe] [INFO ]  VARIATION API: creating variations for 90 samples
08/01/2026 04:54:11 AM [pe] [INFO ]  VARIATION API: finished creating variations for 90 samples
08/01/2026 04:54:11 AM [pe] [INFO ]  VARIATION API: creating variations for 90 samples
08/01/2026 04:54:11 AM [pe] [INFO ]  VARIATION API: finished creating variations for 90 samples
08/01/2026 04:54:11 AM [pe] [INFO ]  PE population: finished generating 90*3 next synthetic samples
08/01/2026 04:54:11 AM [pe] [INFO ]  Composite population: finished generating 90 next synthetic samples
08/01/2026 04:54:11 AM [pe] [INFO ]  Label 1
08/01/2026 04:54:11 AM [pe] [INFO ]  Histogram: computing nearest neighbors histogram for 1993 private samples and 348 synthetic samples
08/01/2026 04:54:11 AM [pe] [INFO ]  Embedding: PE.EMBEDDING.TabularEmbedding already computed
08/01/2026 04:54:11 AM [pe] [INFO ]  Embedding: computing PE.EMBEDDING.TabularEmbedding for 261/348 samples
08/01/2026 04:54:11 AM [pe] [INFO ]  Embedding: finished computing PE.EMBEDDING.TabularEmbedding for 261/348 samples
08/01/2026 04:54:11 AM [pe] [INFO ]  Histogram: finished computing nearest neighbors histogram for 1993 private samples and 348 synthetic samples
08/01/2026 04:54:11 AM [pe] [INFO ]  Composite population: generating 87 next synthetic samples
08/01/2026 04:54:11 AM [pe] [INFO ]  PE population: generating 87*3 next synthetic samples
08/01/2026 04:54:11 AM [pe] [INFO ]  VARIATION API: creating variations for 87 samples
08/01/2026 04:54:11 AM [pe] [INFO ]  VARIATION API: finished creating variations for 87 samples
08/01/2026 04:54:11 AM [pe] [INFO ]  VARIATION API: creating variations for 87 samples
08/01/2026 04:54:11 AM [pe] [INFO ]  VARIATION API: finished creating variations for 87 samples
08/01/2026 04:54:11 AM [pe] [INFO ]  VARIATION API: creating variations for 87 samples
08/01/2026 04:54:11 AM [pe] [INFO ]  VARIATION API: finished creating variations for 87 samples
08/01/2026 04:54:11 AM [pe] [INFO ]  PE population: finished generating 87*3 next synthetic samples
08/01/2026 04:54:11 AM [pe] [INFO ]  Composite population: finished generating 87 next synthetic samples
08/01/2026 04:54:11 AM [pe] [INFO ]  Label 2
08/01/2026 04:54:12 AM [pe] [INFO ]  Histogram: computing nearest neighbors histogram for 22897 private samples and 3968 synthetic samples
08/01/2026 04:54:12 AM [pe] [INFO ]  Embedding: PE.EMBEDDING.TabularEmbedding already computed
08/01/2026 04:54:12 AM [pe] [INFO ]  Embedding: computing PE.EMBEDDING.TabularEmbedding for 2976/3968 samples
08/01/2026 04:54:12 AM [pe] [INFO ]  Embedding: finished computing PE.EMBEDDING.TabularEmbedding for 2976/3968 samples
08/01/2026 04:54:12 AM [pe] [INFO ]  Histogram: finished computing nearest neighbors histogram for 22897 private samples and 3968 synthetic samples
08/01/2026 04:54:12 AM [pe] [INFO ]  Composite population: generating 992 next synthetic samples
08/01/2026 04:54:12 AM [pe] [INFO ]  PE population: generating 992*3 next synthetic samples
08/01/2026 04:54:12 AM [pe] [INFO ]  VARIATION API: creating variations for 992 samples
08/01/2026 04:54:12 AM [pe] [INFO ]  VARIATION API: finished creating variations for 992 samples
08/01/2026 04:54:12 AM [pe] [INFO ]  VARIATION API: creating variations for 992 samples
08/01/2026 04:54:12 AM [pe] [INFO ]  VARIATION API: finished creating variations for 992 samples
08/01/2026 04:54:12 AM [pe] [INFO ]  VARIATION API: creating variations for 992 samples
08/01/2026 04:54:12 AM [pe] [INFO ]  VARIATION API: finished creating variations for 992 samples
08/01/2026 04:54:12 AM [pe] [INFO ]  PE population: finished generating 992*3 next synthetic samples
08/01/2026 04:54:12 AM [pe] [INFO ]  Composite population: finished generating 992 next synthetic samples
08/01/2026 04:54:12 AM [pe] [INFO ]  Label 3
08/01/2026 04:54:12 AM [pe] [INFO ]  Histogram: computing nearest neighbors histogram for 38136 private samples and 6608 synthetic samples
08/01/2026 04:54:12 AM [pe] [INFO ]  Embedding: PE.EMBEDDING.TabularEmbedding already computed
08/01/2026 04:54:12 AM [pe] [INFO ]  Embedding: computing PE.EMBEDDING.TabularEmbedding for 4956/6608 samples
08/01/2026 04:54:12 AM [pe] [INFO ]  Embedding: finished computing PE.EMBEDDING.TabularEmbedding for 4956/6608 samples
08/01/2026 04:54:13 AM [pe] [INFO ]  Histogram: finished computing nearest neighbors histogram for 38136 private samples and 6608 synthetic samples
08/01/2026 04:54:13 AM [pe] [INFO ]  Composite population: generating 1652 next synthetic samples
08/01/2026 04:54:13 AM [pe] [INFO ]  PE population: generating 1652*3 next synthetic samples
08/01/2026 04:54:13 AM [pe] [INFO ]  VARIATION API: creating variations for 1652 samples
08/01/2026 04:54:13 AM [pe] [INFO ]  VARIATION API: finished creating variations for 1652 samples
08/01/2026 04:54:13 AM [pe] [INFO ]  VARIATION API: creating variations for 1652 samples
08/01/2026 04:54:13 AM [pe] [INFO ]  VARIATION API: finished creating variations for 1652 samples
08/01/2026 04:54:13 AM [pe] [INFO ]  VARIATION API: creating variations for 1652 samples
08/01/2026 04:54:13 AM [pe] [INFO ]  VARIATION API: finished creating variations for 1652 samples
08/01/2026 04:54:13 AM [pe] [INFO ]  PE population: finished generating 1652*3 next synthetic samples
08/01/2026 04:54:13 AM [pe] [INFO ]  Composite population: finished generating 1652 next synthetic samples
08/01/2026 04:54:13 AM [pe] [INFO ]  Label 4
08/01/2026 04:54:13 AM [pe] [INFO ]  Histogram: computing nearest neighbors histogram for 4318 private samples and 748 synthetic samples
08/01/2026 04:54:13 AM [pe] [INFO ]  Embedding: PE.EMBEDDING.TabularEmbedding already computed
08/01/2026 04:54:13 AM [pe] [INFO ]  Embedding: computing PE.EMBEDDING.TabularEmbedding for 561/748 samples
08/01/2026 04:54:13 AM [pe] [INFO ]  Embedding: finished computing PE.EMBEDDING.TabularEmbedding for 561/748 samples
08/01/2026 04:54:13 AM [pe] [INFO ]  Histogram: finished computing nearest neighbors histogram for 4318 private samples and 748 synthetic samples
08/01/2026 04:54:13 AM [pe] [INFO ]  Composite population: generating 187 next synthetic samples
08/01/2026 04:54:13 AM [pe] [INFO ]  PE population: generating 187*3 next synthetic samples
08/01/2026 04:54:13 AM [pe] [INFO ]  VARIATION API: creating variations for 187 samples
08/01/2026 04:54:13 AM [pe] [INFO ]  VARIATION API: finished creating variations for 187 samples
08/01/2026 04:54:13 AM [pe] [INFO ]  VARIATION API: creating variations for 187 samples
08/01/2026 04:54:13 AM [pe] [INFO ]  VARIATION API: finished creating variations for 187 samples
08/01/2026 04:54:13 AM [pe] [INFO ]  VARIATION API: creating variations for 187 samples
08/01/2026 04:54:13 AM [pe] [INFO ]  VARIATION API: finished creating variations for 187 samples
08/01/2026 04:54:13 AM [pe] [INFO ]  PE population: finished generating 187*3 next synthetic samples
08/01/2026 04:54:13 AM [pe] [INFO ]  Composite population: finished generating 187 next synthetic samples
08/01/2026 04:54:13 AM [pe] [INFO ]  Label 5
08/01/2026 04:54:13 AM [pe] [INFO ]  Histogram: computing nearest neighbors histogram for 3647 private samples and 632 synthetic samples
08/01/2026 04:54:13 AM [pe] [INFO ]  Embedding: PE.EMBEDDING.TabularEmbedding already computed
08/01/2026 04:54:13 AM [pe] [INFO ]  Embedding: computing PE.EMBEDDING.TabularEmbedding for 474/632 samples
08/01/2026 04:54:13 AM [pe] [INFO ]  Embedding: finished computing PE.EMBEDDING.TabularEmbedding for 474/632 samples
08/01/2026 04:54:13 AM [pe] [INFO ]  Histogram: finished computing nearest neighbors histogram for 3647 private samples and 632 synthetic samples
08/01/2026 04:54:13 AM [pe] [INFO ]  Composite population: generating 158 next synthetic samples
08/01/2026 04:54:13 AM [pe] [INFO ]  PE population: generating 158*3 next synthetic samples
08/01/2026 04:54:13 AM [pe] [INFO ]  VARIATION API: creating variations for 158 samples
08/01/2026 04:54:13 AM [pe] [INFO ]  VARIATION API: finished creating variations for 158 samples
08/01/2026 04:54:13 AM [pe] [INFO ]  VARIATION API: creating variations for 158 samples
08/01/2026 04:54:13 AM [pe] [INFO ]  VARIATION API: finished creating variations for 158 samples
08/01/2026 04:54:14 AM [pe] [INFO ]  VARIATION API: creating variations for 158 samples
08/01/2026 04:54:14 AM [pe] [INFO ]  VARIATION API: finished creating variations for 158 samples
08/01/2026 04:54:14 AM [pe] [INFO ]  PE population: finished generating 158*3 next synthetic samples
08/01/2026 04:54:14 AM [pe] [INFO ]  Composite population: finished generating 158 next synthetic samples
08/01/2026 04:54:14 AM [pe] [INFO ]  Label 6
08/01/2026 04:54:14 AM [pe] [INFO ]  Histogram: computing nearest neighbors histogram for 19071 private samples and 3304 synthetic samples
08/01/2026 04:54:14 AM [pe] [INFO ]  Embedding: PE.EMBEDDING.TabularEmbedding already computed
08/01/2026 04:54:14 AM [pe] [INFO ]  Embedding: computing PE.EMBEDDING.TabularEmbedding for 2478/3304 samples
08/01/2026 04:54:14 AM [pe] [INFO ]  Embedding: finished computing PE.EMBEDDING.TabularEmbedding for 2478/3304 samples
08/01/2026 04:54:14 AM [pe] [INFO ]  Histogram: finished computing nearest neighbors histogram for 19071 private samples and 3304 synthetic samples
08/01/2026 04:54:14 AM [pe] [INFO ]  Composite population: generating 826 next synthetic samples
08/01/2026 04:54:14 AM [pe] [INFO ]  PE population: generating 826*3 next synthetic samples
08/01/2026 04:54:14 AM [pe] [INFO ]  VARIATION API: creating variations for 826 samples
08/01/2026 04:54:14 AM [pe] [INFO ]  VARIATION API: finished creating variations for 826 samples
08/01/2026 04:54:14 AM [pe] [INFO ]  VARIATION API: creating variations for 826 samples
08/01/2026 04:54:14 AM [pe] [INFO ]  VARIATION API: finished creating variations for 826 samples
08/01/2026 04:54:14 AM [pe] [INFO ]  VARIATION API: creating variations for 826 samples
08/01/2026 04:54:14 AM [pe] [INFO ]  VARIATION API: finished creating variations for 826 samples
08/01/2026 04:54:14 AM [pe] [INFO ]  PE population: finished generating 826*3 next synthetic samples
08/01/2026 04:54:14 AM [pe] [INFO ]  Composite population: finished generating 826 next synthetic samples
08/01/2026 04:54:14 AM [pe] [INFO ]  Label 7
08/01/2026 04:54:14 AM [pe] [INFO ]  Histogram: computing nearest neighbors histogram for 1194 private samples and 208 synthetic samples
08/01/2026 04:54:14 AM [pe] [INFO ]  Embedding: PE.EMBEDDING.TabularEmbedding already computed
08/01/2026 04:54:14 AM [pe] [INFO ]  Embedding: computing PE.EMBEDDING.TabularEmbedding for 156/208 samples
08/01/2026 04:54:14 AM [pe] [INFO ]  Embedding: finished computing PE.EMBEDDING.TabularEmbedding for 156/208 samples
08/01/2026 04:54:14 AM [pe] [INFO ]  Histogram: finished computing nearest neighbors histogram for 1194 private samples and 208 synthetic samples
08/01/2026 04:54:14 AM [pe] [INFO ]  Composite population: generating 52 next synthetic samples
08/01/2026 04:54:14 AM [pe] [INFO ]  PE population: generating 52*3 next synthetic samples
08/01/2026 04:54:14 AM [pe] [INFO ]  VARIATION API: creating variations for 52 samples
08/01/2026 04:54:14 AM [pe] [INFO ]  VARIATION API: finished creating variations for 52 samples
08/01/2026 04:54:14 AM [pe] [INFO ]  VARIATION API: creating variations for 52 samples
08/01/2026 04:54:14 AM [pe] [INFO ]  VARIATION API: finished creating variations for 52 samples
08/01/2026 04:54:14 AM [pe] [INFO ]  VARIATION API: creating variations for 52 samples
08/01/2026 04:54:14 AM [pe] [INFO ]  VARIATION API: finished creating variations for 52 samples
08/01/2026 04:54:14 AM [pe] [INFO ]  PE population: finished generating 52*3 next synthetic samples
08/01/2026 04:54:14 AM [pe] [INFO ]  Composite population: finished generating 52 next synthetic samples
08/01/2026 04:54:14 AM [pe] [INFO ]  Label 8
08/01/2026 04:54:14 AM [pe] [INFO ]  Histogram: computing nearest neighbors histogram for 8245 private samples and 1428 synthetic samples
08/01/2026 04:54:14 AM [pe] [INFO ]  Embedding: PE.EMBEDDING.TabularEmbedding already computed
08/01/2026 04:54:14 AM [pe] [INFO ]  Embedding: computing PE.EMBEDDING.TabularEmbedding for 1071/1428 samples
08/01/2026 04:54:14 AM [pe] [INFO ]  Embedding: finished computing PE.EMBEDDING.TabularEmbedding for 1071/1428 samples
08/01/2026 04:54:14 AM [pe] [INFO ]  Histogram: finished computing nearest neighbors histogram for 8245 private samples and 1428 synthetic samples
08/01/2026 04:54:14 AM [pe] [INFO ]  Composite population: generating 357 next synthetic samples
08/01/2026 04:54:14 AM [pe] [INFO ]  PE population: generating 357*3 next synthetic samples
08/01/2026 04:54:14 AM [pe] [INFO ]  VARIATION API: creating variations for 357 samples
08/01/2026 04:54:14 AM [pe] [INFO ]  VARIATION API: finished creating variations for 357 samples
08/01/2026 04:54:14 AM [pe] [INFO ]  VARIATION API: creating variations for 357 samples
08/01/2026 04:54:14 AM [pe] [INFO ]  VARIATION API: finished creating variations for 357 samples
08/01/2026 04:54:14 AM [pe] [INFO ]  VARIATION API: creating variations for 357 samples
08/01/2026 04:54:14 AM [pe] [INFO ]  VARIATION API: finished creating variations for 357 samples
08/01/2026 04:54:14 AM [pe] [INFO ]  PE population: finished generating 357*3 next synthetic samples
08/01/2026 04:54:14 AM [pe] [INFO ]  Composite population: finished generating 357 next synthetic samples
08/01/2026 04:54:14 AM [pe] [INFO ]  Label 9
08/01/2026 04:54:14 AM [pe] [INFO ]  Histogram: computing nearest neighbors histogram for 12853 private samples and 2228 synthetic samples
08/01/2026 04:54:14 AM [pe] [INFO ]  Embedding: PE.EMBEDDING.TabularEmbedding already computed
08/01/2026 04:54:14 AM [pe] [INFO ]  Embedding: computing PE.EMBEDDING.TabularEmbedding for 1671/2228 samples
08/01/2026 04:54:14 AM [pe] [INFO ]  Embedding: finished computing PE.EMBEDDING.TabularEmbedding for 1671/2228 samples
08/01/2026 04:54:14 AM [pe] [INFO ]  Histogram: finished computing nearest neighbors histogram for 12853 private samples and 2228 synthetic samples
08/01/2026 04:54:14 AM [pe] [INFO ]  Composite population: generating 557 next synthetic samples
08/01/2026 04:54:14 AM [pe] [INFO ]  PE population: generating 557*3 next synthetic samples
08/01/2026 04:54:14 AM [pe] [INFO ]  VARIATION API: creating variations for 557 samples
08/01/2026 04:54:14 AM [pe] [INFO ]  VARIATION API: finished creating variations for 557 samples
08/01/2026 04:54:14 AM [pe] [INFO ]  VARIATION API: creating variations for 557 samples
08/01/2026 04:54:14 AM [pe] [INFO ]  VARIATION API: finished creating variations for 557 samples
08/01/2026 04:54:15 AM [pe] [INFO ]  VARIATION API: creating variations for 557 samples
08/01/2026 04:54:15 AM [pe] [INFO ]  VARIATION API: finished creating variations for 557 samples
08/01/2026 04:54:15 AM [pe] [INFO ]  PE population: finished generating 557*3 next synthetic samples
08/01/2026 04:54:15 AM [pe] [INFO ]  Composite population: finished generating 557 next synthetic samples
08/01/2026 04:54:15 AM [pe] [INFO ]  Label 10
08/01/2026 04:54:15 AM [pe] [INFO ]  Histogram: computing nearest neighbors histogram for 967 private samples and 168 synthetic samples
08/01/2026 04:54:15 AM [pe] [INFO ]  Embedding: PE.EMBEDDING.TabularEmbedding already computed
08/01/2026 04:54:15 AM [pe] [INFO ]  Embedding: computing PE.EMBEDDING.TabularEmbedding for 126/168 samples
08/01/2026 04:54:15 AM [pe] [INFO ]  Embedding: finished computing PE.EMBEDDING.TabularEmbedding for 126/168 samples
08/01/2026 04:54:15 AM [pe] [INFO ]  Histogram: finished computing nearest neighbors histogram for 967 private samples and 168 synthetic samples
08/01/2026 04:54:15 AM [pe] [INFO ]  Composite population: generating 42 next synthetic samples
08/01/2026 04:54:15 AM [pe] [INFO ]  PE population: generating 42*3 next synthetic samples
08/01/2026 04:54:15 AM [pe] [INFO ]  VARIATION API: creating variations for 42 samples
08/01/2026 04:54:15 AM [pe] [INFO ]  VARIATION API: finished creating variations for 42 samples
08/01/2026 04:54:15 AM [pe] [INFO ]  VARIATION API: creating variations for 42 samples
08/01/2026 04:54:15 AM [pe] [INFO ]  VARIATION API: finished creating variations for 42 samples
08/01/2026 04:54:15 AM [pe] [INFO ]  VARIATION API: creating variations for 42 samples
08/01/2026 04:54:15 AM [pe] [INFO ]  VARIATION API: finished creating variations for 42 samples
08/01/2026 04:54:15 AM [pe] [INFO ]  PE population: finished generating 42*3 next synthetic samples
08/01/2026 04:54:15 AM [pe] [INFO ]  Composite population: finished generating 42 next synthetic samples
08/01/2026 04:54:15 AM [pe] [INFO ]  Saving the synthetic tabular data to a CSV file
08/01/2026 04:54:17 AM [pe] [INFO ]  Finished saving the synthetic tabular data to a CSV file
08/01/2026 04:54:17 AM [pe] [INFO ]  Evaluating tabular classifier
08/01/2026 04:54:17 AM [pe] [INFO ]  Number of samples after filtering: 5000
08/01/2026 05:13:57 AM [pe] [INFO ]  Tabular classifier test accuracy: 63.71%
08/01/2026 05:13:57 AM [pe] [INFO ]  Tabular classifier test (macro) F1 score: 35.80
08/01/2026 05:13:57 AM [pe] [INFO ]  Finished evaluating tabular classifier (tabular_classifier_tabicl_filter_{'PE.VARIATION_API_FOLD_ID':-1})
08/01/2026 05:13:57 AM [pe] [INFO ]  Computing 5way-WSD ({'PE.VARIATION_API_FOLD_ID':-1})
08/01/2026 05:13:57 AM [pe] [INFO ]  Number of samples after filtering: 5000
08/01/2026 05:15:16 AM [pe] [INFO ]  5way-wsd_2000samples_42seed_{'PE.VARIATION_API_FOLD_ID':-1}: 0.11629264
08/01/2026 05:15:16 AM [pe] [INFO ]  Finished computing 5way-WSD ({'PE.VARIATION_API_FOLD_ID':-1})
08/01/2026 05:15:16 AM [pe] [INFO ]  Computing 6way-WSD ({'PE.VARIATION_API_FOLD_ID':-1})
08/01/2026 05:15:16 AM [pe] [INFO ]  Number of samples after filtering: 5000
08/01/2026 05:15:56 AM [pe] [INFO ]  6way-wsd_2000samples_42seed_{'PE.VARIATION_API_FOLD_ID':-1}: 0.15147898
08/01/2026 05:15:56 AM [pe] [INFO ]  Finished computing 6way-WSD ({'PE.VARIATION_API_FOLD_ID':-1})
08/01/2026 05:15:56 AM [pe] [INFO ]  Computing 7way-WSD ({'PE.VARIATION_API_FOLD_ID':-1})
08/01/2026 05:15:56 AM [pe] [INFO ]  Number of samples after filtering: 5000
08/01/2026 05:16:08 AM [pe] [INFO ]  7way-wsd_2000samples_42seed_{'PE.VARIATION_API_FOLD_ID':-1}: 0.18598884
08/01/2026 05:16:08 AM [pe] [INFO ]  Finished computing 7way-WSD ({'PE.VARIATION_API_FOLD_ID':-1})
08/01/2026 05:16:08 AM [pe] [INFO ]  Iteration: 14
08/01/2026 05:16:08 AM [pe] [INFO ]  	tabular_classifier_tabicl_filter_{'PE.VARIATION_API_FOLD_ID':-1}_test_acc: 63.70657932
08/01/2026 05:16:08 AM [pe] [INFO ]  	tabular_classifier_tabicl_filter_{'PE.VARIATION_API_FOLD_ID':-1}_test_f1: 35.80126505
08/01/2026 05:16:08 AM [pe] [INFO ]  	5way-wsd_2000samples_42seed_{'PE.VARIATION_API_FOLD_ID':-1}: 0.11629264
08/01/2026 05:16:08 AM [pe] [INFO ]  	6way-wsd_2000samples_42seed_{'PE.VARIATION_API_FOLD_ID':-1}: 0.15147898
08/01/2026 05:16:08 AM [pe] [INFO ]  	7way-wsd_2000samples_42seed_{'PE.VARIATION_API_FOLD_ID':-1}: 0.18598884
=== Sat Aug  1 05:16:13 AM CEST 2026 xor_stress_test_xgb.py --num-features 1 ===
/home/rec1/Desktop/AI_Safety/ICML_reproduce/tab-pe-WB0hLRRlcj/scripts/xor_stress_test_xgb.py:20: Pandas4Warning: The 'mode.copy_on_write' option is deprecated. Copy-on-Write can no longer be disabled (it is always enabled with pandas >= 3.0), and setting the option has no impact. This option will be removed in pandas 4.0.
  pd.options.mode.copy_on_write = True
/home/rec1/Desktop/AI_Safety/ICML_reproduce/tab-pe-WB0hLRRlcj/DPSDA_upstream/pe/dp/gaussian.py:23: RuntimeWarning: overflow encountered in exp
  if np.isinf(np.exp(eps)):
08/01/2026 05:16:32 AM [pe] [INFO ]  DP epsilon=1.0, delta=2.730683970301006e-06, noise_multiplier=17.49931555315762, num_iterations=19.
08/01/2026 05:16:32 AM [pe] [INFO ]  Loaded checkpoint from /home/rec1/Desktop/AI_Safety/ICML_reproduce/tab-pe-WB0hLRRlcj/scripts/../results/xor_stress_test_1_features/checkpoint, iteration=19
=== Sat Aug  1 05:16:34 AM CEST 2026 xor_stress_test_xgb.py --num-features 2 ===
/home/rec1/Desktop/AI_Safety/ICML_reproduce/tab-pe-WB0hLRRlcj/scripts/xor_stress_test_xgb.py:20: Pandas4Warning: The 'mode.copy_on_write' option is deprecated. Copy-on-Write can no longer be disabled (it is always enabled with pandas >= 3.0), and setting the option has no impact. This option will be removed in pandas 4.0.
  pd.options.mode.copy_on_write = True
/home/rec1/Desktop/AI_Safety/ICML_reproduce/tab-pe-WB0hLRRlcj/DPSDA_upstream/pe/dp/gaussian.py:23: RuntimeWarning: overflow encountered in exp
  if np.isinf(np.exp(eps)):
08/01/2026 05:16:50 AM [pe] [INFO ]  DP epsilon=1.0, delta=2.730683970301006e-06, noise_multiplier=17.49931555315762, num_iterations=19.
08/01/2026 05:16:50 AM [pe] [WARNI]  fraction_per_label_id is not provided. Assuming the fraction of label ids in private data is public information.
08/01/2026 05:16:50 AM [pe] [INFO ]  Composite population: generating 499 initial synthetic samples for label target: 0.0
08/01/2026 05:16:50 AM [pe] [INFO ]  PE population: generating 499*1 initial synthetic samples for label target: 0.0
08/01/2026 05:16:50 AM [pe] [INFO ]  RANDOM API: creating 499 samples for label target: 0.0
08/01/2026 05:16:50 AM [pe] [INFO ]  RANDOM API: finished creating 499 samples for label target: 0.0
08/01/2026 05:16:50 AM [pe] [INFO ]  PE population: finished generating 499*1 initial synthetic samples for label target: 0.0
08/01/2026 05:16:50 AM [pe] [INFO ]  Composite population: finished generating 499 initial synthetic samples for label target: 0.0
08/01/2026 05:16:50 AM [pe] [INFO ]  Composite population: generating 501 initial synthetic samples for label target: 1.0
08/01/2026 05:16:50 AM [pe] [INFO ]  PE population: generating 501*1 initial synthetic samples for label target: 1.0
08/01/2026 05:16:50 AM [pe] [INFO ]  RANDOM API: creating 501 samples for label target: 1.0
08/01/2026 05:16:50 AM [pe] [INFO ]  RANDOM API: finished creating 501 samples for label target: 1.0
08/01/2026 05:16:50 AM [pe] [INFO ]  PE population: finished generating 501*1 initial synthetic samples for label target: 1.0
08/01/2026 05:16:50 AM [pe] [INFO ]  Composite population: finished generating 501 initial synthetic samples for label target: 1.0
08/01/2026 05:16:50 AM [pe] [INFO ]  Saving the synthetic tabular data to a CSV file
08/01/2026 05:16:50 AM [pe] [INFO ]  Finished saving the synthetic tabular data to a CSV file
08/01/2026 05:16:50 AM [pe] [INFO ]  Evaluating tabular classifier
08/01/2026 05:16:50 AM [pe] [INFO ]  Number of samples after filtering: 1000
08/01/2026 05:16:50 AM [pe] [INFO ]  Tabular classifier test accuracy: 54.09%
08/01/2026 05:16:50 AM [pe] [INFO ]  Tabular classifier test AUC: 56.11
08/01/2026 05:16:50 AM [pe] [INFO ]  Tabular classifier test (macro) F1 score: 54.09
08/01/2026 05:16:50 AM [pe] [INFO ]  Finished evaluating tabular classifier (tabular_classifier_xgboost_filter_{'PE.VARIATION_API_FOLD_ID':-1})
08/01/2026 05:16:50 AM [pe] [INFO ]  Iteration: 0
08/01/2026 05:16:50 AM [pe] [INFO ]  	tabular_classifier_xgboost_filter_{'PE.VARIATION_API_FOLD_ID':-1}_test_acc: 54.09000000
08/01/2026 05:16:50 AM [pe] [INFO ]  	tabular_classifier_xgboost_filter_{'PE.VARIATION_API_FOLD_ID':-1}_test_f1: 54.08898583
08/01/2026 05:16:50 AM [pe] [INFO ]  	tabular_classifier_xgboost_filter_{'PE.VARIATION_API_FOLD_ID':-1}_test_auc: 56.10864165
08/01/2026 05:16:50 AM [pe] [INFO ]  PE iteration 1
08/01/2026 05:16:50 AM [pe] [WARNI]  fraction_per_label_id is not provided. Assuming the fraction of label ids in private data is public information.
08/01/2026 05:16:50 AM [pe] [INFO ]  Label 0
08/01/2026 05:16:50 AM [pe] [INFO ]  Histogram: computing nearest neighbors histogram for 17465 private samples and 499 synthetic samples
08/01/2026 05:16:50 AM [pe] [INFO ]  Embedding: computing PE.EMBEDDING.TabularEmbedding for 17465/17465 samples
08/01/2026 05:16:50 AM [pe] [INFO ]  Embedding: finished computing PE.EMBEDDING.TabularEmbedding for 17465/17465 samples
08/01/2026 05:16:50 AM [pe] [INFO ]  Embedding: computing PE.EMBEDDING.TabularEmbedding for 499/499 samples
08/01/2026 05:16:50 AM [pe] [INFO ]  Embedding: finished computing PE.EMBEDDING.TabularEmbedding for 499/499 samples
08/01/2026 05:16:50 AM [pe] [INFO ]  Histogram: finished computing nearest neighbors histogram for 17465 private samples and 499 synthetic samples
08/01/2026 05:16:50 AM [pe] [INFO ]  Composite population: generating 499 next synthetic samples
08/01/2026 05:16:50 AM [pe] [INFO ]  PE population: generating 499*1 next synthetic samples
08/01/2026 05:16:50 AM [pe] [INFO ]  VARIATION API: creating variations for 499 samples
08/01/2026 05:16:50 AM [pe] [INFO ]  VARIATION API: finished creating variations for 499 samples
08/01/2026 05:16:50 AM [pe] [INFO ]  PE population: finished generating 499*1 next synthetic samples
08/01/2026 05:16:50 AM [pe] [INFO ]  Composite population: finished generating 499 next synthetic samples
08/01/2026 05:16:50 AM [pe] [INFO ]  Label 1
08/01/2026 05:16:50 AM [pe] [INFO ]  Histogram: computing nearest neighbors histogram for 17535 private samples and 501 synthetic samples
08/01/2026 05:16:50 AM [pe] [INFO ]  Embedding: computing PE.EMBEDDING.TabularEmbedding for 17535/17535 samples
08/01/2026 05:16:50 AM [pe] [INFO ]  Embedding: finished computing PE.EMBEDDING.TabularEmbedding for 17535/17535 samples
08/01/2026 05:16:50 AM [pe] [INFO ]  Embedding: computing PE.EMBEDDING.TabularEmbedding for 501/501 samples
08/01/2026 05:16:50 AM [pe] [INFO ]  Embedding: finished computing PE.EMBEDDING.TabularEmbedding for 501/501 samples
08/01/2026 05:16:50 AM [pe] [INFO ]  Histogram: finished computing nearest neighbors histogram for 17535 private samples and 501 synthetic samples
08/01/2026 05:16:50 AM [pe] [INFO ]  Composite population: generating 501 next synthetic samples
08/01/2026 05:16:50 AM [pe] [INFO ]  PE population: generating 501*1 next synthetic samples
08/01/2026 05:16:50 AM [pe] [INFO ]  VARIATION API: creating variations for 501 samples
08/01/2026 05:16:50 AM [pe] [INFO ]  VARIATION API: finished creating variations for 501 samples
08/01/2026 05:16:50 AM [pe] [INFO ]  PE population: finished generating 501*1 next synthetic samples
08/01/2026 05:16:50 AM [pe] [INFO ]  Composite population: finished generating 501 next synthetic samples
08/01/2026 05:16:50 AM [pe] [INFO ]  Saving the synthetic tabular data to a CSV file
08/01/2026 05:16:50 AM [pe] [INFO ]  Finished saving the synthetic tabular data to a CSV file
08/01/2026 05:16:50 AM [pe] [INFO ]  Evaluating tabular classifier
08/01/2026 05:16:50 AM [pe] [INFO ]  Number of samples after filtering: 0
08/01/2026 05:16:50 AM [pe] [WARNI]  No samples satisfy the filter criterion {'PE.VARIATION_API_FOLD_ID':-1}. Skipping computation.
08/01/2026 05:16:50 AM [pe] [INFO ]  PE iteration 2
08/01/2026 05:16:50 AM [pe] [WARNI]  fraction_per_label_id is not provided. Assuming the fraction of label ids in private data is public information.
08/01/2026 05:16:50 AM [pe] [INFO ]  Label 0
08/01/2026 05:16:50 AM [pe] [INFO ]  Histogram: computing nearest neighbors histogram for 17465 private samples and 499 synthetic samples
08/01/2026 05:16:50 AM [pe] [INFO ]  Embedding: PE.EMBEDDING.TabularEmbedding already computed
08/01/2026 05:16:50 AM [pe] [INFO ]  Embedding: computing PE.EMBEDDING.TabularEmbedding for 499/499 samples
08/01/2026 05:16:50 AM [pe] [INFO ]  Embedding: finished computing PE.EMBEDDING.TabularEmbedding for 499/499 samples
08/01/2026 05:16:51 AM [pe] [INFO ]  Histogram: finished computing nearest neighbors histogram for 17465 private samples and 499 synthetic samples
08/01/2026 05:16:51 AM [pe] [INFO ]  Composite population: generating 499 next synthetic samples
08/01/2026 05:16:51 AM [pe] [INFO ]  PE population: generating 499*1 next synthetic samples
08/01/2026 05:16:51 AM [pe] [INFO ]  VARIATION API: creating variations for 499 samples
08/01/2026 05:16:51 AM [pe] [INFO ]  VARIATION API: finished creating variations for 499 samples
08/01/2026 05:16:51 AM [pe] [INFO ]  PE population: finished generating 499*1 next synthetic samples
08/01/2026 05:16:51 AM [pe] [INFO ]  Composite population: finished generating 499 next synthetic samples
08/01/2026 05:16:51 AM [pe] [INFO ]  Label 1
08/01/2026 05:16:51 AM [pe] [INFO ]  Histogram: computing nearest neighbors histogram for 17535 private samples and 501 synthetic samples
08/01/2026 05:16:51 AM [pe] [INFO ]  Embedding: PE.EMBEDDING.TabularEmbedding already computed
08/01/2026 05:16:51 AM [pe] [INFO ]  Embedding: computing PE.EMBEDDING.TabularEmbedding for 501/501 samples
08/01/2026 05:16:51 AM [pe] [INFO ]  Embedding: finished computing PE.EMBEDDING.TabularEmbedding for 501/501 samples
08/01/2026 05:16:51 AM [pe] [INFO ]  Histogram: finished computing nearest neighbors histogram for 17535 private samples and 501 synthetic samples
08/01/2026 05:16:51 AM [pe] [INFO ]  Composite population: generating 501 next synthetic samples
08/01/2026 05:16:51 AM [pe] [INFO ]  PE population: generating 501*1 next synthetic samples
08/01/2026 05:16:51 AM [pe] [INFO ]  VARIATION API: creating variations for 501 samples
08/01/2026 05:16:51 AM [pe] [INFO ]  VARIATION API: finished creating variations for 501 samples
08/01/2026 05:16:51 AM [pe] [INFO ]  PE population: finished generating 501*1 next synthetic samples
08/01/2026 05:16:51 AM [pe] [INFO ]  Composite population: finished generating 501 next synthetic samples
08/01/2026 05:16:51 AM [pe] [INFO ]  Saving the synthetic tabular data to a CSV file
08/01/2026 05:16:51 AM [pe] [INFO ]  Finished saving the synthetic tabular data to a CSV file
08/01/2026 05:16:51 AM [pe] [INFO ]  Evaluating tabular classifier
08/01/2026 05:16:51 AM [pe] [INFO ]  Number of samples after filtering: 0
08/01/2026 05:16:51 AM [pe] [WARNI]  No samples satisfy the filter criterion {'PE.VARIATION_API_FOLD_ID':-1}. Skipping computation.
08/01/2026 05:16:51 AM [pe] [INFO ]  PE iteration 3
08/01/2026 05:16:51 AM [pe] [WARNI]  fraction_per_label_id is not provided. Assuming the fraction of label ids in private data is public information.
08/01/2026 05:16:51 AM [pe] [INFO ]  Label 0
08/01/2026 05:16:51 AM [pe] [INFO ]  Histogram: computing nearest neighbors histogram for 17465 private samples and 499 synthetic samples
08/01/2026 05:16:51 AM [pe] [INFO ]  Embedding: PE.EMBEDDING.TabularEmbedding already computed
08/01/2026 05:16:51 AM [pe] [INFO ]  Embedding: computing PE.EMBEDDING.TabularEmbedding for 499/499 samples
08/01/2026 05:16:51 AM [pe] [INFO ]  Embedding: finished computing PE.EMBEDDING.TabularEmbedding for 499/499 samples
08/01/2026 05:16:51 AM [pe] [INFO ]  Histogram: finished computing nearest neighbors histogram for 17465 private samples and 499 synthetic samples
08/01/2026 05:16:51 AM [pe] [INFO ]  Composite population: generating 499 next synthetic samples
08/01/2026 05:16:51 AM [pe] [INFO ]  PE population: generating 499*1 next synthetic samples
08/01/2026 05:16:51 AM [pe] [INFO ]  VARIATION API: creating variations for 499 samples
08/01/2026 05:16:51 AM [pe] [INFO ]  VARIATION API: finished creating variations for 499 samples
08/01/2026 05:16:51 AM [pe] [INFO ]  PE population: finished generating 499*1 next synthetic samples
08/01/2026 05:16:51 AM [pe] [INFO ]  Composite population: finished generating 499 next synthetic samples
08/01/2026 05:16:51 AM [pe] [INFO ]  Label 1
08/01/2026 05:16:51 AM [pe] [INFO ]  Histogram: computing nearest neighbors histogram for 17535 private samples and 501 synthetic samples
08/01/2026 05:16:51 AM [pe] [INFO ]  Embedding: PE.EMBEDDING.TabularEmbedding already computed
08/01/2026 05:16:51 AM [pe] [INFO ]  Embedding: computing PE.EMBEDDING.TabularEmbedding for 501/501 samples
08/01/2026 05:16:51 AM [pe] [INFO ]  Embedding: finished computing PE.EMBEDDING.TabularEmbedding for 501/501 samples
08/01/2026 05:16:51 AM [pe] [INFO ]  Histogram: finished computing nearest neighbors histogram for 17535 private samples and 501 synthetic samples
08/01/2026 05:16:51 AM [pe] [INFO ]  Composite population: generating 501 next synthetic samples
08/01/2026 05:16:51 AM [pe] [INFO ]  PE population: generating 501*1 next synthetic samples
08/01/2026 05:16:51 AM [pe] [INFO ]  VARIATION API: creating variations for 501 samples
08/01/2026 05:16:51 AM [pe] [INFO ]  VARIATION API: finished creating variations for 501 samples
08/01/2026 05:16:51 AM [pe] [INFO ]  PE population: finished generating 501*1 next synthetic samples
08/01/2026 05:16:51 AM [pe] [INFO ]  Composite population: finished generating 501 next synthetic samples
08/01/2026 05:16:51 AM [pe] [INFO ]  Saving the synthetic tabular data to a CSV file
08/01/2026 05:16:51 AM [pe] [INFO ]  Finished saving the synthetic tabular data to a CSV file
08/01/2026 05:16:51 AM [pe] [INFO ]  Evaluating tabular classifier
08/01/2026 05:16:51 AM [pe] [INFO ]  Number of samples after filtering: 0
08/01/2026 05:16:51 AM [pe] [WARNI]  No samples satisfy the filter criterion {'PE.VARIATION_API_FOLD_ID':-1}. Skipping computation.
08/01/2026 05:16:51 AM [pe] [INFO ]  PE iteration 4
08/01/2026 05:16:51 AM [pe] [WARNI]  fraction_per_label_id is not provided. Assuming the fraction of label ids in private data is public information.
08/01/2026 05:16:51 AM [pe] [INFO ]  Label 0
08/01/2026 05:16:51 AM [pe] [INFO ]  Histogram: computing nearest neighbors histogram for 17465 private samples and 499 synthetic samples
08/01/2026 05:16:51 AM [pe] [INFO ]  Embedding: PE.EMBEDDING.TabularEmbedding already computed
08/01/2026 05:16:51 AM [pe] [INFO ]  Embedding: computing PE.EMBEDDING.TabularEmbedding for 499/499 samples
08/01/2026 05:16:51 AM [pe] [INFO ]  Embedding: finished computing PE.EMBEDDING.TabularEmbedding for 499/499 samples
08/01/2026 05:16:51 AM [pe] [INFO ]  Histogram: finished computing nearest neighbors histogram for 17465 private samples and 499 synthetic samples
08/01/2026 05:16:51 AM [pe] [INFO ]  Composite population: generating 499 next synthetic samples
08/01/2026 05:16:51 AM [pe] [INFO ]  PE population: generating 499*1 next synthetic samples
08/01/2026 05:16:51 AM [pe] [INFO ]  VARIATION API: creating variations for 499 samples
08/01/2026 05:16:51 AM [pe] [INFO ]  VARIATION API: finished creating variations for 499 samples
08/01/2026 05:16:51 AM [pe] [INFO ]  PE population: finished generating 499*1 next synthetic samples
08/01/2026 05:16:51 AM [pe] [INFO ]  Composite population: finished generating 499 next synthetic samples
08/01/2026 05:16:51 AM [pe] [INFO ]  Label 1
08/01/2026 05:16:51 AM [pe] [INFO ]  Histogram: computing nearest neighbors histogram for 17535 private samples and 501 synthetic samples
08/01/2026 05:16:51 AM [pe] [INFO ]  Embedding: PE.EMBEDDING.TabularEmbedding already computed
08/01/2026 05:16:51 AM [pe] [INFO ]  Embedding: computing PE.EMBEDDING.TabularEmbedding for 501/501 samples
08/01/2026 05:16:51 AM [pe] [INFO ]  Embedding: finished computing PE.EMBEDDING.TabularEmbedding for 501/501 samples
08/01/2026 05:16:51 AM [pe] [INFO ]  Histogram: finished computing nearest neighbors histogram for 17535 private samples and 501 synthetic samples
08/01/2026 05:16:51 AM [pe] [INFO ]  Composite population: generating 501 next synthetic samples
08/01/2026 05:16:51 AM [pe] [INFO ]  PE population: generating 501*1 next synthetic samples
08/01/2026 05:16:51 AM [pe] [INFO ]  VARIATION API: creating variations for 501 samples
08/01/2026 05:16:51 AM [pe] [INFO ]  VARIATION API: finished creating variations for 501 samples
08/01/2026 05:16:51 AM [pe] [INFO ]  PE population: finished generating 501*1 next synthetic samples
08/01/2026 05:16:51 AM [pe] [INFO ]  Composite population: finished generating 501 next synthetic samples
08/01/2026 05:16:51 AM [pe] [INFO ]  Saving the synthetic tabular data to a CSV file
08/01/2026 05:16:51 AM [pe] [INFO ]  Finished saving the synthetic tabular data to a CSV file
08/01/2026 05:16:51 AM [pe] [INFO ]  Evaluating tabular classifier
08/01/2026 05:16:52 AM [pe] [INFO ]  Number of samples after filtering: 0
08/01/2026 05:16:52 AM [pe] [WARNI]  No samples satisfy the filter criterion {'PE.VARIATION_API_FOLD_ID':-1}. Skipping computation.
08/01/2026 05:16:52 AM [pe] [INFO ]  PE iteration 5
08/01/2026 05:16:52 AM [pe] [WARNI]  fraction_per_label_id is not provided. Assuming the fraction of label ids in private data is public information.
08/01/2026 05:16:52 AM [pe] [INFO ]  Label 0
08/01/2026 05:16:52 AM [pe] [INFO ]  Histogram: computing nearest neighbors histogram for 17465 private samples and 499 synthetic samples
08/01/2026 05:16:52 AM [pe] [INFO ]  Embedding: PE.EMBEDDING.TabularEmbedding already computed
08/01/2026 05:16:52 AM [pe] [INFO ]  Embedding: computing PE.EMBEDDING.TabularEmbedding for 499/499 samples
08/01/2026 05:16:52 AM [pe] [INFO ]  Embedding: finished computing PE.EMBEDDING.TabularEmbedding for 499/499 samples
08/01/2026 05:16:52 AM [pe] [INFO ]  Histogram: finished computing nearest neighbors histogram for 17465 private samples and 499 synthetic samples
08/01/2026 05:16:52 AM [pe] [INFO ]  Composite population: generating 499 next synthetic samples
08/01/2026 05:16:52 AM [pe] [INFO ]  PE population: generating 499*3 next synthetic samples
08/01/2026 05:16:52 AM [pe] [INFO ]  VARIATION API: creating variations for 499 samples
08/01/2026 05:16:52 AM [pe] [INFO ]  VARIATION API: finished creating variations for 499 samples
08/01/2026 05:16:52 AM [pe] [INFO ]  VARIATION API: creating variations for 499 samples
08/01/2026 05:16:52 AM [pe] [INFO ]  VARIATION API: finished creating variations for 499 samples
08/01/2026 05:16:52 AM [pe] [INFO ]  VARIATION API: creating variations for 499 samples
08/01/2026 05:16:52 AM [pe] [INFO ]  VARIATION API: finished creating variations for 499 samples
08/01/2026 05:16:52 AM [pe] [INFO ]  PE population: finished generating 499*3 next synthetic samples
08/01/2026 05:16:52 AM [pe] [INFO ]  Composite population: finished generating 499 next synthetic samples
08/01/2026 05:16:52 AM [pe] [INFO ]  Label 1
08/01/2026 05:16:52 AM [pe] [INFO ]  Histogram: computing nearest neighbors histogram for 17535 private samples and 501 synthetic samples
08/01/2026 05:16:52 AM [pe] [INFO ]  Embedding: PE.EMBEDDING.TabularEmbedding already computed
08/01/2026 05:16:52 AM [pe] [INFO ]  Embedding: computing PE.EMBEDDING.TabularEmbedding for 501/501 samples
08/01/2026 05:16:52 AM [pe] [INFO ]  Embedding: finished computing PE.EMBEDDING.TabularEmbedding for 501/501 samples
08/01/2026 05:16:52 AM [pe] [INFO ]  Histogram: finished computing nearest neighbors histogram for 17535 private samples and 501 synthetic samples
08/01/2026 05:16:52 AM [pe] [INFO ]  Composite population: generating 501 next synthetic samples
08/01/2026 05:16:52 AM [pe] [INFO ]  PE population: generating 501*3 next synthetic samples
08/01/2026 05:16:52 AM [pe] [INFO ]  VARIATION API: creating variations for 501 samples
08/01/2026 05:16:52 AM [pe] [INFO ]  VARIATION API: finished creating variations for 501 samples
08/01/2026 05:16:52 AM [pe] [INFO ]  VARIATION API: creating variations for 501 samples
08/01/2026 05:16:52 AM [pe] [INFO ]  VARIATION API: finished creating variations for 501 samples
08/01/2026 05:16:52 AM [pe] [INFO ]  VARIATION API: creating variations for 501 samples
08/01/2026 05:16:52 AM [pe] [INFO ]  VARIATION API: finished creating variations for 501 samples
08/01/2026 05:16:52 AM [pe] [INFO ]  PE population: finished generating 501*3 next synthetic samples
08/01/2026 05:16:52 AM [pe] [INFO ]  Composite population: finished generating 501 next synthetic samples
08/01/2026 05:16:52 AM [pe] [INFO ]  Saving the synthetic tabular data to a CSV file
08/01/2026 05:16:52 AM [pe] [INFO ]  Finished saving the synthetic tabular data to a CSV file
08/01/2026 05:16:52 AM [pe] [INFO ]  Evaluating tabular classifier
08/01/2026 05:16:52 AM [pe] [INFO ]  Number of samples after filtering: 1000
08/01/2026 05:16:52 AM [pe] [INFO ]  Tabular classifier test accuracy: 86.89%
08/01/2026 05:16:52 AM [pe] [INFO ]  Tabular classifier test AUC: 95.52
08/01/2026 05:16:52 AM [pe] [INFO ]  Tabular classifier test (macro) F1 score: 86.89
08/01/2026 05:16:52 AM [pe] [INFO ]  Finished evaluating tabular classifier (tabular_classifier_xgboost_filter_{'PE.VARIATION_API_FOLD_ID':-1})
08/01/2026 05:16:52 AM [pe] [INFO ]  Iteration: 5
08/01/2026 05:16:52 AM [pe] [INFO ]  	tabular_classifier_xgboost_filter_{'PE.VARIATION_API_FOLD_ID':-1}_test_acc: 86.89000000
08/01/2026 05:16:52 AM [pe] [INFO ]  	tabular_classifier_xgboost_filter_{'PE.VARIATION_API_FOLD_ID':-1}_test_f1: 86.88997050
08/01/2026 05:16:52 AM [pe] [INFO ]  	tabular_classifier_xgboost_filter_{'PE.VARIATION_API_FOLD_ID':-1}_test_auc: 95.51578718
08/01/2026 05:16:52 AM [pe] [INFO ]  PE iteration 6
08/01/2026 05:16:52 AM [pe] [WARNI]  fraction_per_label_id is not provided. Assuming the fraction of label ids in private data is public information.
08/01/2026 05:16:52 AM [pe] [INFO ]  Label 0
08/01/2026 05:16:52 AM [pe] [INFO ]  Histogram: computing nearest neighbors histogram for 17465 private samples and 1996 synthetic samples
08/01/2026 05:16:52 AM [pe] [INFO ]  Embedding: PE.EMBEDDING.TabularEmbedding already computed
08/01/2026 05:16:52 AM [pe] [INFO ]  Embedding: computing PE.EMBEDDING.TabularEmbedding for 1497/1996 samples
08/01/2026 05:16:52 AM [pe] [INFO ]  Embedding: finished computing PE.EMBEDDING.TabularEmbedding for 1497/1996 samples
08/01/2026 05:16:53 AM [pe] [INFO ]  Histogram: finished computing nearest neighbors histogram for 17465 private samples and 1996 synthetic samples
08/01/2026 05:16:53 AM [pe] [INFO ]  Composite population: generating 499 next synthetic samples
08/01/2026 05:16:53 AM [pe] [INFO ]  PE population: generating 499*3 next synthetic samples
08/01/2026 05:16:53 AM [pe] [INFO ]  VARIATION API: creating variations for 499 samples
08/01/2026 05:16:53 AM [pe] [INFO ]  VARIATION API: finished creating variations for 499 samples
08/01/2026 05:16:53 AM [pe] [INFO ]  VARIATION API: creating variations for 499 samples
08/01/2026 05:16:53 AM [pe] [INFO ]  VARIATION API: finished creating variations for 499 samples
08/01/2026 05:16:53 AM [pe] [INFO ]  VARIATION API: creating variations for 499 samples
08/01/2026 05:16:53 AM [pe] [INFO ]  VARIATION API: finished creating variations for 499 samples
08/01/2026 05:16:53 AM [pe] [INFO ]  PE population: finished generating 499*3 next synthetic samples
08/01/2026 05:16:53 AM [pe] [INFO ]  Composite population: finished generating 499 next synthetic samples
08/01/2026 05:16:53 AM [pe] [INFO ]  Label 1
08/01/2026 05:16:53 AM [pe] [INFO ]  Histogram: computing nearest neighbors histogram for 17535 private samples and 2004 synthetic samples
08/01/2026 05:16:53 AM [pe] [INFO ]  Embedding: PE.EMBEDDING.TabularEmbedding already computed
08/01/2026 05:16:53 AM [pe] [INFO ]  Embedding: computing PE.EMBEDDING.TabularEmbedding for 1503/2004 samples
08/01/2026 05:16:53 AM [pe] [INFO ]  Embedding: finished computing PE.EMBEDDING.TabularEmbedding for 1503/2004 samples
08/01/2026 05:16:53 AM [pe] [INFO ]  Histogram: finished computing nearest neighbors histogram for 17535 private samples and 2004 synthetic samples
08/01/2026 05:16:53 AM [pe] [INFO ]  Composite population: generating 501 next synthetic samples
08/01/2026 05:16:53 AM [pe] [INFO ]  PE population: generating 501*3 next synthetic samples
08/01/2026 05:16:53 AM [pe] [INFO ]  VARIATION API: creating variations for 501 samples
08/01/2026 05:16:53 AM [pe] [INFO ]  VARIATION API: finished creating variations for 501 samples
08/01/2026 05:16:53 AM [pe] [INFO ]  VARIATION API: creating variations for 501 samples
08/01/2026 05:16:53 AM [pe] [INFO ]  VARIATION API: finished creating variations for 501 samples
08/01/2026 05:16:53 AM [pe] [INFO ]  VARIATION API: creating variations for 501 samples
08/01/2026 05:16:53 AM [pe] [INFO ]  VARIATION API: finished creating variations for 501 samples
08/01/2026 05:16:53 AM [pe] [INFO ]  PE population: finished generating 501*3 next synthetic samples
08/01/2026 05:16:53 AM [pe] [INFO ]  Composite population: finished generating 501 next synthetic samples
08/01/2026 05:16:53 AM [pe] [INFO ]  Saving the synthetic tabular data to a CSV file
08/01/2026 05:16:53 AM [pe] [INFO ]  Finished saving the synthetic tabular data to a CSV file
08/01/2026 05:16:53 AM [pe] [INFO ]  Evaluating tabular classifier
08/01/2026 05:16:53 AM [pe] [INFO ]  Number of samples after filtering: 1000
08/01/2026 05:16:53 AM [pe] [INFO ]  Tabular classifier test accuracy: 95.84%
08/01/2026 05:16:53 AM [pe] [INFO ]  Tabular classifier test AUC: 99.49
08/01/2026 05:16:53 AM [pe] [INFO ]  Tabular classifier test (macro) F1 score: 95.84
08/01/2026 05:16:53 AM [pe] [INFO ]  Finished evaluating tabular classifier (tabular_classifier_xgboost_filter_{'PE.VARIATION_API_FOLD_ID':-1})
08/01/2026 05:16:53 AM [pe] [INFO ]  Iteration: 6
08/01/2026 05:16:53 AM [pe] [INFO ]  	tabular_classifier_xgboost_filter_{'PE.VARIATION_API_FOLD_ID':-1}_test_acc: 95.84000000
08/01/2026 05:16:53 AM [pe] [INFO ]  	tabular_classifier_xgboost_filter_{'PE.VARIATION_API_FOLD_ID':-1}_test_f1: 95.83691999
08/01/2026 05:16:53 AM [pe] [INFO ]  	tabular_classifier_xgboost_filter_{'PE.VARIATION_API_FOLD_ID':-1}_test_auc: 99.48520668
08/01/2026 05:16:53 AM [pe] [INFO ]  PE iteration 7
08/01/2026 05:16:53 AM [pe] [WARNI]  fraction_per_label_id is not provided. Assuming the fraction of label ids in private data is public information.
08/01/2026 05:16:53 AM [pe] [INFO ]  Label 0
08/01/2026 05:16:53 AM [pe] [INFO ]  Histogram: computing nearest neighbors histogram for 17465 private samples and 1996 synthetic samples
08/01/2026 05:16:53 AM [pe] [INFO ]  Embedding: PE.EMBEDDING.TabularEmbedding already computed
08/01/2026 05:16:53 AM [pe] [INFO ]  Embedding: computing PE.EMBEDDING.TabularEmbedding for 1497/1996 samples
08/01/2026 05:16:53 AM [pe] [INFO ]  Embedding: finished computing PE.EMBEDDING.TabularEmbedding for 1497/1996 samples
08/01/2026 05:16:54 AM [pe] [INFO ]  Histogram: finished computing nearest neighbors histogram for 17465 private samples and 1996 synthetic samples
08/01/2026 05:16:54 AM [pe] [INFO ]  Composite population: generating 499 next synthetic samples
08/01/2026 05:16:54 AM [pe] [INFO ]  PE population: generating 499*3 next synthetic samples
08/01/2026 05:16:54 AM [pe] [INFO ]  VARIATION API: creating variations for 499 samples
08/01/2026 05:16:54 AM [pe] [INFO ]  VARIATION API: finished creating variations for 499 samples
08/01/2026 05:16:54 AM [pe] [INFO ]  VARIATION API: creating variations for 499 samples
08/01/2026 05:16:54 AM [pe] [INFO ]  VARIATION API: finished creating variations for 499 samples
08/01/2026 05:16:54 AM [pe] [INFO ]  VARIATION API: creating variations for 499 samples
08/01/2026 05:16:54 AM [pe] [INFO ]  VARIATION API: finished creating variations for 499 samples
08/01/2026 05:16:54 AM [pe] [INFO ]  PE population: finished generating 499*3 next synthetic samples
08/01/2026 05:16:54 AM [pe] [INFO ]  Composite population: finished generating 499 next synthetic samples
08/01/2026 05:16:54 AM [pe] [INFO ]  Label 1
08/01/2026 05:16:54 AM [pe] [INFO ]  Histogram: computing nearest neighbors histogram for 17535 private samples and 2004 synthetic samples
08/01/2026 05:16:54 AM [pe] [INFO ]  Embedding: PE.EMBEDDING.TabularEmbedding already computed
08/01/2026 05:16:54 AM [pe] [INFO ]  Embedding: computing PE.EMBEDDING.TabularEmbedding for 1503/2004 samples
08/01/2026 05:16:54 AM [pe] [INFO ]  Embedding: finished computing PE.EMBEDDING.TabularEmbedding for 1503/2004 samples
08/01/2026 05:16:54 AM [pe] [INFO ]  Histogram: finished computing nearest neighbors histogram for 17535 private samples and 2004 synthetic samples
08/01/2026 05:16:54 AM [pe] [INFO ]  Composite population: generating 501 next synthetic samples
08/01/2026 05:16:54 AM [pe] [INFO ]  PE population: generating 501*3 next synthetic samples
08/01/2026 05:16:54 AM [pe] [INFO ]  VARIATION API: creating variations for 501 samples
08/01/2026 05:16:54 AM [pe] [INFO ]  VARIATION API: finished creating variations for 501 samples
08/01/2026 05:16:54 AM [pe] [INFO ]  VARIATION API: creating variations for 501 samples
08/01/2026 05:16:54 AM [pe] [INFO ]  VARIATION API: finished creating variations for 501 samples
08/01/2026 05:16:54 AM [pe] [INFO ]  VARIATION API: creating variations for 501 samples
08/01/2026 05:16:54 AM [pe] [INFO ]  VARIATION API: finished creating variations for 501 samples
08/01/2026 05:16:54 AM [pe] [INFO ]  PE population: finished generating 501*3 next synthetic samples
08/01/2026 05:16:54 AM [pe] [INFO ]  Composite population: finished generating 501 next synthetic samples
08/01/2026 05:16:54 AM [pe] [INFO ]  Saving the synthetic tabular data to a CSV file
08/01/2026 05:16:54 AM [pe] [INFO ]  Finished saving the synthetic tabular data to a CSV file
08/01/2026 05:16:54 AM [pe] [INFO ]  Evaluating tabular classifier
08/01/2026 05:16:54 AM [pe] [INFO ]  Number of samples after filtering: 1000
08/01/2026 05:16:54 AM [pe] [INFO ]  Tabular classifier test accuracy: 96.22%
08/01/2026 05:16:55 AM [pe] [INFO ]  Tabular classifier test AUC: 99.52
08/01/2026 05:16:55 AM [pe] [INFO ]  Tabular classifier test (macro) F1 score: 96.22
08/01/2026 05:16:55 AM [pe] [INFO ]  Finished evaluating tabular classifier (tabular_classifier_xgboost_filter_{'PE.VARIATION_API_FOLD_ID':-1})
08/01/2026 05:16:55 AM [pe] [INFO ]  Iteration: 7
08/01/2026 05:16:55 AM [pe] [INFO ]  	tabular_classifier_xgboost_filter_{'PE.VARIATION_API_FOLD_ID':-1}_test_acc: 96.22000000
08/01/2026 05:16:55 AM [pe] [INFO ]  	tabular_classifier_xgboost_filter_{'PE.VARIATION_API_FOLD_ID':-1}_test_f1: 96.21988146
08/01/2026 05:16:55 AM [pe] [INFO ]  	tabular_classifier_xgboost_filter_{'PE.VARIATION_API_FOLD_ID':-1}_test_auc: 99.51731663
08/01/2026 05:16:55 AM [pe] [INFO ]  PE iteration 8
08/01/2026 05:16:55 AM [pe] [WARNI]  fraction_per_label_id is not provided. Assuming the fraction of label ids in private data is public information.
08/01/2026 05:16:55 AM [pe] [INFO ]  Label 0
08/01/2026 05:16:55 AM [pe] [INFO ]  Histogram: computing nearest neighbors histogram for 17465 private samples and 1996 synthetic samples
08/01/2026 05:16:55 AM [pe] [INFO ]  Embedding: PE.EMBEDDING.TabularEmbedding already computed
08/01/2026 05:16:55 AM [pe] [INFO ]  Embedding: computing PE.EMBEDDING.TabularEmbedding for 1497/1996 samples
08/01/2026 05:16:55 AM [pe] [INFO ]  Embedding: finished computing PE.EMBEDDING.TabularEmbedding for 1497/1996 samples
08/01/2026 05:16:55 AM [pe] [INFO ]  Histogram: finished computing nearest neighbors histogram for 17465 private samples and 1996 synthetic samples
08/01/2026 05:16:55 AM [pe] [INFO ]  Composite population: generating 499 next synthetic samples
08/01/2026 05:16:55 AM [pe] [INFO ]  PE population: generating 499*3 next synthetic samples
08/01/2026 05:16:55 AM [pe] [INFO ]  VARIATION API: creating variations for 499 samples
08/01/2026 05:16:55 AM [pe] [INFO ]  VARIATION API: finished creating variations for 499 samples
08/01/2026 05:16:55 AM [pe] [INFO ]  VARIATION API: creating variations for 499 samples
08/01/2026 05:16:55 AM [pe] [INFO ]  VARIATION API: finished creating variations for 499 samples
08/01/2026 05:16:55 AM [pe] [INFO ]  VARIATION API: creating variations for 499 samples
08/01/2026 05:16:55 AM [pe] [INFO ]  VARIATION API: finished creating variations for 499 samples
08/01/2026 05:16:55 AM [pe] [INFO ]  PE population: finished generating 499*3 next synthetic samples
08/01/2026 05:16:55 AM [pe] [INFO ]  Composite population: finished generating 499 next synthetic samples
08/01/2026 05:16:55 AM [pe] [INFO ]  Label 1
08/01/2026 05:16:55 AM [pe] [INFO ]  Histogram: computing nearest neighbors histogram for 17535 private samples and 2004 synthetic samples
08/01/2026 05:16:55 AM [pe] [INFO ]  Embedding: PE.EMBEDDING.TabularEmbedding already computed
08/01/2026 05:16:55 AM [pe] [INFO ]  Embedding: computing PE.EMBEDDING.TabularEmbedding for 1503/2004 samples
08/01/2026 05:16:55 AM [pe] [INFO ]  Embedding: finished computing PE.EMBEDDING.TabularEmbedding for 1503/2004 samples
08/01/2026 05:16:55 AM [pe] [INFO ]  Histogram: finished computing nearest neighbors histogram for 17535 private samples and 2004 synthetic samples
08/01/2026 05:16:55 AM [pe] [INFO ]  Composite population: generating 501 next synthetic samples
08/01/2026 05:16:55 AM [pe] [INFO ]  PE population: generating 501*3 next synthetic samples
08/01/2026 05:16:55 AM [pe] [INFO ]  VARIATION API: creating variations for 501 samples
08/01/2026 05:16:55 AM [pe] [INFO ]  VARIATION API: finished creating variations for 501 samples
08/01/2026 05:16:55 AM [pe] [INFO ]  VARIATION API: creating variations for 501 samples
08/01/2026 05:16:55 AM [pe] [INFO ]  VARIATION API: finished creating variations for 501 samples
08/01/2026 05:16:55 AM [pe] [INFO ]  VARIATION API: creating variations for 501 samples
08/01/2026 05:16:55 AM [pe] [INFO ]  VARIATION API: finished creating variations for 501 samples
08/01/2026 05:16:55 AM [pe] [INFO ]  PE population: finished generating 501*3 next synthetic samples
08/01/2026 05:16:55 AM [pe] [INFO ]  Composite population: finished generating 501 next synthetic samples
08/01/2026 05:16:55 AM [pe] [INFO ]  Saving the synthetic tabular data to a CSV file
08/01/2026 05:16:55 AM [pe] [INFO ]  Finished saving the synthetic tabular data to a CSV file
08/01/2026 05:16:55 AM [pe] [INFO ]  Evaluating tabular classifier
08/01/2026 05:16:55 AM [pe] [INFO ]  Number of samples after filtering: 1000
08/01/2026 05:16:56 AM [pe] [INFO ]  Tabular classifier test accuracy: 97.60%
08/01/2026 05:16:56 AM [pe] [INFO ]  Tabular classifier test AUC: 99.80
08/01/2026 05:16:56 AM [pe] [INFO ]  Tabular classifier test (macro) F1 score: 97.60
08/01/2026 05:16:56 AM [pe] [INFO ]  Finished evaluating tabular classifier (tabular_classifier_xgboost_filter_{'PE.VARIATION_API_FOLD_ID':-1})
08/01/2026 05:16:56 AM [pe] [INFO ]  Iteration: 8
08/01/2026 05:16:56 AM [pe] [INFO ]  	tabular_classifier_xgboost_filter_{'PE.VARIATION_API_FOLD_ID':-1}_test_acc: 97.60000000
08/01/2026 05:16:56 AM [pe] [INFO ]  	tabular_classifier_xgboost_filter_{'PE.VARIATION_API_FOLD_ID':-1}_test_f1: 97.59981413
08/01/2026 05:16:56 AM [pe] [INFO ]  	tabular_classifier_xgboost_filter_{'PE.VARIATION_API_FOLD_ID':-1}_test_auc: 99.80074588
08/01/2026 05:16:56 AM [pe] [INFO ]  PE iteration 9
08/01/2026 05:16:56 AM [pe] [WARNI]  fraction_per_label_id is not provided. Assuming the fraction of label ids in private data is public information.
08/01/2026 05:16:56 AM [pe] [INFO ]  Label 0
08/01/2026 05:16:56 AM [pe] [INFO ]  Histogram: computing nearest neighbors histogram for 17465 private samples and 1996 synthetic samples
08/01/2026 05:16:56 AM [pe] [INFO ]  Embedding: PE.EMBEDDING.TabularEmbedding already computed
08/01/2026 05:16:56 AM [pe] [INFO ]  Embedding: computing PE.EMBEDDING.TabularEmbedding for 1497/1996 samples
08/01/2026 05:16:56 AM [pe] [INFO ]  Embedding: finished computing PE.EMBEDDING.TabularEmbedding for 1497/1996 samples
08/01/2026 05:16:56 AM [pe] [INFO ]  Histogram: finished computing nearest neighbors histogram for 17465 private samples and 1996 synthetic samples
08/01/2026 05:16:56 AM [pe] [INFO ]  Composite population: generating 499 next synthetic samples
08/01/2026 05:16:56 AM [pe] [INFO ]  PE population: generating 499*3 next synthetic samples
08/01/2026 05:16:56 AM [pe] [INFO ]  VARIATION API: creating variations for 499 samples
08/01/2026 05:16:56 AM [pe] [INFO ]  VARIATION API: finished creating variations for 499 samples
08/01/2026 05:16:56 AM [pe] [INFO ]  VARIATION API: creating variations for 499 samples
08/01/2026 05:16:56 AM [pe] [INFO ]  VARIATION API: finished creating variations for 499 samples
08/01/2026 05:16:56 AM [pe] [INFO ]  VARIATION API: creating variations for 499 samples
08/01/2026 05:16:56 AM [pe] [INFO ]  VARIATION API: finished creating variations for 499 samples
08/01/2026 05:16:56 AM [pe] [INFO ]  PE population: finished generating 499*3 next synthetic samples
08/01/2026 05:16:56 AM [pe] [INFO ]  Composite population: finished generating 499 next synthetic samples
08/01/2026 05:16:56 AM [pe] [INFO ]  Label 1
08/01/2026 05:16:56 AM [pe] [INFO ]  Histogram: computing nearest neighbors histogram for 17535 private samples and 2004 synthetic samples
08/01/2026 05:16:56 AM [pe] [INFO ]  Embedding: PE.EMBEDDING.TabularEmbedding already computed
08/01/2026 05:16:56 AM [pe] [INFO ]  Embedding: computing PE.EMBEDDING.TabularEmbedding for 1503/2004 samples
08/01/2026 05:16:56 AM [pe] [INFO ]  Embedding: finished computing PE.EMBEDDING.TabularEmbedding for 1503/2004 samples
08/01/2026 05:16:56 AM [pe] [INFO ]  Histogram: finished computing nearest neighbors histogram for 17535 private samples and 2004 synthetic samples
08/01/2026 05:16:56 AM [pe] [INFO ]  Composite population: generating 501 next synthetic samples
08/01/2026 05:16:56 AM [pe] [INFO ]  PE population: generating 501*3 next synthetic samples
08/01/2026 05:16:56 AM [pe] [INFO ]  VARIATION API: creating variations for 501 samples
08/01/2026 05:16:56 AM [pe] [INFO ]  VARIATION API: finished creating variations for 501 samples
08/01/2026 05:16:56 AM [pe] [INFO ]  VARIATION API: creating variations for 501 samples
08/01/2026 05:16:56 AM [pe] [INFO ]  VARIATION API: finished creating variations for 501 samples
08/01/2026 05:16:56 AM [pe] [INFO ]  VARIATION API: creating variations for 501 samples
08/01/2026 05:16:56 AM [pe] [INFO ]  VARIATION API: finished creating variations for 501 samples
08/01/2026 05:16:56 AM [pe] [INFO ]  PE population: finished generating 501*3 next synthetic samples
08/01/2026 05:16:56 AM [pe] [INFO ]  Composite population: finished generating 501 next synthetic samples
08/01/2026 05:16:56 AM [pe] [INFO ]  Saving the synthetic tabular data to a CSV file
08/01/2026 05:16:57 AM [pe] [INFO ]  Finished saving the synthetic tabular data to a CSV file
08/01/2026 05:16:57 AM [pe] [INFO ]  Evaluating tabular classifier
08/01/2026 05:16:57 AM [pe] [INFO ]  Number of samples after filtering: 1000
08/01/2026 05:16:57 AM [pe] [INFO ]  Tabular classifier test accuracy: 97.73%
08/01/2026 05:16:57 AM [pe] [INFO ]  Tabular classifier test AUC: 99.81
08/01/2026 05:16:57 AM [pe] [INFO ]  Tabular classifier test (macro) F1 score: 97.73
08/01/2026 05:16:57 AM [pe] [INFO ]  Finished evaluating tabular classifier (tabular_classifier_xgboost_filter_{'PE.VARIATION_API_FOLD_ID':-1})
08/01/2026 05:16:57 AM [pe] [INFO ]  Iteration: 9
08/01/2026 05:16:57 AM [pe] [INFO ]  	tabular_classifier_xgboost_filter_{'PE.VARIATION_API_FOLD_ID':-1}_test_acc: 97.73000000
08/01/2026 05:16:57 AM [pe] [INFO ]  	tabular_classifier_xgboost_filter_{'PE.VARIATION_API_FOLD_ID':-1}_test_f1: 97.72982817
08/01/2026 05:16:57 AM [pe] [INFO ]  	tabular_classifier_xgboost_filter_{'PE.VARIATION_API_FOLD_ID':-1}_test_auc: 99.80681025
08/01/2026 05:16:57 AM [pe] [INFO ]  PE iteration 10
08/01/2026 05:16:57 AM [pe] [WARNI]  fraction_per_label_id is not provided. Assuming the fraction of label ids in private data is public information.
08/01/2026 05:16:57 AM [pe] [INFO ]  Label 0
08/01/2026 05:16:57 AM [pe] [INFO ]  Histogram: computing nearest neighbors histogram for 17465 private samples and 1996 synthetic samples
08/01/2026 05:16:57 AM [pe] [INFO ]  Embedding: PE.EMBEDDING.TabularEmbedding already computed
08/01/2026 05:16:57 AM [pe] [INFO ]  Embedding: computing PE.EMBEDDING.TabularEmbedding for 1497/1996 samples
08/01/2026 05:16:57 AM [pe] [INFO ]  Embedding: finished computing PE.EMBEDDING.TabularEmbedding for 1497/1996 samples
08/01/2026 05:16:57 AM [pe] [INFO ]  Histogram: finished computing nearest neighbors histogram for 17465 private samples and 1996 synthetic samples
08/01/2026 05:16:57 AM [pe] [INFO ]  Composite population: generating 499 next synthetic samples
08/01/2026 05:16:57 AM [pe] [INFO ]  PE population: generating 499*3 next synthetic samples
08/01/2026 05:16:57 AM [pe] [INFO ]  VARIATION API: creating variations for 499 samples
08/01/2026 05:16:57 AM [pe] [INFO ]  VARIATION API: finished creating variations for 499 samples
08/01/2026 05:16:57 AM [pe] [INFO ]  VARIATION API: creating variations for 499 samples
08/01/2026 05:16:57 AM [pe] [INFO ]  VARIATION API: finished creating variations for 499 samples
08/01/2026 05:16:57 AM [pe] [INFO ]  VARIATION API: creating variations for 499 samples
08/01/2026 05:16:57 AM [pe] [INFO ]  VARIATION API: finished creating variations for 499 samples
08/01/2026 05:16:57 AM [pe] [INFO ]  PE population: finished generating 499*3 next synthetic samples
08/01/2026 05:16:57 AM [pe] [INFO ]  Composite population: finished generating 499 next synthetic samples
08/01/2026 05:16:57 AM [pe] [INFO ]  Label 1
08/01/2026 05:16:57 AM [pe] [INFO ]  Histogram: computing nearest neighbors histogram for 17535 private samples and 2004 synthetic samples
08/01/2026 05:16:57 AM [pe] [INFO ]  Embedding: PE.EMBEDDING.TabularEmbedding already computed
08/01/2026 05:16:57 AM [pe] [INFO ]  Embedding: computing PE.EMBEDDING.TabularEmbedding for 1503/2004 samples
08/01/2026 05:16:57 AM [pe] [INFO ]  Embedding: finished computing PE.EMBEDDING.TabularEmbedding for 1503/2004 samples
08/01/2026 05:16:57 AM [pe] [INFO ]  Histogram: finished computing nearest neighbors histogram for 17535 private samples and 2004 synthetic samples
08/01/2026 05:16:57 AM [pe] [INFO ]  Composite population: generating 501 next synthetic samples
08/01/2026 05:16:57 AM [pe] [INFO ]  PE population: generating 501*3 next synthetic samples
08/01/2026 05:16:57 AM [pe] [INFO ]  VARIATION API: creating variations for 501 samples
08/01/2026 05:16:57 AM [pe] [INFO ]  VARIATION API: finished creating variations for 501 samples
08/01/2026 05:16:57 AM [pe] [INFO ]  VARIATION API: creating variations for 501 samples
08/01/2026 05:16:57 AM [pe] [INFO ]  VARIATION API: finished creating variations for 501 samples
08/01/2026 05:16:57 AM [pe] [INFO ]  VARIATION API: creating variations for 501 samples
08/01/2026 05:16:57 AM [pe] [INFO ]  VARIATION API: finished creating variations for 501 samples
08/01/2026 05:16:57 AM [pe] [INFO ]  PE population: finished generating 501*3 next synthetic samples
08/01/2026 05:16:57 AM [pe] [INFO ]  Composite population: finished generating 501 next synthetic samples
08/01/2026 05:16:57 AM [pe] [INFO ]  Saving the synthetic tabular data to a CSV file
08/01/2026 05:16:58 AM [pe] [INFO ]  Finished saving the synthetic tabular data to a CSV file
08/01/2026 05:16:58 AM [pe] [INFO ]  Evaluating tabular classifier
08/01/2026 05:16:58 AM [pe] [INFO ]  Number of samples after filtering: 1000
08/01/2026 05:16:58 AM [pe] [INFO ]  Tabular classifier test accuracy: 97.31%
08/01/2026 05:16:58 AM [pe] [INFO ]  Tabular classifier test AUC: 99.72
08/01/2026 05:16:58 AM [pe] [INFO ]  Tabular classifier test (macro) F1 score: 97.31
08/01/2026 05:16:58 AM [pe] [INFO ]  Finished evaluating tabular classifier (tabular_classifier_xgboost_filter_{'PE.VARIATION_API_FOLD_ID':-1})
08/01/2026 05:16:58 AM [pe] [INFO ]  Iteration: 10
08/01/2026 05:16:58 AM [pe] [INFO ]  	tabular_classifier_xgboost_filter_{'PE.VARIATION_API_FOLD_ID':-1}_test_acc: 97.31000000
08/01/2026 05:16:58 AM [pe] [INFO ]  	tabular_classifier_xgboost_filter_{'PE.VARIATION_API_FOLD_ID':-1}_test_f1: 97.30999997
08/01/2026 05:16:58 AM [pe] [INFO ]  	tabular_classifier_xgboost_filter_{'PE.VARIATION_API_FOLD_ID':-1}_test_auc: 99.71729280
08/01/2026 05:16:58 AM [pe] [INFO ]  PE iteration 11
08/01/2026 05:16:58 AM [pe] [WARNI]  fraction_per_label_id is not provided. Assuming the fraction of label ids in private data is public information.
08/01/2026 05:16:58 AM [pe] [INFO ]  Label 0
08/01/2026 05:16:58 AM [pe] [INFO ]  Histogram: computing nearest neighbors histogram for 17465 private samples and 1996 synthetic samples
08/01/2026 05:16:58 AM [pe] [INFO ]  Embedding: PE.EMBEDDING.TabularEmbedding already computed
08/01/2026 05:16:58 AM [pe] [INFO ]  Embedding: computing PE.EMBEDDING.TabularEmbedding for 1497/1996 samples
08/01/2026 05:16:58 AM [pe] [INFO ]  Embedding: finished computing PE.EMBEDDING.TabularEmbedding for 1497/1996 samples
08/01/2026 05:16:58 AM [pe] [INFO ]  Histogram: finished computing nearest neighbors histogram for 17465 private samples and 1996 synthetic samples
08/01/2026 05:16:58 AM [pe] [INFO ]  Composite population: generating 499 next synthetic samples
08/01/2026 05:16:58 AM [pe] [INFO ]  PE population: generating 499*3 next synthetic samples
08/01/2026 05:16:58 AM [pe] [INFO ]  VARIATION API: creating variations for 499 samples
08/01/2026 05:16:58 AM [pe] [INFO ]  VARIATION API: finished creating variations for 499 samples
08/01/2026 05:16:58 AM [pe] [INFO ]  VARIATION API: creating variations for 499 samples
08/01/2026 05:16:58 AM [pe] [INFO ]  VARIATION API: finished creating variations for 499 samples
08/01/2026 05:16:58 AM [pe] [INFO ]  VARIATION API: creating variations for 499 samples
08/01/2026 05:16:58 AM [pe] [INFO ]  VARIATION API: finished creating variations for 499 samples
08/01/2026 05:16:58 AM [pe] [INFO ]  PE population: finished generating 499*3 next synthetic samples
08/01/2026 05:16:58 AM [pe] [INFO ]  Composite population: finished generating 499 next synthetic samples
08/01/2026 05:16:58 AM [pe] [INFO ]  Label 1
08/01/2026 05:16:58 AM [pe] [INFO ]  Histogram: computing nearest neighbors histogram for 17535 private samples and 2004 synthetic samples
08/01/2026 05:16:58 AM [pe] [INFO ]  Embedding: PE.EMBEDDING.TabularEmbedding already computed
08/01/2026 05:16:58 AM [pe] [INFO ]  Embedding: computing PE.EMBEDDING.TabularEmbedding for 1503/2004 samples
08/01/2026 05:16:58 AM [pe] [INFO ]  Embedding: finished computing PE.EMBEDDING.TabularEmbedding for 1503/2004 samples
08/01/2026 05:16:58 AM [pe] [INFO ]  Histogram: finished computing nearest neighbors histogram for 17535 private samples and 2004 synthetic samples
08/01/2026 05:16:58 AM [pe] [INFO ]  Composite population: generating 501 next synthetic samples
08/01/2026 05:16:58 AM [pe] [INFO ]  PE population: generating 501*3 next synthetic samples
08/01/2026 05:16:58 AM [pe] [INFO ]  VARIATION API: creating variations for 501 samples
08/01/2026 05:16:58 AM [pe] [INFO ]  VARIATION API: finished creating variations for 501 samples
08/01/2026 05:16:58 AM [pe] [INFO ]  VARIATION API: creating variations for 501 samples
08/01/2026 05:16:58 AM [pe] [INFO ]  VARIATION API: finished creating variations for 501 samples
08/01/2026 05:16:58 AM [pe] [INFO ]  VARIATION API: creating variations for 501 samples
08/01/2026 05:16:58 AM [pe] [INFO ]  VARIATION API: finished creating variations for 501 samples
08/01/2026 05:16:58 AM [pe] [INFO ]  PE population: finished generating 501*3 next synthetic samples
08/01/2026 05:16:58 AM [pe] [INFO ]  Composite population: finished generating 501 next synthetic samples
08/01/2026 05:16:58 AM [pe] [INFO ]  Saving the synthetic tabular data to a CSV file
08/01/2026 05:16:59 AM [pe] [INFO ]  Finished saving the synthetic tabular data to a CSV file
08/01/2026 05:16:59 AM [pe] [INFO ]  Evaluating tabular classifier
08/01/2026 05:16:59 AM [pe] [INFO ]  Number of samples after filtering: 1000
08/01/2026 05:16:59 AM [pe] [INFO ]  Tabular classifier test accuracy: 96.60%
08/01/2026 05:16:59 AM [pe] [INFO ]  Tabular classifier test AUC: 99.70
08/01/2026 05:16:59 AM [pe] [INFO ]  Tabular classifier test (macro) F1 score: 96.60
08/01/2026 05:16:59 AM [pe] [INFO ]  Finished evaluating tabular classifier (tabular_classifier_xgboost_filter_{'PE.VARIATION_API_FOLD_ID':-1})
08/01/2026 05:16:59 AM [pe] [INFO ]  Iteration: 11
08/01/2026 05:16:59 AM [pe] [INFO ]  	tabular_classifier_xgboost_filter_{'PE.VARIATION_API_FOLD_ID':-1}_test_acc: 96.60000000
08/01/2026 05:16:59 AM [pe] [INFO ]  	tabular_classifier_xgboost_filter_{'PE.VARIATION_API_FOLD_ID':-1}_test_f1: 96.59995594
08/01/2026 05:16:59 AM [pe] [INFO ]  	tabular_classifier_xgboost_filter_{'PE.VARIATION_API_FOLD_ID':-1}_test_auc: 99.69760960
08/01/2026 05:16:59 AM [pe] [INFO ]  PE iteration 12
08/01/2026 05:16:59 AM [pe] [WARNI]  fraction_per_label_id is not provided. Assuming the fraction of label ids in private data is public information.
08/01/2026 05:16:59 AM [pe] [INFO ]  Label 0
08/01/2026 05:16:59 AM [pe] [INFO ]  Histogram: computing nearest neighbors histogram for 17465 private samples and 1996 synthetic samples
08/01/2026 05:16:59 AM [pe] [INFO ]  Embedding: PE.EMBEDDING.TabularEmbedding already computed
08/01/2026 05:16:59 AM [pe] [INFO ]  Embedding: computing PE.EMBEDDING.TabularEmbedding for 1497/1996 samples
08/01/2026 05:16:59 AM [pe] [INFO ]  Embedding: finished computing PE.EMBEDDING.TabularEmbedding for 1497/1996 samples
08/01/2026 05:16:59 AM [pe] [INFO ]  Histogram: finished computing nearest neighbors histogram for 17465 private samples and 1996 synthetic samples
08/01/2026 05:16:59 AM [pe] [INFO ]  Composite population: generating 499 next synthetic samples
08/01/2026 05:16:59 AM [pe] [INFO ]  PE population: generating 499*3 next synthetic samples
08/01/2026 05:16:59 AM [pe] [INFO ]  VARIATION API: creating variations for 499 samples
08/01/2026 05:16:59 AM [pe] [INFO ]  VARIATION API: finished creating variations for 499 samples
08/01/2026 05:16:59 AM [pe] [INFO ]  VARIATION API: creating variations for 499 samples
08/01/2026 05:16:59 AM [pe] [INFO ]  VARIATION API: finished creating variations for 499 samples
08/01/2026 05:16:59 AM [pe] [INFO ]  VARIATION API: creating variations for 499 samples
08/01/2026 05:16:59 AM [pe] [INFO ]  VARIATION API: finished creating variations for 499 samples
08/01/2026 05:16:59 AM [pe] [INFO ]  PE population: finished generating 499*3 next synthetic samples
08/01/2026 05:16:59 AM [pe] [INFO ]  Composite population: finished generating 499 next synthetic samples
08/01/2026 05:16:59 AM [pe] [INFO ]  Label 1
08/01/2026 05:16:59 AM [pe] [INFO ]  Histogram: computing nearest neighbors histogram for 17535 private samples and 2004 synthetic samples
08/01/2026 05:16:59 AM [pe] [INFO ]  Embedding: PE.EMBEDDING.TabularEmbedding already computed
08/01/2026 05:16:59 AM [pe] [INFO ]  Embedding: computing PE.EMBEDDING.TabularEmbedding for 1503/2004 samples
08/01/2026 05:16:59 AM [pe] [INFO ]  Embedding: finished computing PE.EMBEDDING.TabularEmbedding for 1503/2004 samples
08/01/2026 05:16:59 AM [pe] [INFO ]  Histogram: finished computing nearest neighbors histogram for 17535 private samples and 2004 synthetic samples
08/01/2026 05:16:59 AM [pe] [INFO ]  Composite population: generating 501 next synthetic samples
08/01/2026 05:16:59 AM [pe] [INFO ]  PE population: generating 501*3 next synthetic samples
08/01/2026 05:16:59 AM [pe] [INFO ]  VARIATION API: creating variations for 501 samples
08/01/2026 05:16:59 AM [pe] [INFO ]  VARIATION API: finished creating variations for 501 samples
08/01/2026 05:16:59 AM [pe] [INFO ]  VARIATION API: creating variations for 501 samples
08/01/2026 05:16:59 AM [pe] [INFO ]  VARIATION API: finished creating variations for 501 samples
08/01/2026 05:16:59 AM [pe] [INFO ]  VARIATION API: creating variations for 501 samples
08/01/2026 05:16:59 AM [pe] [INFO ]  VARIATION API: finished creating variations for 501 samples
08/01/2026 05:16:59 AM [pe] [INFO ]  PE population: finished generating 501*3 next synthetic samples
08/01/2026 05:16:59 AM [pe] [INFO ]  Composite population: finished generating 501 next synthetic samples
08/01/2026 05:16:59 AM [pe] [INFO ]  Saving the synthetic tabular data to a CSV file
08/01/2026 05:17:00 AM [pe] [INFO ]  Finished saving the synthetic tabular data to a CSV file
08/01/2026 05:17:00 AM [pe] [INFO ]  Evaluating tabular classifier
08/01/2026 05:17:00 AM [pe] [INFO ]  Number of samples after filtering: 1000
08/01/2026 05:17:00 AM [pe] [INFO ]  Tabular classifier test accuracy: 96.75%
08/01/2026 05:17:00 AM [pe] [INFO ]  Tabular classifier test AUC: 99.59
08/01/2026 05:17:00 AM [pe] [INFO ]  Tabular classifier test (macro) F1 score: 96.75
08/01/2026 05:17:00 AM [pe] [INFO ]  Finished evaluating tabular classifier (tabular_classifier_xgboost_filter_{'PE.VARIATION_API_FOLD_ID':-1})
08/01/2026 05:17:00 AM [pe] [INFO ]  Iteration: 12
08/01/2026 05:17:00 AM [pe] [INFO ]  	tabular_classifier_xgboost_filter_{'PE.VARIATION_API_FOLD_ID':-1}_test_acc: 96.75000000
08/01/2026 05:17:00 AM [pe] [INFO ]  	tabular_classifier_xgboost_filter_{'PE.VARIATION_API_FOLD_ID':-1}_test_f1: 96.74968144
08/01/2026 05:17:00 AM [pe] [INFO ]  	tabular_classifier_xgboost_filter_{'PE.VARIATION_API_FOLD_ID':-1}_test_auc: 99.59031707
08/01/2026 05:17:00 AM [pe] [INFO ]  PE iteration 13
08/01/2026 05:17:00 AM [pe] [WARNI]  fraction_per_label_id is not provided. Assuming the fraction of label ids in private data is public information.
08/01/2026 05:17:00 AM [pe] [INFO ]  Label 0
08/01/2026 05:17:00 AM [pe] [INFO ]  Histogram: computing nearest neighbors histogram for 17465 private samples and 1996 synthetic samples
08/01/2026 05:17:00 AM [pe] [INFO ]  Embedding: PE.EMBEDDING.TabularEmbedding already computed
08/01/2026 05:17:00 AM [pe] [INFO ]  Embedding: computing PE.EMBEDDING.TabularEmbedding for 1497/1996 samples
08/01/2026 05:17:00 AM [pe] [INFO ]  Embedding: finished computing PE.EMBEDDING.TabularEmbedding for 1497/1996 samples
08/01/2026 05:17:00 AM [pe] [INFO ]  Histogram: finished computing nearest neighbors histogram for 17465 private samples and 1996 synthetic samples
08/01/2026 05:17:00 AM [pe] [INFO ]  Composite population: generating 499 next synthetic samples
08/01/2026 05:17:00 AM [pe] [INFO ]  PE population: generating 499*3 next synthetic samples
08/01/2026 05:17:00 AM [pe] [INFO ]  VARIATION API: creating variations for 499 samples
08/01/2026 05:17:00 AM [pe] [INFO ]  VARIATION API: finished creating variations for 499 samples
08/01/2026 05:17:00 AM [pe] [INFO ]  VARIATION API: creating variations for 499 samples
08/01/2026 05:17:00 AM [pe] [INFO ]  VARIATION API: finished creating variations for 499 samples
08/01/2026 05:17:00 AM [pe] [INFO ]  VARIATION API: creating variations for 499 samples
08/01/2026 05:17:00 AM [pe] [INFO ]  VARIATION API: finished creating variations for 499 samples
08/01/2026 05:17:00 AM [pe] [INFO ]  PE population: finished generating 499*3 next synthetic samples
08/01/2026 05:17:00 AM [pe] [INFO ]  Composite population: finished generating 499 next synthetic samples
08/01/2026 05:17:00 AM [pe] [INFO ]  Label 1
08/01/2026 05:17:00 AM [pe] [INFO ]  Histogram: computing nearest neighbors histogram for 17535 private samples and 2004 synthetic samples
08/01/2026 05:17:00 AM [pe] [INFO ]  Embedding: PE.EMBEDDING.TabularEmbedding already computed
08/01/2026 05:17:00 AM [pe] [INFO ]  Embedding: computing PE.EMBEDDING.TabularEmbedding for 1503/2004 samples
08/01/2026 05:17:00 AM [pe] [INFO ]  Embedding: finished computing PE.EMBEDDING.TabularEmbedding for 1503/2004 samples
08/01/2026 05:17:00 AM [pe] [INFO ]  Histogram: finished computing nearest neighbors histogram for 17535 private samples and 2004 synthetic samples
08/01/2026 05:17:00 AM [pe] [INFO ]  Composite population: generating 501 next synthetic samples
08/01/2026 05:17:00 AM [pe] [INFO ]  PE population: generating 501*3 next synthetic samples
08/01/2026 05:17:00 AM [pe] [INFO ]  VARIATION API: creating variations for 501 samples
08/01/2026 05:17:00 AM [pe] [INFO ]  VARIATION API: finished creating variations for 501 samples
08/01/2026 05:17:00 AM [pe] [INFO ]  VARIATION API: creating variations for 501 samples
08/01/2026 05:17:00 AM [pe] [INFO ]  VARIATION API: finished creating variations for 501 samples
08/01/2026 05:17:00 AM [pe] [INFO ]  VARIATION API: creating variations for 501 samples
08/01/2026 05:17:00 AM [pe] [INFO ]  VARIATION API: finished creating variations for 501 samples
08/01/2026 05:17:00 AM [pe] [INFO ]  PE population: finished generating 501*3 next synthetic samples
08/01/2026 05:17:00 AM [pe] [INFO ]  Composite population: finished generating 501 next synthetic samples
08/01/2026 05:17:00 AM [pe] [INFO ]  Saving the synthetic tabular data to a CSV file
08/01/2026 05:17:01 AM [pe] [INFO ]  Finished saving the synthetic tabular data to a CSV file
08/01/2026 05:17:01 AM [pe] [INFO ]  Evaluating tabular classifier
08/01/2026 05:17:01 AM [pe] [INFO ]  Number of samples after filtering: 1000
08/01/2026 05:17:01 AM [pe] [INFO ]  Tabular classifier test accuracy: 97.97%
08/01/2026 05:17:01 AM [pe] [INFO ]  Tabular classifier test AUC: 99.83
08/01/2026 05:17:01 AM [pe] [INFO ]  Tabular classifier test (macro) F1 score: 97.97
08/01/2026 05:17:01 AM [pe] [INFO ]  Finished evaluating tabular classifier (tabular_classifier_xgboost_filter_{'PE.VARIATION_API_FOLD_ID':-1})
08/01/2026 05:17:01 AM [pe] [INFO ]  Iteration: 13
08/01/2026 05:17:01 AM [pe] [INFO ]  	tabular_classifier_xgboost_filter_{'PE.VARIATION_API_FOLD_ID':-1}_test_acc: 97.97000000
08/01/2026 05:17:01 AM [pe] [INFO ]  	tabular_classifier_xgboost_filter_{'PE.VARIATION_API_FOLD_ID':-1}_test_f1: 97.96993859
08/01/2026 05:17:01 AM [pe] [INFO ]  	tabular_classifier_xgboost_filter_{'PE.VARIATION_API_FOLD_ID':-1}_test_auc: 99.83052169
08/01/2026 05:17:01 AM [pe] [INFO ]  PE iteration 14
08/01/2026 05:17:01 AM [pe] [WARNI]  fraction_per_label_id is not provided. Assuming the fraction of label ids in private data is public information.
08/01/2026 05:17:01 AM [pe] [INFO ]  Label 0
08/01/2026 05:17:01 AM [pe] [INFO ]  Histogram: computing nearest neighbors histogram for 17465 private samples and 1996 synthetic samples
08/01/2026 05:17:01 AM [pe] [INFO ]  Embedding: PE.EMBEDDING.TabularEmbedding already computed
08/01/2026 05:17:01 AM [pe] [INFO ]  Embedding: computing PE.EMBEDDING.TabularEmbedding for 1497/1996 samples
08/01/2026 05:17:01 AM [pe] [INFO ]  Embedding: finished computing PE.EMBEDDING.TabularEmbedding for 1497/1996 samples
08/01/2026 05:17:01 AM [pe] [INFO ]  Histogram: finished computing nearest neighbors histogram for 17465 private samples and 1996 synthetic samples
08/01/2026 05:17:01 AM [pe] [INFO ]  Composite population: generating 499 next synthetic samples
08/01/2026 05:17:01 AM [pe] [INFO ]  PE population: generating 499*3 next synthetic samples
08/01/2026 05:17:01 AM [pe] [INFO ]  VARIATION API: creating variations for 499 samples
08/01/2026 05:17:01 AM [pe] [INFO ]  VARIATION API: finished creating variations for 499 samples
08/01/2026 05:17:01 AM [pe] [INFO ]  VARIATION API: creating variations for 499 samples
08/01/2026 05:17:01 AM [pe] [INFO ]  VARIATION API: finished creating variations for 499 samples
08/01/2026 05:17:01 AM [pe] [INFO ]  VARIATION API: creating variations for 499 samples
08/01/2026 05:17:01 AM [pe] [INFO ]  VARIATION API: finished creating variations for 499 samples
08/01/2026 05:17:01 AM [pe] [INFO ]  PE population: finished generating 499*3 next synthetic samples
08/01/2026 05:17:01 AM [pe] [INFO ]  Composite population: finished generating 499 next synthetic samples
08/01/2026 05:17:01 AM [pe] [INFO ]  Label 1
08/01/2026 05:17:01 AM [pe] [INFO ]  Histogram: computing nearest neighbors histogram for 17535 private samples and 2004 synthetic samples
08/01/2026 05:17:01 AM [pe] [INFO ]  Embedding: PE.EMBEDDING.TabularEmbedding already computed
08/01/2026 05:17:01 AM [pe] [INFO ]  Embedding: computing PE.EMBEDDING.TabularEmbedding for 1503/2004 samples
08/01/2026 05:17:01 AM [pe] [INFO ]  Embedding: finished computing PE.EMBEDDING.TabularEmbedding for 1503/2004 samples
08/01/2026 05:17:01 AM [pe] [INFO ]  Histogram: finished computing nearest neighbors histogram for 17535 private samples and 2004 synthetic samples
08/01/2026 05:17:01 AM [pe] [INFO ]  Composite population: generating 501 next synthetic samples
08/01/2026 05:17:01 AM [pe] [INFO ]  PE population: generating 501*3 next synthetic samples
08/01/2026 05:17:01 AM [pe] [INFO ]  VARIATION API: creating variations for 501 samples
08/01/2026 05:17:01 AM [pe] [INFO ]  VARIATION API: finished creating variations for 501 samples
08/01/2026 05:17:01 AM [pe] [INFO ]  VARIATION API: creating variations for 501 samples
08/01/2026 05:17:01 AM [pe] [INFO ]  VARIATION API: finished creating variations for 501 samples
08/01/2026 05:17:01 AM [pe] [INFO ]  VARIATION API: creating variations for 501 samples
08/01/2026 05:17:01 AM [pe] [INFO ]  VARIATION API: finished creating variations for 501 samples
08/01/2026 05:17:01 AM [pe] [INFO ]  PE population: finished generating 501*3 next synthetic samples
08/01/2026 05:17:01 AM [pe] [INFO ]  Composite population: finished generating 501 next synthetic samples
08/01/2026 05:17:01 AM [pe] [INFO ]  Saving the synthetic tabular data to a CSV file
08/01/2026 05:17:02 AM [pe] [INFO ]  Finished saving the synthetic tabular data to a CSV file
08/01/2026 05:17:02 AM [pe] [INFO ]  Evaluating tabular classifier
08/01/2026 05:17:02 AM [pe] [INFO ]  Number of samples after filtering: 1000
08/01/2026 05:17:02 AM [pe] [INFO ]  Tabular classifier test accuracy: 98.09%
08/01/2026 05:17:02 AM [pe] [INFO ]  Tabular classifier test AUC: 99.82
08/01/2026 05:17:02 AM [pe] [INFO ]  Tabular classifier test (macro) F1 score: 98.09
08/01/2026 05:17:02 AM [pe] [INFO ]  Finished evaluating tabular classifier (tabular_classifier_xgboost_filter_{'PE.VARIATION_API_FOLD_ID':-1})
08/01/2026 05:17:02 AM [pe] [INFO ]  Iteration: 14
08/01/2026 05:17:02 AM [pe] [INFO ]  	tabular_classifier_xgboost_filter_{'PE.VARIATION_API_FOLD_ID':-1}_test_acc: 98.09000000
08/01/2026 05:17:02 AM [pe] [INFO ]  	tabular_classifier_xgboost_filter_{'PE.VARIATION_API_FOLD_ID':-1}_test_f1: 98.08974737
08/01/2026 05:17:02 AM [pe] [INFO ]  	tabular_classifier_xgboost_filter_{'PE.VARIATION_API_FOLD_ID':-1}_test_auc: 99.82410530
08/01/2026 05:17:02 AM [pe] [INFO ]  PE iteration 15
08/01/2026 05:17:02 AM [pe] [WARNI]  fraction_per_label_id is not provided. Assuming the fraction of label ids in private data is public information.
08/01/2026 05:17:02 AM [pe] [INFO ]  Label 0
08/01/2026 05:17:02 AM [pe] [INFO ]  Histogram: computing nearest neighbors histogram for 17465 private samples and 1996 synthetic samples
08/01/2026 05:17:02 AM [pe] [INFO ]  Embedding: PE.EMBEDDING.TabularEmbedding already computed
08/01/2026 05:17:02 AM [pe] [INFO ]  Embedding: computing PE.EMBEDDING.TabularEmbedding for 1497/1996 samples
08/01/2026 05:17:02 AM [pe] [INFO ]  Embedding: finished computing PE.EMBEDDING.TabularEmbedding for 1497/1996 samples
08/01/2026 05:17:02 AM [pe] [INFO ]  Histogram: finished computing nearest neighbors histogram for 17465 private samples and 1996 synthetic samples
08/01/2026 05:17:02 AM [pe] [INFO ]  Composite population: generating 499 next synthetic samples
08/01/2026 05:17:02 AM [pe] [INFO ]  PE population: generating 499*3 next synthetic samples
08/01/2026 05:17:02 AM [pe] [INFO ]  VARIATION API: creating variations for 499 samples
08/01/2026 05:17:02 AM [pe] [INFO ]  VARIATION API: finished creating variations for 499 samples
08/01/2026 05:17:02 AM [pe] [INFO ]  VARIATION API: creating variations for 499 samples
08/01/2026 05:17:02 AM [pe] [INFO ]  VARIATION API: finished creating variations for 499 samples
08/01/2026 05:17:02 AM [pe] [INFO ]  VARIATION API: creating variations for 499 samples
08/01/2026 05:17:02 AM [pe] [INFO ]  VARIATION API: finished creating variations for 499 samples
08/01/2026 05:17:02 AM [pe] [INFO ]  PE population: finished generating 499*3 next synthetic samples
08/01/2026 05:17:02 AM [pe] [INFO ]  Composite population: finished generating 499 next synthetic samples
08/01/2026 05:17:02 AM [pe] [INFO ]  Label 1
08/01/2026 05:17:02 AM [pe] [INFO ]  Histogram: computing nearest neighbors histogram for 17535 private samples and 2004 synthetic samples
08/01/2026 05:17:02 AM [pe] [INFO ]  Embedding: PE.EMBEDDING.TabularEmbedding already computed
08/01/2026 05:17:02 AM [pe] [INFO ]  Embedding: computing PE.EMBEDDING.TabularEmbedding for 1503/2004 samples
08/01/2026 05:17:02 AM [pe] [INFO ]  Embedding: finished computing PE.EMBEDDING.TabularEmbedding for 1503/2004 samples
08/01/2026 05:17:02 AM [pe] [INFO ]  Histogram: finished computing nearest neighbors histogram for 17535 private samples and 2004 synthetic samples
08/01/2026 05:17:02 AM [pe] [INFO ]  Composite population: generating 501 next synthetic samples
08/01/2026 05:17:02 AM [pe] [INFO ]  PE population: generating 501*3 next synthetic samples
08/01/2026 05:17:02 AM [pe] [INFO ]  VARIATION API: creating variations for 501 samples
08/01/2026 05:17:02 AM [pe] [INFO ]  VARIATION API: finished creating variations for 501 samples
08/01/2026 05:17:02 AM [pe] [INFO ]  VARIATION API: creating variations for 501 samples
08/01/2026 05:17:02 AM [pe] [INFO ]  VARIATION API: finished creating variations for 501 samples
08/01/2026 05:17:02 AM [pe] [INFO ]  VARIATION API: creating variations for 501 samples
08/01/2026 05:17:02 AM [pe] [INFO ]  VARIATION API: finished creating variations for 501 samples
08/01/2026 05:17:02 AM [pe] [INFO ]  PE population: finished generating 501*3 next synthetic samples
08/01/2026 05:17:02 AM [pe] [INFO ]  Composite population: finished generating 501 next synthetic samples
08/01/2026 05:17:02 AM [pe] [INFO ]  Saving the synthetic tabular data to a CSV file
08/01/2026 05:17:03 AM [pe] [INFO ]  Finished saving the synthetic tabular data to a CSV file
08/01/2026 05:17:03 AM [pe] [INFO ]  Evaluating tabular classifier
08/01/2026 05:17:03 AM [pe] [INFO ]  Number of samples after filtering: 1000
08/01/2026 05:17:03 AM [pe] [INFO ]  Tabular classifier test accuracy: 97.88%
08/01/2026 05:17:03 AM [pe] [INFO ]  Tabular classifier test AUC: 99.87
08/01/2026 05:17:03 AM [pe] [INFO ]  Tabular classifier test (macro) F1 score: 97.88
08/01/2026 05:17:03 AM [pe] [INFO ]  Finished evaluating tabular classifier (tabular_classifier_xgboost_filter_{'PE.VARIATION_API_FOLD_ID':-1})
08/01/2026 05:17:03 AM [pe] [INFO ]  Iteration: 15
08/01/2026 05:17:03 AM [pe] [INFO ]  	tabular_classifier_xgboost_filter_{'PE.VARIATION_API_FOLD_ID':-1}_test_acc: 97.88000000
08/01/2026 05:17:03 AM [pe] [INFO ]  	tabular_classifier_xgboost_filter_{'PE.VARIATION_API_FOLD_ID':-1}_test_f1: 97.87942965
08/01/2026 05:17:03 AM [pe] [INFO ]  	tabular_classifier_xgboost_filter_{'PE.VARIATION_API_FOLD_ID':-1}_test_auc: 99.87161419
08/01/2026 05:17:03 AM [pe] [INFO ]  PE iteration 16
08/01/2026 05:17:03 AM [pe] [WARNI]  fraction_per_label_id is not provided. Assuming the fraction of label ids in private data is public information.
08/01/2026 05:17:03 AM [pe] [INFO ]  Label 0
08/01/2026 05:17:03 AM [pe] [INFO ]  Histogram: computing nearest neighbors histogram for 17465 private samples and 1996 synthetic samples
08/01/2026 05:17:03 AM [pe] [INFO ]  Embedding: PE.EMBEDDING.TabularEmbedding already computed
08/01/2026 05:17:03 AM [pe] [INFO ]  Embedding: computing PE.EMBEDDING.TabularEmbedding for 1497/1996 samples
08/01/2026 05:17:03 AM [pe] [INFO ]  Embedding: finished computing PE.EMBEDDING.TabularEmbedding for 1497/1996 samples
08/01/2026 05:17:03 AM [pe] [INFO ]  Histogram: finished computing nearest neighbors histogram for 17465 private samples and 1996 synthetic samples
08/01/2026 05:17:03 AM [pe] [INFO ]  Composite population: generating 499 next synthetic samples
08/01/2026 05:17:03 AM [pe] [INFO ]  PE population: generating 499*3 next synthetic samples
08/01/2026 05:17:03 AM [pe] [INFO ]  VARIATION API: creating variations for 499 samples
08/01/2026 05:17:03 AM [pe] [INFO ]  VARIATION API: finished creating variations for 499 samples
08/01/2026 05:17:03 AM [pe] [INFO ]  VARIATION API: creating variations for 499 samples
08/01/2026 05:17:03 AM [pe] [INFO ]  VARIATION API: finished creating variations for 499 samples
08/01/2026 05:17:03 AM [pe] [INFO ]  VARIATION API: creating variations for 499 samples
08/01/2026 05:17:03 AM [pe] [INFO ]  VARIATION API: finished creating variations for 499 samples
08/01/2026 05:17:03 AM [pe] [INFO ]  PE population: finished generating 499*3 next synthetic samples
08/01/2026 05:17:03 AM [pe] [INFO ]  Composite population: finished generating 499 next synthetic samples
08/01/2026 05:17:03 AM [pe] [INFO ]  Label 1
08/01/2026 05:17:03 AM [pe] [INFO ]  Histogram: computing nearest neighbors histogram for 17535 private samples and 2004 synthetic samples
08/01/2026 05:17:03 AM [pe] [INFO ]  Embedding: PE.EMBEDDING.TabularEmbedding already computed
08/01/2026 05:17:03 AM [pe] [INFO ]  Embedding: computing PE.EMBEDDING.TabularEmbedding for 1503/2004 samples
08/01/2026 05:17:03 AM [pe] [INFO ]  Embedding: finished computing PE.EMBEDDING.TabularEmbedding for 1503/2004 samples
08/01/2026 05:17:03 AM [pe] [INFO ]  Histogram: finished computing nearest neighbors histogram for 17535 private samples and 2004 synthetic samples
08/01/2026 05:17:03 AM [pe] [INFO ]  Composite population: generating 501 next synthetic samples
08/01/2026 05:17:03 AM [pe] [INFO ]  PE population: generating 501*3 next synthetic samples
08/01/2026 05:17:03 AM [pe] [INFO ]  VARIATION API: creating variations for 501 samples
08/01/2026 05:17:03 AM [pe] [INFO ]  VARIATION API: finished creating variations for 501 samples
08/01/2026 05:17:03 AM [pe] [INFO ]  VARIATION API: creating variations for 501 samples
08/01/2026 05:17:03 AM [pe] [INFO ]  VARIATION API: finished creating variations for 501 samples
08/01/2026 05:17:03 AM [pe] [INFO ]  VARIATION API: creating variations for 501 samples
08/01/2026 05:17:03 AM [pe] [INFO ]  VARIATION API: finished creating variations for 501 samples
08/01/2026 05:17:03 AM [pe] [INFO ]  PE population: finished generating 501*3 next synthetic samples
08/01/2026 05:17:03 AM [pe] [INFO ]  Composite population: finished generating 501 next synthetic samples
08/01/2026 05:17:04 AM [pe] [INFO ]  Saving the synthetic tabular data to a CSV file
08/01/2026 05:17:04 AM [pe] [INFO ]  Finished saving the synthetic tabular data to a CSV file
08/01/2026 05:17:04 AM [pe] [INFO ]  Evaluating tabular classifier
08/01/2026 05:17:04 AM [pe] [INFO ]  Number of samples after filtering: 1000
08/01/2026 05:17:04 AM [pe] [INFO ]  Tabular classifier test accuracy: 98.59%
08/01/2026 05:17:04 AM [pe] [INFO ]  Tabular classifier test AUC: 99.87
08/01/2026 05:17:04 AM [pe] [INFO ]  Tabular classifier test (macro) F1 score: 98.59
08/01/2026 05:17:04 AM [pe] [INFO ]  Finished evaluating tabular classifier (tabular_classifier_xgboost_filter_{'PE.VARIATION_API_FOLD_ID':-1})
08/01/2026 05:17:04 AM [pe] [INFO ]  Iteration: 16
08/01/2026 05:17:04 AM [pe] [INFO ]  	tabular_classifier_xgboost_filter_{'PE.VARIATION_API_FOLD_ID':-1}_test_acc: 98.59000000
08/01/2026 05:17:04 AM [pe] [INFO ]  	tabular_classifier_xgboost_filter_{'PE.VARIATION_API_FOLD_ID':-1}_test_f1: 98.58988831
08/01/2026 05:17:04 AM [pe] [INFO ]  	tabular_classifier_xgboost_filter_{'PE.VARIATION_API_FOLD_ID':-1}_test_auc: 99.86963607
08/01/2026 05:17:04 AM [pe] [INFO ]  PE iteration 17
08/01/2026 05:17:04 AM [pe] [WARNI]  fraction_per_label_id is not provided. Assuming the fraction of label ids in private data is public information.
08/01/2026 05:17:04 AM [pe] [INFO ]  Label 0
08/01/2026 05:17:04 AM [pe] [INFO ]  Histogram: computing nearest neighbors histogram for 17465 private samples and 1996 synthetic samples
08/01/2026 05:17:04 AM [pe] [INFO ]  Embedding: PE.EMBEDDING.TabularEmbedding already computed
08/01/2026 05:17:04 AM [pe] [INFO ]  Embedding: computing PE.EMBEDDING.TabularEmbedding for 1497/1996 samples
08/01/2026 05:17:04 AM [pe] [INFO ]  Embedding: finished computing PE.EMBEDDING.TabularEmbedding for 1497/1996 samples
08/01/2026 05:17:04 AM [pe] [INFO ]  Histogram: finished computing nearest neighbors histogram for 17465 private samples and 1996 synthetic samples
08/01/2026 05:17:04 AM [pe] [INFO ]  Composite population: generating 499 next synthetic samples
08/01/2026 05:17:04 AM [pe] [INFO ]  PE population: generating 499*3 next synthetic samples
08/01/2026 05:17:04 AM [pe] [INFO ]  VARIATION API: creating variations for 499 samples
08/01/2026 05:17:04 AM [pe] [INFO ]  VARIATION API: finished creating variations for 499 samples
08/01/2026 05:17:04 AM [pe] [INFO ]  VARIATION API: creating variations for 499 samples
08/01/2026 05:17:04 AM [pe] [INFO ]  VARIATION API: finished creating variations for 499 samples
08/01/2026 05:17:04 AM [pe] [INFO ]  VARIATION API: creating variations for 499 samples
08/01/2026 05:17:04 AM [pe] [INFO ]  VARIATION API: finished creating variations for 499 samples
08/01/2026 05:17:04 AM [pe] [INFO ]  PE population: finished generating 499*3 next synthetic samples
08/01/2026 05:17:04 AM [pe] [INFO ]  Composite population: finished generating 499 next synthetic samples
08/01/2026 05:17:04 AM [pe] [INFO ]  Label 1
08/01/2026 05:17:04 AM [pe] [INFO ]  Histogram: computing nearest neighbors histogram for 17535 private samples and 2004 synthetic samples
08/01/2026 05:17:04 AM [pe] [INFO ]  Embedding: PE.EMBEDDING.TabularEmbedding already computed
08/01/2026 05:17:04 AM [pe] [INFO ]  Embedding: computing PE.EMBEDDING.TabularEmbedding for 1503/2004 samples
08/01/2026 05:17:04 AM [pe] [INFO ]  Embedding: finished computing PE.EMBEDDING.TabularEmbedding for 1503/2004 samples
08/01/2026 05:17:04 AM [pe] [INFO ]  Histogram: finished computing nearest neighbors histogram for 17535 private samples and 2004 synthetic samples
08/01/2026 05:17:04 AM [pe] [INFO ]  Composite population: generating 501 next synthetic samples
08/01/2026 05:17:04 AM [pe] [INFO ]  PE population: generating 501*3 next synthetic samples
08/01/2026 05:17:04 AM [pe] [INFO ]  VARIATION API: creating variations for 501 samples
08/01/2026 05:17:04 AM [pe] [INFO ]  VARIATION API: finished creating variations for 501 samples
08/01/2026 05:17:04 AM [pe] [INFO ]  VARIATION API: creating variations for 501 samples
08/01/2026 05:17:04 AM [pe] [INFO ]  VARIATION API: finished creating variations for 501 samples
08/01/2026 05:17:04 AM [pe] [INFO ]  VARIATION API: creating variations for 501 samples
08/01/2026 05:17:04 AM [pe] [INFO ]  VARIATION API: finished creating variations for 501 samples
08/01/2026 05:17:05 AM [pe] [INFO ]  PE population: finished generating 501*3 next synthetic samples
08/01/2026 05:17:05 AM [pe] [INFO ]  Composite population: finished generating 501 next synthetic samples
08/01/2026 05:17:05 AM [pe] [INFO ]  Saving the synthetic tabular data to a CSV file
08/01/2026 05:17:05 AM [pe] [INFO ]  Finished saving the synthetic tabular data to a CSV file
08/01/2026 05:17:05 AM [pe] [INFO ]  Evaluating tabular classifier
08/01/2026 05:17:05 AM [pe] [INFO ]  Number of samples after filtering: 1000
08/01/2026 05:17:05 AM [pe] [INFO ]  Tabular classifier test accuracy: 98.55%
08/01/2026 05:17:05 AM [pe] [INFO ]  Tabular classifier test AUC: 99.92
08/01/2026 05:17:05 AM [pe] [INFO ]  Tabular classifier test (macro) F1 score: 98.55
08/01/2026 05:17:05 AM [pe] [INFO ]  Finished evaluating tabular classifier (tabular_classifier_xgboost_filter_{'PE.VARIATION_API_FOLD_ID':-1})
08/01/2026 05:17:05 AM [pe] [INFO ]  Iteration: 17
08/01/2026 05:17:05 AM [pe] [INFO ]  	tabular_classifier_xgboost_filter_{'PE.VARIATION_API_FOLD_ID':-1}_test_acc: 98.55000000
08/01/2026 05:17:05 AM [pe] [INFO ]  	tabular_classifier_xgboost_filter_{'PE.VARIATION_API_FOLD_ID':-1}_test_f1: 98.54991402
08/01/2026 05:17:05 AM [pe] [INFO ]  	tabular_classifier_xgboost_filter_{'PE.VARIATION_API_FOLD_ID':-1}_test_auc: 99.91516484
08/01/2026 05:17:05 AM [pe] [INFO ]  PE iteration 18
08/01/2026 05:17:05 AM [pe] [WARNI]  fraction_per_label_id is not provided. Assuming the fraction of label ids in private data is public information.
08/01/2026 05:17:05 AM [pe] [INFO ]  Label 0
08/01/2026 05:17:05 AM [pe] [INFO ]  Histogram: computing nearest neighbors histogram for 17465 private samples and 1996 synthetic samples
08/01/2026 05:17:05 AM [pe] [INFO ]  Embedding: PE.EMBEDDING.TabularEmbedding already computed
08/01/2026 05:17:05 AM [pe] [INFO ]  Embedding: computing PE.EMBEDDING.TabularEmbedding for 1497/1996 samples
08/01/2026 05:17:05 AM [pe] [INFO ]  Embedding: finished computing PE.EMBEDDING.TabularEmbedding for 1497/1996 samples
08/01/2026 05:17:05 AM [pe] [INFO ]  Histogram: finished computing nearest neighbors histogram for 17465 private samples and 1996 synthetic samples
08/01/2026 05:17:05 AM [pe] [INFO ]  Composite population: generating 499 next synthetic samples
08/01/2026 05:17:05 AM [pe] [INFO ]  PE population: generating 499*3 next synthetic samples
08/01/2026 05:17:05 AM [pe] [INFO ]  VARIATION API: creating variations for 499 samples
08/01/2026 05:17:05 AM [pe] [INFO ]  VARIATION API: finished creating variations for 499 samples
08/01/2026 05:17:05 AM [pe] [INFO ]  VARIATION API: creating variations for 499 samples
08/01/2026 05:17:05 AM [pe] [INFO ]  VARIATION API: finished creating variations for 499 samples
08/01/2026 05:17:05 AM [pe] [INFO ]  VARIATION API: creating variations for 499 samples
08/01/2026 05:17:05 AM [pe] [INFO ]  VARIATION API: finished creating variations for 499 samples
08/01/2026 05:17:05 AM [pe] [INFO ]  PE population: finished generating 499*3 next synthetic samples
08/01/2026 05:17:05 AM [pe] [INFO ]  Composite population: finished generating 499 next synthetic samples
08/01/2026 05:17:05 AM [pe] [INFO ]  Label 1
08/01/2026 05:17:05 AM [pe] [INFO ]  Histogram: computing nearest neighbors histogram for 17535 private samples and 2004 synthetic samples
08/01/2026 05:17:05 AM [pe] [INFO ]  Embedding: PE.EMBEDDING.TabularEmbedding already computed
08/01/2026 05:17:05 AM [pe] [INFO ]  Embedding: computing PE.EMBEDDING.TabularEmbedding for 1503/2004 samples
08/01/2026 05:17:05 AM [pe] [INFO ]  Embedding: finished computing PE.EMBEDDING.TabularEmbedding for 1503/2004 samples
08/01/2026 05:17:06 AM [pe] [INFO ]  Histogram: finished computing nearest neighbors histogram for 17535 private samples and 2004 synthetic samples
08/01/2026 05:17:06 AM [pe] [INFO ]  Composite population: generating 501 next synthetic samples
08/01/2026 05:17:06 AM [pe] [INFO ]  PE population: generating 501*3 next synthetic samples
08/01/2026 05:17:06 AM [pe] [INFO ]  VARIATION API: creating variations for 501 samples
08/01/2026 05:17:06 AM [pe] [INFO ]  VARIATION API: finished creating variations for 501 samples
08/01/2026 05:17:06 AM [pe] [INFO ]  VARIATION API: creating variations for 501 samples
08/01/2026 05:17:06 AM [pe] [INFO ]  VARIATION API: finished creating variations for 501 samples
08/01/2026 05:17:06 AM [pe] [INFO ]  VARIATION API: creating variations for 501 samples
08/01/2026 05:17:06 AM [pe] [INFO ]  VARIATION API: finished creating variations for 501 samples
08/01/2026 05:17:06 AM [pe] [INFO ]  PE population: finished generating 501*3 next synthetic samples
08/01/2026 05:17:06 AM [pe] [INFO ]  Composite population: finished generating 501 next synthetic samples
08/01/2026 05:17:06 AM [pe] [INFO ]  Saving the synthetic tabular data to a CSV file
08/01/2026 05:17:06 AM [pe] [INFO ]  Finished saving the synthetic tabular data to a CSV file
08/01/2026 05:17:06 AM [pe] [INFO ]  Evaluating tabular classifier
08/01/2026 05:17:06 AM [pe] [INFO ]  Number of samples after filtering: 1000
08/01/2026 05:17:06 AM [pe] [INFO ]  Tabular classifier test accuracy: 98.99%
08/01/2026 05:17:06 AM [pe] [INFO ]  Tabular classifier test AUC: 99.97
08/01/2026 05:17:06 AM [pe] [INFO ]  Tabular classifier test (macro) F1 score: 98.99
08/01/2026 05:17:06 AM [pe] [INFO ]  Finished evaluating tabular classifier (tabular_classifier_xgboost_filter_{'PE.VARIATION_API_FOLD_ID':-1})
08/01/2026 05:17:06 AM [pe] [INFO ]  Iteration: 18
08/01/2026 05:17:06 AM [pe] [INFO ]  	tabular_classifier_xgboost_filter_{'PE.VARIATION_API_FOLD_ID':-1}_test_acc: 98.99000000
08/01/2026 05:17:06 AM [pe] [INFO ]  	tabular_classifier_xgboost_filter_{'PE.VARIATION_API_FOLD_ID':-1}_test_f1: 98.98990884
08/01/2026 05:17:06 AM [pe] [INFO ]  	tabular_classifier_xgboost_filter_{'PE.VARIATION_API_FOLD_ID':-1}_test_auc: 99.96719000
08/01/2026 05:17:06 AM [pe] [INFO ]  PE iteration 19
08/01/2026 05:17:06 AM [pe] [WARNI]  fraction_per_label_id is not provided. Assuming the fraction of label ids in private data is public information.
08/01/2026 05:17:06 AM [pe] [INFO ]  Label 0
08/01/2026 05:17:06 AM [pe] [INFO ]  Histogram: computing nearest neighbors histogram for 17465 private samples and 1996 synthetic samples
08/01/2026 05:17:06 AM [pe] [INFO ]  Embedding: PE.EMBEDDING.TabularEmbedding already computed
08/01/2026 05:17:06 AM [pe] [INFO ]  Embedding: computing PE.EMBEDDING.TabularEmbedding for 1497/1996 samples
08/01/2026 05:17:06 AM [pe] [INFO ]  Embedding: finished computing PE.EMBEDDING.TabularEmbedding for 1497/1996 samples
08/01/2026 05:17:06 AM [pe] [INFO ]  Histogram: finished computing nearest neighbors histogram for 17465 private samples and 1996 synthetic samples
08/01/2026 05:17:06 AM [pe] [INFO ]  Composite population: generating 499 next synthetic samples
08/01/2026 05:17:06 AM [pe] [INFO ]  PE population: generating 499*3 next synthetic samples
08/01/2026 05:17:06 AM [pe] [INFO ]  VARIATION API: creating variations for 499 samples
08/01/2026 05:17:06 AM [pe] [INFO ]  VARIATION API: finished creating variations for 499 samples
08/01/2026 05:17:06 AM [pe] [INFO ]  VARIATION API: creating variations for 499 samples
08/01/2026 05:17:06 AM [pe] [INFO ]  VARIATION API: finished creating variations for 499 samples
08/01/2026 05:17:06 AM [pe] [INFO ]  VARIATION API: creating variations for 499 samples
08/01/2026 05:17:06 AM [pe] [INFO ]  VARIATION API: finished creating variations for 499 samples
08/01/2026 05:17:06 AM [pe] [INFO ]  PE population: finished generating 499*3 next synthetic samples
08/01/2026 05:17:06 AM [pe] [INFO ]  Composite population: finished generating 499 next synthetic samples
08/01/2026 05:17:06 AM [pe] [INFO ]  Label 1
08/01/2026 05:17:06 AM [pe] [INFO ]  Histogram: computing nearest neighbors histogram for 17535 private samples and 2004 synthetic samples
08/01/2026 05:17:06 AM [pe] [INFO ]  Embedding: PE.EMBEDDING.TabularEmbedding already computed
08/01/2026 05:17:06 AM [pe] [INFO ]  Embedding: computing PE.EMBEDDING.TabularEmbedding for 1503/2004 samples
08/01/2026 05:17:06 AM [pe] [INFO ]  Embedding: finished computing PE.EMBEDDING.TabularEmbedding for 1503/2004 samples
08/01/2026 05:17:07 AM [pe] [INFO ]  Histogram: finished computing nearest neighbors histogram for 17535 private samples and 2004 synthetic samples
08/01/2026 05:17:07 AM [pe] [INFO ]  Composite population: generating 501 next synthetic samples
08/01/2026 05:17:07 AM [pe] [INFO ]  PE population: generating 501*3 next synthetic samples
08/01/2026 05:17:07 AM [pe] [INFO ]  VARIATION API: creating variations for 501 samples
08/01/2026 05:17:07 AM [pe] [INFO ]  VARIATION API: finished creating variations for 501 samples
08/01/2026 05:17:07 AM [pe] [INFO ]  VARIATION API: creating variations for 501 samples
08/01/2026 05:17:07 AM [pe] [INFO ]  VARIATION API: finished creating variations for 501 samples
08/01/2026 05:17:07 AM [pe] [INFO ]  VARIATION API: creating variations for 501 samples
08/01/2026 05:17:07 AM [pe] [INFO ]  VARIATION API: finished creating variations for 501 samples
08/01/2026 05:17:07 AM [pe] [INFO ]  PE population: finished generating 501*3 next synthetic samples
08/01/2026 05:17:07 AM [pe] [INFO ]  Composite population: finished generating 501 next synthetic samples
08/01/2026 05:17:07 AM [pe] [INFO ]  Saving the synthetic tabular data to a CSV file
08/01/2026 05:17:07 AM [pe] [INFO ]  Finished saving the synthetic tabular data to a CSV file
08/01/2026 05:17:07 AM [pe] [INFO ]  Evaluating tabular classifier
08/01/2026 05:17:07 AM [pe] [INFO ]  Number of samples after filtering: 1000
08/01/2026 05:17:07 AM [pe] [INFO ]  Tabular classifier test accuracy: 98.55%
08/01/2026 05:17:07 AM [pe] [INFO ]  Tabular classifier test AUC: 99.96
08/01/2026 05:17:07 AM [pe] [INFO ]  Tabular classifier test (macro) F1 score: 98.55
08/01/2026 05:17:07 AM [pe] [INFO ]  Finished evaluating tabular classifier (tabular_classifier_xgboost_filter_{'PE.VARIATION_API_FOLD_ID':-1})
08/01/2026 05:17:07 AM [pe] [INFO ]  Iteration: 19
08/01/2026 05:17:07 AM [pe] [INFO ]  	tabular_classifier_xgboost_filter_{'PE.VARIATION_API_FOLD_ID':-1}_test_acc: 98.55000000
08/01/2026 05:17:07 AM [pe] [INFO ]  	tabular_classifier_xgboost_filter_{'PE.VARIATION_API_FOLD_ID':-1}_test_f1: 98.54989523
08/01/2026 05:17:07 AM [pe] [INFO ]  	tabular_classifier_xgboost_filter_{'PE.VARIATION_API_FOLD_ID':-1}_test_auc: 99.96025958
=== Sat Aug  1 05:17:09 AM CEST 2026 xor_stress_test_xgb.py --num-features 3 ===
/home/rec1/Desktop/AI_Safety/ICML_reproduce/tab-pe-WB0hLRRlcj/scripts/xor_stress_test_xgb.py:20: Pandas4Warning: The 'mode.copy_on_write' option is deprecated. Copy-on-Write can no longer be disabled (it is always enabled with pandas >= 3.0), and setting the option has no impact. This option will be removed in pandas 4.0.
  pd.options.mode.copy_on_write = True
/home/rec1/Desktop/AI_Safety/ICML_reproduce/tab-pe-WB0hLRRlcj/DPSDA_upstream/pe/dp/gaussian.py:23: RuntimeWarning: overflow encountered in exp
  if np.isinf(np.exp(eps)):
08/01/2026 05:17:24 AM [pe] [INFO ]  DP epsilon=1.0, delta=2.730683970301006e-06, noise_multiplier=17.49931555315762, num_iterations=19.
08/01/2026 05:17:24 AM [pe] [WARNI]  fraction_per_label_id is not provided. Assuming the fraction of label ids in private data is public information.
08/01/2026 05:17:24 AM [pe] [INFO ]  Composite population: generating 502 initial synthetic samples for label target: 0.0
08/01/2026 05:17:24 AM [pe] [INFO ]  PE population: generating 502*1 initial synthetic samples for label target: 0.0
08/01/2026 05:17:24 AM [pe] [INFO ]  RANDOM API: creating 502 samples for label target: 0.0
08/01/2026 05:17:24 AM [pe] [INFO ]  RANDOM API: finished creating 502 samples for label target: 0.0
08/01/2026 05:17:24 AM [pe] [INFO ]  PE population: finished generating 502*1 initial synthetic samples for label target: 0.0
08/01/2026 05:17:24 AM [pe] [INFO ]  Composite population: finished generating 502 initial synthetic samples for label target: 0.0
08/01/2026 05:17:24 AM [pe] [INFO ]  Composite population: generating 498 initial synthetic samples for label target: 1.0
08/01/2026 05:17:24 AM [pe] [INFO ]  PE population: generating 498*1 initial synthetic samples for label target: 1.0
08/01/2026 05:17:24 AM [pe] [INFO ]  RANDOM API: creating 498 samples for label target: 1.0
08/01/2026 05:17:24 AM [pe] [INFO ]  RANDOM API: finished creating 498 samples for label target: 1.0
08/01/2026 05:17:24 AM [pe] [INFO ]  PE population: finished generating 498*1 initial synthetic samples for label target: 1.0
08/01/2026 05:17:24 AM [pe] [INFO ]  Composite population: finished generating 498 initial synthetic samples for label target: 1.0
08/01/2026 05:17:24 AM [pe] [INFO ]  Saving the synthetic tabular data to a CSV file
08/01/2026 05:17:24 AM [pe] [INFO ]  Finished saving the synthetic tabular data to a CSV file
08/01/2026 05:17:24 AM [pe] [INFO ]  Evaluating tabular classifier
08/01/2026 05:17:24 AM [pe] [INFO ]  Number of samples after filtering: 1000
08/01/2026 05:17:24 AM [pe] [INFO ]  Tabular classifier test accuracy: 49.09%
08/01/2026 05:17:24 AM [pe] [INFO ]  Tabular classifier test AUC: 49.22
08/01/2026 05:17:24 AM [pe] [INFO ]  Tabular classifier test (macro) F1 score: 49.09
08/01/2026 05:17:24 AM [pe] [INFO ]  Finished evaluating tabular classifier (tabular_classifier_xgboost_filter_{'PE.VARIATION_API_FOLD_ID':-1})
08/01/2026 05:17:24 AM [pe] [INFO ]  Iteration: 0
08/01/2026 05:17:24 AM [pe] [INFO ]  	tabular_classifier_xgboost_filter_{'PE.VARIATION_API_FOLD_ID':-1}_test_acc: 49.09000000
08/01/2026 05:17:24 AM [pe] [INFO ]  	tabular_classifier_xgboost_filter_{'PE.VARIATION_API_FOLD_ID':-1}_test_f1: 49.08845993
08/01/2026 05:17:24 AM [pe] [INFO ]  	tabular_classifier_xgboost_filter_{'PE.VARIATION_API_FOLD_ID':-1}_test_auc: 49.22364024
08/01/2026 05:17:24 AM [pe] [INFO ]  PE iteration 1
08/01/2026 05:17:24 AM [pe] [WARNI]  fraction_per_label_id is not provided. Assuming the fraction of label ids in private data is public information.
08/01/2026 05:17:24 AM [pe] [INFO ]  Label 0
08/01/2026 05:17:24 AM [pe] [INFO ]  Histogram: computing nearest neighbors histogram for 17564 private samples and 502 synthetic samples
08/01/2026 05:17:24 AM [pe] [INFO ]  Embedding: computing PE.EMBEDDING.TabularEmbedding for 17564/17564 samples
08/01/2026 05:17:24 AM [pe] [INFO ]  Embedding: finished computing PE.EMBEDDING.TabularEmbedding for 17564/17564 samples
08/01/2026 05:17:24 AM [pe] [INFO ]  Embedding: computing PE.EMBEDDING.TabularEmbedding for 502/502 samples
08/01/2026 05:17:24 AM [pe] [INFO ]  Embedding: finished computing PE.EMBEDDING.TabularEmbedding for 502/502 samples
08/01/2026 05:17:24 AM [pe] [INFO ]  Histogram: finished computing nearest neighbors histogram for 17564 private samples and 502 synthetic samples
08/01/2026 05:17:24 AM [pe] [INFO ]  Composite population: generating 502 next synthetic samples
08/01/2026 05:17:24 AM [pe] [INFO ]  PE population: generating 502*1 next synthetic samples
08/01/2026 05:17:24 AM [pe] [INFO ]  VARIATION API: creating variations for 502 samples
08/01/2026 05:17:24 AM [pe] [INFO ]  VARIATION API: finished creating variations for 502 samples
08/01/2026 05:17:24 AM [pe] [INFO ]  PE population: finished generating 502*1 next synthetic samples
08/01/2026 05:17:24 AM [pe] [INFO ]  Composite population: finished generating 502 next synthetic samples
08/01/2026 05:17:24 AM [pe] [INFO ]  Label 1
08/01/2026 05:17:24 AM [pe] [INFO ]  Histogram: computing nearest neighbors histogram for 17436 private samples and 498 synthetic samples
08/01/2026 05:17:24 AM [pe] [INFO ]  Embedding: computing PE.EMBEDDING.TabularEmbedding for 17436/17436 samples
08/01/2026 05:17:24 AM [pe] [INFO ]  Embedding: finished computing PE.EMBEDDING.TabularEmbedding for 17436/17436 samples
08/01/2026 05:17:25 AM [pe] [INFO ]  Embedding: computing PE.EMBEDDING.TabularEmbedding for 498/498 samples
08/01/2026 05:17:25 AM [pe] [INFO ]  Embedding: finished computing PE.EMBEDDING.TabularEmbedding for 498/498 samples
08/01/2026 05:17:25 AM [pe] [INFO ]  Histogram: finished computing nearest neighbors histogram for 17436 private samples and 498 synthetic samples
08/01/2026 05:17:25 AM [pe] [INFO ]  Composite population: generating 498 next synthetic samples
08/01/2026 05:17:25 AM [pe] [INFO ]  PE population: generating 498*1 next synthetic samples
08/01/2026 05:17:25 AM [pe] [INFO ]  VARIATION API: creating variations for 498 samples
08/01/2026 05:17:25 AM [pe] [INFO ]  VARIATION API: finished creating variations for 498 samples
08/01/2026 05:17:25 AM [pe] [INFO ]  PE population: finished generating 498*1 next synthetic samples
08/01/2026 05:17:25 AM [pe] [INFO ]  Composite population: finished generating 498 next synthetic samples
08/01/2026 05:17:25 AM [pe] [INFO ]  Saving the synthetic tabular data to a CSV file
08/01/2026 05:17:25 AM [pe] [INFO ]  Finished saving the synthetic tabular data to a CSV file
08/01/2026 05:17:25 AM [pe] [INFO ]  Evaluating tabular classifier
08/01/2026 05:17:25 AM [pe] [INFO ]  Number of samples after filtering: 0
08/01/2026 05:17:25 AM [pe] [WARNI]  No samples satisfy the filter criterion {'PE.VARIATION_API_FOLD_ID':-1}. Skipping computation.
08/01/2026 05:17:25 AM [pe] [INFO ]  PE iteration 2
08/01/2026 05:17:25 AM [pe] [WARNI]  fraction_per_label_id is not provided. Assuming the fraction of label ids in private data is public information.
08/01/2026 05:17:25 AM [pe] [INFO ]  Label 0
08/01/2026 05:17:25 AM [pe] [INFO ]  Histogram: computing nearest neighbors histogram for 17564 private samples and 502 synthetic samples
08/01/2026 05:17:25 AM [pe] [INFO ]  Embedding: PE.EMBEDDING.TabularEmbedding already computed
08/01/2026 05:17:25 AM [pe] [INFO ]  Embedding: computing PE.EMBEDDING.TabularEmbedding for 502/502 samples
08/01/2026 05:17:25 AM [pe] [INFO ]  Embedding: finished computing PE.EMBEDDING.TabularEmbedding for 502/502 samples
08/01/2026 05:17:25 AM [pe] [INFO ]  Histogram: finished computing nearest neighbors histogram for 17564 private samples and 502 synthetic samples
08/01/2026 05:17:25 AM [pe] [INFO ]  Composite population: generating 502 next synthetic samples
08/01/2026 05:17:25 AM [pe] [INFO ]  PE population: generating 502*1 next synthetic samples
08/01/2026 05:17:25 AM [pe] [INFO ]  VARIATION API: creating variations for 502 samples
08/01/2026 05:17:25 AM [pe] [INFO ]  VARIATION API: finished creating variations for 502 samples
08/01/2026 05:17:25 AM [pe] [INFO ]  PE population: finished generating 502*1 next synthetic samples
08/01/2026 05:17:25 AM [pe] [INFO ]  Composite population: finished generating 502 next synthetic samples
08/01/2026 05:17:25 AM [pe] [INFO ]  Label 1
08/01/2026 05:17:25 AM [pe] [INFO ]  Histogram: computing nearest neighbors histogram for 17436 private samples and 498 synthetic samples
08/01/2026 05:17:25 AM [pe] [INFO ]  Embedding: PE.EMBEDDING.TabularEmbedding already computed
08/01/2026 05:17:25 AM [pe] [INFO ]  Embedding: computing PE.EMBEDDING.TabularEmbedding for 498/498 samples
08/01/2026 05:17:25 AM [pe] [INFO ]  Embedding: finished computing PE.EMBEDDING.TabularEmbedding for 498/498 samples
08/01/2026 05:17:25 AM [pe] [INFO ]  Histogram: finished computing nearest neighbors histogram for 17436 private samples and 498 synthetic samples
08/01/2026 05:17:25 AM [pe] [INFO ]  Composite population: generating 498 next synthetic samples
08/01/2026 05:17:25 AM [pe] [INFO ]  PE population: generating 498*1 next synthetic samples
08/01/2026 05:17:25 AM [pe] [INFO ]  VARIATION API: creating variations for 498 samples
08/01/2026 05:17:25 AM [pe] [INFO ]  VARIATION API: finished creating variations for 498 samples
08/01/2026 05:17:25 AM [pe] [INFO ]  PE population: finished generating 498*1 next synthetic samples
08/01/2026 05:17:25 AM [pe] [INFO ]  Composite population: finished generating 498 next synthetic samples
08/01/2026 05:17:25 AM [pe] [INFO ]  Saving the synthetic tabular data to a CSV file
08/01/2026 05:17:25 AM [pe] [INFO ]  Finished saving the synthetic tabular data to a CSV file
08/01/2026 05:17:25 AM [pe] [INFO ]  Evaluating tabular classifier
08/01/2026 05:17:25 AM [pe] [INFO ]  Number of samples after filtering: 0
08/01/2026 05:17:25 AM [pe] [WARNI]  No samples satisfy the filter criterion {'PE.VARIATION_API_FOLD_ID':-1}. Skipping computation.
08/01/2026 05:17:25 AM [pe] [INFO ]  PE iteration 3
08/01/2026 05:17:25 AM [pe] [WARNI]  fraction_per_label_id is not provided. Assuming the fraction of label ids in private data is public information.
08/01/2026 05:17:25 AM [pe] [INFO ]  Label 0
08/01/2026 05:17:25 AM [pe] [INFO ]  Histogram: computing nearest neighbors histogram for 17564 private samples and 502 synthetic samples
08/01/2026 05:17:25 AM [pe] [INFO ]  Embedding: PE.EMBEDDING.TabularEmbedding already computed
08/01/2026 05:17:25 AM [pe] [INFO ]  Embedding: computing PE.EMBEDDING.TabularEmbedding for 502/502 samples
08/01/2026 05:17:25 AM [pe] [INFO ]  Embedding: finished computing PE.EMBEDDING.TabularEmbedding for 502/502 samples
08/01/2026 05:17:25 AM [pe] [INFO ]  Histogram: finished computing nearest neighbors histogram for 17564 private samples and 502 synthetic samples
08/01/2026 05:17:25 AM [pe] [INFO ]  Composite population: generating 502 next synthetic samples
08/01/2026 05:17:25 AM [pe] [INFO ]  PE population: generating 502*1 next synthetic samples
08/01/2026 05:17:25 AM [pe] [INFO ]  VARIATION API: creating variations for 502 samples
08/01/2026 05:17:25 AM [pe] [INFO ]  VARIATION API: finished creating variations for 502 samples
08/01/2026 05:17:25 AM [pe] [INFO ]  PE population: finished generating 502*1 next synthetic samples
08/01/2026 05:17:25 AM [pe] [INFO ]  Composite population: finished generating 502 next synthetic samples
08/01/2026 05:17:25 AM [pe] [INFO ]  Label 1
08/01/2026 05:17:25 AM [pe] [INFO ]  Histogram: computing nearest neighbors histogram for 17436 private samples and 498 synthetic samples
08/01/2026 05:17:25 AM [pe] [INFO ]  Embedding: PE.EMBEDDING.TabularEmbedding already computed
08/01/2026 05:17:25 AM [pe] [INFO ]  Embedding: computing PE.EMBEDDING.TabularEmbedding for 498/498 samples
08/01/2026 05:17:25 AM [pe] [INFO ]  Embedding: finished computing PE.EMBEDDING.TabularEmbedding for 498/498 samples
08/01/2026 05:17:25 AM [pe] [INFO ]  Histogram: finished computing nearest neighbors histogram for 17436 private samples and 498 synthetic samples
08/01/2026 05:17:25 AM [pe] [INFO ]  Composite population: generating 498 next synthetic samples
08/01/2026 05:17:25 AM [pe] [INFO ]  PE population: generating 498*1 next synthetic samples
08/01/2026 05:17:25 AM [pe] [INFO ]  VARIATION API: creating variations for 498 samples
08/01/2026 05:17:25 AM [pe] [INFO ]  VARIATION API: finished creating variations for 498 samples
08/01/2026 05:17:25 AM [pe] [INFO ]  PE population: finished generating 498*1 next synthetic samples
08/01/2026 05:17:25 AM [pe] [INFO ]  Composite population: finished generating 498 next synthetic samples
08/01/2026 05:17:25 AM [pe] [INFO ]  Saving the synthetic tabular data to a CSV file
08/01/2026 05:17:26 AM [pe] [INFO ]  Finished saving the synthetic tabular data to a CSV file
08/01/2026 05:17:26 AM [pe] [INFO ]  Evaluating tabular classifier
08/01/2026 05:17:26 AM [pe] [INFO ]  Number of samples after filtering: 0
08/01/2026 05:17:26 AM [pe] [WARNI]  No samples satisfy the filter criterion {'PE.VARIATION_API_FOLD_ID':-1}. Skipping computation.
08/01/2026 05:17:26 AM [pe] [INFO ]  PE iteration 4
08/01/2026 05:17:26 AM [pe] [WARNI]  fraction_per_label_id is not provided. Assuming the fraction of label ids in private data is public information.
08/01/2026 05:17:26 AM [pe] [INFO ]  Label 0
08/01/2026 05:17:26 AM [pe] [INFO ]  Histogram: computing nearest neighbors histogram for 17564 private samples and 502 synthetic samples
08/01/2026 05:17:26 AM [pe] [INFO ]  Embedding: PE.EMBEDDING.TabularEmbedding already computed
08/01/2026 05:17:26 AM [pe] [INFO ]  Embedding: computing PE.EMBEDDING.TabularEmbedding for 502/502 samples
08/01/2026 05:17:26 AM [pe] [INFO ]  Embedding: finished computing PE.EMBEDDING.TabularEmbedding for 502/502 samples
08/01/2026 05:17:26 AM [pe] [INFO ]  Histogram: finished computing nearest neighbors histogram for 17564 private samples and 502 synthetic samples
08/01/2026 05:17:26 AM [pe] [INFO ]  Composite population: generating 502 next synthetic samples
08/01/2026 05:17:26 AM [pe] [INFO ]  PE population: generating 502*1 next synthetic samples
08/01/2026 05:17:26 AM [pe] [INFO ]  VARIATION API: creating variations for 502 samples
08/01/2026 05:17:26 AM [pe] [INFO ]  VARIATION API: finished creating variations for 502 samples
08/01/2026 05:17:26 AM [pe] [INFO ]  PE population: finished generating 502*1 next synthetic samples
08/01/2026 05:17:26 AM [pe] [INFO ]  Composite population: finished generating 502 next synthetic samples
08/01/2026 05:17:26 AM [pe] [INFO ]  Label 1
08/01/2026 05:17:26 AM [pe] [INFO ]  Histogram: computing nearest neighbors histogram for 17436 private samples and 498 synthetic samples
08/01/2026 05:17:26 AM [pe] [INFO ]  Embedding: PE.EMBEDDING.TabularEmbedding already computed
08/01/2026 05:17:26 AM [pe] [INFO ]  Embedding: computing PE.EMBEDDING.TabularEmbedding for 498/498 samples
08/01/2026 05:17:26 AM [pe] [INFO ]  Embedding: finished computing PE.EMBEDDING.TabularEmbedding for 498/498 samples
08/01/2026 05:17:26 AM [pe] [INFO ]  Histogram: finished computing nearest neighbors histogram for 17436 private samples and 498 synthetic samples
08/01/2026 05:17:26 AM [pe] [INFO ]  Composite population: generating 498 next synthetic samples
08/01/2026 05:17:26 AM [pe] [INFO ]  PE population: generating 498*1 next synthetic samples
08/01/2026 05:17:26 AM [pe] [INFO ]  VARIATION API: creating variations for 498 samples
08/01/2026 05:17:26 AM [pe] [INFO ]  VARIATION API: finished creating variations for 498 samples
08/01/2026 05:17:26 AM [pe] [INFO ]  PE population: finished generating 498*1 next synthetic samples
08/01/2026 05:17:26 AM [pe] [INFO ]  Composite population: finished generating 498 next synthetic samples
08/01/2026 05:17:26 AM [pe] [INFO ]  Saving the synthetic tabular data to a CSV file
08/01/2026 05:17:26 AM [pe] [INFO ]  Finished saving the synthetic tabular data to a CSV file
08/01/2026 05:17:26 AM [pe] [INFO ]  Evaluating tabular classifier
08/01/2026 05:17:26 AM [pe] [INFO ]  Number of samples after filtering: 0
08/01/2026 05:17:26 AM [pe] [WARNI]  No samples satisfy the filter criterion {'PE.VARIATION_API_FOLD_ID':-1}. Skipping computation.
08/01/2026 05:17:26 AM [pe] [INFO ]  PE iteration 5
08/01/2026 05:17:26 AM [pe] [WARNI]  fraction_per_label_id is not provided. Assuming the fraction of label ids in private data is public information.
08/01/2026 05:17:26 AM [pe] [INFO ]  Label 0
08/01/2026 05:17:26 AM [pe] [INFO ]  Histogram: computing nearest neighbors histogram for 17564 private samples and 502 synthetic samples
08/01/2026 05:17:26 AM [pe] [INFO ]  Embedding: PE.EMBEDDING.TabularEmbedding already computed
08/01/2026 05:17:26 AM [pe] [INFO ]  Embedding: computing PE.EMBEDDING.TabularEmbedding for 502/502 samples
08/01/2026 05:17:26 AM [pe] [INFO ]  Embedding: finished computing PE.EMBEDDING.TabularEmbedding for 502/502 samples
08/01/2026 05:17:26 AM [pe] [INFO ]  Histogram: finished computing nearest neighbors histogram for 17564 private samples and 502 synthetic samples
08/01/2026 05:17:26 AM [pe] [INFO ]  Composite population: generating 502 next synthetic samples
08/01/2026 05:17:26 AM [pe] [INFO ]  PE population: generating 502*3 next synthetic samples
08/01/2026 05:17:26 AM [pe] [INFO ]  VARIATION API: creating variations for 502 samples
08/01/2026 05:17:26 AM [pe] [INFO ]  VARIATION API: finished creating variations for 502 samples
08/01/2026 05:17:26 AM [pe] [INFO ]  VARIATION API: creating variations for 502 samples
08/01/2026 05:17:26 AM [pe] [INFO ]  VARIATION API: finished creating variations for 502 samples
08/01/2026 05:17:26 AM [pe] [INFO ]  VARIATION API: creating variations for 502 samples
08/01/2026 05:17:26 AM [pe] [INFO ]  VARIATION API: finished creating variations for 502 samples
08/01/2026 05:17:26 AM [pe] [INFO ]  PE population: finished generating 502*3 next synthetic samples
08/01/2026 05:17:26 AM [pe] [INFO ]  Composite population: finished generating 502 next synthetic samples
08/01/2026 05:17:26 AM [pe] [INFO ]  Label 1
08/01/2026 05:17:26 AM [pe] [INFO ]  Histogram: computing nearest neighbors histogram for 17436 private samples and 498 synthetic samples
08/01/2026 05:17:26 AM [pe] [INFO ]  Embedding: PE.EMBEDDING.TabularEmbedding already computed
08/01/2026 05:17:26 AM [pe] [INFO ]  Embedding: computing PE.EMBEDDING.TabularEmbedding for 498/498 samples
08/01/2026 05:17:26 AM [pe] [INFO ]  Embedding: finished computing PE.EMBEDDING.TabularEmbedding for 498/498 samples
08/01/2026 05:17:26 AM [pe] [INFO ]  Histogram: finished computing nearest neighbors histogram for 17436 private samples and 498 synthetic samples
08/01/2026 05:17:26 AM [pe] [INFO ]  Composite population: generating 498 next synthetic samples
08/01/2026 05:17:26 AM [pe] [INFO ]  PE population: generating 498*3 next synthetic samples
08/01/2026 05:17:26 AM [pe] [INFO ]  VARIATION API: creating variations for 498 samples
08/01/2026 05:17:26 AM [pe] [INFO ]  VARIATION API: finished creating variations for 498 samples
08/01/2026 05:17:26 AM [pe] [INFO ]  VARIATION API: creating variations for 498 samples
08/01/2026 05:17:26 AM [pe] [INFO ]  VARIATION API: finished creating variations for 498 samples
08/01/2026 05:17:26 AM [pe] [INFO ]  VARIATION API: creating variations for 498 samples
08/01/2026 05:17:26 AM [pe] [INFO ]  VARIATION API: finished creating variations for 498 samples
08/01/2026 05:17:26 AM [pe] [INFO ]  PE population: finished generating 498*3 next synthetic samples
08/01/2026 05:17:26 AM [pe] [INFO ]  Composite population: finished generating 498 next synthetic samples
08/01/2026 05:17:26 AM [pe] [INFO ]  Saving the synthetic tabular data to a CSV file
08/01/2026 05:17:27 AM [pe] [INFO ]  Finished saving the synthetic tabular data to a CSV file
08/01/2026 05:17:27 AM [pe] [INFO ]  Evaluating tabular classifier
08/01/2026 05:17:27 AM [pe] [INFO ]  Number of samples after filtering: 1000
08/01/2026 05:17:27 AM [pe] [INFO ]  Tabular classifier test accuracy: 82.05%
08/01/2026 05:17:27 AM [pe] [INFO ]  Tabular classifier test AUC: 91.68
08/01/2026 05:17:27 AM [pe] [INFO ]  Tabular classifier test (macro) F1 score: 82.05
08/01/2026 05:17:27 AM [pe] [INFO ]  Finished evaluating tabular classifier (tabular_classifier_xgboost_filter_{'PE.VARIATION_API_FOLD_ID':-1})
08/01/2026 05:17:27 AM [pe] [INFO ]  Iteration: 5
08/01/2026 05:17:27 AM [pe] [INFO ]  	tabular_classifier_xgboost_filter_{'PE.VARIATION_API_FOLD_ID':-1}_test_acc: 82.05000000
08/01/2026 05:17:27 AM [pe] [INFO ]  	tabular_classifier_xgboost_filter_{'PE.VARIATION_API_FOLD_ID':-1}_test_f1: 82.04969826
08/01/2026 05:17:27 AM [pe] [INFO ]  	tabular_classifier_xgboost_filter_{'PE.VARIATION_API_FOLD_ID':-1}_test_auc: 91.68381497
08/01/2026 05:17:27 AM [pe] [INFO ]  PE iteration 6
08/01/2026 05:17:27 AM [pe] [WARNI]  fraction_per_label_id is not provided. Assuming the fraction of label ids in private data is public information.
08/01/2026 05:17:27 AM [pe] [INFO ]  Label 0
08/01/2026 05:17:27 AM [pe] [INFO ]  Histogram: computing nearest neighbors histogram for 17564 private samples and 2008 synthetic samples
08/01/2026 05:17:27 AM [pe] [INFO ]  Embedding: PE.EMBEDDING.TabularEmbedding already computed
08/01/2026 05:17:27 AM [pe] [INFO ]  Embedding: computing PE.EMBEDDING.TabularEmbedding for 1506/2008 samples
08/01/2026 05:17:27 AM [pe] [INFO ]  Embedding: finished computing PE.EMBEDDING.TabularEmbedding for 1506/2008 samples
08/01/2026 05:17:27 AM [pe] [INFO ]  Histogram: finished computing nearest neighbors histogram for 17564 private samples and 2008 synthetic samples
08/01/2026 05:17:27 AM [pe] [INFO ]  Composite population: generating 502 next synthetic samples
08/01/2026 05:17:27 AM [pe] [INFO ]  PE population: generating 502*3 next synthetic samples
08/01/2026 05:17:27 AM [pe] [INFO ]  VARIATION API: creating variations for 502 samples
08/01/2026 05:17:27 AM [pe] [INFO ]  VARIATION API: finished creating variations for 502 samples
08/01/2026 05:17:27 AM [pe] [INFO ]  VARIATION API: creating variations for 502 samples
08/01/2026 05:17:27 AM [pe] [INFO ]  VARIATION API: finished creating variations for 502 samples
08/01/2026 05:17:27 AM [pe] [INFO ]  VARIATION API: creating variations for 502 samples
08/01/2026 05:17:27 AM [pe] [INFO ]  VARIATION API: finished creating variations for 502 samples
08/01/2026 05:17:27 AM [pe] [INFO ]  PE population: finished generating 502*3 next synthetic samples
08/01/2026 05:17:27 AM [pe] [INFO ]  Composite population: finished generating 502 next synthetic samples
08/01/2026 05:17:27 AM [pe] [INFO ]  Label 1
08/01/2026 05:17:27 AM [pe] [INFO ]  Histogram: computing nearest neighbors histogram for 17436 private samples and 1992 synthetic samples
08/01/2026 05:17:27 AM [pe] [INFO ]  Embedding: PE.EMBEDDING.TabularEmbedding already computed
08/01/2026 05:17:27 AM [pe] [INFO ]  Embedding: computing PE.EMBEDDING.TabularEmbedding for 1494/1992 samples
08/01/2026 05:17:27 AM [pe] [INFO ]  Embedding: finished computing PE.EMBEDDING.TabularEmbedding for 1494/1992 samples
08/01/2026 05:17:27 AM [pe] [INFO ]  Histogram: finished computing nearest neighbors histogram for 17436 private samples and 1992 synthetic samples
08/01/2026 05:17:27 AM [pe] [INFO ]  Composite population: generating 498 next synthetic samples
08/01/2026 05:17:27 AM [pe] [INFO ]  PE population: generating 498*3 next synthetic samples
08/01/2026 05:17:27 AM [pe] [INFO ]  VARIATION API: creating variations for 498 samples
08/01/2026 05:17:27 AM [pe] [INFO ]  VARIATION API: finished creating variations for 498 samples
08/01/2026 05:17:27 AM [pe] [INFO ]  VARIATION API: creating variations for 498 samples
08/01/2026 05:17:27 AM [pe] [INFO ]  VARIATION API: finished creating variations for 498 samples
08/01/2026 05:17:27 AM [pe] [INFO ]  VARIATION API: creating variations for 498 samples
08/01/2026 05:17:27 AM [pe] [INFO ]  VARIATION API: finished creating variations for 498 samples
08/01/2026 05:17:27 AM [pe] [INFO ]  PE population: finished generating 498*3 next synthetic samples
08/01/2026 05:17:27 AM [pe] [INFO ]  Composite population: finished generating 498 next synthetic samples
08/01/2026 05:17:27 AM [pe] [INFO ]  Saving the synthetic tabular data to a CSV file
08/01/2026 05:17:28 AM [pe] [INFO ]  Finished saving the synthetic tabular data to a CSV file
08/01/2026 05:17:28 AM [pe] [INFO ]  Evaluating tabular classifier
08/01/2026 05:17:28 AM [pe] [INFO ]  Number of samples after filtering: 1000
08/01/2026 05:17:28 AM [pe] [INFO ]  Tabular classifier test accuracy: 90.03%
08/01/2026 05:17:28 AM [pe] [INFO ]  Tabular classifier test AUC: 96.81
08/01/2026 05:17:28 AM [pe] [INFO ]  Tabular classifier test (macro) F1 score: 90.02
08/01/2026 05:17:28 AM [pe] [INFO ]  Finished evaluating tabular classifier (tabular_classifier_xgboost_filter_{'PE.VARIATION_API_FOLD_ID':-1})
08/01/2026 05:17:28 AM [pe] [INFO ]  Iteration: 6
08/01/2026 05:17:28 AM [pe] [INFO ]  	tabular_classifier_xgboost_filter_{'PE.VARIATION_API_FOLD_ID':-1}_test_acc: 90.03000000
08/01/2026 05:17:28 AM [pe] [INFO ]  	tabular_classifier_xgboost_filter_{'PE.VARIATION_API_FOLD_ID':-1}_test_f1: 90.01893209
08/01/2026 05:17:28 AM [pe] [INFO ]  	tabular_classifier_xgboost_filter_{'PE.VARIATION_API_FOLD_ID':-1}_test_auc: 96.81403799
08/01/2026 05:17:28 AM [pe] [INFO ]  PE iteration 7
08/01/2026 05:17:28 AM [pe] [WARNI]  fraction_per_label_id is not provided. Assuming the fraction of label ids in private data is public information.
08/01/2026 05:17:28 AM [pe] [INFO ]  Label 0
08/01/2026 05:17:28 AM [pe] [INFO ]  Histogram: computing nearest neighbors histogram for 17564 private samples and 2008 synthetic samples
08/01/2026 05:17:28 AM [pe] [INFO ]  Embedding: PE.EMBEDDING.TabularEmbedding already computed
08/01/2026 05:17:28 AM [pe] [INFO ]  Embedding: computing PE.EMBEDDING.TabularEmbedding for 1506/2008 samples
08/01/2026 05:17:28 AM [pe] [INFO ]  Embedding: finished computing PE.EMBEDDING.TabularEmbedding for 1506/2008 samples
08/01/2026 05:17:28 AM [pe] [INFO ]  Histogram: finished computing nearest neighbors histogram for 17564 private samples and 2008 synthetic samples
08/01/2026 05:17:28 AM [pe] [INFO ]  Composite population: generating 502 next synthetic samples
08/01/2026 05:17:28 AM [pe] [INFO ]  PE population: generating 502*3 next synthetic samples
08/01/2026 05:17:28 AM [pe] [INFO ]  VARIATION API: creating variations for 502 samples
08/01/2026 05:17:28 AM [pe] [INFO ]  VARIATION API: finished creating variations for 502 samples
08/01/2026 05:17:28 AM [pe] [INFO ]  VARIATION API: creating variations for 502 samples
08/01/2026 05:17:28 AM [pe] [INFO ]  VARIATION API: finished creating variations for 502 samples
08/01/2026 05:17:28 AM [pe] [INFO ]  VARIATION API: creating variations for 502 samples
08/01/2026 05:17:28 AM [pe] [INFO ]  VARIATION API: finished creating variations for 502 samples
08/01/2026 05:17:28 AM [pe] [INFO ]  PE population: finished generating 502*3 next synthetic samples
08/01/2026 05:17:28 AM [pe] [INFO ]  Composite population: finished generating 502 next synthetic samples
08/01/2026 05:17:28 AM [pe] [INFO ]  Label 1
08/01/2026 05:17:28 AM [pe] [INFO ]  Histogram: computing nearest neighbors histogram for 17436 private samples and 1992 synthetic samples
08/01/2026 05:17:28 AM [pe] [INFO ]  Embedding: PE.EMBEDDING.TabularEmbedding already computed
08/01/2026 05:17:28 AM [pe] [INFO ]  Embedding: computing PE.EMBEDDING.TabularEmbedding for 1494/1992 samples
08/01/2026 05:17:28 AM [pe] [INFO ]  Embedding: finished computing PE.EMBEDDING.TabularEmbedding for 1494/1992 samples
08/01/2026 05:17:28 AM [pe] [INFO ]  Histogram: finished computing nearest neighbors histogram for 17436 private samples and 1992 synthetic samples
08/01/2026 05:17:28 AM [pe] [INFO ]  Composite population: generating 498 next synthetic samples
08/01/2026 05:17:28 AM [pe] [INFO ]  PE population: generating 498*3 next synthetic samples
08/01/2026 05:17:28 AM [pe] [INFO ]  VARIATION API: creating variations for 498 samples
08/01/2026 05:17:28 AM [pe] [INFO ]  VARIATION API: finished creating variations for 498 samples
08/01/2026 05:17:28 AM [pe] [INFO ]  VARIATION API: creating variations for 498 samples
08/01/2026 05:17:28 AM [pe] [INFO ]  VARIATION API: finished creating variations for 498 samples
08/01/2026 05:17:28 AM [pe] [INFO ]  VARIATION API: creating variations for 498 samples
08/01/2026 05:17:28 AM [pe] [INFO ]  VARIATION API: finished creating variations for 498 samples
08/01/2026 05:17:28 AM [pe] [INFO ]  PE population: finished generating 498*3 next synthetic samples
08/01/2026 05:17:28 AM [pe] [INFO ]  Composite population: finished generating 498 next synthetic samples
08/01/2026 05:17:28 AM [pe] [INFO ]  Saving the synthetic tabular data to a CSV file
08/01/2026 05:17:29 AM [pe] [INFO ]  Finished saving the synthetic tabular data to a CSV file
08/01/2026 05:17:29 AM [pe] [INFO ]  Evaluating tabular classifier
08/01/2026 05:17:29 AM [pe] [INFO ]  Number of samples after filtering: 1000
08/01/2026 05:17:29 AM [pe] [INFO ]  Tabular classifier test accuracy: 90.02%
08/01/2026 05:17:29 AM [pe] [INFO ]  Tabular classifier test AUC: 96.57
08/01/2026 05:17:29 AM [pe] [INFO ]  Tabular classifier test (macro) F1 score: 90.01
08/01/2026 05:17:29 AM [pe] [INFO ]  Finished evaluating tabular classifier (tabular_classifier_xgboost_filter_{'PE.VARIATION_API_FOLD_ID':-1})
08/01/2026 05:17:29 AM [pe] [INFO ]  Iteration: 7
08/01/2026 05:17:29 AM [pe] [INFO ]  	tabular_classifier_xgboost_filter_{'PE.VARIATION_API_FOLD_ID':-1}_test_acc: 90.02000000
08/01/2026 05:17:29 AM [pe] [INFO ]  	tabular_classifier_xgboost_filter_{'PE.VARIATION_API_FOLD_ID':-1}_test_f1: 90.01159976
08/01/2026 05:17:29 AM [pe] [INFO ]  	tabular_classifier_xgboost_filter_{'PE.VARIATION_API_FOLD_ID':-1}_test_auc: 96.56936757
08/01/2026 05:17:29 AM [pe] [INFO ]  PE iteration 8
08/01/2026 05:17:29 AM [pe] [WARNI]  fraction_per_label_id is not provided. Assuming the fraction of label ids in private data is public information.
08/01/2026 05:17:29 AM [pe] [INFO ]  Label 0
08/01/2026 05:17:29 AM [pe] [INFO ]  Histogram: computing nearest neighbors histogram for 17564 private samples and 2008 synthetic samples
08/01/2026 05:17:29 AM [pe] [INFO ]  Embedding: PE.EMBEDDING.TabularEmbedding already computed
08/01/2026 05:17:29 AM [pe] [INFO ]  Embedding: computing PE.EMBEDDING.TabularEmbedding for 1506/2008 samples
08/01/2026 05:17:29 AM [pe] [INFO ]  Embedding: finished computing PE.EMBEDDING.TabularEmbedding for 1506/2008 samples
08/01/2026 05:17:29 AM [pe] [INFO ]  Histogram: finished computing nearest neighbors histogram for 17564 private samples and 2008 synthetic samples
08/01/2026 05:17:29 AM [pe] [INFO ]  Composite population: generating 502 next synthetic samples
08/01/2026 05:17:29 AM [pe] [INFO ]  PE population: generating 502*3 next synthetic samples
08/01/2026 05:17:29 AM [pe] [INFO ]  VARIATION API: creating variations for 502 samples
08/01/2026 05:17:29 AM [pe] [INFO ]  VARIATION API: finished creating variations for 502 samples
08/01/2026 05:17:29 AM [pe] [INFO ]  VARIATION API: creating variations for 502 samples
08/01/2026 05:17:29 AM [pe] [INFO ]  VARIATION API: finished creating variations for 502 samples
08/01/2026 05:17:29 AM [pe] [INFO ]  VARIATION API: creating variations for 502 samples
08/01/2026 05:17:29 AM [pe] [INFO ]  VARIATION API: finished creating variations for 502 samples
08/01/2026 05:17:29 AM [pe] [INFO ]  PE population: finished generating 502*3 next synthetic samples
08/01/2026 05:17:29 AM [pe] [INFO ]  Composite population: finished generating 502 next synthetic samples
08/01/2026 05:17:29 AM [pe] [INFO ]  Label 1
08/01/2026 05:17:29 AM [pe] [INFO ]  Histogram: computing nearest neighbors histogram for 17436 private samples and 1992 synthetic samples
08/01/2026 05:17:29 AM [pe] [INFO ]  Embedding: PE.EMBEDDING.TabularEmbedding already computed
08/01/2026 05:17:29 AM [pe] [INFO ]  Embedding: computing PE.EMBEDDING.TabularEmbedding for 1494/1992 samples
08/01/2026 05:17:29 AM [pe] [INFO ]  Embedding: finished computing PE.EMBEDDING.TabularEmbedding for 1494/1992 samples
08/01/2026 05:17:29 AM [pe] [INFO ]  Histogram: finished computing nearest neighbors histogram for 17436 private samples and 1992 synthetic samples
08/01/2026 05:17:29 AM [pe] [INFO ]  Composite population: generating 498 next synthetic samples
08/01/2026 05:17:29 AM [pe] [INFO ]  PE population: generating 498*3 next synthetic samples
08/01/2026 05:17:29 AM [pe] [INFO ]  VARIATION API: creating variations for 498 samples
08/01/2026 05:17:29 AM [pe] [INFO ]  VARIATION API: finished creating variations for 498 samples
08/01/2026 05:17:29 AM [pe] [INFO ]  VARIATION API: creating variations for 498 samples
08/01/2026 05:17:29 AM [pe] [INFO ]  VARIATION API: finished creating variations for 498 samples
08/01/2026 05:17:29 AM [pe] [INFO ]  VARIATION API: creating variations for 498 samples
08/01/2026 05:17:29 AM [pe] [INFO ]  VARIATION API: finished creating variations for 498 samples
08/01/2026 05:17:29 AM [pe] [INFO ]  PE population: finished generating 498*3 next synthetic samples
08/01/2026 05:17:29 AM [pe] [INFO ]  Composite population: finished generating 498 next synthetic samples
08/01/2026 05:17:29 AM [pe] [INFO ]  Saving the synthetic tabular data to a CSV file
08/01/2026 05:17:30 AM [pe] [INFO ]  Finished saving the synthetic tabular data to a CSV file
08/01/2026 05:17:30 AM [pe] [INFO ]  Evaluating tabular classifier
08/01/2026 05:17:30 AM [pe] [INFO ]  Number of samples after filtering: 1000
08/01/2026 05:17:30 AM [pe] [INFO ]  Tabular classifier test accuracy: 91.63%
08/01/2026 05:17:30 AM [pe] [INFO ]  Tabular classifier test AUC: 97.69
08/01/2026 05:17:30 AM [pe] [INFO ]  Tabular classifier test (macro) F1 score: 91.62
08/01/2026 05:17:30 AM [pe] [INFO ]  Finished evaluating tabular classifier (tabular_classifier_xgboost_filter_{'PE.VARIATION_API_FOLD_ID':-1})
08/01/2026 05:17:30 AM [pe] [INFO ]  Iteration: 8
08/01/2026 05:17:30 AM [pe] [INFO ]  	tabular_classifier_xgboost_filter_{'PE.VARIATION_API_FOLD_ID':-1}_test_acc: 91.63000000
08/01/2026 05:17:30 AM [pe] [INFO ]  	tabular_classifier_xgboost_filter_{'PE.VARIATION_API_FOLD_ID':-1}_test_f1: 91.62280826
08/01/2026 05:17:30 AM [pe] [INFO ]  	tabular_classifier_xgboost_filter_{'PE.VARIATION_API_FOLD_ID':-1}_test_auc: 97.69337960
08/01/2026 05:17:30 AM [pe] [INFO ]  PE iteration 9
08/01/2026 05:17:30 AM [pe] [WARNI]  fraction_per_label_id is not provided. Assuming the fraction of label ids in private data is public information.
08/01/2026 05:17:30 AM [pe] [INFO ]  Label 0
08/01/2026 05:17:30 AM [pe] [INFO ]  Histogram: computing nearest neighbors histogram for 17564 private samples and 2008 synthetic samples
08/01/2026 05:17:30 AM [pe] [INFO ]  Embedding: PE.EMBEDDING.TabularEmbedding already computed
08/01/2026 05:17:30 AM [pe] [INFO ]  Embedding: computing PE.EMBEDDING.TabularEmbedding for 1506/2008 samples
08/01/2026 05:17:30 AM [pe] [INFO ]  Embedding: finished computing PE.EMBEDDING.TabularEmbedding for 1506/2008 samples
08/01/2026 05:17:30 AM [pe] [INFO ]  Histogram: finished computing nearest neighbors histogram for 17564 private samples and 2008 synthetic samples
08/01/2026 05:17:30 AM [pe] [INFO ]  Composite population: generating 502 next synthetic samples
08/01/2026 05:17:30 AM [pe] [INFO ]  PE population: generating 502*3 next synthetic samples
08/01/2026 05:17:30 AM [pe] [INFO ]  VARIATION API: creating variations for 502 samples
08/01/2026 05:17:30 AM [pe] [INFO ]  VARIATION API: finished creating variations for 502 samples
08/01/2026 05:17:30 AM [pe] [INFO ]  VARIATION API: creating variations for 502 samples
08/01/2026 05:17:30 AM [pe] [INFO ]  VARIATION API: finished creating variations for 502 samples
08/01/2026 05:17:30 AM [pe] [INFO ]  VARIATION API: creating variations for 502 samples
08/01/2026 05:17:30 AM [pe] [INFO ]  VARIATION API: finished creating variations for 502 samples
08/01/2026 05:17:30 AM [pe] [INFO ]  PE population: finished generating 502*3 next synthetic samples
08/01/2026 05:17:30 AM [pe] [INFO ]  Composite population: finished generating 502 next synthetic samples
08/01/2026 05:17:30 AM [pe] [INFO ]  Label 1
08/01/2026 05:17:30 AM [pe] [INFO ]  Histogram: computing nearest neighbors histogram for 17436 private samples and 1992 synthetic samples
08/01/2026 05:17:30 AM [pe] [INFO ]  Embedding: PE.EMBEDDING.TabularEmbedding already computed
08/01/2026 05:17:30 AM [pe] [INFO ]  Embedding: computing PE.EMBEDDING.TabularEmbedding for 1494/1992 samples
08/01/2026 05:17:30 AM [pe] [INFO ]  Embedding: finished computing PE.EMBEDDING.TabularEmbedding for 1494/1992 samples
08/01/2026 05:17:30 AM [pe] [INFO ]  Histogram: finished computing nearest neighbors histogram for 17436 private samples and 1992 synthetic samples
08/01/2026 05:17:30 AM [pe] [INFO ]  Composite population: generating 498 next synthetic samples
08/01/2026 05:17:30 AM [pe] [INFO ]  PE population: generating 498*3 next synthetic samples
08/01/2026 05:17:30 AM [pe] [INFO ]  VARIATION API: creating variations for 498 samples
08/01/2026 05:17:30 AM [pe] [INFO ]  VARIATION API: finished creating variations for 498 samples
08/01/2026 05:17:31 AM [pe] [INFO ]  VARIATION API: creating variations for 498 samples
08/01/2026 05:17:31 AM [pe] [INFO ]  VARIATION API: finished creating variations for 498 samples
08/01/2026 05:17:31 AM [pe] [INFO ]  VARIATION API: creating variations for 498 samples
08/01/2026 05:17:31 AM [pe] [INFO ]  VARIATION API: finished creating variations for 498 samples
08/01/2026 05:17:31 AM [pe] [INFO ]  PE population: finished generating 498*3 next synthetic samples
08/01/2026 05:17:31 AM [pe] [INFO ]  Composite population: finished generating 498 next synthetic samples
08/01/2026 05:17:31 AM [pe] [INFO ]  Saving the synthetic tabular data to a CSV file
08/01/2026 05:17:31 AM [pe] [INFO ]  Finished saving the synthetic tabular data to a CSV file
08/01/2026 05:17:31 AM [pe] [INFO ]  Evaluating tabular classifier
08/01/2026 05:17:31 AM [pe] [INFO ]  Number of samples after filtering: 1000
08/01/2026 05:17:31 AM [pe] [INFO ]  Tabular classifier test accuracy: 93.14%
08/01/2026 05:17:31 AM [pe] [INFO ]  Tabular classifier test AUC: 98.09
08/01/2026 05:17:31 AM [pe] [INFO ]  Tabular classifier test (macro) F1 score: 93.14
08/01/2026 05:17:31 AM [pe] [INFO ]  Finished evaluating tabular classifier (tabular_classifier_xgboost_filter_{'PE.VARIATION_API_FOLD_ID':-1})
08/01/2026 05:17:31 AM [pe] [INFO ]  Iteration: 9
08/01/2026 05:17:31 AM [pe] [INFO ]  	tabular_classifier_xgboost_filter_{'PE.VARIATION_API_FOLD_ID':-1}_test_acc: 93.14000000
08/01/2026 05:17:31 AM [pe] [INFO ]  	tabular_classifier_xgboost_filter_{'PE.VARIATION_API_FOLD_ID':-1}_test_f1: 93.13611202
08/01/2026 05:17:31 AM [pe] [INFO ]  	tabular_classifier_xgboost_filter_{'PE.VARIATION_API_FOLD_ID':-1}_test_auc: 98.08591358
08/01/2026 05:17:31 AM [pe] [INFO ]  PE iteration 10
08/01/2026 05:17:31 AM [pe] [WARNI]  fraction_per_label_id is not provided. Assuming the fraction of label ids in private data is public information.
08/01/2026 05:17:31 AM [pe] [INFO ]  Label 0
08/01/2026 05:17:31 AM [pe] [INFO ]  Histogram: computing nearest neighbors histogram for 17564 private samples and 2008 synthetic samples
08/01/2026 05:17:31 AM [pe] [INFO ]  Embedding: PE.EMBEDDING.TabularEmbedding already computed
08/01/2026 05:17:31 AM [pe] [INFO ]  Embedding: computing PE.EMBEDDING.TabularEmbedding for 1506/2008 samples
08/01/2026 05:17:31 AM [pe] [INFO ]  Embedding: finished computing PE.EMBEDDING.TabularEmbedding for 1506/2008 samples
08/01/2026 05:17:31 AM [pe] [INFO ]  Histogram: finished computing nearest neighbors histogram for 17564 private samples and 2008 synthetic samples
08/01/2026 05:17:31 AM [pe] [INFO ]  Composite population: generating 502 next synthetic samples
08/01/2026 05:17:31 AM [pe] [INFO ]  PE population: generating 502*3 next synthetic samples
08/01/2026 05:17:31 AM [pe] [INFO ]  VARIATION API: creating variations for 502 samples
08/01/2026 05:17:31 AM [pe] [INFO ]  VARIATION API: finished creating variations for 502 samples
08/01/2026 05:17:31 AM [pe] [INFO ]  VARIATION API: creating variations for 502 samples
08/01/2026 05:17:31 AM [pe] [INFO ]  VARIATION API: finished creating variations for 502 samples
08/01/2026 05:17:31 AM [pe] [INFO ]  VARIATION API: creating variations for 502 samples
08/01/2026 05:17:31 AM [pe] [INFO ]  VARIATION API: finished creating variations for 502 samples
08/01/2026 05:17:31 AM [pe] [INFO ]  PE population: finished generating 502*3 next synthetic samples
08/01/2026 05:17:31 AM [pe] [INFO ]  Composite population: finished generating 502 next synthetic samples
08/01/2026 05:17:31 AM [pe] [INFO ]  Label 1
08/01/2026 05:17:31 AM [pe] [INFO ]  Histogram: computing nearest neighbors histogram for 17436 private samples and 1992 synthetic samples
08/01/2026 05:17:31 AM [pe] [INFO ]  Embedding: PE.EMBEDDING.TabularEmbedding already computed
08/01/2026 05:17:31 AM [pe] [INFO ]  Embedding: computing PE.EMBEDDING.TabularEmbedding for 1494/1992 samples
08/01/2026 05:17:31 AM [pe] [INFO ]  Embedding: finished computing PE.EMBEDDING.TabularEmbedding for 1494/1992 samples
08/01/2026 05:17:32 AM [pe] [INFO ]  Histogram: finished computing nearest neighbors histogram for 17436 private samples and 1992 synthetic samples
08/01/2026 05:17:32 AM [pe] [INFO ]  Composite population: generating 498 next synthetic samples
08/01/2026 05:17:32 AM [pe] [INFO ]  PE population: generating 498*3 next synthetic samples
08/01/2026 05:17:32 AM [pe] [INFO ]  VARIATION API: creating variations for 498 samples
08/01/2026 05:17:32 AM [pe] [INFO ]  VARIATION API: finished creating variations for 498 samples
08/01/2026 05:17:32 AM [pe] [INFO ]  VARIATION API: creating variations for 498 samples
08/01/2026 05:17:32 AM [pe] [INFO ]  VARIATION API: finished creating variations for 498 samples
08/01/2026 05:17:32 AM [pe] [INFO ]  VARIATION API: creating variations for 498 samples
08/01/2026 05:17:32 AM [pe] [INFO ]  VARIATION API: finished creating variations for 498 samples
08/01/2026 05:17:32 AM [pe] [INFO ]  PE population: finished generating 498*3 next synthetic samples
08/01/2026 05:17:32 AM [pe] [INFO ]  Composite population: finished generating 498 next synthetic samples
08/01/2026 05:17:32 AM [pe] [INFO ]  Saving the synthetic tabular data to a CSV file
08/01/2026 05:17:32 AM [pe] [INFO ]  Finished saving the synthetic tabular data to a CSV file
08/01/2026 05:17:32 AM [pe] [INFO ]  Evaluating tabular classifier
08/01/2026 05:17:32 AM [pe] [INFO ]  Number of samples after filtering: 1000
08/01/2026 05:17:32 AM [pe] [INFO ]  Tabular classifier test accuracy: 93.37%
08/01/2026 05:17:32 AM [pe] [INFO ]  Tabular classifier test AUC: 98.34
08/01/2026 05:17:32 AM [pe] [INFO ]  Tabular classifier test (macro) F1 score: 93.37
08/01/2026 05:17:32 AM [pe] [INFO ]  Finished evaluating tabular classifier (tabular_classifier_xgboost_filter_{'PE.VARIATION_API_FOLD_ID':-1})
08/01/2026 05:17:32 AM [pe] [INFO ]  Iteration: 10
08/01/2026 05:17:32 AM [pe] [INFO ]  	tabular_classifier_xgboost_filter_{'PE.VARIATION_API_FOLD_ID':-1}_test_acc: 93.37000000
08/01/2026 05:17:32 AM [pe] [INFO ]  	tabular_classifier_xgboost_filter_{'PE.VARIATION_API_FOLD_ID':-1}_test_f1: 93.36864395
08/01/2026 05:17:32 AM [pe] [INFO ]  	tabular_classifier_xgboost_filter_{'PE.VARIATION_API_FOLD_ID':-1}_test_auc: 98.34355628
08/01/2026 05:17:32 AM [pe] [INFO ]  PE iteration 11
08/01/2026 05:17:32 AM [pe] [WARNI]  fraction_per_label_id is not provided. Assuming the fraction of label ids in private data is public information.
08/01/2026 05:17:32 AM [pe] [INFO ]  Label 0
08/01/2026 05:17:32 AM [pe] [INFO ]  Histogram: computing nearest neighbors histogram for 17564 private samples and 2008 synthetic samples
08/01/2026 05:17:32 AM [pe] [INFO ]  Embedding: PE.EMBEDDING.TabularEmbedding already computed
08/01/2026 05:17:32 AM [pe] [INFO ]  Embedding: computing PE.EMBEDDING.TabularEmbedding for 1506/2008 samples
08/01/2026 05:17:32 AM [pe] [INFO ]  Embedding: finished computing PE.EMBEDDING.TabularEmbedding for 1506/2008 samples
08/01/2026 05:17:32 AM [pe] [INFO ]  Histogram: finished computing nearest neighbors histogram for 17564 private samples and 2008 synthetic samples
08/01/2026 05:17:32 AM [pe] [INFO ]  Composite population: generating 502 next synthetic samples
08/01/2026 05:17:32 AM [pe] [INFO ]  PE population: generating 502*3 next synthetic samples
08/01/2026 05:17:32 AM [pe] [INFO ]  VARIATION API: creating variations for 502 samples
08/01/2026 05:17:32 AM [pe] [INFO ]  VARIATION API: finished creating variations for 502 samples
08/01/2026 05:17:32 AM [pe] [INFO ]  VARIATION API: creating variations for 502 samples
08/01/2026 05:17:32 AM [pe] [INFO ]  VARIATION API: finished creating variations for 502 samples
08/01/2026 05:17:32 AM [pe] [INFO ]  VARIATION API: creating variations for 502 samples
08/01/2026 05:17:32 AM [pe] [INFO ]  VARIATION API: finished creating variations for 502 samples
08/01/2026 05:17:32 AM [pe] [INFO ]  PE population: finished generating 502*3 next synthetic samples
08/01/2026 05:17:32 AM [pe] [INFO ]  Composite population: finished generating 502 next synthetic samples
08/01/2026 05:17:32 AM [pe] [INFO ]  Label 1
08/01/2026 05:17:32 AM [pe] [INFO ]  Histogram: computing nearest neighbors histogram for 17436 private samples and 1992 synthetic samples
08/01/2026 05:17:33 AM [pe] [INFO ]  Embedding: PE.EMBEDDING.TabularEmbedding already computed
08/01/2026 05:17:33 AM [pe] [INFO ]  Embedding: computing PE.EMBEDDING.TabularEmbedding for 1494/1992 samples
08/01/2026 05:17:33 AM [pe] [INFO ]  Embedding: finished computing PE.EMBEDDING.TabularEmbedding for 1494/1992 samples
08/01/2026 05:17:33 AM [pe] [INFO ]  Histogram: finished computing nearest neighbors histogram for 17436 private samples and 1992 synthetic samples
08/01/2026 05:17:33 AM [pe] [INFO ]  Composite population: generating 498 next synthetic samples
08/01/2026 05:17:33 AM [pe] [INFO ]  PE population: generating 498*3 next synthetic samples
08/01/2026 05:17:33 AM [pe] [INFO ]  VARIATION API: creating variations for 498 samples
08/01/2026 05:17:33 AM [pe] [INFO ]  VARIATION API: finished creating variations for 498 samples
08/01/2026 05:17:33 AM [pe] [INFO ]  VARIATION API: creating variations for 498 samples
08/01/2026 05:17:33 AM [pe] [INFO ]  VARIATION API: finished creating variations for 498 samples
08/01/2026 05:17:33 AM [pe] [INFO ]  VARIATION API: creating variations for 498 samples
08/01/2026 05:17:33 AM [pe] [INFO ]  VARIATION API: finished creating variations for 498 samples
08/01/2026 05:17:33 AM [pe] [INFO ]  PE population: finished generating 498*3 next synthetic samples
08/01/2026 05:17:33 AM [pe] [INFO ]  Composite population: finished generating 498 next synthetic samples
08/01/2026 05:17:33 AM [pe] [INFO ]  Saving the synthetic tabular data to a CSV file
08/01/2026 05:17:33 AM [pe] [INFO ]  Finished saving the synthetic tabular data to a CSV file
08/01/2026 05:17:33 AM [pe] [INFO ]  Evaluating tabular classifier
08/01/2026 05:17:33 AM [pe] [INFO ]  Number of samples after filtering: 1000
08/01/2026 05:17:33 AM [pe] [INFO ]  Tabular classifier test accuracy: 93.77%
08/01/2026 05:17:33 AM [pe] [INFO ]  Tabular classifier test AUC: 98.54
08/01/2026 05:17:33 AM [pe] [INFO ]  Tabular classifier test (macro) F1 score: 93.77
08/01/2026 05:17:33 AM [pe] [INFO ]  Finished evaluating tabular classifier (tabular_classifier_xgboost_filter_{'PE.VARIATION_API_FOLD_ID':-1})
08/01/2026 05:17:33 AM [pe] [INFO ]  Iteration: 11
08/01/2026 05:17:33 AM [pe] [INFO ]  	tabular_classifier_xgboost_filter_{'PE.VARIATION_API_FOLD_ID':-1}_test_acc: 93.77000000
08/01/2026 05:17:33 AM [pe] [INFO ]  	tabular_classifier_xgboost_filter_{'PE.VARIATION_API_FOLD_ID':-1}_test_f1: 93.76872577
08/01/2026 05:17:33 AM [pe] [INFO ]  	tabular_classifier_xgboost_filter_{'PE.VARIATION_API_FOLD_ID':-1}_test_auc: 98.54363112
08/01/2026 05:17:33 AM [pe] [INFO ]  PE iteration 12
08/01/2026 05:17:33 AM [pe] [WARNI]  fraction_per_label_id is not provided. Assuming the fraction of label ids in private data is public information.
08/01/2026 05:17:33 AM [pe] [INFO ]  Label 0
08/01/2026 05:17:33 AM [pe] [INFO ]  Histogram: computing nearest neighbors histogram for 17564 private samples and 2008 synthetic samples
08/01/2026 05:17:33 AM [pe] [INFO ]  Embedding: PE.EMBEDDING.TabularEmbedding already computed
08/01/2026 05:17:33 AM [pe] [INFO ]  Embedding: computing PE.EMBEDDING.TabularEmbedding for 1506/2008 samples
08/01/2026 05:17:33 AM [pe] [INFO ]  Embedding: finished computing PE.EMBEDDING.TabularEmbedding for 1506/2008 samples
08/01/2026 05:17:34 AM [pe] [INFO ]  Histogram: finished computing nearest neighbors histogram for 17564 private samples and 2008 synthetic samples
08/01/2026 05:17:34 AM [pe] [INFO ]  Composite population: generating 502 next synthetic samples
08/01/2026 05:17:34 AM [pe] [INFO ]  PE population: generating 502*3 next synthetic samples
08/01/2026 05:17:34 AM [pe] [INFO ]  VARIATION API: creating variations for 502 samples
08/01/2026 05:17:34 AM [pe] [INFO ]  VARIATION API: finished creating variations for 502 samples
08/01/2026 05:17:34 AM [pe] [INFO ]  VARIATION API: creating variations for 502 samples
08/01/2026 05:17:34 AM [pe] [INFO ]  VARIATION API: finished creating variations for 502 samples
08/01/2026 05:17:34 AM [pe] [INFO ]  VARIATION API: creating variations for 502 samples
08/01/2026 05:17:34 AM [pe] [INFO ]  VARIATION API: finished creating variations for 502 samples
08/01/2026 05:17:34 AM [pe] [INFO ]  PE population: finished generating 502*3 next synthetic samples
08/01/2026 05:17:34 AM [pe] [INFO ]  Composite population: finished generating 502 next synthetic samples
08/01/2026 05:17:34 AM [pe] [INFO ]  Label 1
08/01/2026 05:17:34 AM [pe] [INFO ]  Histogram: computing nearest neighbors histogram for 17436 private samples and 1992 synthetic samples
08/01/2026 05:17:34 AM [pe] [INFO ]  Embedding: PE.EMBEDDING.TabularEmbedding already computed
08/01/2026 05:17:34 AM [pe] [INFO ]  Embedding: computing PE.EMBEDDING.TabularEmbedding for 1494/1992 samples
08/01/2026 05:17:34 AM [pe] [INFO ]  Embedding: finished computing PE.EMBEDDING.TabularEmbedding for 1494/1992 samples
08/01/2026 05:17:34 AM [pe] [INFO ]  Histogram: finished computing nearest neighbors histogram for 17436 private samples and 1992 synthetic samples
08/01/2026 05:17:34 AM [pe] [INFO ]  Composite population: generating 498 next synthetic samples
08/01/2026 05:17:34 AM [pe] [INFO ]  PE population: generating 498*3 next synthetic samples
08/01/2026 05:17:34 AM [pe] [INFO ]  VARIATION API: creating variations for 498 samples
08/01/2026 05:17:34 AM [pe] [INFO ]  VARIATION API: finished creating variations for 498 samples
08/01/2026 05:17:34 AM [pe] [INFO ]  VARIATION API: creating variations for 498 samples
08/01/2026 05:17:34 AM [pe] [INFO ]  VARIATION API: finished creating variations for 498 samples
08/01/2026 05:17:34 AM [pe] [INFO ]  VARIATION API: creating variations for 498 samples
08/01/2026 05:17:34 AM [pe] [INFO ]  VARIATION API: finished creating variations for 498 samples
08/01/2026 05:17:34 AM [pe] [INFO ]  PE population: finished generating 498*3 next synthetic samples
08/01/2026 05:17:34 AM [pe] [INFO ]  Composite population: finished generating 498 next synthetic samples
08/01/2026 05:17:34 AM [pe] [INFO ]  Saving the synthetic tabular data to a CSV file
08/01/2026 05:17:34 AM [pe] [INFO ]  Finished saving the synthetic tabular data to a CSV file
08/01/2026 05:17:34 AM [pe] [INFO ]  Evaluating tabular classifier
08/01/2026 05:17:34 AM [pe] [INFO ]  Number of samples after filtering: 1000
08/01/2026 05:17:34 AM [pe] [INFO ]  Tabular classifier test accuracy: 93.23%
08/01/2026 05:17:34 AM [pe] [INFO ]  Tabular classifier test AUC: 98.62
08/01/2026 05:17:34 AM [pe] [INFO ]  Tabular classifier test (macro) F1 score: 93.23
08/01/2026 05:17:34 AM [pe] [INFO ]  Finished evaluating tabular classifier (tabular_classifier_xgboost_filter_{'PE.VARIATION_API_FOLD_ID':-1})
08/01/2026 05:17:34 AM [pe] [INFO ]  Iteration: 12
08/01/2026 05:17:34 AM [pe] [INFO ]  	tabular_classifier_xgboost_filter_{'PE.VARIATION_API_FOLD_ID':-1}_test_acc: 93.23000000
08/01/2026 05:17:34 AM [pe] [INFO ]  	tabular_classifier_xgboost_filter_{'PE.VARIATION_API_FOLD_ID':-1}_test_f1: 93.22773204
08/01/2026 05:17:34 AM [pe] [INFO ]  	tabular_classifier_xgboost_filter_{'PE.VARIATION_API_FOLD_ID':-1}_test_auc: 98.61614822
08/01/2026 05:17:34 AM [pe] [INFO ]  PE iteration 13
08/01/2026 05:17:34 AM [pe] [WARNI]  fraction_per_label_id is not provided. Assuming the fraction of label ids in private data is public information.
08/01/2026 05:17:34 AM [pe] [INFO ]  Label 0
08/01/2026 05:17:34 AM [pe] [INFO ]  Histogram: computing nearest neighbors histogram for 17564 private samples and 2008 synthetic samples
08/01/2026 05:17:34 AM [pe] [INFO ]  Embedding: PE.EMBEDDING.TabularEmbedding already computed
08/01/2026 05:17:34 AM [pe] [INFO ]  Embedding: computing PE.EMBEDDING.TabularEmbedding for 1506/2008 samples
08/01/2026 05:17:34 AM [pe] [INFO ]  Embedding: finished computing PE.EMBEDDING.TabularEmbedding for 1506/2008 samples
08/01/2026 05:17:35 AM [pe] [INFO ]  Histogram: finished computing nearest neighbors histogram for 17564 private samples and 2008 synthetic samples
08/01/2026 05:17:35 AM [pe] [INFO ]  Composite population: generating 502 next synthetic samples
08/01/2026 05:17:35 AM [pe] [INFO ]  PE population: generating 502*3 next synthetic samples
08/01/2026 05:17:35 AM [pe] [INFO ]  VARIATION API: creating variations for 502 samples
08/01/2026 05:17:35 AM [pe] [INFO ]  VARIATION API: finished creating variations for 502 samples
08/01/2026 05:17:35 AM [pe] [INFO ]  VARIATION API: creating variations for 502 samples
08/01/2026 05:17:35 AM [pe] [INFO ]  VARIATION API: finished creating variations for 502 samples
08/01/2026 05:17:35 AM [pe] [INFO ]  VARIATION API: creating variations for 502 samples
08/01/2026 05:17:35 AM [pe] [INFO ]  VARIATION API: finished creating variations for 502 samples
08/01/2026 05:17:35 AM [pe] [INFO ]  PE population: finished generating 502*3 next synthetic samples
08/01/2026 05:17:35 AM [pe] [INFO ]  Composite population: finished generating 502 next synthetic samples
08/01/2026 05:17:35 AM [pe] [INFO ]  Label 1
08/01/2026 05:17:35 AM [pe] [INFO ]  Histogram: computing nearest neighbors histogram for 17436 private samples and 1992 synthetic samples
08/01/2026 05:17:35 AM [pe] [INFO ]  Embedding: PE.EMBEDDING.TabularEmbedding already computed
08/01/2026 05:17:35 AM [pe] [INFO ]  Embedding: computing PE.EMBEDDING.TabularEmbedding for 1494/1992 samples
08/01/2026 05:17:35 AM [pe] [INFO ]  Embedding: finished computing PE.EMBEDDING.TabularEmbedding for 1494/1992 samples
08/01/2026 05:17:35 AM [pe] [INFO ]  Histogram: finished computing nearest neighbors histogram for 17436 private samples and 1992 synthetic samples
08/01/2026 05:17:35 AM [pe] [INFO ]  Composite population: generating 498 next synthetic samples
08/01/2026 05:17:35 AM [pe] [INFO ]  PE population: generating 498*3 next synthetic samples
08/01/2026 05:17:35 AM [pe] [INFO ]  VARIATION API: creating variations for 498 samples
08/01/2026 05:17:35 AM [pe] [INFO ]  VARIATION API: finished creating variations for 498 samples
08/01/2026 05:17:35 AM [pe] [INFO ]  VARIATION API: creating variations for 498 samples
08/01/2026 05:17:35 AM [pe] [INFO ]  VARIATION API: finished creating variations for 498 samples
08/01/2026 05:17:35 AM [pe] [INFO ]  VARIATION API: creating variations for 498 samples
08/01/2026 05:17:35 AM [pe] [INFO ]  VARIATION API: finished creating variations for 498 samples
08/01/2026 05:17:35 AM [pe] [INFO ]  PE population: finished generating 498*3 next synthetic samples
08/01/2026 05:17:35 AM [pe] [INFO ]  Composite population: finished generating 498 next synthetic samples
08/01/2026 05:17:35 AM [pe] [INFO ]  Saving the synthetic tabular data to a CSV file
08/01/2026 05:17:35 AM [pe] [INFO ]  Finished saving the synthetic tabular data to a CSV file
08/01/2026 05:17:35 AM [pe] [INFO ]  Evaluating tabular classifier
08/01/2026 05:17:35 AM [pe] [INFO ]  Number of samples after filtering: 1000
08/01/2026 05:17:36 AM [pe] [INFO ]  Tabular classifier test accuracy: 94.42%
08/01/2026 05:17:36 AM [pe] [INFO ]  Tabular classifier test AUC: 98.82
08/01/2026 05:17:36 AM [pe] [INFO ]  Tabular classifier test (macro) F1 score: 94.42
08/01/2026 05:17:36 AM [pe] [INFO ]  Finished evaluating tabular classifier (tabular_classifier_xgboost_filter_{'PE.VARIATION_API_FOLD_ID':-1})
08/01/2026 05:17:36 AM [pe] [INFO ]  Iteration: 13
08/01/2026 05:17:36 AM [pe] [INFO ]  	tabular_classifier_xgboost_filter_{'PE.VARIATION_API_FOLD_ID':-1}_test_acc: 94.42000000
08/01/2026 05:17:36 AM [pe] [INFO ]  	tabular_classifier_xgboost_filter_{'PE.VARIATION_API_FOLD_ID':-1}_test_f1: 94.41831009
08/01/2026 05:17:36 AM [pe] [INFO ]  	tabular_classifier_xgboost_filter_{'PE.VARIATION_API_FOLD_ID':-1}_test_auc: 98.81918449
08/01/2026 05:17:36 AM [pe] [INFO ]  PE iteration 14
08/01/2026 05:17:36 AM [pe] [WARNI]  fraction_per_label_id is not provided. Assuming the fraction of label ids in private data is public information.
08/01/2026 05:17:36 AM [pe] [INFO ]  Label 0
08/01/2026 05:17:36 AM [pe] [INFO ]  Histogram: computing nearest neighbors histogram for 17564 private samples and 2008 synthetic samples
08/01/2026 05:17:36 AM [pe] [INFO ]  Embedding: PE.EMBEDDING.TabularEmbedding already computed
08/01/2026 05:17:36 AM [pe] [INFO ]  Embedding: computing PE.EMBEDDING.TabularEmbedding for 1506/2008 samples
08/01/2026 05:17:36 AM [pe] [INFO ]  Embedding: finished computing PE.EMBEDDING.TabularEmbedding for 1506/2008 samples
08/01/2026 05:17:36 AM [pe] [INFO ]  Histogram: finished computing nearest neighbors histogram for 17564 private samples and 2008 synthetic samples
08/01/2026 05:17:36 AM [pe] [INFO ]  Composite population: generating 502 next synthetic samples
08/01/2026 05:17:36 AM [pe] [INFO ]  PE population: generating 502*3 next synthetic samples
08/01/2026 05:17:36 AM [pe] [INFO ]  VARIATION API: creating variations for 502 samples
08/01/2026 05:17:36 AM [pe] [INFO ]  VARIATION API: finished creating variations for 502 samples
08/01/2026 05:17:36 AM [pe] [INFO ]  VARIATION API: creating variations for 502 samples
08/01/2026 05:17:36 AM [pe] [INFO ]  VARIATION API: finished creating variations for 502 samples
08/01/2026 05:17:36 AM [pe] [INFO ]  VARIATION API: creating variations for 502 samples
08/01/2026 05:17:36 AM [pe] [INFO ]  VARIATION API: finished creating variations for 502 samples
08/01/2026 05:17:36 AM [pe] [INFO ]  PE population: finished generating 502*3 next synthetic samples
08/01/2026 05:17:36 AM [pe] [INFO ]  Composite population: finished generating 502 next synthetic samples
08/01/2026 05:17:36 AM [pe] [INFO ]  Label 1
08/01/2026 05:17:36 AM [pe] [INFO ]  Histogram: computing nearest neighbors histogram for 17436 private samples and 1992 synthetic samples
08/01/2026 05:17:36 AM [pe] [INFO ]  Embedding: PE.EMBEDDING.TabularEmbedding already computed
08/01/2026 05:17:36 AM [pe] [INFO ]  Embedding: computing PE.EMBEDDING.TabularEmbedding for 1494/1992 samples
08/01/2026 05:17:36 AM [pe] [INFO ]  Embedding: finished computing PE.EMBEDDING.TabularEmbedding for 1494/1992 samples
08/01/2026 05:17:36 AM [pe] [INFO ]  Histogram: finished computing nearest neighbors histogram for 17436 private samples and 1992 synthetic samples
08/01/2026 05:17:36 AM [pe] [INFO ]  Composite population: generating 498 next synthetic samples
08/01/2026 05:17:36 AM [pe] [INFO ]  PE population: generating 498*3 next synthetic samples
08/01/2026 05:17:36 AM [pe] [INFO ]  VARIATION API: creating variations for 498 samples
08/01/2026 05:17:36 AM [pe] [INFO ]  VARIATION API: finished creating variations for 498 samples
08/01/2026 05:17:36 AM [pe] [INFO ]  VARIATION API: creating variations for 498 samples
08/01/2026 05:17:36 AM [pe] [INFO ]  VARIATION API: finished creating variations for 498 samples
08/01/2026 05:17:36 AM [pe] [INFO ]  VARIATION API: creating variations for 498 samples
08/01/2026 05:17:36 AM [pe] [INFO ]  VARIATION API: finished creating variations for 498 samples
08/01/2026 05:17:36 AM [pe] [INFO ]  PE population: finished generating 498*3 next synthetic samples
08/01/2026 05:17:36 AM [pe] [INFO ]  Composite population: finished generating 498 next synthetic samples
08/01/2026 05:17:36 AM [pe] [INFO ]  Saving the synthetic tabular data to a CSV file
08/01/2026 05:17:36 AM [pe] [INFO ]  Finished saving the synthetic tabular data to a CSV file
08/01/2026 05:17:36 AM [pe] [INFO ]  Evaluating tabular classifier
08/01/2026 05:17:36 AM [pe] [INFO ]  Number of samples after filtering: 1000
08/01/2026 05:17:37 AM [pe] [INFO ]  Tabular classifier test accuracy: 95.70%
08/01/2026 05:17:37 AM [pe] [INFO ]  Tabular classifier test AUC: 99.31
08/01/2026 05:17:37 AM [pe] [INFO ]  Tabular classifier test (macro) F1 score: 95.70
08/01/2026 05:17:37 AM [pe] [INFO ]  Finished evaluating tabular classifier (tabular_classifier_xgboost_filter_{'PE.VARIATION_API_FOLD_ID':-1})
08/01/2026 05:17:37 AM [pe] [INFO ]  Iteration: 14
08/01/2026 05:17:37 AM [pe] [INFO ]  	tabular_classifier_xgboost_filter_{'PE.VARIATION_API_FOLD_ID':-1}_test_acc: 95.70000000
08/01/2026 05:17:37 AM [pe] [INFO ]  	tabular_classifier_xgboost_filter_{'PE.VARIATION_API_FOLD_ID':-1}_test_f1: 95.69951680
08/01/2026 05:17:37 AM [pe] [INFO ]  	tabular_classifier_xgboost_filter_{'PE.VARIATION_API_FOLD_ID':-1}_test_auc: 99.30826120
08/01/2026 05:17:37 AM [pe] [INFO ]  PE iteration 15
08/01/2026 05:17:37 AM [pe] [WARNI]  fraction_per_label_id is not provided. Assuming the fraction of label ids in private data is public information.
08/01/2026 05:17:37 AM [pe] [INFO ]  Label 0
08/01/2026 05:17:37 AM [pe] [INFO ]  Histogram: computing nearest neighbors histogram for 17564 private samples and 2008 synthetic samples
08/01/2026 05:17:37 AM [pe] [INFO ]  Embedding: PE.EMBEDDING.TabularEmbedding already computed
08/01/2026 05:17:37 AM [pe] [INFO ]  Embedding: computing PE.EMBEDDING.TabularEmbedding for 1506/2008 samples
08/01/2026 05:17:37 AM [pe] [INFO ]  Embedding: finished computing PE.EMBEDDING.TabularEmbedding for 1506/2008 samples
08/01/2026 05:17:37 AM [pe] [INFO ]  Histogram: finished computing nearest neighbors histogram for 17564 private samples and 2008 synthetic samples
08/01/2026 05:17:37 AM [pe] [INFO ]  Composite population: generating 502 next synthetic samples
08/01/2026 05:17:37 AM [pe] [INFO ]  PE population: generating 502*3 next synthetic samples
08/01/2026 05:17:37 AM [pe] [INFO ]  VARIATION API: creating variations for 502 samples
08/01/2026 05:17:37 AM [pe] [INFO ]  VARIATION API: finished creating variations for 502 samples
08/01/2026 05:17:37 AM [pe] [INFO ]  VARIATION API: creating variations for 502 samples
08/01/2026 05:17:37 AM [pe] [INFO ]  VARIATION API: finished creating variations for 502 samples
08/01/2026 05:17:37 AM [pe] [INFO ]  VARIATION API: creating variations for 502 samples
08/01/2026 05:17:37 AM [pe] [INFO ]  VARIATION API: finished creating variations for 502 samples
08/01/2026 05:17:37 AM [pe] [INFO ]  PE population: finished generating 502*3 next synthetic samples
08/01/2026 05:17:37 AM [pe] [INFO ]  Composite population: finished generating 502 next synthetic samples
08/01/2026 05:17:37 AM [pe] [INFO ]  Label 1
08/01/2026 05:17:37 AM [pe] [INFO ]  Histogram: computing nearest neighbors histogram for 17436 private samples and 1992 synthetic samples
08/01/2026 05:17:37 AM [pe] [INFO ]  Embedding: PE.EMBEDDING.TabularEmbedding already computed
08/01/2026 05:17:37 AM [pe] [INFO ]  Embedding: computing PE.EMBEDDING.TabularEmbedding for 1494/1992 samples
08/01/2026 05:17:37 AM [pe] [INFO ]  Embedding: finished computing PE.EMBEDDING.TabularEmbedding for 1494/1992 samples
08/01/2026 05:17:37 AM [pe] [INFO ]  Histogram: finished computing nearest neighbors histogram for 17436 private samples and 1992 synthetic samples
08/01/2026 05:17:37 AM [pe] [INFO ]  Composite population: generating 498 next synthetic samples
08/01/2026 05:17:37 AM [pe] [INFO ]  PE population: generating 498*3 next synthetic samples
08/01/2026 05:17:37 AM [pe] [INFO ]  VARIATION API: creating variations for 498 samples
08/01/2026 05:17:37 AM [pe] [INFO ]  VARIATION API: finished creating variations for 498 samples
08/01/2026 05:17:37 AM [pe] [INFO ]  VARIATION API: creating variations for 498 samples
08/01/2026 05:17:37 AM [pe] [INFO ]  VARIATION API: finished creating variations for 498 samples
08/01/2026 05:17:37 AM [pe] [INFO ]  VARIATION API: creating variations for 498 samples
08/01/2026 05:17:37 AM [pe] [INFO ]  VARIATION API: finished creating variations for 498 samples
08/01/2026 05:17:37 AM [pe] [INFO ]  PE population: finished generating 498*3 next synthetic samples
08/01/2026 05:17:37 AM [pe] [INFO ]  Composite population: finished generating 498 next synthetic samples
08/01/2026 05:17:37 AM [pe] [INFO ]  Saving the synthetic tabular data to a CSV file
08/01/2026 05:17:38 AM [pe] [INFO ]  Finished saving the synthetic tabular data to a CSV file
08/01/2026 05:17:38 AM [pe] [INFO ]  Evaluating tabular classifier
08/01/2026 05:17:38 AM [pe] [INFO ]  Number of samples after filtering: 1000
08/01/2026 05:17:38 AM [pe] [INFO ]  Tabular classifier test accuracy: 94.64%
08/01/2026 05:17:38 AM [pe] [INFO ]  Tabular classifier test AUC: 99.25
08/01/2026 05:17:38 AM [pe] [INFO ]  Tabular classifier test (macro) F1 score: 94.64
08/01/2026 05:17:38 AM [pe] [INFO ]  Finished evaluating tabular classifier (tabular_classifier_xgboost_filter_{'PE.VARIATION_API_FOLD_ID':-1})
08/01/2026 05:17:38 AM [pe] [INFO ]  Iteration: 15
08/01/2026 05:17:38 AM [pe] [INFO ]  	tabular_classifier_xgboost_filter_{'PE.VARIATION_API_FOLD_ID':-1}_test_acc: 94.64000000
08/01/2026 05:17:38 AM [pe] [INFO ]  	tabular_classifier_xgboost_filter_{'PE.VARIATION_API_FOLD_ID':-1}_test_f1: 94.63999914
08/01/2026 05:17:38 AM [pe] [INFO ]  	tabular_classifier_xgboost_filter_{'PE.VARIATION_API_FOLD_ID':-1}_test_auc: 99.24687549
08/01/2026 05:17:38 AM [pe] [INFO ]  PE iteration 16
08/01/2026 05:17:38 AM [pe] [WARNI]  fraction_per_label_id is not provided. Assuming the fraction of label ids in private data is public information.
08/01/2026 05:17:38 AM [pe] [INFO ]  Label 0
08/01/2026 05:17:38 AM [pe] [INFO ]  Histogram: computing nearest neighbors histogram for 17564 private samples and 2008 synthetic samples
08/01/2026 05:17:38 AM [pe] [INFO ]  Embedding: PE.EMBEDDING.TabularEmbedding already computed
08/01/2026 05:17:38 AM [pe] [INFO ]  Embedding: computing PE.EMBEDDING.TabularEmbedding for 1506/2008 samples
08/01/2026 05:17:38 AM [pe] [INFO ]  Embedding: finished computing PE.EMBEDDING.TabularEmbedding for 1506/2008 samples
08/01/2026 05:17:38 AM [pe] [INFO ]  Histogram: finished computing nearest neighbors histogram for 17564 private samples and 2008 synthetic samples
08/01/2026 05:17:38 AM [pe] [INFO ]  Composite population: generating 502 next synthetic samples
08/01/2026 05:17:38 AM [pe] [INFO ]  PE population: generating 502*3 next synthetic samples
08/01/2026 05:17:38 AM [pe] [INFO ]  VARIATION API: creating variations for 502 samples
08/01/2026 05:17:38 AM [pe] [INFO ]  VARIATION API: finished creating variations for 502 samples
08/01/2026 05:17:38 AM [pe] [INFO ]  VARIATION API: creating variations for 502 samples
08/01/2026 05:17:38 AM [pe] [INFO ]  VARIATION API: finished creating variations for 502 samples
08/01/2026 05:17:38 AM [pe] [INFO ]  VARIATION API: creating variations for 502 samples
08/01/2026 05:17:38 AM [pe] [INFO ]  VARIATION API: finished creating variations for 502 samples
08/01/2026 05:17:38 AM [pe] [INFO ]  PE population: finished generating 502*3 next synthetic samples
08/01/2026 05:17:38 AM [pe] [INFO ]  Composite population: finished generating 502 next synthetic samples
08/01/2026 05:17:38 AM [pe] [INFO ]  Label 1
08/01/2026 05:17:38 AM [pe] [INFO ]  Histogram: computing nearest neighbors histogram for 17436 private samples and 1992 synthetic samples
08/01/2026 05:17:38 AM [pe] [INFO ]  Embedding: PE.EMBEDDING.TabularEmbedding already computed
08/01/2026 05:17:38 AM [pe] [INFO ]  Embedding: computing PE.EMBEDDING.TabularEmbedding for 1494/1992 samples
08/01/2026 05:17:38 AM [pe] [INFO ]  Embedding: finished computing PE.EMBEDDING.TabularEmbedding for 1494/1992 samples
08/01/2026 05:17:38 AM [pe] [INFO ]  Histogram: finished computing nearest neighbors histogram for 17436 private samples and 1992 synthetic samples
08/01/2026 05:17:38 AM [pe] [INFO ]  Composite population: generating 498 next synthetic samples
08/01/2026 05:17:38 AM [pe] [INFO ]  PE population: generating 498*3 next synthetic samples
08/01/2026 05:17:38 AM [pe] [INFO ]  VARIATION API: creating variations for 498 samples
08/01/2026 05:17:38 AM [pe] [INFO ]  VARIATION API: finished creating variations for 498 samples
08/01/2026 05:17:38 AM [pe] [INFO ]  VARIATION API: creating variations for 498 samples
08/01/2026 05:17:38 AM [pe] [INFO ]  VARIATION API: finished creating variations for 498 samples
08/01/2026 05:17:38 AM [pe] [INFO ]  VARIATION API: creating variations for 498 samples
08/01/2026 05:17:38 AM [pe] [INFO ]  VARIATION API: finished creating variations for 498 samples
08/01/2026 05:17:38 AM [pe] [INFO ]  PE population: finished generating 498*3 next synthetic samples
08/01/2026 05:17:38 AM [pe] [INFO ]  Composite population: finished generating 498 next synthetic samples
08/01/2026 05:17:38 AM [pe] [INFO ]  Saving the synthetic tabular data to a CSV file
08/01/2026 05:17:39 AM [pe] [INFO ]  Finished saving the synthetic tabular data to a CSV file
08/01/2026 05:17:39 AM [pe] [INFO ]  Evaluating tabular classifier
08/01/2026 05:17:39 AM [pe] [INFO ]  Number of samples after filtering: 1000
08/01/2026 05:17:39 AM [pe] [INFO ]  Tabular classifier test accuracy: 95.71%
08/01/2026 05:17:39 AM [pe] [INFO ]  Tabular classifier test AUC: 99.47
08/01/2026 05:17:39 AM [pe] [INFO ]  Tabular classifier test (macro) F1 score: 95.71
08/01/2026 05:17:39 AM [pe] [INFO ]  Finished evaluating tabular classifier (tabular_classifier_xgboost_filter_{'PE.VARIATION_API_FOLD_ID':-1})
08/01/2026 05:17:39 AM [pe] [INFO ]  Iteration: 16
08/01/2026 05:17:39 AM [pe] [INFO ]  	tabular_classifier_xgboost_filter_{'PE.VARIATION_API_FOLD_ID':-1}_test_acc: 95.71000000
08/01/2026 05:17:39 AM [pe] [INFO ]  	tabular_classifier_xgboost_filter_{'PE.VARIATION_API_FOLD_ID':-1}_test_f1: 95.70996873
08/01/2026 05:17:39 AM [pe] [INFO ]  	tabular_classifier_xgboost_filter_{'PE.VARIATION_API_FOLD_ID':-1}_test_auc: 99.46811657
08/01/2026 05:17:39 AM [pe] [INFO ]  PE iteration 17
08/01/2026 05:17:39 AM [pe] [WARNI]  fraction_per_label_id is not provided. Assuming the fraction of label ids in private data is public information.
08/01/2026 05:17:39 AM [pe] [INFO ]  Label 0
08/01/2026 05:17:39 AM [pe] [INFO ]  Histogram: computing nearest neighbors histogram for 17564 private samples and 2008 synthetic samples
08/01/2026 05:17:39 AM [pe] [INFO ]  Embedding: PE.EMBEDDING.TabularEmbedding already computed
08/01/2026 05:17:39 AM [pe] [INFO ]  Embedding: computing PE.EMBEDDING.TabularEmbedding for 1506/2008 samples
08/01/2026 05:17:39 AM [pe] [INFO ]  Embedding: finished computing PE.EMBEDDING.TabularEmbedding for 1506/2008 samples
08/01/2026 05:17:39 AM [pe] [INFO ]  Histogram: finished computing nearest neighbors histogram for 17564 private samples and 2008 synthetic samples
08/01/2026 05:17:39 AM [pe] [INFO ]  Composite population: generating 502 next synthetic samples
08/01/2026 05:17:39 AM [pe] [INFO ]  PE population: generating 502*3 next synthetic samples
08/01/2026 05:17:39 AM [pe] [INFO ]  VARIATION API: creating variations for 502 samples
08/01/2026 05:17:39 AM [pe] [INFO ]  VARIATION API: finished creating variations for 502 samples
08/01/2026 05:17:39 AM [pe] [INFO ]  VARIATION API: creating variations for 502 samples
08/01/2026 05:17:39 AM [pe] [INFO ]  VARIATION API: finished creating variations for 502 samples
08/01/2026 05:17:39 AM [pe] [INFO ]  VARIATION API: creating variations for 502 samples
08/01/2026 05:17:39 AM [pe] [INFO ]  VARIATION API: finished creating variations for 502 samples
08/01/2026 05:17:39 AM [pe] [INFO ]  PE population: finished generating 502*3 next synthetic samples
08/01/2026 05:17:39 AM [pe] [INFO ]  Composite population: finished generating 502 next synthetic samples
08/01/2026 05:17:39 AM [pe] [INFO ]  Label 1
08/01/2026 05:17:39 AM [pe] [INFO ]  Histogram: computing nearest neighbors histogram for 17436 private samples and 1992 synthetic samples
08/01/2026 05:17:39 AM [pe] [INFO ]  Embedding: PE.EMBEDDING.TabularEmbedding already computed
08/01/2026 05:17:39 AM [pe] [INFO ]  Embedding: computing PE.EMBEDDING.TabularEmbedding for 1494/1992 samples
08/01/2026 05:17:39 AM [pe] [INFO ]  Embedding: finished computing PE.EMBEDDING.TabularEmbedding for 1494/1992 samples
08/01/2026 05:17:39 AM [pe] [INFO ]  Histogram: finished computing nearest neighbors histogram for 17436 private samples and 1992 synthetic samples
08/01/2026 05:17:39 AM [pe] [INFO ]  Composite population: generating 498 next synthetic samples
08/01/2026 05:17:39 AM [pe] [INFO ]  PE population: generating 498*3 next synthetic samples
08/01/2026 05:17:39 AM [pe] [INFO ]  VARIATION API: creating variations for 498 samples
08/01/2026 05:17:39 AM [pe] [INFO ]  VARIATION API: finished creating variations for 498 samples
08/01/2026 05:17:39 AM [pe] [INFO ]  VARIATION API: creating variations for 498 samples
08/01/2026 05:17:39 AM [pe] [INFO ]  VARIATION API: finished creating variations for 498 samples
08/01/2026 05:17:39 AM [pe] [INFO ]  VARIATION API: creating variations for 498 samples
08/01/2026 05:17:39 AM [pe] [INFO ]  VARIATION API: finished creating variations for 498 samples
08/01/2026 05:17:39 AM [pe] [INFO ]  PE population: finished generating 498*3 next synthetic samples
08/01/2026 05:17:39 AM [pe] [INFO ]  Composite population: finished generating 498 next synthetic samples
08/01/2026 05:17:39 AM [pe] [INFO ]  Saving the synthetic tabular data to a CSV file
08/01/2026 05:17:40 AM [pe] [INFO ]  Finished saving the synthetic tabular data to a CSV file
08/01/2026 05:17:40 AM [pe] [INFO ]  Evaluating tabular classifier
08/01/2026 05:17:40 AM [pe] [INFO ]  Number of samples after filtering: 1000
08/01/2026 05:17:40 AM [pe] [INFO ]  Tabular classifier test accuracy: 95.73%
08/01/2026 05:17:40 AM [pe] [INFO ]  Tabular classifier test AUC: 99.24
08/01/2026 05:17:40 AM [pe] [INFO ]  Tabular classifier test (macro) F1 score: 95.73
08/01/2026 05:17:40 AM [pe] [INFO ]  Finished evaluating tabular classifier (tabular_classifier_xgboost_filter_{'PE.VARIATION_API_FOLD_ID':-1})
08/01/2026 05:17:40 AM [pe] [INFO ]  Iteration: 17
08/01/2026 05:17:40 AM [pe] [INFO ]  	tabular_classifier_xgboost_filter_{'PE.VARIATION_API_FOLD_ID':-1}_test_acc: 95.73000000
08/01/2026 05:17:40 AM [pe] [INFO ]  	tabular_classifier_xgboost_filter_{'PE.VARIATION_API_FOLD_ID':-1}_test_f1: 95.72922165
08/01/2026 05:17:40 AM [pe] [INFO ]  	tabular_classifier_xgboost_filter_{'PE.VARIATION_API_FOLD_ID':-1}_test_auc: 99.24086258
08/01/2026 05:17:40 AM [pe] [INFO ]  PE iteration 18
08/01/2026 05:17:40 AM [pe] [WARNI]  fraction_per_label_id is not provided. Assuming the fraction of label ids in private data is public information.
08/01/2026 05:17:40 AM [pe] [INFO ]  Label 0
08/01/2026 05:17:40 AM [pe] [INFO ]  Histogram: computing nearest neighbors histogram for 17564 private samples and 2008 synthetic samples
08/01/2026 05:17:40 AM [pe] [INFO ]  Embedding: PE.EMBEDDING.TabularEmbedding already computed
08/01/2026 05:17:40 AM [pe] [INFO ]  Embedding: computing PE.EMBEDDING.TabularEmbedding for 1506/2008 samples
08/01/2026 05:17:40 AM [pe] [INFO ]  Embedding: finished computing PE.EMBEDDING.TabularEmbedding for 1506/2008 samples
08/01/2026 05:17:40 AM [pe] [INFO ]  Histogram: finished computing nearest neighbors histogram for 17564 private samples and 2008 synthetic samples
08/01/2026 05:17:40 AM [pe] [INFO ]  Composite population: generating 502 next synthetic samples
08/01/2026 05:17:40 AM [pe] [INFO ]  PE population: generating 502*3 next synthetic samples
08/01/2026 05:17:40 AM [pe] [INFO ]  VARIATION API: creating variations for 502 samples
08/01/2026 05:17:40 AM [pe] [INFO ]  VARIATION API: finished creating variations for 502 samples
08/01/2026 05:17:40 AM [pe] [INFO ]  VARIATION API: creating variations for 502 samples
08/01/2026 05:17:40 AM [pe] [INFO ]  VARIATION API: finished creating variations for 502 samples
08/01/2026 05:17:40 AM [pe] [INFO ]  VARIATION API: creating variations for 502 samples
08/01/2026 05:17:40 AM [pe] [INFO ]  VARIATION API: finished creating variations for 502 samples
08/01/2026 05:17:40 AM [pe] [INFO ]  PE population: finished generating 502*3 next synthetic samples
08/01/2026 05:17:40 AM [pe] [INFO ]  Composite population: finished generating 502 next synthetic samples
08/01/2026 05:17:40 AM [pe] [INFO ]  Label 1
08/01/2026 05:17:40 AM [pe] [INFO ]  Histogram: computing nearest neighbors histogram for 17436 private samples and 1992 synthetic samples
08/01/2026 05:17:40 AM [pe] [INFO ]  Embedding: PE.EMBEDDING.TabularEmbedding already computed
08/01/2026 05:17:40 AM [pe] [INFO ]  Embedding: computing PE.EMBEDDING.TabularEmbedding for 1494/1992 samples
08/01/2026 05:17:40 AM [pe] [INFO ]  Embedding: finished computing PE.EMBEDDING.TabularEmbedding for 1494/1992 samples
08/01/2026 05:17:40 AM [pe] [INFO ]  Histogram: finished computing nearest neighbors histogram for 17436 private samples and 1992 synthetic samples
08/01/2026 05:17:40 AM [pe] [INFO ]  Composite population: generating 498 next synthetic samples
08/01/2026 05:17:40 AM [pe] [INFO ]  PE population: generating 498*3 next synthetic samples
08/01/2026 05:17:40 AM [pe] [INFO ]  VARIATION API: creating variations for 498 samples
08/01/2026 05:17:40 AM [pe] [INFO ]  VARIATION API: finished creating variations for 498 samples
08/01/2026 05:17:40 AM [pe] [INFO ]  VARIATION API: creating variations for 498 samples
08/01/2026 05:17:40 AM [pe] [INFO ]  VARIATION API: finished creating variations for 498 samples
08/01/2026 05:17:40 AM [pe] [INFO ]  VARIATION API: creating variations for 498 samples
08/01/2026 05:17:40 AM [pe] [INFO ]  VARIATION API: finished creating variations for 498 samples
08/01/2026 05:17:40 AM [pe] [INFO ]  PE population: finished generating 498*3 next synthetic samples
08/01/2026 05:17:40 AM [pe] [INFO ]  Composite population: finished generating 498 next synthetic samples
08/01/2026 05:17:40 AM [pe] [INFO ]  Saving the synthetic tabular data to a CSV file
08/01/2026 05:17:41 AM [pe] [INFO ]  Finished saving the synthetic tabular data to a CSV file
08/01/2026 05:17:41 AM [pe] [INFO ]  Evaluating tabular classifier
08/01/2026 05:17:41 AM [pe] [INFO ]  Number of samples after filtering: 1000
08/01/2026 05:17:41 AM [pe] [INFO ]  Tabular classifier test accuracy: 95.55%
08/01/2026 05:17:41 AM [pe] [INFO ]  Tabular classifier test AUC: 99.50
08/01/2026 05:17:41 AM [pe] [INFO ]  Tabular classifier test (macro) F1 score: 95.55
08/01/2026 05:17:41 AM [pe] [INFO ]  Finished evaluating tabular classifier (tabular_classifier_xgboost_filter_{'PE.VARIATION_API_FOLD_ID':-1})
08/01/2026 05:17:41 AM [pe] [INFO ]  Iteration: 18
08/01/2026 05:17:41 AM [pe] [INFO ]  	tabular_classifier_xgboost_filter_{'PE.VARIATION_API_FOLD_ID':-1}_test_acc: 95.55000000
08/01/2026 05:17:41 AM [pe] [INFO ]  	tabular_classifier_xgboost_filter_{'PE.VARIATION_API_FOLD_ID':-1}_test_f1: 95.54985541
08/01/2026 05:17:41 AM [pe] [INFO ]  	tabular_classifier_xgboost_filter_{'PE.VARIATION_API_FOLD_ID':-1}_test_auc: 99.50248320
08/01/2026 05:17:41 AM [pe] [INFO ]  PE iteration 19
08/01/2026 05:17:41 AM [pe] [WARNI]  fraction_per_label_id is not provided. Assuming the fraction of label ids in private data is public information.
08/01/2026 05:17:41 AM [pe] [INFO ]  Label 0
08/01/2026 05:17:41 AM [pe] [INFO ]  Histogram: computing nearest neighbors histogram for 17564 private samples and 2008 synthetic samples
08/01/2026 05:17:41 AM [pe] [INFO ]  Embedding: PE.EMBEDDING.TabularEmbedding already computed
08/01/2026 05:17:41 AM [pe] [INFO ]  Embedding: computing PE.EMBEDDING.TabularEmbedding for 1506/2008 samples
08/01/2026 05:17:41 AM [pe] [INFO ]  Embedding: finished computing PE.EMBEDDING.TabularEmbedding for 1506/2008 samples
08/01/2026 05:17:41 AM [pe] [INFO ]  Histogram: finished computing nearest neighbors histogram for 17564 private samples and 2008 synthetic samples
08/01/2026 05:17:41 AM [pe] [INFO ]  Composite population: generating 502 next synthetic samples
08/01/2026 05:17:41 AM [pe] [INFO ]  PE population: generating 502*3 next synthetic samples
08/01/2026 05:17:41 AM [pe] [INFO ]  VARIATION API: creating variations for 502 samples
08/01/2026 05:17:41 AM [pe] [INFO ]  VARIATION API: finished creating variations for 502 samples
08/01/2026 05:17:41 AM [pe] [INFO ]  VARIATION API: creating variations for 502 samples
08/01/2026 05:17:41 AM [pe] [INFO ]  VARIATION API: finished creating variations for 502 samples
08/01/2026 05:17:41 AM [pe] [INFO ]  VARIATION API: creating variations for 502 samples
08/01/2026 05:17:41 AM [pe] [INFO ]  VARIATION API: finished creating variations for 502 samples
08/01/2026 05:17:41 AM [pe] [INFO ]  PE population: finished generating 502*3 next synthetic samples
08/01/2026 05:17:41 AM [pe] [INFO ]  Composite population: finished generating 502 next synthetic samples
08/01/2026 05:17:41 AM [pe] [INFO ]  Label 1
08/01/2026 05:17:41 AM [pe] [INFO ]  Histogram: computing nearest neighbors histogram for 17436 private samples and 1992 synthetic samples
08/01/2026 05:17:41 AM [pe] [INFO ]  Embedding: PE.EMBEDDING.TabularEmbedding already computed
08/01/2026 05:17:41 AM [pe] [INFO ]  Embedding: computing PE.EMBEDDING.TabularEmbedding for 1494/1992 samples
08/01/2026 05:17:41 AM [pe] [INFO ]  Embedding: finished computing PE.EMBEDDING.TabularEmbedding for 1494/1992 samples
08/01/2026 05:17:41 AM [pe] [INFO ]  Histogram: finished computing nearest neighbors histogram for 17436 private samples and 1992 synthetic samples
08/01/2026 05:17:41 AM [pe] [INFO ]  Composite population: generating 498 next synthetic samples
08/01/2026 05:17:41 AM [pe] [INFO ]  PE population: generating 498*3 next synthetic samples
08/01/2026 05:17:41 AM [pe] [INFO ]  VARIATION API: creating variations for 498 samples
08/01/2026 05:17:41 AM [pe] [INFO ]  VARIATION API: finished creating variations for 498 samples
08/01/2026 05:17:41 AM [pe] [INFO ]  VARIATION API: creating variations for 498 samples
08/01/2026 05:17:41 AM [pe] [INFO ]  VARIATION API: finished creating variations for 498 samples
08/01/2026 05:17:41 AM [pe] [INFO ]  VARIATION API: creating variations for 498 samples
08/01/2026 05:17:42 AM [pe] [INFO ]  VARIATION API: finished creating variations for 498 samples
08/01/2026 05:17:42 AM [pe] [INFO ]  PE population: finished generating 498*3 next synthetic samples
08/01/2026 05:17:42 AM [pe] [INFO ]  Composite population: finished generating 498 next synthetic samples
08/01/2026 05:17:42 AM [pe] [INFO ]  Saving the synthetic tabular data to a CSV file
08/01/2026 05:17:42 AM [pe] [INFO ]  Finished saving the synthetic tabular data to a CSV file
08/01/2026 05:17:42 AM [pe] [INFO ]  Evaluating tabular classifier
08/01/2026 05:17:42 AM [pe] [INFO ]  Number of samples after filtering: 1000
08/01/2026 05:17:42 AM [pe] [INFO ]  Tabular classifier test accuracy: 95.70%
08/01/2026 05:17:42 AM [pe] [INFO ]  Tabular classifier test AUC: 99.30
08/01/2026 05:17:42 AM [pe] [INFO ]  Tabular classifier test (macro) F1 score: 95.70
08/01/2026 05:17:42 AM [pe] [INFO ]  Finished evaluating tabular classifier (tabular_classifier_xgboost_filter_{'PE.VARIATION_API_FOLD_ID':-1})
08/01/2026 05:17:42 AM [pe] [INFO ]  Iteration: 19
08/01/2026 05:17:42 AM [pe] [INFO ]  	tabular_classifier_xgboost_filter_{'PE.VARIATION_API_FOLD_ID':-1}_test_acc: 95.70000000
08/01/2026 05:17:42 AM [pe] [INFO ]  	tabular_classifier_xgboost_filter_{'PE.VARIATION_API_FOLD_ID':-1}_test_f1: 95.69942131
08/01/2026 05:17:42 AM [pe] [INFO ]  	tabular_classifier_xgboost_filter_{'PE.VARIATION_API_FOLD_ID':-1}_test_auc: 99.30144990
=== Sat Aug  1 05:17:44 AM CEST 2026 xor_stress_test_xgb.py --num-features 4 ===
/home/rec1/Desktop/AI_Safety/ICML_reproduce/tab-pe-WB0hLRRlcj/scripts/xor_stress_test_xgb.py:20: Pandas4Warning: The 'mode.copy_on_write' option is deprecated. Copy-on-Write can no longer be disabled (it is always enabled with pandas >= 3.0), and setting the option has no impact. This option will be removed in pandas 4.0.
  pd.options.mode.copy_on_write = True
/home/rec1/Desktop/AI_Safety/ICML_reproduce/tab-pe-WB0hLRRlcj/DPSDA_upstream/pe/dp/gaussian.py:23: RuntimeWarning: overflow encountered in exp
  if np.isinf(np.exp(eps)):
08/01/2026 05:18:00 AM [pe] [INFO ]  DP epsilon=1.0, delta=2.730683970301006e-06, noise_multiplier=17.49931555315762, num_iterations=19.
08/01/2026 05:18:00 AM [pe] [WARNI]  fraction_per_label_id is not provided. Assuming the fraction of label ids in private data is public information.
08/01/2026 05:18:00 AM [pe] [INFO ]  Composite population: generating 497 initial synthetic samples for label target: 0.0
08/01/2026 05:18:00 AM [pe] [INFO ]  PE population: generating 497*1 initial synthetic samples for label target: 0.0
08/01/2026 05:18:00 AM [pe] [INFO ]  RANDOM API: creating 497 samples for label target: 0.0
08/01/2026 05:18:00 AM [pe] [INFO ]  RANDOM API: finished creating 497 samples for label target: 0.0
08/01/2026 05:18:00 AM [pe] [INFO ]  PE population: finished generating 497*1 initial synthetic samples for label target: 0.0
08/01/2026 05:18:00 AM [pe] [INFO ]  Composite population: finished generating 497 initial synthetic samples for label target: 0.0
08/01/2026 05:18:00 AM [pe] [INFO ]  Composite population: generating 503 initial synthetic samples for label target: 1.0
08/01/2026 05:18:00 AM [pe] [INFO ]  PE population: generating 503*1 initial synthetic samples for label target: 1.0
08/01/2026 05:18:00 AM [pe] [INFO ]  RANDOM API: creating 503 samples for label target: 1.0
08/01/2026 05:18:00 AM [pe] [INFO ]  RANDOM API: finished creating 503 samples for label target: 1.0
08/01/2026 05:18:00 AM [pe] [INFO ]  PE population: finished generating 503*1 initial synthetic samples for label target: 1.0
08/01/2026 05:18:00 AM [pe] [INFO ]  Composite population: finished generating 503 initial synthetic samples for label target: 1.0
08/01/2026 05:18:00 AM [pe] [INFO ]  Saving the synthetic tabular data to a CSV file
08/01/2026 05:18:01 AM [pe] [INFO ]  Finished saving the synthetic tabular data to a CSV file
08/01/2026 05:18:01 AM [pe] [INFO ]  Evaluating tabular classifier
08/01/2026 05:18:01 AM [pe] [INFO ]  Number of samples after filtering: 1000
08/01/2026 05:18:01 AM [pe] [INFO ]  Tabular classifier test accuracy: 50.93%
08/01/2026 05:18:01 AM [pe] [INFO ]  Tabular classifier test AUC: 51.47
08/01/2026 05:18:01 AM [pe] [INFO ]  Tabular classifier test (macro) F1 score: 50.92
08/01/2026 05:18:01 AM [pe] [INFO ]  Finished evaluating tabular classifier (tabular_classifier_xgboost_filter_{'PE.VARIATION_API_FOLD_ID':-1})
08/01/2026 05:18:01 AM [pe] [INFO ]  Iteration: 0
08/01/2026 05:18:01 AM [pe] [INFO ]  	tabular_classifier_xgboost_filter_{'PE.VARIATION_API_FOLD_ID':-1}_test_acc: 50.93000000
08/01/2026 05:18:01 AM [pe] [INFO ]  	tabular_classifier_xgboost_filter_{'PE.VARIATION_API_FOLD_ID':-1}_test_f1: 50.91939417
08/01/2026 05:18:01 AM [pe] [INFO ]  	tabular_classifier_xgboost_filter_{'PE.VARIATION_API_FOLD_ID':-1}_test_auc: 51.47085524
08/01/2026 05:18:01 AM [pe] [INFO ]  PE iteration 1
08/01/2026 05:18:01 AM [pe] [WARNI]  fraction_per_label_id is not provided. Assuming the fraction of label ids in private data is public information.
08/01/2026 05:18:01 AM [pe] [INFO ]  Label 0
08/01/2026 05:18:01 AM [pe] [INFO ]  Histogram: computing nearest neighbors histogram for 17402 private samples and 497 synthetic samples
08/01/2026 05:18:01 AM [pe] [INFO ]  Embedding: computing PE.EMBEDDING.TabularEmbedding for 17402/17402 samples
08/01/2026 05:18:01 AM [pe] [INFO ]  Embedding: finished computing PE.EMBEDDING.TabularEmbedding for 17402/17402 samples
08/01/2026 05:18:01 AM [pe] [INFO ]  Embedding: computing PE.EMBEDDING.TabularEmbedding for 497/497 samples
08/01/2026 05:18:01 AM [pe] [INFO ]  Embedding: finished computing PE.EMBEDDING.TabularEmbedding for 497/497 samples
08/01/2026 05:18:01 AM [pe] [INFO ]  Histogram: finished computing nearest neighbors histogram for 17402 private samples and 497 synthetic samples
08/01/2026 05:18:01 AM [pe] [INFO ]  Composite population: generating 497 next synthetic samples
08/01/2026 05:18:01 AM [pe] [INFO ]  PE population: generating 497*1 next synthetic samples
08/01/2026 05:18:01 AM [pe] [INFO ]  VARIATION API: creating variations for 497 samples
08/01/2026 05:18:01 AM [pe] [INFO ]  VARIATION API: finished creating variations for 497 samples
08/01/2026 05:18:01 AM [pe] [INFO ]  PE population: finished generating 497*1 next synthetic samples
08/01/2026 05:18:01 AM [pe] [INFO ]  Composite population: finished generating 497 next synthetic samples
08/01/2026 05:18:01 AM [pe] [INFO ]  Label 1
08/01/2026 05:18:01 AM [pe] [INFO ]  Histogram: computing nearest neighbors histogram for 17598 private samples and 503 synthetic samples
08/01/2026 05:18:01 AM [pe] [INFO ]  Embedding: computing PE.EMBEDDING.TabularEmbedding for 17598/17598 samples
08/01/2026 05:18:01 AM [pe] [INFO ]  Embedding: finished computing PE.EMBEDDING.TabularEmbedding for 17598/17598 samples
08/01/2026 05:18:01 AM [pe] [INFO ]  Embedding: computing PE.EMBEDDING.TabularEmbedding for 503/503 samples
08/01/2026 05:18:01 AM [pe] [INFO ]  Embedding: finished computing PE.EMBEDDING.TabularEmbedding for 503/503 samples
08/01/2026 05:18:01 AM [pe] [INFO ]  Histogram: finished computing nearest neighbors histogram for 17598 private samples and 503 synthetic samples
08/01/2026 05:18:01 AM [pe] [INFO ]  Composite population: generating 503 next synthetic samples
08/01/2026 05:18:01 AM [pe] [INFO ]  PE population: generating 503*1 next synthetic samples
08/01/2026 05:18:01 AM [pe] [INFO ]  VARIATION API: creating variations for 503 samples
08/01/2026 05:18:01 AM [pe] [INFO ]  VARIATION API: finished creating variations for 503 samples
08/01/2026 05:18:01 AM [pe] [INFO ]  PE population: finished generating 503*1 next synthetic samples
08/01/2026 05:18:01 AM [pe] [INFO ]  Composite population: finished generating 503 next synthetic samples
08/01/2026 05:18:01 AM [pe] [INFO ]  Saving the synthetic tabular data to a CSV file
08/01/2026 05:18:01 AM [pe] [INFO ]  Finished saving the synthetic tabular data to a CSV file
08/01/2026 05:18:01 AM [pe] [INFO ]  Evaluating tabular classifier
08/01/2026 05:18:01 AM [pe] [INFO ]  Number of samples after filtering: 0
08/01/2026 05:18:01 AM [pe] [WARNI]  No samples satisfy the filter criterion {'PE.VARIATION_API_FOLD_ID':-1}. Skipping computation.
08/01/2026 05:18:01 AM [pe] [INFO ]  PE iteration 2
08/01/2026 05:18:01 AM [pe] [WARNI]  fraction_per_label_id is not provided. Assuming the fraction of label ids in private data is public information.
08/01/2026 05:18:01 AM [pe] [INFO ]  Label 0
08/01/2026 05:18:01 AM [pe] [INFO ]  Histogram: computing nearest neighbors histogram for 17402 private samples and 497 synthetic samples
08/01/2026 05:18:01 AM [pe] [INFO ]  Embedding: PE.EMBEDDING.TabularEmbedding already computed
08/01/2026 05:18:01 AM [pe] [INFO ]  Embedding: computing PE.EMBEDDING.TabularEmbedding for 497/497 samples
08/01/2026 05:18:01 AM [pe] [INFO ]  Embedding: finished computing PE.EMBEDDING.TabularEmbedding for 497/497 samples
08/01/2026 05:18:01 AM [pe] [INFO ]  Histogram: finished computing nearest neighbors histogram for 17402 private samples and 497 synthetic samples
08/01/2026 05:18:01 AM [pe] [INFO ]  Composite population: generating 497 next synthetic samples
08/01/2026 05:18:01 AM [pe] [INFO ]  PE population: generating 497*1 next synthetic samples
08/01/2026 05:18:01 AM [pe] [INFO ]  VARIATION API: creating variations for 497 samples
08/01/2026 05:18:01 AM [pe] [INFO ]  VARIATION API: finished creating variations for 497 samples
08/01/2026 05:18:01 AM [pe] [INFO ]  PE population: finished generating 497*1 next synthetic samples
08/01/2026 05:18:01 AM [pe] [INFO ]  Composite population: finished generating 497 next synthetic samples
08/01/2026 05:18:01 AM [pe] [INFO ]  Label 1
08/01/2026 05:18:01 AM [pe] [INFO ]  Histogram: computing nearest neighbors histogram for 17598 private samples and 503 synthetic samples
08/01/2026 05:18:01 AM [pe] [INFO ]  Embedding: PE.EMBEDDING.TabularEmbedding already computed
08/01/2026 05:18:01 AM [pe] [INFO ]  Embedding: computing PE.EMBEDDING.TabularEmbedding for 503/503 samples
08/01/2026 05:18:01 AM [pe] [INFO ]  Embedding: finished computing PE.EMBEDDING.TabularEmbedding for 503/503 samples
08/01/2026 05:18:01 AM [pe] [INFO ]  Histogram: finished computing nearest neighbors histogram for 17598 private samples and 503 synthetic samples
08/01/2026 05:18:01 AM [pe] [INFO ]  Composite population: generating 503 next synthetic samples
08/01/2026 05:18:01 AM [pe] [INFO ]  PE population: generating 503*1 next synthetic samples
08/01/2026 05:18:01 AM [pe] [INFO ]  VARIATION API: creating variations for 503 samples
08/01/2026 05:18:01 AM [pe] [INFO ]  VARIATION API: finished creating variations for 503 samples
08/01/2026 05:18:01 AM [pe] [INFO ]  PE population: finished generating 503*1 next synthetic samples
08/01/2026 05:18:01 AM [pe] [INFO ]  Composite population: finished generating 503 next synthetic samples
08/01/2026 05:18:01 AM [pe] [INFO ]  Saving the synthetic tabular data to a CSV file
08/01/2026 05:18:02 AM [pe] [INFO ]  Finished saving the synthetic tabular data to a CSV file
08/01/2026 05:18:02 AM [pe] [INFO ]  Evaluating tabular classifier
08/01/2026 05:18:02 AM [pe] [INFO ]  Number of samples after filtering: 0
08/01/2026 05:18:02 AM [pe] [WARNI]  No samples satisfy the filter criterion {'PE.VARIATION_API_FOLD_ID':-1}. Skipping computation.
08/01/2026 05:18:02 AM [pe] [INFO ]  PE iteration 3
08/01/2026 05:18:02 AM [pe] [WARNI]  fraction_per_label_id is not provided. Assuming the fraction of label ids in private data is public information.
08/01/2026 05:18:02 AM [pe] [INFO ]  Label 0
08/01/2026 05:18:02 AM [pe] [INFO ]  Histogram: computing nearest neighbors histogram for 17402 private samples and 497 synthetic samples
08/01/2026 05:18:02 AM [pe] [INFO ]  Embedding: PE.EMBEDDING.TabularEmbedding already computed
08/01/2026 05:18:02 AM [pe] [INFO ]  Embedding: computing PE.EMBEDDING.TabularEmbedding for 497/497 samples
08/01/2026 05:18:02 AM [pe] [INFO ]  Embedding: finished computing PE.EMBEDDING.TabularEmbedding for 497/497 samples
08/01/2026 05:18:02 AM [pe] [INFO ]  Histogram: finished computing nearest neighbors histogram for 17402 private samples and 497 synthetic samples
08/01/2026 05:18:02 AM [pe] [INFO ]  Composite population: generating 497 next synthetic samples
08/01/2026 05:18:02 AM [pe] [INFO ]  PE population: generating 497*1 next synthetic samples
08/01/2026 05:18:02 AM [pe] [INFO ]  VARIATION API: creating variations for 497 samples
08/01/2026 05:18:02 AM [pe] [INFO ]  VARIATION API: finished creating variations for 497 samples
08/01/2026 05:18:02 AM [pe] [INFO ]  PE population: finished generating 497*1 next synthetic samples
08/01/2026 05:18:02 AM [pe] [INFO ]  Composite population: finished generating 497 next synthetic samples
08/01/2026 05:18:02 AM [pe] [INFO ]  Label 1
08/01/2026 05:18:02 AM [pe] [INFO ]  Histogram: computing nearest neighbors histogram for 17598 private samples and 503 synthetic samples
08/01/2026 05:18:02 AM [pe] [INFO ]  Embedding: PE.EMBEDDING.TabularEmbedding already computed
08/01/2026 05:18:02 AM [pe] [INFO ]  Embedding: computing PE.EMBEDDING.TabularEmbedding for 503/503 samples
08/01/2026 05:18:02 AM [pe] [INFO ]  Embedding: finished computing PE.EMBEDDING.TabularEmbedding for 503/503 samples
08/01/2026 05:18:02 AM [pe] [INFO ]  Histogram: finished computing nearest neighbors histogram for 17598 private samples and 503 synthetic samples
08/01/2026 05:18:02 AM [pe] [INFO ]  Composite population: generating 503 next synthetic samples
08/01/2026 05:18:02 AM [pe] [INFO ]  PE population: generating 503*1 next synthetic samples
08/01/2026 05:18:02 AM [pe] [INFO ]  VARIATION API: creating variations for 503 samples
08/01/2026 05:18:02 AM [pe] [INFO ]  VARIATION API: finished creating variations for 503 samples
08/01/2026 05:18:02 AM [pe] [INFO ]  PE population: finished generating 503*1 next synthetic samples
08/01/2026 05:18:02 AM [pe] [INFO ]  Composite population: finished generating 503 next synthetic samples
08/01/2026 05:18:02 AM [pe] [INFO ]  Saving the synthetic tabular data to a CSV file
08/01/2026 05:18:02 AM [pe] [INFO ]  Finished saving the synthetic tabular data to a CSV file
08/01/2026 05:18:02 AM [pe] [INFO ]  Evaluating tabular classifier
08/01/2026 05:18:02 AM [pe] [INFO ]  Number of samples after filtering: 0
08/01/2026 05:18:02 AM [pe] [WARNI]  No samples satisfy the filter criterion {'PE.VARIATION_API_FOLD_ID':-1}. Skipping computation.
08/01/2026 05:18:02 AM [pe] [INFO ]  PE iteration 4
08/01/2026 05:18:02 AM [pe] [WARNI]  fraction_per_label_id is not provided. Assuming the fraction of label ids in private data is public information.
08/01/2026 05:18:02 AM [pe] [INFO ]  Label 0
08/01/2026 05:18:02 AM [pe] [INFO ]  Histogram: computing nearest neighbors histogram for 17402 private samples and 497 synthetic samples
08/01/2026 05:18:02 AM [pe] [INFO ]  Embedding: PE.EMBEDDING.TabularEmbedding already computed
08/01/2026 05:18:02 AM [pe] [INFO ]  Embedding: computing PE.EMBEDDING.TabularEmbedding for 497/497 samples
08/01/2026 05:18:02 AM [pe] [INFO ]  Embedding: finished computing PE.EMBEDDING.TabularEmbedding for 497/497 samples
08/01/2026 05:18:02 AM [pe] [INFO ]  Histogram: finished computing nearest neighbors histogram for 17402 private samples and 497 synthetic samples
08/01/2026 05:18:02 AM [pe] [INFO ]  Composite population: generating 497 next synthetic samples
08/01/2026 05:18:02 AM [pe] [INFO ]  PE population: generating 497*1 next synthetic samples
08/01/2026 05:18:02 AM [pe] [INFO ]  VARIATION API: creating variations for 497 samples
08/01/2026 05:18:02 AM [pe] [INFO ]  VARIATION API: finished creating variations for 497 samples
08/01/2026 05:18:02 AM [pe] [INFO ]  PE population: finished generating 497*1 next synthetic samples
08/01/2026 05:18:02 AM [pe] [INFO ]  Composite population: finished generating 497 next synthetic samples
08/01/2026 05:18:02 AM [pe] [INFO ]  Label 1
08/01/2026 05:18:02 AM [pe] [INFO ]  Histogram: computing nearest neighbors histogram for 17598 private samples and 503 synthetic samples
08/01/2026 05:18:02 AM [pe] [INFO ]  Embedding: PE.EMBEDDING.TabularEmbedding already computed
08/01/2026 05:18:02 AM [pe] [INFO ]  Embedding: computing PE.EMBEDDING.TabularEmbedding for 503/503 samples
08/01/2026 05:18:02 AM [pe] [INFO ]  Embedding: finished computing PE.EMBEDDING.TabularEmbedding for 503/503 samples
08/01/2026 05:18:02 AM [pe] [INFO ]  Histogram: finished computing nearest neighbors histogram for 17598 private samples and 503 synthetic samples
08/01/2026 05:18:02 AM [pe] [INFO ]  Composite population: generating 503 next synthetic samples
08/01/2026 05:18:02 AM [pe] [INFO ]  PE population: generating 503*1 next synthetic samples
08/01/2026 05:18:02 AM [pe] [INFO ]  VARIATION API: creating variations for 503 samples
08/01/2026 05:18:02 AM [pe] [INFO ]  VARIATION API: finished creating variations for 503 samples
08/01/2026 05:18:02 AM [pe] [INFO ]  PE population: finished generating 503*1 next synthetic samples
08/01/2026 05:18:02 AM [pe] [INFO ]  Composite population: finished generating 503 next synthetic samples
08/01/2026 05:18:02 AM [pe] [INFO ]  Saving the synthetic tabular data to a CSV file
08/01/2026 05:18:02 AM [pe] [INFO ]  Finished saving the synthetic tabular data to a CSV file
08/01/2026 05:18:02 AM [pe] [INFO ]  Evaluating tabular classifier
08/01/2026 05:18:02 AM [pe] [INFO ]  Number of samples after filtering: 0
08/01/2026 05:18:02 AM [pe] [WARNI]  No samples satisfy the filter criterion {'PE.VARIATION_API_FOLD_ID':-1}. Skipping computation.
08/01/2026 05:18:02 AM [pe] [INFO ]  PE iteration 5
08/01/2026 05:18:02 AM [pe] [WARNI]  fraction_per_label_id is not provided. Assuming the fraction of label ids in private data is public information.
08/01/2026 05:18:02 AM [pe] [INFO ]  Label 0
08/01/2026 05:18:02 AM [pe] [INFO ]  Histogram: computing nearest neighbors histogram for 17402 private samples and 497 synthetic samples
08/01/2026 05:18:02 AM [pe] [INFO ]  Embedding: PE.EMBEDDING.TabularEmbedding already computed
08/01/2026 05:18:02 AM [pe] [INFO ]  Embedding: computing PE.EMBEDDING.TabularEmbedding for 497/497 samples
08/01/2026 05:18:03 AM [pe] [INFO ]  Embedding: finished computing PE.EMBEDDING.TabularEmbedding for 497/497 samples
08/01/2026 05:18:03 AM [pe] [INFO ]  Histogram: finished computing nearest neighbors histogram for 17402 private samples and 497 synthetic samples
08/01/2026 05:18:03 AM [pe] [INFO ]  Composite population: generating 497 next synthetic samples
08/01/2026 05:18:03 AM [pe] [INFO ]  PE population: generating 497*3 next synthetic samples
08/01/2026 05:18:03 AM [pe] [INFO ]  VARIATION API: creating variations for 497 samples
08/01/2026 05:18:03 AM [pe] [INFO ]  VARIATION API: finished creating variations for 497 samples
08/01/2026 05:18:03 AM [pe] [INFO ]  VARIATION API: creating variations for 497 samples
08/01/2026 05:18:03 AM [pe] [INFO ]  VARIATION API: finished creating variations for 497 samples
08/01/2026 05:18:03 AM [pe] [INFO ]  VARIATION API: creating variations for 497 samples
08/01/2026 05:18:03 AM [pe] [INFO ]  VARIATION API: finished creating variations for 497 samples
08/01/2026 05:18:03 AM [pe] [INFO ]  PE population: finished generating 497*3 next synthetic samples
08/01/2026 05:18:03 AM [pe] [INFO ]  Composite population: finished generating 497 next synthetic samples
08/01/2026 05:18:03 AM [pe] [INFO ]  Label 1
08/01/2026 05:18:03 AM [pe] [INFO ]  Histogram: computing nearest neighbors histogram for 17598 private samples and 503 synthetic samples
08/01/2026 05:18:03 AM [pe] [INFO ]  Embedding: PE.EMBEDDING.TabularEmbedding already computed
08/01/2026 05:18:03 AM [pe] [INFO ]  Embedding: computing PE.EMBEDDING.TabularEmbedding for 503/503 samples
08/01/2026 05:18:03 AM [pe] [INFO ]  Embedding: finished computing PE.EMBEDDING.TabularEmbedding for 503/503 samples
08/01/2026 05:18:03 AM [pe] [INFO ]  Histogram: finished computing nearest neighbors histogram for 17598 private samples and 503 synthetic samples
08/01/2026 05:18:03 AM [pe] [INFO ]  Composite population: generating 503 next synthetic samples
08/01/2026 05:18:03 AM [pe] [INFO ]  PE population: generating 503*3 next synthetic samples
08/01/2026 05:18:03 AM [pe] [INFO ]  VARIATION API: creating variations for 503 samples
08/01/2026 05:18:03 AM [pe] [INFO ]  VARIATION API: finished creating variations for 503 samples
08/01/2026 05:18:03 AM [pe] [INFO ]  VARIATION API: creating variations for 503 samples
08/01/2026 05:18:03 AM [pe] [INFO ]  VARIATION API: finished creating variations for 503 samples
08/01/2026 05:18:03 AM [pe] [INFO ]  VARIATION API: creating variations for 503 samples
08/01/2026 05:18:03 AM [pe] [INFO ]  VARIATION API: finished creating variations for 503 samples
08/01/2026 05:18:03 AM [pe] [INFO ]  PE population: finished generating 503*3 next synthetic samples
08/01/2026 05:18:03 AM [pe] [INFO ]  Composite population: finished generating 503 next synthetic samples
08/01/2026 05:18:03 AM [pe] [INFO ]  Saving the synthetic tabular data to a CSV file
08/01/2026 05:18:03 AM [pe] [INFO ]  Finished saving the synthetic tabular data to a CSV file
08/01/2026 05:18:03 AM [pe] [INFO ]  Evaluating tabular classifier
08/01/2026 05:18:03 AM [pe] [INFO ]  Number of samples after filtering: 1000
08/01/2026 05:18:03 AM [pe] [INFO ]  Tabular classifier test accuracy: 62.51%
08/01/2026 05:18:04 AM [pe] [INFO ]  Tabular classifier test AUC: 66.95
08/01/2026 05:18:04 AM [pe] [INFO ]  Tabular classifier test (macro) F1 score: 62.50
08/01/2026 05:18:04 AM [pe] [INFO ]  Finished evaluating tabular classifier (tabular_classifier_xgboost_filter_{'PE.VARIATION_API_FOLD_ID':-1})
08/01/2026 05:18:04 AM [pe] [INFO ]  Iteration: 5
08/01/2026 05:18:04 AM [pe] [INFO ]  	tabular_classifier_xgboost_filter_{'PE.VARIATION_API_FOLD_ID':-1}_test_acc: 62.51000000
08/01/2026 05:18:04 AM [pe] [INFO ]  	tabular_classifier_xgboost_filter_{'PE.VARIATION_API_FOLD_ID':-1}_test_f1: 62.50414127
08/01/2026 05:18:04 AM [pe] [INFO ]  	tabular_classifier_xgboost_filter_{'PE.VARIATION_API_FOLD_ID':-1}_test_auc: 66.95484683
08/01/2026 05:18:04 AM [pe] [INFO ]  PE iteration 6
08/01/2026 05:18:04 AM [pe] [WARNI]  fraction_per_label_id is not provided. Assuming the fraction of label ids in private data is public information.
08/01/2026 05:18:04 AM [pe] [INFO ]  Label 0
08/01/2026 05:18:04 AM [pe] [INFO ]  Histogram: computing nearest neighbors histogram for 17402 private samples and 1988 synthetic samples
08/01/2026 05:18:04 AM [pe] [INFO ]  Embedding: PE.EMBEDDING.TabularEmbedding already computed
08/01/2026 05:18:04 AM [pe] [INFO ]  Embedding: computing PE.EMBEDDING.TabularEmbedding for 1491/1988 samples
08/01/2026 05:18:04 AM [pe] [INFO ]  Embedding: finished computing PE.EMBEDDING.TabularEmbedding for 1491/1988 samples
08/01/2026 05:18:04 AM [pe] [INFO ]  Histogram: finished computing nearest neighbors histogram for 17402 private samples and 1988 synthetic samples
08/01/2026 05:18:04 AM [pe] [INFO ]  Composite population: generating 497 next synthetic samples
08/01/2026 05:18:04 AM [pe] [INFO ]  PE population: generating 497*3 next synthetic samples
08/01/2026 05:18:04 AM [pe] [INFO ]  VARIATION API: creating variations for 497 samples
08/01/2026 05:18:04 AM [pe] [INFO ]  VARIATION API: finished creating variations for 497 samples
08/01/2026 05:18:04 AM [pe] [INFO ]  VARIATION API: creating variations for 497 samples
08/01/2026 05:18:04 AM [pe] [INFO ]  VARIATION API: finished creating variations for 497 samples
08/01/2026 05:18:04 AM [pe] [INFO ]  VARIATION API: creating variations for 497 samples
08/01/2026 05:18:04 AM [pe] [INFO ]  VARIATION API: finished creating variations for 497 samples
08/01/2026 05:18:04 AM [pe] [INFO ]  PE population: finished generating 497*3 next synthetic samples
08/01/2026 05:18:04 AM [pe] [INFO ]  Composite population: finished generating 497 next synthetic samples
08/01/2026 05:18:04 AM [pe] [INFO ]  Label 1
08/01/2026 05:18:04 AM [pe] [INFO ]  Histogram: computing nearest neighbors histogram for 17598 private samples and 2012 synthetic samples
08/01/2026 05:18:04 AM [pe] [INFO ]  Embedding: PE.EMBEDDING.TabularEmbedding already computed
08/01/2026 05:18:04 AM [pe] [INFO ]  Embedding: computing PE.EMBEDDING.TabularEmbedding for 1509/2012 samples
08/01/2026 05:18:04 AM [pe] [INFO ]  Embedding: finished computing PE.EMBEDDING.TabularEmbedding for 1509/2012 samples
08/01/2026 05:18:04 AM [pe] [INFO ]  Histogram: finished computing nearest neighbors histogram for 17598 private samples and 2012 synthetic samples
08/01/2026 05:18:04 AM [pe] [INFO ]  Composite population: generating 503 next synthetic samples
08/01/2026 05:18:04 AM [pe] [INFO ]  PE population: generating 503*3 next synthetic samples
08/01/2026 05:18:04 AM [pe] [INFO ]  VARIATION API: creating variations for 503 samples
08/01/2026 05:18:04 AM [pe] [INFO ]  VARIATION API: finished creating variations for 503 samples
08/01/2026 05:18:04 AM [pe] [INFO ]  VARIATION API: creating variations for 503 samples
08/01/2026 05:18:04 AM [pe] [INFO ]  VARIATION API: finished creating variations for 503 samples
08/01/2026 05:18:04 AM [pe] [INFO ]  VARIATION API: creating variations for 503 samples
08/01/2026 05:18:04 AM [pe] [INFO ]  VARIATION API: finished creating variations for 503 samples
08/01/2026 05:18:04 AM [pe] [INFO ]  PE population: finished generating 503*3 next synthetic samples
08/01/2026 05:18:04 AM [pe] [INFO ]  Composite population: finished generating 503 next synthetic samples
08/01/2026 05:18:04 AM [pe] [INFO ]  Saving the synthetic tabular data to a CSV file
08/01/2026 05:18:05 AM [pe] [INFO ]  Finished saving the synthetic tabular data to a CSV file
08/01/2026 05:18:05 AM [pe] [INFO ]  Evaluating tabular classifier
08/01/2026 05:18:05 AM [pe] [INFO ]  Number of samples after filtering: 1000
08/01/2026 05:18:05 AM [pe] [INFO ]  Tabular classifier test accuracy: 60.60%
08/01/2026 05:18:05 AM [pe] [INFO ]  Tabular classifier test AUC: 65.53
08/01/2026 05:18:05 AM [pe] [INFO ]  Tabular classifier test (macro) F1 score: 60.59
08/01/2026 05:18:05 AM [pe] [INFO ]  Finished evaluating tabular classifier (tabular_classifier_xgboost_filter_{'PE.VARIATION_API_FOLD_ID':-1})
08/01/2026 05:18:05 AM [pe] [INFO ]  Iteration: 6
08/01/2026 05:18:05 AM [pe] [INFO ]  	tabular_classifier_xgboost_filter_{'PE.VARIATION_API_FOLD_ID':-1}_test_acc: 60.60000000
08/01/2026 05:18:05 AM [pe] [INFO ]  	tabular_classifier_xgboost_filter_{'PE.VARIATION_API_FOLD_ID':-1}_test_f1: 60.58779167
08/01/2026 05:18:05 AM [pe] [INFO ]  	tabular_classifier_xgboost_filter_{'PE.VARIATION_API_FOLD_ID':-1}_test_auc: 65.52526218
08/01/2026 05:18:05 AM [pe] [INFO ]  PE iteration 7
08/01/2026 05:18:05 AM [pe] [WARNI]  fraction_per_label_id is not provided. Assuming the fraction of label ids in private data is public information.
08/01/2026 05:18:05 AM [pe] [INFO ]  Label 0
08/01/2026 05:18:05 AM [pe] [INFO ]  Histogram: computing nearest neighbors histogram for 17402 private samples and 1988 synthetic samples
08/01/2026 05:18:05 AM [pe] [INFO ]  Embedding: PE.EMBEDDING.TabularEmbedding already computed
08/01/2026 05:18:05 AM [pe] [INFO ]  Embedding: computing PE.EMBEDDING.TabularEmbedding for 1491/1988 samples
08/01/2026 05:18:05 AM [pe] [INFO ]  Embedding: finished computing PE.EMBEDDING.TabularEmbedding for 1491/1988 samples
08/01/2026 05:18:05 AM [pe] [INFO ]  Histogram: finished computing nearest neighbors histogram for 17402 private samples and 1988 synthetic samples
08/01/2026 05:18:05 AM [pe] [INFO ]  Composite population: generating 497 next synthetic samples
08/01/2026 05:18:05 AM [pe] [INFO ]  PE population: generating 497*3 next synthetic samples
08/01/2026 05:18:05 AM [pe] [INFO ]  VARIATION API: creating variations for 497 samples
08/01/2026 05:18:05 AM [pe] [INFO ]  VARIATION API: finished creating variations for 497 samples
08/01/2026 05:18:05 AM [pe] [INFO ]  VARIATION API: creating variations for 497 samples
08/01/2026 05:18:05 AM [pe] [INFO ]  VARIATION API: finished creating variations for 497 samples
08/01/2026 05:18:05 AM [pe] [INFO ]  VARIATION API: creating variations for 497 samples
08/01/2026 05:18:05 AM [pe] [INFO ]  VARIATION API: finished creating variations for 497 samples
08/01/2026 05:18:05 AM [pe] [INFO ]  PE population: finished generating 497*3 next synthetic samples
08/01/2026 05:18:05 AM [pe] [INFO ]  Composite population: finished generating 497 next synthetic samples
08/01/2026 05:18:05 AM [pe] [INFO ]  Label 1
08/01/2026 05:18:05 AM [pe] [INFO ]  Histogram: computing nearest neighbors histogram for 17598 private samples and 2012 synthetic samples
08/01/2026 05:18:05 AM [pe] [INFO ]  Embedding: PE.EMBEDDING.TabularEmbedding already computed
08/01/2026 05:18:05 AM [pe] [INFO ]  Embedding: computing PE.EMBEDDING.TabularEmbedding for 1509/2012 samples
08/01/2026 05:18:05 AM [pe] [INFO ]  Embedding: finished computing PE.EMBEDDING.TabularEmbedding for 1509/2012 samples
08/01/2026 05:18:05 AM [pe] [INFO ]  Histogram: finished computing nearest neighbors histogram for 17598 private samples and 2012 synthetic samples
08/01/2026 05:18:05 AM [pe] [INFO ]  Composite population: generating 503 next synthetic samples
08/01/2026 05:18:05 AM [pe] [INFO ]  PE population: generating 503*3 next synthetic samples
08/01/2026 05:18:05 AM [pe] [INFO ]  VARIATION API: creating variations for 503 samples
08/01/2026 05:18:05 AM [pe] [INFO ]  VARIATION API: finished creating variations for 503 samples
08/01/2026 05:18:05 AM [pe] [INFO ]  VARIATION API: creating variations for 503 samples
08/01/2026 05:18:05 AM [pe] [INFO ]  VARIATION API: finished creating variations for 503 samples
08/01/2026 05:18:05 AM [pe] [INFO ]  VARIATION API: creating variations for 503 samples
08/01/2026 05:18:05 AM [pe] [INFO ]  VARIATION API: finished creating variations for 503 samples
08/01/2026 05:18:05 AM [pe] [INFO ]  PE population: finished generating 503*3 next synthetic samples
08/01/2026 05:18:05 AM [pe] [INFO ]  Composite population: finished generating 503 next synthetic samples
08/01/2026 05:18:05 AM [pe] [INFO ]  Saving the synthetic tabular data to a CSV file
08/01/2026 05:18:06 AM [pe] [INFO ]  Finished saving the synthetic tabular data to a CSV file
08/01/2026 05:18:06 AM [pe] [INFO ]  Evaluating tabular classifier
08/01/2026 05:18:06 AM [pe] [INFO ]  Number of samples after filtering: 1000
08/01/2026 05:18:06 AM [pe] [INFO ]  Tabular classifier test accuracy: 73.45%
08/01/2026 05:18:06 AM [pe] [INFO ]  Tabular classifier test AUC: 80.47
08/01/2026 05:18:06 AM [pe] [INFO ]  Tabular classifier test (macro) F1 score: 73.45
08/01/2026 05:18:06 AM [pe] [INFO ]  Finished evaluating tabular classifier (tabular_classifier_xgboost_filter_{'PE.VARIATION_API_FOLD_ID':-1})
08/01/2026 05:18:06 AM [pe] [INFO ]  Iteration: 7
08/01/2026 05:18:06 AM [pe] [INFO ]  	tabular_classifier_xgboost_filter_{'PE.VARIATION_API_FOLD_ID':-1}_test_acc: 73.45000000
08/01/2026 05:18:06 AM [pe] [INFO ]  	tabular_classifier_xgboost_filter_{'PE.VARIATION_API_FOLD_ID':-1}_test_f1: 73.44799028
08/01/2026 05:18:06 AM [pe] [INFO ]  	tabular_classifier_xgboost_filter_{'PE.VARIATION_API_FOLD_ID':-1}_test_auc: 80.47113200
08/01/2026 05:18:06 AM [pe] [INFO ]  PE iteration 8
08/01/2026 05:18:06 AM [pe] [WARNI]  fraction_per_label_id is not provided. Assuming the fraction of label ids in private data is public information.
08/01/2026 05:18:06 AM [pe] [INFO ]  Label 0
08/01/2026 05:18:06 AM [pe] [INFO ]  Histogram: computing nearest neighbors histogram for 17402 private samples and 1988 synthetic samples
08/01/2026 05:18:06 AM [pe] [INFO ]  Embedding: PE.EMBEDDING.TabularEmbedding already computed
08/01/2026 05:18:06 AM [pe] [INFO ]  Embedding: computing PE.EMBEDDING.TabularEmbedding for 1491/1988 samples
08/01/2026 05:18:06 AM [pe] [INFO ]  Embedding: finished computing PE.EMBEDDING.TabularEmbedding for 1491/1988 samples
08/01/2026 05:18:06 AM [pe] [INFO ]  Histogram: finished computing nearest neighbors histogram for 17402 private samples and 1988 synthetic samples
08/01/2026 05:18:06 AM [pe] [INFO ]  Composite population: generating 497 next synthetic samples
08/01/2026 05:18:06 AM [pe] [INFO ]  PE population: generating 497*3 next synthetic samples
08/01/2026 05:18:06 AM [pe] [INFO ]  VARIATION API: creating variations for 497 samples
08/01/2026 05:18:06 AM [pe] [INFO ]  VARIATION API: finished creating variations for 497 samples
08/01/2026 05:18:06 AM [pe] [INFO ]  VARIATION API: creating variations for 497 samples
08/01/2026 05:18:06 AM [pe] [INFO ]  VARIATION API: finished creating variations for 497 samples
08/01/2026 05:18:06 AM [pe] [INFO ]  VARIATION API: creating variations for 497 samples
08/01/2026 05:18:06 AM [pe] [INFO ]  VARIATION API: finished creating variations for 497 samples
08/01/2026 05:18:06 AM [pe] [INFO ]  PE population: finished generating 497*3 next synthetic samples
08/01/2026 05:18:06 AM [pe] [INFO ]  Composite population: finished generating 497 next synthetic samples
08/01/2026 05:18:06 AM [pe] [INFO ]  Label 1
08/01/2026 05:18:06 AM [pe] [INFO ]  Histogram: computing nearest neighbors histogram for 17598 private samples and 2012 synthetic samples
08/01/2026 05:18:06 AM [pe] [INFO ]  Embedding: PE.EMBEDDING.TabularEmbedding already computed
08/01/2026 05:18:06 AM [pe] [INFO ]  Embedding: computing PE.EMBEDDING.TabularEmbedding for 1509/2012 samples
08/01/2026 05:18:06 AM [pe] [INFO ]  Embedding: finished computing PE.EMBEDDING.TabularEmbedding for 1509/2012 samples
08/01/2026 05:18:07 AM [pe] [INFO ]  Histogram: finished computing nearest neighbors histogram for 17598 private samples and 2012 synthetic samples
08/01/2026 05:18:07 AM [pe] [INFO ]  Composite population: generating 503 next synthetic samples
08/01/2026 05:18:07 AM [pe] [INFO ]  PE population: generating 503*3 next synthetic samples
08/01/2026 05:18:07 AM [pe] [INFO ]  VARIATION API: creating variations for 503 samples
08/01/2026 05:18:07 AM [pe] [INFO ]  VARIATION API: finished creating variations for 503 samples
08/01/2026 05:18:07 AM [pe] [INFO ]  VARIATION API: creating variations for 503 samples
08/01/2026 05:18:07 AM [pe] [INFO ]  VARIATION API: finished creating variations for 503 samples
08/01/2026 05:18:07 AM [pe] [INFO ]  VARIATION API: creating variations for 503 samples
08/01/2026 05:18:07 AM [pe] [INFO ]  VARIATION API: finished creating variations for 503 samples
08/01/2026 05:18:07 AM [pe] [INFO ]  PE population: finished generating 503*3 next synthetic samples
08/01/2026 05:18:07 AM [pe] [INFO ]  Composite population: finished generating 503 next synthetic samples
08/01/2026 05:18:07 AM [pe] [INFO ]  Saving the synthetic tabular data to a CSV file
08/01/2026 05:18:07 AM [pe] [INFO ]  Finished saving the synthetic tabular data to a CSV file
08/01/2026 05:18:07 AM [pe] [INFO ]  Evaluating tabular classifier
08/01/2026 05:18:07 AM [pe] [INFO ]  Number of samples after filtering: 1000
08/01/2026 05:18:07 AM [pe] [INFO ]  Tabular classifier test accuracy: 72.25%
08/01/2026 05:18:07 AM [pe] [INFO ]  Tabular classifier test AUC: 79.03
08/01/2026 05:18:07 AM [pe] [INFO ]  Tabular classifier test (macro) F1 score: 72.25
08/01/2026 05:18:07 AM [pe] [INFO ]  Finished evaluating tabular classifier (tabular_classifier_xgboost_filter_{'PE.VARIATION_API_FOLD_ID':-1})
08/01/2026 05:18:07 AM [pe] [INFO ]  Iteration: 8
08/01/2026 05:18:07 AM [pe] [INFO ]  	tabular_classifier_xgboost_filter_{'PE.VARIATION_API_FOLD_ID':-1}_test_acc: 72.25000000
08/01/2026 05:18:07 AM [pe] [INFO ]  	tabular_classifier_xgboost_filter_{'PE.VARIATION_API_FOLD_ID':-1}_test_f1: 72.24552348
08/01/2026 05:18:07 AM [pe] [INFO ]  	tabular_classifier_xgboost_filter_{'PE.VARIATION_API_FOLD_ID':-1}_test_auc: 79.02680915
08/01/2026 05:18:07 AM [pe] [INFO ]  PE iteration 9
08/01/2026 05:18:07 AM [pe] [WARNI]  fraction_per_label_id is not provided. Assuming the fraction of label ids in private data is public information.
08/01/2026 05:18:07 AM [pe] [INFO ]  Label 0
08/01/2026 05:18:07 AM [pe] [INFO ]  Histogram: computing nearest neighbors histogram for 17402 private samples and 1988 synthetic samples
08/01/2026 05:18:07 AM [pe] [INFO ]  Embedding: PE.EMBEDDING.TabularEmbedding already computed
08/01/2026 05:18:07 AM [pe] [INFO ]  Embedding: computing PE.EMBEDDING.TabularEmbedding for 1491/1988 samples
08/01/2026 05:18:07 AM [pe] [INFO ]  Embedding: finished computing PE.EMBEDDING.TabularEmbedding for 1491/1988 samples
08/01/2026 05:18:08 AM [pe] [INFO ]  Histogram: finished computing nearest neighbors histogram for 17402 private samples and 1988 synthetic samples
08/01/2026 05:18:08 AM [pe] [INFO ]  Composite population: generating 497 next synthetic samples
08/01/2026 05:18:08 AM [pe] [INFO ]  PE population: generating 497*3 next synthetic samples
08/01/2026 05:18:08 AM [pe] [INFO ]  VARIATION API: creating variations for 497 samples
08/01/2026 05:18:08 AM [pe] [INFO ]  VARIATION API: finished creating variations for 497 samples
08/01/2026 05:18:08 AM [pe] [INFO ]  VARIATION API: creating variations for 497 samples
08/01/2026 05:18:08 AM [pe] [INFO ]  VARIATION API: finished creating variations for 497 samples
08/01/2026 05:18:08 AM [pe] [INFO ]  VARIATION API: creating variations for 497 samples
08/01/2026 05:18:08 AM [pe] [INFO ]  VARIATION API: finished creating variations for 497 samples
08/01/2026 05:18:08 AM [pe] [INFO ]  PE population: finished generating 497*3 next synthetic samples
08/01/2026 05:18:08 AM [pe] [INFO ]  Composite population: finished generating 497 next synthetic samples
08/01/2026 05:18:08 AM [pe] [INFO ]  Label 1
08/01/2026 05:18:08 AM [pe] [INFO ]  Histogram: computing nearest neighbors histogram for 17598 private samples and 2012 synthetic samples
08/01/2026 05:18:08 AM [pe] [INFO ]  Embedding: PE.EMBEDDING.TabularEmbedding already computed
08/01/2026 05:18:08 AM [pe] [INFO ]  Embedding: computing PE.EMBEDDING.TabularEmbedding for 1509/2012 samples
08/01/2026 05:18:08 AM [pe] [INFO ]  Embedding: finished computing PE.EMBEDDING.TabularEmbedding for 1509/2012 samples
08/01/2026 05:18:08 AM [pe] [INFO ]  Histogram: finished computing nearest neighbors histogram for 17598 private samples and 2012 synthetic samples
08/01/2026 05:18:08 AM [pe] [INFO ]  Composite population: generating 503 next synthetic samples
08/01/2026 05:18:08 AM [pe] [INFO ]  PE population: generating 503*3 next synthetic samples
08/01/2026 05:18:08 AM [pe] [INFO ]  VARIATION API: creating variations for 503 samples
08/01/2026 05:18:08 AM [pe] [INFO ]  VARIATION API: finished creating variations for 503 samples
08/01/2026 05:18:08 AM [pe] [INFO ]  VARIATION API: creating variations for 503 samples
08/01/2026 05:18:08 AM [pe] [INFO ]  VARIATION API: finished creating variations for 503 samples
08/01/2026 05:18:08 AM [pe] [INFO ]  VARIATION API: creating variations for 503 samples
08/01/2026 05:18:08 AM [pe] [INFO ]  VARIATION API: finished creating variations for 503 samples
08/01/2026 05:18:08 AM [pe] [INFO ]  PE population: finished generating 503*3 next synthetic samples
08/01/2026 05:18:08 AM [pe] [INFO ]  Composite population: finished generating 503 next synthetic samples
08/01/2026 05:18:08 AM [pe] [INFO ]  Saving the synthetic tabular data to a CSV file
08/01/2026 05:18:08 AM [pe] [INFO ]  Finished saving the synthetic tabular data to a CSV file
08/01/2026 05:18:08 AM [pe] [INFO ]  Evaluating tabular classifier
08/01/2026 05:18:08 AM [pe] [INFO ]  Number of samples after filtering: 1000
08/01/2026 05:18:09 AM [pe] [INFO ]  Tabular classifier test accuracy: 69.05%
08/01/2026 05:18:09 AM [pe] [INFO ]  Tabular classifier test AUC: 75.32
08/01/2026 05:18:09 AM [pe] [INFO ]  Tabular classifier test (macro) F1 score: 69.02
08/01/2026 05:18:09 AM [pe] [INFO ]  Finished evaluating tabular classifier (tabular_classifier_xgboost_filter_{'PE.VARIATION_API_FOLD_ID':-1})
08/01/2026 05:18:09 AM [pe] [INFO ]  Iteration: 9
08/01/2026 05:18:09 AM [pe] [INFO ]  	tabular_classifier_xgboost_filter_{'PE.VARIATION_API_FOLD_ID':-1}_test_acc: 69.05000000
08/01/2026 05:18:09 AM [pe] [INFO ]  	tabular_classifier_xgboost_filter_{'PE.VARIATION_API_FOLD_ID':-1}_test_f1: 69.02376902
08/01/2026 05:18:09 AM [pe] [INFO ]  	tabular_classifier_xgboost_filter_{'PE.VARIATION_API_FOLD_ID':-1}_test_auc: 75.32323967
08/01/2026 05:18:09 AM [pe] [INFO ]  PE iteration 10
08/01/2026 05:18:09 AM [pe] [WARNI]  fraction_per_label_id is not provided. Assuming the fraction of label ids in private data is public information.
08/01/2026 05:18:09 AM [pe] [INFO ]  Label 0
08/01/2026 05:18:09 AM [pe] [INFO ]  Histogram: computing nearest neighbors histogram for 17402 private samples and 1988 synthetic samples
08/01/2026 05:18:09 AM [pe] [INFO ]  Embedding: PE.EMBEDDING.TabularEmbedding already computed
08/01/2026 05:18:09 AM [pe] [INFO ]  Embedding: computing PE.EMBEDDING.TabularEmbedding for 1491/1988 samples
08/01/2026 05:18:09 AM [pe] [INFO ]  Embedding: finished computing PE.EMBEDDING.TabularEmbedding for 1491/1988 samples
08/01/2026 05:18:09 AM [pe] [INFO ]  Histogram: finished computing nearest neighbors histogram for 17402 private samples and 1988 synthetic samples
08/01/2026 05:18:09 AM [pe] [INFO ]  Composite population: generating 497 next synthetic samples
08/01/2026 05:18:09 AM [pe] [INFO ]  PE population: generating 497*3 next synthetic samples
08/01/2026 05:18:09 AM [pe] [INFO ]  VARIATION API: creating variations for 497 samples
08/01/2026 05:18:09 AM [pe] [INFO ]  VARIATION API: finished creating variations for 497 samples
08/01/2026 05:18:09 AM [pe] [INFO ]  VARIATION API: creating variations for 497 samples
08/01/2026 05:18:09 AM [pe] [INFO ]  VARIATION API: finished creating variations for 497 samples
08/01/2026 05:18:09 AM [pe] [INFO ]  VARIATION API: creating variations for 497 samples
08/01/2026 05:18:09 AM [pe] [INFO ]  VARIATION API: finished creating variations for 497 samples
08/01/2026 05:18:09 AM [pe] [INFO ]  PE population: finished generating 497*3 next synthetic samples
08/01/2026 05:18:09 AM [pe] [INFO ]  Composite population: finished generating 497 next synthetic samples
08/01/2026 05:18:09 AM [pe] [INFO ]  Label 1
08/01/2026 05:18:09 AM [pe] [INFO ]  Histogram: computing nearest neighbors histogram for 17598 private samples and 2012 synthetic samples
08/01/2026 05:18:09 AM [pe] [INFO ]  Embedding: PE.EMBEDDING.TabularEmbedding already computed
08/01/2026 05:18:09 AM [pe] [INFO ]  Embedding: computing PE.EMBEDDING.TabularEmbedding for 1509/2012 samples
08/01/2026 05:18:09 AM [pe] [INFO ]  Embedding: finished computing PE.EMBEDDING.TabularEmbedding for 1509/2012 samples
08/01/2026 05:18:09 AM [pe] [INFO ]  Histogram: finished computing nearest neighbors histogram for 17598 private samples and 2012 synthetic samples
08/01/2026 05:18:09 AM [pe] [INFO ]  Composite population: generating 503 next synthetic samples
08/01/2026 05:18:09 AM [pe] [INFO ]  PE population: generating 503*3 next synthetic samples
08/01/2026 05:18:09 AM [pe] [INFO ]  VARIATION API: creating variations for 503 samples
08/01/2026 05:18:09 AM [pe] [INFO ]  VARIATION API: finished creating variations for 503 samples
08/01/2026 05:18:09 AM [pe] [INFO ]  VARIATION API: creating variations for 503 samples
08/01/2026 05:18:09 AM [pe] [INFO ]  VARIATION API: finished creating variations for 503 samples
08/01/2026 05:18:09 AM [pe] [INFO ]  VARIATION API: creating variations for 503 samples
08/01/2026 05:18:09 AM [pe] [INFO ]  VARIATION API: finished creating variations for 503 samples
08/01/2026 05:18:09 AM [pe] [INFO ]  PE population: finished generating 503*3 next synthetic samples
08/01/2026 05:18:09 AM [pe] [INFO ]  Composite population: finished generating 503 next synthetic samples
08/01/2026 05:18:09 AM [pe] [INFO ]  Saving the synthetic tabular data to a CSV file
08/01/2026 05:18:10 AM [pe] [INFO ]  Finished saving the synthetic tabular data to a CSV file
08/01/2026 05:18:10 AM [pe] [INFO ]  Evaluating tabular classifier
08/01/2026 05:18:10 AM [pe] [INFO ]  Number of samples after filtering: 1000
08/01/2026 05:18:10 AM [pe] [INFO ]  Tabular classifier test accuracy: 69.68%
08/01/2026 05:18:10 AM [pe] [INFO ]  Tabular classifier test AUC: 75.99
08/01/2026 05:18:10 AM [pe] [INFO ]  Tabular classifier test (macro) F1 score: 69.65
08/01/2026 05:18:10 AM [pe] [INFO ]  Finished evaluating tabular classifier (tabular_classifier_xgboost_filter_{'PE.VARIATION_API_FOLD_ID':-1})
08/01/2026 05:18:10 AM [pe] [INFO ]  Iteration: 10
08/01/2026 05:18:10 AM [pe] [INFO ]  	tabular_classifier_xgboost_filter_{'PE.VARIATION_API_FOLD_ID':-1}_test_acc: 69.68000000
08/01/2026 05:18:10 AM [pe] [INFO ]  	tabular_classifier_xgboost_filter_{'PE.VARIATION_API_FOLD_ID':-1}_test_f1: 69.64969340
08/01/2026 05:18:10 AM [pe] [INFO ]  	tabular_classifier_xgboost_filter_{'PE.VARIATION_API_FOLD_ID':-1}_test_auc: 75.98871728
08/01/2026 05:18:10 AM [pe] [INFO ]  PE iteration 11
08/01/2026 05:18:10 AM [pe] [WARNI]  fraction_per_label_id is not provided. Assuming the fraction of label ids in private data is public information.
08/01/2026 05:18:10 AM [pe] [INFO ]  Label 0
08/01/2026 05:18:10 AM [pe] [INFO ]  Histogram: computing nearest neighbors histogram for 17402 private samples and 1988 synthetic samples
08/01/2026 05:18:10 AM [pe] [INFO ]  Embedding: PE.EMBEDDING.TabularEmbedding already computed
08/01/2026 05:18:10 AM [pe] [INFO ]  Embedding: computing PE.EMBEDDING.TabularEmbedding for 1491/1988 samples
08/01/2026 05:18:10 AM [pe] [INFO ]  Embedding: finished computing PE.EMBEDDING.TabularEmbedding for 1491/1988 samples
08/01/2026 05:18:10 AM [pe] [INFO ]  Histogram: finished computing nearest neighbors histogram for 17402 private samples and 1988 synthetic samples
08/01/2026 05:18:10 AM [pe] [INFO ]  Composite population: generating 497 next synthetic samples
08/01/2026 05:18:10 AM [pe] [INFO ]  PE population: generating 497*3 next synthetic samples
08/01/2026 05:18:10 AM [pe] [INFO ]  VARIATION API: creating variations for 497 samples
08/01/2026 05:18:10 AM [pe] [INFO ]  VARIATION API: finished creating variations for 497 samples
08/01/2026 05:18:10 AM [pe] [INFO ]  VARIATION API: creating variations for 497 samples
08/01/2026 05:18:10 AM [pe] [INFO ]  VARIATION API: finished creating variations for 497 samples
08/01/2026 05:18:10 AM [pe] [INFO ]  VARIATION API: creating variations for 497 samples
08/01/2026 05:18:10 AM [pe] [INFO ]  VARIATION API: finished creating variations for 497 samples
08/01/2026 05:18:10 AM [pe] [INFO ]  PE population: finished generating 497*3 next synthetic samples
08/01/2026 05:18:10 AM [pe] [INFO ]  Composite population: finished generating 497 next synthetic samples
08/01/2026 05:18:10 AM [pe] [INFO ]  Label 1
08/01/2026 05:18:10 AM [pe] [INFO ]  Histogram: computing nearest neighbors histogram for 17598 private samples and 2012 synthetic samples
08/01/2026 05:18:10 AM [pe] [INFO ]  Embedding: PE.EMBEDDING.TabularEmbedding already computed
08/01/2026 05:18:10 AM [pe] [INFO ]  Embedding: computing PE.EMBEDDING.TabularEmbedding for 1509/2012 samples
08/01/2026 05:18:10 AM [pe] [INFO ]  Embedding: finished computing PE.EMBEDDING.TabularEmbedding for 1509/2012 samples
08/01/2026 05:18:10 AM [pe] [INFO ]  Histogram: finished computing nearest neighbors histogram for 17598 private samples and 2012 synthetic samples
08/01/2026 05:18:10 AM [pe] [INFO ]  Composite population: generating 503 next synthetic samples
08/01/2026 05:18:10 AM [pe] [INFO ]  PE population: generating 503*3 next synthetic samples
08/01/2026 05:18:10 AM [pe] [INFO ]  VARIATION API: creating variations for 503 samples
08/01/2026 05:18:10 AM [pe] [INFO ]  VARIATION API: finished creating variations for 503 samples
08/01/2026 05:18:10 AM [pe] [INFO ]  VARIATION API: creating variations for 503 samples
08/01/2026 05:18:10 AM [pe] [INFO ]  VARIATION API: finished creating variations for 503 samples
08/01/2026 05:18:10 AM [pe] [INFO ]  VARIATION API: creating variations for 503 samples
08/01/2026 05:18:10 AM [pe] [INFO ]  VARIATION API: finished creating variations for 503 samples
08/01/2026 05:18:10 AM [pe] [INFO ]  PE population: finished generating 503*3 next synthetic samples
08/01/2026 05:18:10 AM [pe] [INFO ]  Composite population: finished generating 503 next synthetic samples
08/01/2026 05:18:10 AM [pe] [INFO ]  Saving the synthetic tabular data to a CSV file
08/01/2026 05:18:11 AM [pe] [INFO ]  Finished saving the synthetic tabular data to a CSV file
08/01/2026 05:18:11 AM [pe] [INFO ]  Evaluating tabular classifier
08/01/2026 05:18:11 AM [pe] [INFO ]  Number of samples after filtering: 1000
08/01/2026 05:18:11 AM [pe] [INFO ]  Tabular classifier test accuracy: 72.47%
08/01/2026 05:18:11 AM [pe] [INFO ]  Tabular classifier test AUC: 79.67
08/01/2026 05:18:11 AM [pe] [INFO ]  Tabular classifier test (macro) F1 score: 72.46
08/01/2026 05:18:11 AM [pe] [INFO ]  Finished evaluating tabular classifier (tabular_classifier_xgboost_filter_{'PE.VARIATION_API_FOLD_ID':-1})
08/01/2026 05:18:11 AM [pe] [INFO ]  Iteration: 11
08/01/2026 05:18:11 AM [pe] [INFO ]  	tabular_classifier_xgboost_filter_{'PE.VARIATION_API_FOLD_ID':-1}_test_acc: 72.47000000
08/01/2026 05:18:11 AM [pe] [INFO ]  	tabular_classifier_xgboost_filter_{'PE.VARIATION_API_FOLD_ID':-1}_test_f1: 72.46338433
08/01/2026 05:18:11 AM [pe] [INFO ]  	tabular_classifier_xgboost_filter_{'PE.VARIATION_API_FOLD_ID':-1}_test_auc: 79.67264247
08/01/2026 05:18:11 AM [pe] [INFO ]  PE iteration 12
08/01/2026 05:18:11 AM [pe] [WARNI]  fraction_per_label_id is not provided. Assuming the fraction of label ids in private data is public information.
08/01/2026 05:18:11 AM [pe] [INFO ]  Label 0
08/01/2026 05:18:11 AM [pe] [INFO ]  Histogram: computing nearest neighbors histogram for 17402 private samples and 1988 synthetic samples
08/01/2026 05:18:11 AM [pe] [INFO ]  Embedding: PE.EMBEDDING.TabularEmbedding already computed
08/01/2026 05:18:11 AM [pe] [INFO ]  Embedding: computing PE.EMBEDDING.TabularEmbedding for 1491/1988 samples
08/01/2026 05:18:11 AM [pe] [INFO ]  Embedding: finished computing PE.EMBEDDING.TabularEmbedding for 1491/1988 samples
08/01/2026 05:18:11 AM [pe] [INFO ]  Histogram: finished computing nearest neighbors histogram for 17402 private samples and 1988 synthetic samples
08/01/2026 05:18:11 AM [pe] [INFO ]  Composite population: generating 497 next synthetic samples
08/01/2026 05:18:11 AM [pe] [INFO ]  PE population: generating 497*3 next synthetic samples
08/01/2026 05:18:11 AM [pe] [INFO ]  VARIATION API: creating variations for 497 samples
08/01/2026 05:18:11 AM [pe] [INFO ]  VARIATION API: finished creating variations for 497 samples
08/01/2026 05:18:11 AM [pe] [INFO ]  VARIATION API: creating variations for 497 samples
08/01/2026 05:18:11 AM [pe] [INFO ]  VARIATION API: finished creating variations for 497 samples
08/01/2026 05:18:11 AM [pe] [INFO ]  VARIATION API: creating variations for 497 samples
08/01/2026 05:18:11 AM [pe] [INFO ]  VARIATION API: finished creating variations for 497 samples
08/01/2026 05:18:11 AM [pe] [INFO ]  PE population: finished generating 497*3 next synthetic samples
08/01/2026 05:18:11 AM [pe] [INFO ]  Composite population: finished generating 497 next synthetic samples
08/01/2026 05:18:11 AM [pe] [INFO ]  Label 1
08/01/2026 05:18:11 AM [pe] [INFO ]  Histogram: computing nearest neighbors histogram for 17598 private samples and 2012 synthetic samples
08/01/2026 05:18:11 AM [pe] [INFO ]  Embedding: PE.EMBEDDING.TabularEmbedding already computed
08/01/2026 05:18:11 AM [pe] [INFO ]  Embedding: computing PE.EMBEDDING.TabularEmbedding for 1509/2012 samples
08/01/2026 05:18:11 AM [pe] [INFO ]  Embedding: finished computing PE.EMBEDDING.TabularEmbedding for 1509/2012 samples
08/01/2026 05:18:12 AM [pe] [INFO ]  Histogram: finished computing nearest neighbors histogram for 17598 private samples and 2012 synthetic samples
08/01/2026 05:18:12 AM [pe] [INFO ]  Composite population: generating 503 next synthetic samples
08/01/2026 05:18:12 AM [pe] [INFO ]  PE population: generating 503*3 next synthetic samples
08/01/2026 05:18:12 AM [pe] [INFO ]  VARIATION API: creating variations for 503 samples
08/01/2026 05:18:12 AM [pe] [INFO ]  VARIATION API: finished creating variations for 503 samples
08/01/2026 05:18:12 AM [pe] [INFO ]  VARIATION API: creating variations for 503 samples
08/01/2026 05:18:12 AM [pe] [INFO ]  VARIATION API: finished creating variations for 503 samples
08/01/2026 05:18:12 AM [pe] [INFO ]  VARIATION API: creating variations for 503 samples
08/01/2026 05:18:12 AM [pe] [INFO ]  VARIATION API: finished creating variations for 503 samples
08/01/2026 05:18:12 AM [pe] [INFO ]  PE population: finished generating 503*3 next synthetic samples
08/01/2026 05:18:12 AM [pe] [INFO ]  Composite population: finished generating 503 next synthetic samples
08/01/2026 05:18:12 AM [pe] [INFO ]  Saving the synthetic tabular data to a CSV file
08/01/2026 05:18:12 AM [pe] [INFO ]  Finished saving the synthetic tabular data to a CSV file
08/01/2026 05:18:12 AM [pe] [INFO ]  Evaluating tabular classifier
08/01/2026 05:18:12 AM [pe] [INFO ]  Number of samples after filtering: 1000
08/01/2026 05:18:12 AM [pe] [INFO ]  Tabular classifier test accuracy: 78.87%
08/01/2026 05:18:12 AM [pe] [INFO ]  Tabular classifier test AUC: 86.83
08/01/2026 05:18:12 AM [pe] [INFO ]  Tabular classifier test (macro) F1 score: 78.86
08/01/2026 05:18:12 AM [pe] [INFO ]  Finished evaluating tabular classifier (tabular_classifier_xgboost_filter_{'PE.VARIATION_API_FOLD_ID':-1})
08/01/2026 05:18:12 AM [pe] [INFO ]  Iteration: 12
08/01/2026 05:18:12 AM [pe] [INFO ]  	tabular_classifier_xgboost_filter_{'PE.VARIATION_API_FOLD_ID':-1}_test_acc: 78.87000000
08/01/2026 05:18:12 AM [pe] [INFO ]  	tabular_classifier_xgboost_filter_{'PE.VARIATION_API_FOLD_ID':-1}_test_f1: 78.86179647
08/01/2026 05:18:12 AM [pe] [INFO ]  	tabular_classifier_xgboost_filter_{'PE.VARIATION_API_FOLD_ID':-1}_test_auc: 86.82629777
08/01/2026 05:18:12 AM [pe] [INFO ]  PE iteration 13
08/01/2026 05:18:12 AM [pe] [WARNI]  fraction_per_label_id is not provided. Assuming the fraction of label ids in private data is public information.
08/01/2026 05:18:12 AM [pe] [INFO ]  Label 0
08/01/2026 05:18:12 AM [pe] [INFO ]  Histogram: computing nearest neighbors histogram for 17402 private samples and 1988 synthetic samples
08/01/2026 05:18:12 AM [pe] [INFO ]  Embedding: PE.EMBEDDING.TabularEmbedding already computed
08/01/2026 05:18:12 AM [pe] [INFO ]  Embedding: computing PE.EMBEDDING.TabularEmbedding for 1491/1988 samples
08/01/2026 05:18:12 AM [pe] [INFO ]  Embedding: finished computing PE.EMBEDDING.TabularEmbedding for 1491/1988 samples
08/01/2026 05:18:13 AM [pe] [INFO ]  Histogram: finished computing nearest neighbors histogram for 17402 private samples and 1988 synthetic samples
08/01/2026 05:18:13 AM [pe] [INFO ]  Composite population: generating 497 next synthetic samples
08/01/2026 05:18:13 AM [pe] [INFO ]  PE population: generating 497*3 next synthetic samples
08/01/2026 05:18:13 AM [pe] [INFO ]  VARIATION API: creating variations for 497 samples
08/01/2026 05:18:13 AM [pe] [INFO ]  VARIATION API: finished creating variations for 497 samples
08/01/2026 05:18:13 AM [pe] [INFO ]  VARIATION API: creating variations for 497 samples
08/01/2026 05:18:13 AM [pe] [INFO ]  VARIATION API: finished creating variations for 497 samples
08/01/2026 05:18:13 AM [pe] [INFO ]  VARIATION API: creating variations for 497 samples
08/01/2026 05:18:13 AM [pe] [INFO ]  VARIATION API: finished creating variations for 497 samples
08/01/2026 05:18:13 AM [pe] [INFO ]  PE population: finished generating 497*3 next synthetic samples
08/01/2026 05:18:13 AM [pe] [INFO ]  Composite population: finished generating 497 next synthetic samples
08/01/2026 05:18:13 AM [pe] [INFO ]  Label 1
08/01/2026 05:18:13 AM [pe] [INFO ]  Histogram: computing nearest neighbors histogram for 17598 private samples and 2012 synthetic samples
08/01/2026 05:18:13 AM [pe] [INFO ]  Embedding: PE.EMBEDDING.TabularEmbedding already computed
08/01/2026 05:18:13 AM [pe] [INFO ]  Embedding: computing PE.EMBEDDING.TabularEmbedding for 1509/2012 samples
08/01/2026 05:18:13 AM [pe] [INFO ]  Embedding: finished computing PE.EMBEDDING.TabularEmbedding for 1509/2012 samples
08/01/2026 05:18:13 AM [pe] [INFO ]  Histogram: finished computing nearest neighbors histogram for 17598 private samples and 2012 synthetic samples
08/01/2026 05:18:13 AM [pe] [INFO ]  Composite population: generating 503 next synthetic samples
08/01/2026 05:18:13 AM [pe] [INFO ]  PE population: generating 503*3 next synthetic samples
08/01/2026 05:18:13 AM [pe] [INFO ]  VARIATION API: creating variations for 503 samples
08/01/2026 05:18:13 AM [pe] [INFO ]  VARIATION API: finished creating variations for 503 samples
08/01/2026 05:18:13 AM [pe] [INFO ]  VARIATION API: creating variations for 503 samples
08/01/2026 05:18:13 AM [pe] [INFO ]  VARIATION API: finished creating variations for 503 samples
08/01/2026 05:18:13 AM [pe] [INFO ]  VARIATION API: creating variations for 503 samples
08/01/2026 05:18:13 AM [pe] [INFO ]  VARIATION API: finished creating variations for 503 samples
08/01/2026 05:18:13 AM [pe] [INFO ]  PE population: finished generating 503*3 next synthetic samples
08/01/2026 05:18:13 AM [pe] [INFO ]  Composite population: finished generating 503 next synthetic samples
08/01/2026 05:18:13 AM [pe] [INFO ]  Saving the synthetic tabular data to a CSV file
08/01/2026 05:18:13 AM [pe] [INFO ]  Finished saving the synthetic tabular data to a CSV file
08/01/2026 05:18:13 AM [pe] [INFO ]  Evaluating tabular classifier
08/01/2026 05:18:13 AM [pe] [INFO ]  Number of samples after filtering: 1000
08/01/2026 05:18:14 AM [pe] [INFO ]  Tabular classifier test accuracy: 75.05%
08/01/2026 05:18:14 AM [pe] [INFO ]  Tabular classifier test AUC: 82.33
08/01/2026 05:18:14 AM [pe] [INFO ]  Tabular classifier test (macro) F1 score: 75.05
08/01/2026 05:18:14 AM [pe] [INFO ]  Finished evaluating tabular classifier (tabular_classifier_xgboost_filter_{'PE.VARIATION_API_FOLD_ID':-1})
08/01/2026 05:18:14 AM [pe] [INFO ]  Iteration: 13
08/01/2026 05:18:14 AM [pe] [INFO ]  	tabular_classifier_xgboost_filter_{'PE.VARIATION_API_FOLD_ID':-1}_test_acc: 75.05000000
08/01/2026 05:18:14 AM [pe] [INFO ]  	tabular_classifier_xgboost_filter_{'PE.VARIATION_API_FOLD_ID':-1}_test_f1: 75.04913146
08/01/2026 05:18:14 AM [pe] [INFO ]  	tabular_classifier_xgboost_filter_{'PE.VARIATION_API_FOLD_ID':-1}_test_auc: 82.32893283
08/01/2026 05:18:14 AM [pe] [INFO ]  PE iteration 14
08/01/2026 05:18:14 AM [pe] [WARNI]  fraction_per_label_id is not provided. Assuming the fraction of label ids in private data is public information.
08/01/2026 05:18:14 AM [pe] [INFO ]  Label 0
08/01/2026 05:18:14 AM [pe] [INFO ]  Histogram: computing nearest neighbors histogram for 17402 private samples and 1988 synthetic samples
08/01/2026 05:18:14 AM [pe] [INFO ]  Embedding: PE.EMBEDDING.TabularEmbedding already computed
08/01/2026 05:18:14 AM [pe] [INFO ]  Embedding: computing PE.EMBEDDING.TabularEmbedding for 1491/1988 samples
08/01/2026 05:18:14 AM [pe] [INFO ]  Embedding: finished computing PE.EMBEDDING.TabularEmbedding for 1491/1988 samples
08/01/2026 05:18:14 AM [pe] [INFO ]  Histogram: finished computing nearest neighbors histogram for 17402 private samples and 1988 synthetic samples
08/01/2026 05:18:14 AM [pe] [INFO ]  Composite population: generating 497 next synthetic samples
08/01/2026 05:18:14 AM [pe] [INFO ]  PE population: generating 497*3 next synthetic samples
08/01/2026 05:18:14 AM [pe] [INFO ]  VARIATION API: creating variations for 497 samples
08/01/2026 05:18:14 AM [pe] [INFO ]  VARIATION API: finished creating variations for 497 samples
08/01/2026 05:18:14 AM [pe] [INFO ]  VARIATION API: creating variations for 497 samples
08/01/2026 05:18:14 AM [pe] [INFO ]  VARIATION API: finished creating variations for 497 samples
08/01/2026 05:18:14 AM [pe] [INFO ]  VARIATION API: creating variations for 497 samples
08/01/2026 05:18:14 AM [pe] [INFO ]  VARIATION API: finished creating variations for 497 samples
08/01/2026 05:18:14 AM [pe] [INFO ]  PE population: finished generating 497*3 next synthetic samples
08/01/2026 05:18:14 AM [pe] [INFO ]  Composite population: finished generating 497 next synthetic samples
08/01/2026 05:18:14 AM [pe] [INFO ]  Label 1
08/01/2026 05:18:14 AM [pe] [INFO ]  Histogram: computing nearest neighbors histogram for 17598 private samples and 2012 synthetic samples
08/01/2026 05:18:14 AM [pe] [INFO ]  Embedding: PE.EMBEDDING.TabularEmbedding already computed
08/01/2026 05:18:14 AM [pe] [INFO ]  Embedding: computing PE.EMBEDDING.TabularEmbedding for 1509/2012 samples
08/01/2026 05:18:14 AM [pe] [INFO ]  Embedding: finished computing PE.EMBEDDING.TabularEmbedding for 1509/2012 samples
08/01/2026 05:18:14 AM [pe] [INFO ]  Histogram: finished computing nearest neighbors histogram for 17598 private samples and 2012 synthetic samples
08/01/2026 05:18:14 AM [pe] [INFO ]  Composite population: generating 503 next synthetic samples
08/01/2026 05:18:14 AM [pe] [INFO ]  PE population: generating 503*3 next synthetic samples
08/01/2026 05:18:14 AM [pe] [INFO ]  VARIATION API: creating variations for 503 samples
08/01/2026 05:18:14 AM [pe] [INFO ]  VARIATION API: finished creating variations for 503 samples
08/01/2026 05:18:14 AM [pe] [INFO ]  VARIATION API: creating variations for 503 samples
08/01/2026 05:18:14 AM [pe] [INFO ]  VARIATION API: finished creating variations for 503 samples
08/01/2026 05:18:14 AM [pe] [INFO ]  VARIATION API: creating variations for 503 samples
08/01/2026 05:18:14 AM [pe] [INFO ]  VARIATION API: finished creating variations for 503 samples
08/01/2026 05:18:14 AM [pe] [INFO ]  PE population: finished generating 503*3 next synthetic samples
08/01/2026 05:18:14 AM [pe] [INFO ]  Composite population: finished generating 503 next synthetic samples
08/01/2026 05:18:14 AM [pe] [INFO ]  Saving the synthetic tabular data to a CSV file
08/01/2026 05:18:15 AM [pe] [INFO ]  Finished saving the synthetic tabular data to a CSV file
08/01/2026 05:18:15 AM [pe] [INFO ]  Evaluating tabular classifier
08/01/2026 05:18:15 AM [pe] [INFO ]  Number of samples after filtering: 1000
08/01/2026 05:18:15 AM [pe] [INFO ]  Tabular classifier test accuracy: 78.36%
08/01/2026 05:18:15 AM [pe] [INFO ]  Tabular classifier test AUC: 86.96
08/01/2026 05:18:15 AM [pe] [INFO ]  Tabular classifier test (macro) F1 score: 78.35
08/01/2026 05:18:15 AM [pe] [INFO ]  Finished evaluating tabular classifier (tabular_classifier_xgboost_filter_{'PE.VARIATION_API_FOLD_ID':-1})
08/01/2026 05:18:15 AM [pe] [INFO ]  Iteration: 14
08/01/2026 05:18:15 AM [pe] [INFO ]  	tabular_classifier_xgboost_filter_{'PE.VARIATION_API_FOLD_ID':-1}_test_acc: 78.36000000
08/01/2026 05:18:15 AM [pe] [INFO ]  	tabular_classifier_xgboost_filter_{'PE.VARIATION_API_FOLD_ID':-1}_test_f1: 78.35499914
08/01/2026 05:18:15 AM [pe] [INFO ]  	tabular_classifier_xgboost_filter_{'PE.VARIATION_API_FOLD_ID':-1}_test_auc: 86.96001770
08/01/2026 05:18:15 AM [pe] [INFO ]  PE iteration 15
08/01/2026 05:18:15 AM [pe] [WARNI]  fraction_per_label_id is not provided. Assuming the fraction of label ids in private data is public information.
08/01/2026 05:18:15 AM [pe] [INFO ]  Label 0
08/01/2026 05:18:15 AM [pe] [INFO ]  Histogram: computing nearest neighbors histogram for 17402 private samples and 1988 synthetic samples
08/01/2026 05:18:15 AM [pe] [INFO ]  Embedding: PE.EMBEDDING.TabularEmbedding already computed
08/01/2026 05:18:15 AM [pe] [INFO ]  Embedding: computing PE.EMBEDDING.TabularEmbedding for 1491/1988 samples
08/01/2026 05:18:15 AM [pe] [INFO ]  Embedding: finished computing PE.EMBEDDING.TabularEmbedding for 1491/1988 samples
08/01/2026 05:18:15 AM [pe] [INFO ]  Histogram: finished computing nearest neighbors histogram for 17402 private samples and 1988 synthetic samples
08/01/2026 05:18:15 AM [pe] [INFO ]  Composite population: generating 497 next synthetic samples
08/01/2026 05:18:15 AM [pe] [INFO ]  PE population: generating 497*3 next synthetic samples
08/01/2026 05:18:15 AM [pe] [INFO ]  VARIATION API: creating variations for 497 samples
08/01/2026 05:18:15 AM [pe] [INFO ]  VARIATION API: finished creating variations for 497 samples
08/01/2026 05:18:15 AM [pe] [INFO ]  VARIATION API: creating variations for 497 samples
08/01/2026 05:18:15 AM [pe] [INFO ]  VARIATION API: finished creating variations for 497 samples
08/01/2026 05:18:15 AM [pe] [INFO ]  VARIATION API: creating variations for 497 samples
08/01/2026 05:18:15 AM [pe] [INFO ]  VARIATION API: finished creating variations for 497 samples
08/01/2026 05:18:15 AM [pe] [INFO ]  PE population: finished generating 497*3 next synthetic samples
08/01/2026 05:18:15 AM [pe] [INFO ]  Composite population: finished generating 497 next synthetic samples
08/01/2026 05:18:15 AM [pe] [INFO ]  Label 1
08/01/2026 05:18:15 AM [pe] [INFO ]  Histogram: computing nearest neighbors histogram for 17598 private samples and 2012 synthetic samples
08/01/2026 05:18:15 AM [pe] [INFO ]  Embedding: PE.EMBEDDING.TabularEmbedding already computed
08/01/2026 05:18:15 AM [pe] [INFO ]  Embedding: computing PE.EMBEDDING.TabularEmbedding for 1509/2012 samples
08/01/2026 05:18:15 AM [pe] [INFO ]  Embedding: finished computing PE.EMBEDDING.TabularEmbedding for 1509/2012 samples
08/01/2026 05:18:15 AM [pe] [INFO ]  Histogram: finished computing nearest neighbors histogram for 17598 private samples and 2012 synthetic samples
08/01/2026 05:18:15 AM [pe] [INFO ]  Composite population: generating 503 next synthetic samples
08/01/2026 05:18:15 AM [pe] [INFO ]  PE population: generating 503*3 next synthetic samples
08/01/2026 05:18:15 AM [pe] [INFO ]  VARIATION API: creating variations for 503 samples
08/01/2026 05:18:15 AM [pe] [INFO ]  VARIATION API: finished creating variations for 503 samples
08/01/2026 05:18:15 AM [pe] [INFO ]  VARIATION API: creating variations for 503 samples
08/01/2026 05:18:15 AM [pe] [INFO ]  VARIATION API: finished creating variations for 503 samples
08/01/2026 05:18:15 AM [pe] [INFO ]  VARIATION API: creating variations for 503 samples
08/01/2026 05:18:15 AM [pe] [INFO ]  VARIATION API: finished creating variations for 503 samples
08/01/2026 05:18:15 AM [pe] [INFO ]  PE population: finished generating 503*3 next synthetic samples
08/01/2026 05:18:15 AM [pe] [INFO ]  Composite population: finished generating 503 next synthetic samples
08/01/2026 05:18:16 AM [pe] [INFO ]  Saving the synthetic tabular data to a CSV file
08/01/2026 05:18:16 AM [pe] [INFO ]  Finished saving the synthetic tabular data to a CSV file
08/01/2026 05:18:16 AM [pe] [INFO ]  Evaluating tabular classifier
08/01/2026 05:18:16 AM [pe] [INFO ]  Number of samples after filtering: 1000
08/01/2026 05:18:16 AM [pe] [INFO ]  Tabular classifier test accuracy: 75.73%
08/01/2026 05:18:16 AM [pe] [INFO ]  Tabular classifier test AUC: 83.89
08/01/2026 05:18:16 AM [pe] [INFO ]  Tabular classifier test (macro) F1 score: 75.73
08/01/2026 05:18:16 AM [pe] [INFO ]  Finished evaluating tabular classifier (tabular_classifier_xgboost_filter_{'PE.VARIATION_API_FOLD_ID':-1})
08/01/2026 05:18:16 AM [pe] [INFO ]  Iteration: 15
08/01/2026 05:18:16 AM [pe] [INFO ]  	tabular_classifier_xgboost_filter_{'PE.VARIATION_API_FOLD_ID':-1}_test_acc: 75.73000000
08/01/2026 05:18:16 AM [pe] [INFO ]  	tabular_classifier_xgboost_filter_{'PE.VARIATION_API_FOLD_ID':-1}_test_f1: 75.72816286
08/01/2026 05:18:16 AM [pe] [INFO ]  	tabular_classifier_xgboost_filter_{'PE.VARIATION_API_FOLD_ID':-1}_test_auc: 83.89018537
08/01/2026 05:18:16 AM [pe] [INFO ]  PE iteration 16
08/01/2026 05:18:16 AM [pe] [WARNI]  fraction_per_label_id is not provided. Assuming the fraction of label ids in private data is public information.
08/01/2026 05:18:16 AM [pe] [INFO ]  Label 0
08/01/2026 05:18:16 AM [pe] [INFO ]  Histogram: computing nearest neighbors histogram for 17402 private samples and 1988 synthetic samples
08/01/2026 05:18:16 AM [pe] [INFO ]  Embedding: PE.EMBEDDING.TabularEmbedding already computed
08/01/2026 05:18:16 AM [pe] [INFO ]  Embedding: computing PE.EMBEDDING.TabularEmbedding for 1491/1988 samples
08/01/2026 05:18:16 AM [pe] [INFO ]  Embedding: finished computing PE.EMBEDDING.TabularEmbedding for 1491/1988 samples
08/01/2026 05:18:16 AM [pe] [INFO ]  Histogram: finished computing nearest neighbors histogram for 17402 private samples and 1988 synthetic samples
08/01/2026 05:18:16 AM [pe] [INFO ]  Composite population: generating 497 next synthetic samples
08/01/2026 05:18:16 AM [pe] [INFO ]  PE population: generating 497*3 next synthetic samples
08/01/2026 05:18:16 AM [pe] [INFO ]  VARIATION API: creating variations for 497 samples
08/01/2026 05:18:16 AM [pe] [INFO ]  VARIATION API: finished creating variations for 497 samples
08/01/2026 05:18:16 AM [pe] [INFO ]  VARIATION API: creating variations for 497 samples
08/01/2026 05:18:16 AM [pe] [INFO ]  VARIATION API: finished creating variations for 497 samples
08/01/2026 05:18:17 AM [pe] [INFO ]  VARIATION API: creating variations for 497 samples
08/01/2026 05:18:17 AM [pe] [INFO ]  VARIATION API: finished creating variations for 497 samples
08/01/2026 05:18:17 AM [pe] [INFO ]  PE population: finished generating 497*3 next synthetic samples
08/01/2026 05:18:17 AM [pe] [INFO ]  Composite population: finished generating 497 next synthetic samples
08/01/2026 05:18:17 AM [pe] [INFO ]  Label 1
08/01/2026 05:18:17 AM [pe] [INFO ]  Histogram: computing nearest neighbors histogram for 17598 private samples and 2012 synthetic samples
08/01/2026 05:18:17 AM [pe] [INFO ]  Embedding: PE.EMBEDDING.TabularEmbedding already computed
08/01/2026 05:18:17 AM [pe] [INFO ]  Embedding: computing PE.EMBEDDING.TabularEmbedding for 1509/2012 samples
08/01/2026 05:18:17 AM [pe] [INFO ]  Embedding: finished computing PE.EMBEDDING.TabularEmbedding for 1509/2012 samples
08/01/2026 05:18:17 AM [pe] [INFO ]  Histogram: finished computing nearest neighbors histogram for 17598 private samples and 2012 synthetic samples
08/01/2026 05:18:17 AM [pe] [INFO ]  Composite population: generating 503 next synthetic samples
08/01/2026 05:18:17 AM [pe] [INFO ]  PE population: generating 503*3 next synthetic samples
08/01/2026 05:18:17 AM [pe] [INFO ]  VARIATION API: creating variations for 503 samples
08/01/2026 05:18:17 AM [pe] [INFO ]  VARIATION API: finished creating variations for 503 samples
08/01/2026 05:18:17 AM [pe] [INFO ]  VARIATION API: creating variations for 503 samples
08/01/2026 05:18:17 AM [pe] [INFO ]  VARIATION API: finished creating variations for 503 samples
08/01/2026 05:18:17 AM [pe] [INFO ]  VARIATION API: creating variations for 503 samples
08/01/2026 05:18:17 AM [pe] [INFO ]  VARIATION API: finished creating variations for 503 samples
08/01/2026 05:18:17 AM [pe] [INFO ]  PE population: finished generating 503*3 next synthetic samples
08/01/2026 05:18:17 AM [pe] [INFO ]  Composite population: finished generating 503 next synthetic samples
08/01/2026 05:18:17 AM [pe] [INFO ]  Saving the synthetic tabular data to a CSV file
08/01/2026 05:18:17 AM [pe] [INFO ]  Finished saving the synthetic tabular data to a CSV file
08/01/2026 05:18:17 AM [pe] [INFO ]  Evaluating tabular classifier
08/01/2026 05:18:17 AM [pe] [INFO ]  Number of samples after filtering: 1000
08/01/2026 05:18:17 AM [pe] [INFO ]  Tabular classifier test accuracy: 78.76%
08/01/2026 05:18:17 AM [pe] [INFO ]  Tabular classifier test AUC: 86.94
08/01/2026 05:18:18 AM [pe] [INFO ]  Tabular classifier test (macro) F1 score: 78.76
08/01/2026 05:18:18 AM [pe] [INFO ]  Finished evaluating tabular classifier (tabular_classifier_xgboost_filter_{'PE.VARIATION_API_FOLD_ID':-1})
08/01/2026 05:18:18 AM [pe] [INFO ]  Iteration: 16
08/01/2026 05:18:18 AM [pe] [INFO ]  	tabular_classifier_xgboost_filter_{'PE.VARIATION_API_FOLD_ID':-1}_test_acc: 78.76000000
08/01/2026 05:18:18 AM [pe] [INFO ]  	tabular_classifier_xgboost_filter_{'PE.VARIATION_API_FOLD_ID':-1}_test_f1: 78.75607072
08/01/2026 05:18:18 AM [pe] [INFO ]  	tabular_classifier_xgboost_filter_{'PE.VARIATION_API_FOLD_ID':-1}_test_auc: 86.94424747
08/01/2026 05:18:18 AM [pe] [INFO ]  PE iteration 17
08/01/2026 05:18:18 AM [pe] [WARNI]  fraction_per_label_id is not provided. Assuming the fraction of label ids in private data is public information.
08/01/2026 05:18:18 AM [pe] [INFO ]  Label 0
08/01/2026 05:18:18 AM [pe] [INFO ]  Histogram: computing nearest neighbors histogram for 17402 private samples and 1988 synthetic samples
08/01/2026 05:18:18 AM [pe] [INFO ]  Embedding: PE.EMBEDDING.TabularEmbedding already computed
08/01/2026 05:18:18 AM [pe] [INFO ]  Embedding: computing PE.EMBEDDING.TabularEmbedding for 1491/1988 samples
08/01/2026 05:18:18 AM [pe] [INFO ]  Embedding: finished computing PE.EMBEDDING.TabularEmbedding for 1491/1988 samples
08/01/2026 05:18:18 AM [pe] [INFO ]  Histogram: finished computing nearest neighbors histogram for 17402 private samples and 1988 synthetic samples
08/01/2026 05:18:18 AM [pe] [INFO ]  Composite population: generating 497 next synthetic samples
08/01/2026 05:18:18 AM [pe] [INFO ]  PE population: generating 497*3 next synthetic samples
08/01/2026 05:18:18 AM [pe] [INFO ]  VARIATION API: creating variations for 497 samples
08/01/2026 05:18:18 AM [pe] [INFO ]  VARIATION API: finished creating variations for 497 samples
08/01/2026 05:18:18 AM [pe] [INFO ]  VARIATION API: creating variations for 497 samples
08/01/2026 05:18:18 AM [pe] [INFO ]  VARIATION API: finished creating variations for 497 samples
08/01/2026 05:18:18 AM [pe] [INFO ]  VARIATION API: creating variations for 497 samples
08/01/2026 05:18:18 AM [pe] [INFO ]  VARIATION API: finished creating variations for 497 samples
08/01/2026 05:18:18 AM [pe] [INFO ]  PE population: finished generating 497*3 next synthetic samples
08/01/2026 05:18:18 AM [pe] [INFO ]  Composite population: finished generating 497 next synthetic samples
08/01/2026 05:18:18 AM [pe] [INFO ]  Label 1
08/01/2026 05:18:18 AM [pe] [INFO ]  Histogram: computing nearest neighbors histogram for 17598 private samples and 2012 synthetic samples
08/01/2026 05:18:18 AM [pe] [INFO ]  Embedding: PE.EMBEDDING.TabularEmbedding already computed
08/01/2026 05:18:18 AM [pe] [INFO ]  Embedding: computing PE.EMBEDDING.TabularEmbedding for 1509/2012 samples
08/01/2026 05:18:18 AM [pe] [INFO ]  Embedding: finished computing PE.EMBEDDING.TabularEmbedding for 1509/2012 samples
08/01/2026 05:18:18 AM [pe] [INFO ]  Histogram: finished computing nearest neighbors histogram for 17598 private samples and 2012 synthetic samples
08/01/2026 05:18:18 AM [pe] [INFO ]  Composite population: generating 503 next synthetic samples
08/01/2026 05:18:18 AM [pe] [INFO ]  PE population: generating 503*3 next synthetic samples
08/01/2026 05:18:18 AM [pe] [INFO ]  VARIATION API: creating variations for 503 samples
08/01/2026 05:18:18 AM [pe] [INFO ]  VARIATION API: finished creating variations for 503 samples
08/01/2026 05:18:18 AM [pe] [INFO ]  VARIATION API: creating variations for 503 samples
08/01/2026 05:18:18 AM [pe] [INFO ]  VARIATION API: finished creating variations for 503 samples
08/01/2026 05:18:18 AM [pe] [INFO ]  VARIATION API: creating variations for 503 samples
08/01/2026 05:18:18 AM [pe] [INFO ]  VARIATION API: finished creating variations for 503 samples
08/01/2026 05:18:18 AM [pe] [INFO ]  PE population: finished generating 503*3 next synthetic samples
08/01/2026 05:18:18 AM [pe] [INFO ]  Composite population: finished generating 503 next synthetic samples
08/01/2026 05:18:18 AM [pe] [INFO ]  Saving the synthetic tabular data to a CSV file
08/01/2026 05:18:19 AM [pe] [INFO ]  Finished saving the synthetic tabular data to a CSV file
08/01/2026 05:18:19 AM [pe] [INFO ]  Evaluating tabular classifier
08/01/2026 05:18:19 AM [pe] [INFO ]  Number of samples after filtering: 1000
08/01/2026 05:18:19 AM [pe] [INFO ]  Tabular classifier test accuracy: 68.83%
08/01/2026 05:18:19 AM [pe] [INFO ]  Tabular classifier test AUC: 75.48
08/01/2026 05:18:19 AM [pe] [INFO ]  Tabular classifier test (macro) F1 score: 68.82
08/01/2026 05:18:19 AM [pe] [INFO ]  Finished evaluating tabular classifier (tabular_classifier_xgboost_filter_{'PE.VARIATION_API_FOLD_ID':-1})
08/01/2026 05:18:19 AM [pe] [INFO ]  Iteration: 17
08/01/2026 05:18:19 AM [pe] [INFO ]  	tabular_classifier_xgboost_filter_{'PE.VARIATION_API_FOLD_ID':-1}_test_acc: 68.83000000
08/01/2026 05:18:19 AM [pe] [INFO ]  	tabular_classifier_xgboost_filter_{'PE.VARIATION_API_FOLD_ID':-1}_test_f1: 68.82066834
08/01/2026 05:18:19 AM [pe] [INFO ]  	tabular_classifier_xgboost_filter_{'PE.VARIATION_API_FOLD_ID':-1}_test_auc: 75.47707989
08/01/2026 05:18:19 AM [pe] [INFO ]  PE iteration 18
08/01/2026 05:18:19 AM [pe] [WARNI]  fraction_per_label_id is not provided. Assuming the fraction of label ids in private data is public information.
08/01/2026 05:18:19 AM [pe] [INFO ]  Label 0
08/01/2026 05:18:19 AM [pe] [INFO ]  Histogram: computing nearest neighbors histogram for 17402 private samples and 1988 synthetic samples
08/01/2026 05:18:19 AM [pe] [INFO ]  Embedding: PE.EMBEDDING.TabularEmbedding already computed
08/01/2026 05:18:19 AM [pe] [INFO ]  Embedding: computing PE.EMBEDDING.TabularEmbedding for 1491/1988 samples
08/01/2026 05:18:19 AM [pe] [INFO ]  Embedding: finished computing PE.EMBEDDING.TabularEmbedding for 1491/1988 samples
08/01/2026 05:18:19 AM [pe] [INFO ]  Histogram: finished computing nearest neighbors histogram for 17402 private samples and 1988 synthetic samples
08/01/2026 05:18:19 AM [pe] [INFO ]  Composite population: generating 497 next synthetic samples
08/01/2026 05:18:19 AM [pe] [INFO ]  PE population: generating 497*3 next synthetic samples
08/01/2026 05:18:19 AM [pe] [INFO ]  VARIATION API: creating variations for 497 samples
08/01/2026 05:18:19 AM [pe] [INFO ]  VARIATION API: finished creating variations for 497 samples
08/01/2026 05:18:19 AM [pe] [INFO ]  VARIATION API: creating variations for 497 samples
08/01/2026 05:18:19 AM [pe] [INFO ]  VARIATION API: finished creating variations for 497 samples
08/01/2026 05:18:19 AM [pe] [INFO ]  VARIATION API: creating variations for 497 samples
08/01/2026 05:18:19 AM [pe] [INFO ]  VARIATION API: finished creating variations for 497 samples
08/01/2026 05:18:19 AM [pe] [INFO ]  PE population: finished generating 497*3 next synthetic samples
08/01/2026 05:18:19 AM [pe] [INFO ]  Composite population: finished generating 497 next synthetic samples
08/01/2026 05:18:19 AM [pe] [INFO ]  Label 1
08/01/2026 05:18:19 AM [pe] [INFO ]  Histogram: computing nearest neighbors histogram for 17598 private samples and 2012 synthetic samples
08/01/2026 05:18:19 AM [pe] [INFO ]  Embedding: PE.EMBEDDING.TabularEmbedding already computed
08/01/2026 05:18:19 AM [pe] [INFO ]  Embedding: computing PE.EMBEDDING.TabularEmbedding for 1509/2012 samples
08/01/2026 05:18:19 AM [pe] [INFO ]  Embedding: finished computing PE.EMBEDDING.TabularEmbedding for 1509/2012 samples
08/01/2026 05:18:19 AM [pe] [INFO ]  Histogram: finished computing nearest neighbors histogram for 17598 private samples and 2012 synthetic samples
08/01/2026 05:18:19 AM [pe] [INFO ]  Composite population: generating 503 next synthetic samples
08/01/2026 05:18:19 AM [pe] [INFO ]  PE population: generating 503*3 next synthetic samples
08/01/2026 05:18:19 AM [pe] [INFO ]  VARIATION API: creating variations for 503 samples
08/01/2026 05:18:19 AM [pe] [INFO ]  VARIATION API: finished creating variations for 503 samples
08/01/2026 05:18:19 AM [pe] [INFO ]  VARIATION API: creating variations for 503 samples
08/01/2026 05:18:19 AM [pe] [INFO ]  VARIATION API: finished creating variations for 503 samples
08/01/2026 05:18:19 AM [pe] [INFO ]  VARIATION API: creating variations for 503 samples
08/01/2026 05:18:19 AM [pe] [INFO ]  VARIATION API: finished creating variations for 503 samples
08/01/2026 05:18:19 AM [pe] [INFO ]  PE population: finished generating 503*3 next synthetic samples
08/01/2026 05:18:19 AM [pe] [INFO ]  Composite population: finished generating 503 next synthetic samples
08/01/2026 05:18:19 AM [pe] [INFO ]  Saving the synthetic tabular data to a CSV file
08/01/2026 05:18:20 AM [pe] [INFO ]  Finished saving the synthetic tabular data to a CSV file
08/01/2026 05:18:20 AM [pe] [INFO ]  Evaluating tabular classifier
08/01/2026 05:18:20 AM [pe] [INFO ]  Number of samples after filtering: 1000
08/01/2026 05:18:20 AM [pe] [INFO ]  Tabular classifier test accuracy: 70.05%
08/01/2026 05:18:20 AM [pe] [INFO ]  Tabular classifier test AUC: 76.96
08/01/2026 05:18:20 AM [pe] [INFO ]  Tabular classifier test (macro) F1 score: 70.04
08/01/2026 05:18:20 AM [pe] [INFO ]  Finished evaluating tabular classifier (tabular_classifier_xgboost_filter_{'PE.VARIATION_API_FOLD_ID':-1})
08/01/2026 05:18:20 AM [pe] [INFO ]  Iteration: 18
08/01/2026 05:18:20 AM [pe] [INFO ]  	tabular_classifier_xgboost_filter_{'PE.VARIATION_API_FOLD_ID':-1}_test_acc: 70.05000000
08/01/2026 05:18:20 AM [pe] [INFO ]  	tabular_classifier_xgboost_filter_{'PE.VARIATION_API_FOLD_ID':-1}_test_f1: 70.04242643
08/01/2026 05:18:20 AM [pe] [INFO ]  	tabular_classifier_xgboost_filter_{'PE.VARIATION_API_FOLD_ID':-1}_test_auc: 76.95881929
08/01/2026 05:18:20 AM [pe] [INFO ]  PE iteration 19
08/01/2026 05:18:20 AM [pe] [WARNI]  fraction_per_label_id is not provided. Assuming the fraction of label ids in private data is public information.
08/01/2026 05:18:20 AM [pe] [INFO ]  Label 0
08/01/2026 05:18:20 AM [pe] [INFO ]  Histogram: computing nearest neighbors histogram for 17402 private samples and 1988 synthetic samples
08/01/2026 05:18:20 AM [pe] [INFO ]  Embedding: PE.EMBEDDING.TabularEmbedding already computed
08/01/2026 05:18:20 AM [pe] [INFO ]  Embedding: computing PE.EMBEDDING.TabularEmbedding for 1491/1988 samples
08/01/2026 05:18:20 AM [pe] [INFO ]  Embedding: finished computing PE.EMBEDDING.TabularEmbedding for 1491/1988 samples
08/01/2026 05:18:20 AM [pe] [INFO ]  Histogram: finished computing nearest neighbors histogram for 17402 private samples and 1988 synthetic samples
08/01/2026 05:18:20 AM [pe] [INFO ]  Composite population: generating 497 next synthetic samples
08/01/2026 05:18:20 AM [pe] [INFO ]  PE population: generating 497*3 next synthetic samples
08/01/2026 05:18:20 AM [pe] [INFO ]  VARIATION API: creating variations for 497 samples
08/01/2026 05:18:20 AM [pe] [INFO ]  VARIATION API: finished creating variations for 497 samples
08/01/2026 05:18:20 AM [pe] [INFO ]  VARIATION API: creating variations for 497 samples
08/01/2026 05:18:20 AM [pe] [INFO ]  VARIATION API: finished creating variations for 497 samples
08/01/2026 05:18:20 AM [pe] [INFO ]  VARIATION API: creating variations for 497 samples
08/01/2026 05:18:20 AM [pe] [INFO ]  VARIATION API: finished creating variations for 497 samples
08/01/2026 05:18:20 AM [pe] [INFO ]  PE population: finished generating 497*3 next synthetic samples
08/01/2026 05:18:20 AM [pe] [INFO ]  Composite population: finished generating 497 next synthetic samples
08/01/2026 05:18:20 AM [pe] [INFO ]  Label 1
08/01/2026 05:18:20 AM [pe] [INFO ]  Histogram: computing nearest neighbors histogram for 17598 private samples and 2012 synthetic samples
08/01/2026 05:18:20 AM [pe] [INFO ]  Embedding: PE.EMBEDDING.TabularEmbedding already computed
08/01/2026 05:18:20 AM [pe] [INFO ]  Embedding: computing PE.EMBEDDING.TabularEmbedding for 1509/2012 samples
08/01/2026 05:18:20 AM [pe] [INFO ]  Embedding: finished computing PE.EMBEDDING.TabularEmbedding for 1509/2012 samples
08/01/2026 05:18:21 AM [pe] [INFO ]  Histogram: finished computing nearest neighbors histogram for 17598 private samples and 2012 synthetic samples
08/01/2026 05:18:21 AM [pe] [INFO ]  Composite population: generating 503 next synthetic samples
08/01/2026 05:18:21 AM [pe] [INFO ]  PE population: generating 503*3 next synthetic samples
08/01/2026 05:18:21 AM [pe] [INFO ]  VARIATION API: creating variations for 503 samples
08/01/2026 05:18:21 AM [pe] [INFO ]  VARIATION API: finished creating variations for 503 samples
08/01/2026 05:18:21 AM [pe] [INFO ]  VARIATION API: creating variations for 503 samples
08/01/2026 05:18:21 AM [pe] [INFO ]  VARIATION API: finished creating variations for 503 samples
08/01/2026 05:18:21 AM [pe] [INFO ]  VARIATION API: creating variations for 503 samples
08/01/2026 05:18:21 AM [pe] [INFO ]  VARIATION API: finished creating variations for 503 samples
08/01/2026 05:18:21 AM [pe] [INFO ]  PE population: finished generating 503*3 next synthetic samples
08/01/2026 05:18:21 AM [pe] [INFO ]  Composite population: finished generating 503 next synthetic samples
08/01/2026 05:18:21 AM [pe] [INFO ]  Saving the synthetic tabular data to a CSV file
08/01/2026 05:18:21 AM [pe] [INFO ]  Finished saving the synthetic tabular data to a CSV file
08/01/2026 05:18:21 AM [pe] [INFO ]  Evaluating tabular classifier
08/01/2026 05:18:21 AM [pe] [INFO ]  Number of samples after filtering: 1000
08/01/2026 05:18:21 AM [pe] [INFO ]  Tabular classifier test accuracy: 66.72%
08/01/2026 05:18:21 AM [pe] [INFO ]  Tabular classifier test AUC: 73.31
08/01/2026 05:18:21 AM [pe] [INFO ]  Tabular classifier test (macro) F1 score: 66.72
08/01/2026 05:18:21 AM [pe] [INFO ]  Finished evaluating tabular classifier (tabular_classifier_xgboost_filter_{'PE.VARIATION_API_FOLD_ID':-1})
08/01/2026 05:18:21 AM [pe] [INFO ]  Iteration: 19
08/01/2026 05:18:21 AM [pe] [INFO ]  	tabular_classifier_xgboost_filter_{'PE.VARIATION_API_FOLD_ID':-1}_test_acc: 66.72000000
08/01/2026 05:18:21 AM [pe] [INFO ]  	tabular_classifier_xgboost_filter_{'PE.VARIATION_API_FOLD_ID':-1}_test_f1: 66.71504587
08/01/2026 05:18:21 AM [pe] [INFO ]  	tabular_classifier_xgboost_filter_{'PE.VARIATION_API_FOLD_ID':-1}_test_auc: 73.30889858
=== Sat Aug  1 05:18:23 AM CEST 2026 xor_stress_test_xgb.py --num-features 5 ===
/home/rec1/Desktop/AI_Safety/ICML_reproduce/tab-pe-WB0hLRRlcj/scripts/xor_stress_test_xgb.py:20: Pandas4Warning: The 'mode.copy_on_write' option is deprecated. Copy-on-Write can no longer be disabled (it is always enabled with pandas >= 3.0), and setting the option has no impact. This option will be removed in pandas 4.0.
  pd.options.mode.copy_on_write = True
/home/rec1/Desktop/AI_Safety/ICML_reproduce/tab-pe-WB0hLRRlcj/DPSDA_upstream/pe/dp/gaussian.py:23: RuntimeWarning: overflow encountered in exp
  if np.isinf(np.exp(eps)):
08/01/2026 05:18:40 AM [pe] [INFO ]  DP epsilon=1.0, delta=2.730683970301006e-06, noise_multiplier=17.49931555315762, num_iterations=19.
08/01/2026 05:18:40 AM [pe] [WARNI]  fraction_per_label_id is not provided. Assuming the fraction of label ids in private data is public information.
08/01/2026 05:18:40 AM [pe] [INFO ]  Composite population: generating 502 initial synthetic samples for label target: 0.0
08/01/2026 05:18:40 AM [pe] [INFO ]  PE population: generating 502*1 initial synthetic samples for label target: 0.0
08/01/2026 05:18:40 AM [pe] [INFO ]  RANDOM API: creating 502 samples for label target: 0.0
08/01/2026 05:18:40 AM [pe] [INFO ]  RANDOM API: finished creating 502 samples for label target: 0.0
08/01/2026 05:18:40 AM [pe] [INFO ]  PE population: finished generating 502*1 initial synthetic samples for label target: 0.0
08/01/2026 05:18:40 AM [pe] [INFO ]  Composite population: finished generating 502 initial synthetic samples for label target: 0.0
08/01/2026 05:18:40 AM [pe] [INFO ]  Composite population: generating 498 initial synthetic samples for label target: 1.0
08/01/2026 05:18:40 AM [pe] [INFO ]  PE population: generating 498*1 initial synthetic samples for label target: 1.0
08/01/2026 05:18:40 AM [pe] [INFO ]  RANDOM API: creating 498 samples for label target: 1.0
08/01/2026 05:18:40 AM [pe] [INFO ]  RANDOM API: finished creating 498 samples for label target: 1.0
08/01/2026 05:18:40 AM [pe] [INFO ]  PE population: finished generating 498*1 initial synthetic samples for label target: 1.0
08/01/2026 05:18:40 AM [pe] [INFO ]  Composite population: finished generating 498 initial synthetic samples for label target: 1.0
08/01/2026 05:18:40 AM [pe] [INFO ]  Saving the synthetic tabular data to a CSV file
08/01/2026 05:18:40 AM [pe] [INFO ]  Finished saving the synthetic tabular data to a CSV file
08/01/2026 05:18:40 AM [pe] [INFO ]  Evaluating tabular classifier
08/01/2026 05:18:40 AM [pe] [INFO ]  Number of samples after filtering: 1000
08/01/2026 05:18:40 AM [pe] [INFO ]  Tabular classifier test accuracy: 50.47%
08/01/2026 05:18:40 AM [pe] [INFO ]  Tabular classifier test AUC: 50.36
08/01/2026 05:18:40 AM [pe] [INFO ]  Tabular classifier test (macro) F1 score: 50.43
08/01/2026 05:18:40 AM [pe] [INFO ]  Finished evaluating tabular classifier (tabular_classifier_xgboost_filter_{'PE.VARIATION_API_FOLD_ID':-1})
08/01/2026 05:18:40 AM [pe] [INFO ]  Iteration: 0
08/01/2026 05:18:40 AM [pe] [INFO ]  	tabular_classifier_xgboost_filter_{'PE.VARIATION_API_FOLD_ID':-1}_test_acc: 50.46666667
08/01/2026 05:18:40 AM [pe] [INFO ]  	tabular_classifier_xgboost_filter_{'PE.VARIATION_API_FOLD_ID':-1}_test_f1: 50.43246815
08/01/2026 05:18:40 AM [pe] [INFO ]  	tabular_classifier_xgboost_filter_{'PE.VARIATION_API_FOLD_ID':-1}_test_auc: 50.36150978
08/01/2026 05:18:40 AM [pe] [INFO ]  PE iteration 1
08/01/2026 05:18:40 AM [pe] [WARNI]  fraction_per_label_id is not provided. Assuming the fraction of label ids in private data is public information.
08/01/2026 05:18:40 AM [pe] [INFO ]  Label 0
08/01/2026 05:18:40 AM [pe] [INFO ]  Histogram: computing nearest neighbors histogram for 17568 private samples and 502 synthetic samples
08/01/2026 05:18:40 AM [pe] [INFO ]  Embedding: computing PE.EMBEDDING.TabularEmbedding for 17568/17568 samples
08/01/2026 05:18:40 AM [pe] [INFO ]  Embedding: finished computing PE.EMBEDDING.TabularEmbedding for 17568/17568 samples
08/01/2026 05:18:40 AM [pe] [INFO ]  Embedding: computing PE.EMBEDDING.TabularEmbedding for 502/502 samples
08/01/2026 05:18:40 AM [pe] [INFO ]  Embedding: finished computing PE.EMBEDDING.TabularEmbedding for 502/502 samples
08/01/2026 05:18:41 AM [pe] [INFO ]  Histogram: finished computing nearest neighbors histogram for 17568 private samples and 502 synthetic samples
08/01/2026 05:18:41 AM [pe] [INFO ]  Composite population: generating 502 next synthetic samples
08/01/2026 05:18:41 AM [pe] [INFO ]  PE population: generating 502*1 next synthetic samples
08/01/2026 05:18:41 AM [pe] [INFO ]  VARIATION API: creating variations for 502 samples
08/01/2026 05:18:41 AM [pe] [INFO ]  VARIATION API: finished creating variations for 502 samples
08/01/2026 05:18:41 AM [pe] [INFO ]  PE population: finished generating 502*1 next synthetic samples
08/01/2026 05:18:41 AM [pe] [INFO ]  Composite population: finished generating 502 next synthetic samples
08/01/2026 05:18:41 AM [pe] [INFO ]  Label 1
08/01/2026 05:18:41 AM [pe] [INFO ]  Histogram: computing nearest neighbors histogram for 17432 private samples and 498 synthetic samples
08/01/2026 05:18:41 AM [pe] [INFO ]  Embedding: computing PE.EMBEDDING.TabularEmbedding for 17432/17432 samples
08/01/2026 05:18:41 AM [pe] [INFO ]  Embedding: finished computing PE.EMBEDDING.TabularEmbedding for 17432/17432 samples
08/01/2026 05:18:41 AM [pe] [INFO ]  Embedding: computing PE.EMBEDDING.TabularEmbedding for 498/498 samples
08/01/2026 05:18:41 AM [pe] [INFO ]  Embedding: finished computing PE.EMBEDDING.TabularEmbedding for 498/498 samples
08/01/2026 05:18:41 AM [pe] [INFO ]  Histogram: finished computing nearest neighbors histogram for 17432 private samples and 498 synthetic samples
08/01/2026 05:18:41 AM [pe] [INFO ]  Composite population: generating 498 next synthetic samples
08/01/2026 05:18:41 AM [pe] [INFO ]  PE population: generating 498*1 next synthetic samples
08/01/2026 05:18:41 AM [pe] [INFO ]  VARIATION API: creating variations for 498 samples
08/01/2026 05:18:41 AM [pe] [INFO ]  VARIATION API: finished creating variations for 498 samples
08/01/2026 05:18:41 AM [pe] [INFO ]  PE population: finished generating 498*1 next synthetic samples
08/01/2026 05:18:41 AM [pe] [INFO ]  Composite population: finished generating 498 next synthetic samples
08/01/2026 05:18:41 AM [pe] [INFO ]  Saving the synthetic tabular data to a CSV file
08/01/2026 05:18:41 AM [pe] [INFO ]  Finished saving the synthetic tabular data to a CSV file
08/01/2026 05:18:41 AM [pe] [INFO ]  Evaluating tabular classifier
08/01/2026 05:18:41 AM [pe] [INFO ]  Number of samples after filtering: 0
08/01/2026 05:18:41 AM [pe] [WARNI]  No samples satisfy the filter criterion {'PE.VARIATION_API_FOLD_ID':-1}. Skipping computation.
08/01/2026 05:18:41 AM [pe] [INFO ]  PE iteration 2
08/01/2026 05:18:41 AM [pe] [WARNI]  fraction_per_label_id is not provided. Assuming the fraction of label ids in private data is public information.
08/01/2026 05:18:41 AM [pe] [INFO ]  Label 0
08/01/2026 05:18:41 AM [pe] [INFO ]  Histogram: computing nearest neighbors histogram for 17568 private samples and 502 synthetic samples
08/01/2026 05:18:41 AM [pe] [INFO ]  Embedding: PE.EMBEDDING.TabularEmbedding already computed
08/01/2026 05:18:41 AM [pe] [INFO ]  Embedding: computing PE.EMBEDDING.TabularEmbedding for 502/502 samples
08/01/2026 05:18:41 AM [pe] [INFO ]  Embedding: finished computing PE.EMBEDDING.TabularEmbedding for 502/502 samples
08/01/2026 05:18:41 AM [pe] [INFO ]  Histogram: finished computing nearest neighbors histogram for 17568 private samples and 502 synthetic samples
08/01/2026 05:18:41 AM [pe] [INFO ]  Composite population: generating 502 next synthetic samples
08/01/2026 05:18:41 AM [pe] [INFO ]  PE population: generating 502*1 next synthetic samples
08/01/2026 05:18:41 AM [pe] [INFO ]  VARIATION API: creating variations for 502 samples
08/01/2026 05:18:41 AM [pe] [INFO ]  VARIATION API: finished creating variations for 502 samples
08/01/2026 05:18:41 AM [pe] [INFO ]  PE population: finished generating 502*1 next synthetic samples
08/01/2026 05:18:41 AM [pe] [INFO ]  Composite population: finished generating 502 next synthetic samples
08/01/2026 05:18:41 AM [pe] [INFO ]  Label 1
08/01/2026 05:18:41 AM [pe] [INFO ]  Histogram: computing nearest neighbors histogram for 17432 private samples and 498 synthetic samples
08/01/2026 05:18:41 AM [pe] [INFO ]  Embedding: PE.EMBEDDING.TabularEmbedding already computed
08/01/2026 05:18:41 AM [pe] [INFO ]  Embedding: computing PE.EMBEDDING.TabularEmbedding for 498/498 samples
08/01/2026 05:18:41 AM [pe] [INFO ]  Embedding: finished computing PE.EMBEDDING.TabularEmbedding for 498/498 samples
08/01/2026 05:18:41 AM [pe] [INFO ]  Histogram: finished computing nearest neighbors histogram for 17432 private samples and 498 synthetic samples
08/01/2026 05:18:41 AM [pe] [INFO ]  Composite population: generating 498 next synthetic samples
08/01/2026 05:18:41 AM [pe] [INFO ]  PE population: generating 498*1 next synthetic samples
08/01/2026 05:18:41 AM [pe] [INFO ]  VARIATION API: creating variations for 498 samples
08/01/2026 05:18:41 AM [pe] [INFO ]  VARIATION API: finished creating variations for 498 samples
08/01/2026 05:18:41 AM [pe] [INFO ]  PE population: finished generating 498*1 next synthetic samples
08/01/2026 05:18:41 AM [pe] [INFO ]  Composite population: finished generating 498 next synthetic samples
08/01/2026 05:18:41 AM [pe] [INFO ]  Saving the synthetic tabular data to a CSV file
08/01/2026 05:18:41 AM [pe] [INFO ]  Finished saving the synthetic tabular data to a CSV file
08/01/2026 05:18:41 AM [pe] [INFO ]  Evaluating tabular classifier
08/01/2026 05:18:41 AM [pe] [INFO ]  Number of samples after filtering: 0
08/01/2026 05:18:41 AM [pe] [WARNI]  No samples satisfy the filter criterion {'PE.VARIATION_API_FOLD_ID':-1}. Skipping computation.
08/01/2026 05:18:41 AM [pe] [INFO ]  PE iteration 3
08/01/2026 05:18:41 AM [pe] [WARNI]  fraction_per_label_id is not provided. Assuming the fraction of label ids in private data is public information.
08/01/2026 05:18:41 AM [pe] [INFO ]  Label 0
08/01/2026 05:18:41 AM [pe] [INFO ]  Histogram: computing nearest neighbors histogram for 17568 private samples and 502 synthetic samples
08/01/2026 05:18:41 AM [pe] [INFO ]  Embedding: PE.EMBEDDING.TabularEmbedding already computed
08/01/2026 05:18:41 AM [pe] [INFO ]  Embedding: computing PE.EMBEDDING.TabularEmbedding for 502/502 samples
08/01/2026 05:18:41 AM [pe] [INFO ]  Embedding: finished computing PE.EMBEDDING.TabularEmbedding for 502/502 samples
08/01/2026 05:18:41 AM [pe] [INFO ]  Histogram: finished computing nearest neighbors histogram for 17568 private samples and 502 synthetic samples
08/01/2026 05:18:41 AM [pe] [INFO ]  Composite population: generating 502 next synthetic samples
08/01/2026 05:18:41 AM [pe] [INFO ]  PE population: generating 502*1 next synthetic samples
08/01/2026 05:18:41 AM [pe] [INFO ]  VARIATION API: creating variations for 502 samples
08/01/2026 05:18:41 AM [pe] [INFO ]  VARIATION API: finished creating variations for 502 samples
08/01/2026 05:18:41 AM [pe] [INFO ]  PE population: finished generating 502*1 next synthetic samples
08/01/2026 05:18:41 AM [pe] [INFO ]  Composite population: finished generating 502 next synthetic samples
08/01/2026 05:18:41 AM [pe] [INFO ]  Label 1
08/01/2026 05:18:41 AM [pe] [INFO ]  Histogram: computing nearest neighbors histogram for 17432 private samples and 498 synthetic samples
08/01/2026 05:18:41 AM [pe] [INFO ]  Embedding: PE.EMBEDDING.TabularEmbedding already computed
08/01/2026 05:18:41 AM [pe] [INFO ]  Embedding: computing PE.EMBEDDING.TabularEmbedding for 498/498 samples
08/01/2026 05:18:41 AM [pe] [INFO ]  Embedding: finished computing PE.EMBEDDING.TabularEmbedding for 498/498 samples
08/01/2026 05:18:41 AM [pe] [INFO ]  Histogram: finished computing nearest neighbors histogram for 17432 private samples and 498 synthetic samples
08/01/2026 05:18:41 AM [pe] [INFO ]  Composite population: generating 498 next synthetic samples
08/01/2026 05:18:41 AM [pe] [INFO ]  PE population: generating 498*1 next synthetic samples
08/01/2026 05:18:41 AM [pe] [INFO ]  VARIATION API: creating variations for 498 samples
08/01/2026 05:18:41 AM [pe] [INFO ]  VARIATION API: finished creating variations for 498 samples
08/01/2026 05:18:42 AM [pe] [INFO ]  PE population: finished generating 498*1 next synthetic samples
08/01/2026 05:18:42 AM [pe] [INFO ]  Composite population: finished generating 498 next synthetic samples
08/01/2026 05:18:42 AM [pe] [INFO ]  Saving the synthetic tabular data to a CSV file
08/01/2026 05:18:42 AM [pe] [INFO ]  Finished saving the synthetic tabular data to a CSV file
08/01/2026 05:18:42 AM [pe] [INFO ]  Evaluating tabular classifier
08/01/2026 05:18:42 AM [pe] [INFO ]  Number of samples after filtering: 0
08/01/2026 05:18:42 AM [pe] [WARNI]  No samples satisfy the filter criterion {'PE.VARIATION_API_FOLD_ID':-1}. Skipping computation.
08/01/2026 05:18:42 AM [pe] [INFO ]  PE iteration 4
08/01/2026 05:18:42 AM [pe] [WARNI]  fraction_per_label_id is not provided. Assuming the fraction of label ids in private data is public information.
08/01/2026 05:18:42 AM [pe] [INFO ]  Label 0
08/01/2026 05:18:42 AM [pe] [INFO ]  Histogram: computing nearest neighbors histogram for 17568 private samples and 502 synthetic samples
08/01/2026 05:18:42 AM [pe] [INFO ]  Embedding: PE.EMBEDDING.TabularEmbedding already computed
08/01/2026 05:18:42 AM [pe] [INFO ]  Embedding: computing PE.EMBEDDING.TabularEmbedding for 502/502 samples
08/01/2026 05:18:42 AM [pe] [INFO ]  Embedding: finished computing PE.EMBEDDING.TabularEmbedding for 502/502 samples
08/01/2026 05:18:42 AM [pe] [INFO ]  Histogram: finished computing nearest neighbors histogram for 17568 private samples and 502 synthetic samples
08/01/2026 05:18:42 AM [pe] [INFO ]  Composite population: generating 502 next synthetic samples
08/01/2026 05:18:42 AM [pe] [INFO ]  PE population: generating 502*1 next synthetic samples
08/01/2026 05:18:42 AM [pe] [INFO ]  VARIATION API: creating variations for 502 samples
08/01/2026 05:18:42 AM [pe] [INFO ]  VARIATION API: finished creating variations for 502 samples
08/01/2026 05:18:42 AM [pe] [INFO ]  PE population: finished generating 502*1 next synthetic samples
08/01/2026 05:18:42 AM [pe] [INFO ]  Composite population: finished generating 502 next synthetic samples
08/01/2026 05:18:42 AM [pe] [INFO ]  Label 1
08/01/2026 05:18:42 AM [pe] [INFO ]  Histogram: computing nearest neighbors histogram for 17432 private samples and 498 synthetic samples
08/01/2026 05:18:42 AM [pe] [INFO ]  Embedding: PE.EMBEDDING.TabularEmbedding already computed
08/01/2026 05:18:42 AM [pe] [INFO ]  Embedding: computing PE.EMBEDDING.TabularEmbedding for 498/498 samples
08/01/2026 05:18:42 AM [pe] [INFO ]  Embedding: finished computing PE.EMBEDDING.TabularEmbedding for 498/498 samples
08/01/2026 05:18:42 AM [pe] [INFO ]  Histogram: finished computing nearest neighbors histogram for 17432 private samples and 498 synthetic samples
08/01/2026 05:18:42 AM [pe] [INFO ]  Composite population: generating 498 next synthetic samples
08/01/2026 05:18:42 AM [pe] [INFO ]  PE population: generating 498*1 next synthetic samples
08/01/2026 05:18:42 AM [pe] [INFO ]  VARIATION API: creating variations for 498 samples
08/01/2026 05:18:42 AM [pe] [INFO ]  VARIATION API: finished creating variations for 498 samples
08/01/2026 05:18:42 AM [pe] [INFO ]  PE population: finished generating 498*1 next synthetic samples
08/01/2026 05:18:42 AM [pe] [INFO ]  Composite population: finished generating 498 next synthetic samples
08/01/2026 05:18:42 AM [pe] [INFO ]  Saving the synthetic tabular data to a CSV file
08/01/2026 05:18:42 AM [pe] [INFO ]  Finished saving the synthetic tabular data to a CSV file
08/01/2026 05:18:42 AM [pe] [INFO ]  Evaluating tabular classifier
08/01/2026 05:18:42 AM [pe] [INFO ]  Number of samples after filtering: 0
08/01/2026 05:18:42 AM [pe] [WARNI]  No samples satisfy the filter criterion {'PE.VARIATION_API_FOLD_ID':-1}. Skipping computation.
08/01/2026 05:18:42 AM [pe] [INFO ]  PE iteration 5
08/01/2026 05:18:42 AM [pe] [WARNI]  fraction_per_label_id is not provided. Assuming the fraction of label ids in private data is public information.
08/01/2026 05:18:42 AM [pe] [INFO ]  Label 0
08/01/2026 05:18:42 AM [pe] [INFO ]  Histogram: computing nearest neighbors histogram for 17568 private samples and 502 synthetic samples
08/01/2026 05:18:42 AM [pe] [INFO ]  Embedding: PE.EMBEDDING.TabularEmbedding already computed
08/01/2026 05:18:42 AM [pe] [INFO ]  Embedding: computing PE.EMBEDDING.TabularEmbedding for 502/502 samples
08/01/2026 05:18:42 AM [pe] [INFO ]  Embedding: finished computing PE.EMBEDDING.TabularEmbedding for 502/502 samples
08/01/2026 05:18:42 AM [pe] [INFO ]  Histogram: finished computing nearest neighbors histogram for 17568 private samples and 502 synthetic samples
08/01/2026 05:18:42 AM [pe] [INFO ]  Composite population: generating 502 next synthetic samples
08/01/2026 05:18:42 AM [pe] [INFO ]  PE population: generating 502*3 next synthetic samples
08/01/2026 05:18:42 AM [pe] [INFO ]  VARIATION API: creating variations for 502 samples
08/01/2026 05:18:42 AM [pe] [INFO ]  VARIATION API: finished creating variations for 502 samples
08/01/2026 05:18:42 AM [pe] [INFO ]  VARIATION API: creating variations for 502 samples
08/01/2026 05:18:42 AM [pe] [INFO ]  VARIATION API: finished creating variations for 502 samples
08/01/2026 05:18:42 AM [pe] [INFO ]  VARIATION API: creating variations for 502 samples
08/01/2026 05:18:42 AM [pe] [INFO ]  VARIATION API: finished creating variations for 502 samples
08/01/2026 05:18:42 AM [pe] [INFO ]  PE population: finished generating 502*3 next synthetic samples
08/01/2026 05:18:42 AM [pe] [INFO ]  Composite population: finished generating 502 next synthetic samples
08/01/2026 05:18:42 AM [pe] [INFO ]  Label 1
08/01/2026 05:18:42 AM [pe] [INFO ]  Histogram: computing nearest neighbors histogram for 17432 private samples and 498 synthetic samples
08/01/2026 05:18:42 AM [pe] [INFO ]  Embedding: PE.EMBEDDING.TabularEmbedding already computed
08/01/2026 05:18:42 AM [pe] [INFO ]  Embedding: computing PE.EMBEDDING.TabularEmbedding for 498/498 samples
08/01/2026 05:18:42 AM [pe] [INFO ]  Embedding: finished computing PE.EMBEDDING.TabularEmbedding for 498/498 samples
08/01/2026 05:18:42 AM [pe] [INFO ]  Histogram: finished computing nearest neighbors histogram for 17432 private samples and 498 synthetic samples
08/01/2026 05:18:42 AM [pe] [INFO ]  Composite population: generating 498 next synthetic samples
08/01/2026 05:18:42 AM [pe] [INFO ]  PE population: generating 498*3 next synthetic samples
08/01/2026 05:18:42 AM [pe] [INFO ]  VARIATION API: creating variations for 498 samples
08/01/2026 05:18:42 AM [pe] [INFO ]  VARIATION API: finished creating variations for 498 samples
08/01/2026 05:18:42 AM [pe] [INFO ]  VARIATION API: creating variations for 498 samples
08/01/2026 05:18:42 AM [pe] [INFO ]  VARIATION API: finished creating variations for 498 samples
08/01/2026 05:18:42 AM [pe] [INFO ]  VARIATION API: creating variations for 498 samples
08/01/2026 05:18:42 AM [pe] [INFO ]  VARIATION API: finished creating variations for 498 samples
08/01/2026 05:18:42 AM [pe] [INFO ]  PE population: finished generating 498*3 next synthetic samples
08/01/2026 05:18:42 AM [pe] [INFO ]  Composite population: finished generating 498 next synthetic samples
08/01/2026 05:18:42 AM [pe] [INFO ]  Saving the synthetic tabular data to a CSV file
08/01/2026 05:18:43 AM [pe] [INFO ]  Finished saving the synthetic tabular data to a CSV file
08/01/2026 05:18:43 AM [pe] [INFO ]  Evaluating tabular classifier
08/01/2026 05:18:43 AM [pe] [INFO ]  Number of samples after filtering: 1000
08/01/2026 05:18:43 AM [pe] [INFO ]  Tabular classifier test accuracy: 50.53%
08/01/2026 05:18:43 AM [pe] [INFO ]  Tabular classifier test AUC: 51.26
08/01/2026 05:18:43 AM [pe] [INFO ]  Tabular classifier test (macro) F1 score: 50.51
08/01/2026 05:18:43 AM [pe] [INFO ]  Finished evaluating tabular classifier (tabular_classifier_xgboost_filter_{'PE.VARIATION_API_FOLD_ID':-1})
08/01/2026 05:18:43 AM [pe] [INFO ]  Iteration: 5
08/01/2026 05:18:43 AM [pe] [INFO ]  	tabular_classifier_xgboost_filter_{'PE.VARIATION_API_FOLD_ID':-1}_test_acc: 50.53333333
08/01/2026 05:18:43 AM [pe] [INFO ]  	tabular_classifier_xgboost_filter_{'PE.VARIATION_API_FOLD_ID':-1}_test_f1: 50.51024339
08/01/2026 05:18:43 AM [pe] [INFO ]  	tabular_classifier_xgboost_filter_{'PE.VARIATION_API_FOLD_ID':-1}_test_auc: 51.26063528
08/01/2026 05:18:43 AM [pe] [INFO ]  PE iteration 6
08/01/2026 05:18:43 AM [pe] [WARNI]  fraction_per_label_id is not provided. Assuming the fraction of label ids in private data is public information.
08/01/2026 05:18:43 AM [pe] [INFO ]  Label 0
08/01/2026 05:18:43 AM [pe] [INFO ]  Histogram: computing nearest neighbors histogram for 17568 private samples and 2008 synthetic samples
08/01/2026 05:18:43 AM [pe] [INFO ]  Embedding: PE.EMBEDDING.TabularEmbedding already computed
08/01/2026 05:18:43 AM [pe] [INFO ]  Embedding: computing PE.EMBEDDING.TabularEmbedding for 1506/2008 samples
08/01/2026 05:18:43 AM [pe] [INFO ]  Embedding: finished computing PE.EMBEDDING.TabularEmbedding for 1506/2008 samples
08/01/2026 05:18:43 AM [pe] [INFO ]  Histogram: finished computing nearest neighbors histogram for 17568 private samples and 2008 synthetic samples
08/01/2026 05:18:43 AM [pe] [INFO ]  Composite population: generating 502 next synthetic samples
08/01/2026 05:18:43 AM [pe] [INFO ]  PE population: generating 502*3 next synthetic samples
08/01/2026 05:18:43 AM [pe] [INFO ]  VARIATION API: creating variations for 502 samples
08/01/2026 05:18:43 AM [pe] [INFO ]  VARIATION API: finished creating variations for 502 samples
08/01/2026 05:18:43 AM [pe] [INFO ]  VARIATION API: creating variations for 502 samples
08/01/2026 05:18:43 AM [pe] [INFO ]  VARIATION API: finished creating variations for 502 samples
08/01/2026 05:18:43 AM [pe] [INFO ]  VARIATION API: creating variations for 502 samples
08/01/2026 05:18:43 AM [pe] [INFO ]  VARIATION API: finished creating variations for 502 samples
08/01/2026 05:18:43 AM [pe] [INFO ]  PE population: finished generating 502*3 next synthetic samples
08/01/2026 05:18:43 AM [pe] [INFO ]  Composite population: finished generating 502 next synthetic samples
08/01/2026 05:18:43 AM [pe] [INFO ]  Label 1
08/01/2026 05:18:43 AM [pe] [INFO ]  Histogram: computing nearest neighbors histogram for 17432 private samples and 1992 synthetic samples
08/01/2026 05:18:43 AM [pe] [INFO ]  Embedding: PE.EMBEDDING.TabularEmbedding already computed
08/01/2026 05:18:43 AM [pe] [INFO ]  Embedding: computing PE.EMBEDDING.TabularEmbedding for 1494/1992 samples
08/01/2026 05:18:43 AM [pe] [INFO ]  Embedding: finished computing PE.EMBEDDING.TabularEmbedding for 1494/1992 samples
08/01/2026 05:18:44 AM [pe] [INFO ]  Histogram: finished computing nearest neighbors histogram for 17432 private samples and 1992 synthetic samples
08/01/2026 05:18:44 AM [pe] [INFO ]  Composite population: generating 498 next synthetic samples
08/01/2026 05:18:44 AM [pe] [INFO ]  PE population: generating 498*3 next synthetic samples
08/01/2026 05:18:44 AM [pe] [INFO ]  VARIATION API: creating variations for 498 samples
08/01/2026 05:18:44 AM [pe] [INFO ]  VARIATION API: finished creating variations for 498 samples
08/01/2026 05:18:44 AM [pe] [INFO ]  VARIATION API: creating variations for 498 samples
08/01/2026 05:18:44 AM [pe] [INFO ]  VARIATION API: finished creating variations for 498 samples
08/01/2026 05:18:44 AM [pe] [INFO ]  VARIATION API: creating variations for 498 samples
08/01/2026 05:18:44 AM [pe] [INFO ]  VARIATION API: finished creating variations for 498 samples
08/01/2026 05:18:44 AM [pe] [INFO ]  PE population: finished generating 498*3 next synthetic samples
08/01/2026 05:18:44 AM [pe] [INFO ]  Composite population: finished generating 498 next synthetic samples
08/01/2026 05:18:44 AM [pe] [INFO ]  Saving the synthetic tabular data to a CSV file
08/01/2026 05:18:44 AM [pe] [INFO ]  Finished saving the synthetic tabular data to a CSV file
08/01/2026 05:18:44 AM [pe] [INFO ]  Evaluating tabular classifier
08/01/2026 05:18:44 AM [pe] [INFO ]  Number of samples after filtering: 1000
08/01/2026 05:18:44 AM [pe] [INFO ]  Tabular classifier test accuracy: 49.80%
08/01/2026 05:18:44 AM [pe] [INFO ]  Tabular classifier test AUC: 49.34
08/01/2026 05:18:44 AM [pe] [INFO ]  Tabular classifier test (macro) F1 score: 49.80
08/01/2026 05:18:44 AM [pe] [INFO ]  Finished evaluating tabular classifier (tabular_classifier_xgboost_filter_{'PE.VARIATION_API_FOLD_ID':-1})
08/01/2026 05:18:44 AM [pe] [INFO ]  Iteration: 6
08/01/2026 05:18:44 AM [pe] [INFO ]  	tabular_classifier_xgboost_filter_{'PE.VARIATION_API_FOLD_ID':-1}_test_acc: 49.80000000
08/01/2026 05:18:44 AM [pe] [INFO ]  	tabular_classifier_xgboost_filter_{'PE.VARIATION_API_FOLD_ID':-1}_test_f1: 49.79599350
08/01/2026 05:18:44 AM [pe] [INFO ]  	tabular_classifier_xgboost_filter_{'PE.VARIATION_API_FOLD_ID':-1}_test_auc: 49.33817608
08/01/2026 05:18:44 AM [pe] [INFO ]  PE iteration 7
08/01/2026 05:18:44 AM [pe] [WARNI]  fraction_per_label_id is not provided. Assuming the fraction of label ids in private data is public information.
08/01/2026 05:18:44 AM [pe] [INFO ]  Label 0
08/01/2026 05:18:44 AM [pe] [INFO ]  Histogram: computing nearest neighbors histogram for 17568 private samples and 2008 synthetic samples
08/01/2026 05:18:44 AM [pe] [INFO ]  Embedding: PE.EMBEDDING.TabularEmbedding already computed
08/01/2026 05:18:44 AM [pe] [INFO ]  Embedding: computing PE.EMBEDDING.TabularEmbedding for 1506/2008 samples
08/01/2026 05:18:44 AM [pe] [INFO ]  Embedding: finished computing PE.EMBEDDING.TabularEmbedding for 1506/2008 samples
08/01/2026 05:18:44 AM [pe] [INFO ]  Histogram: finished computing nearest neighbors histogram for 17568 private samples and 2008 synthetic samples
08/01/2026 05:18:44 AM [pe] [INFO ]  Composite population: generating 502 next synthetic samples
08/01/2026 05:18:44 AM [pe] [INFO ]  PE population: generating 502*3 next synthetic samples
08/01/2026 05:18:44 AM [pe] [INFO ]  VARIATION API: creating variations for 502 samples
08/01/2026 05:18:44 AM [pe] [INFO ]  VARIATION API: finished creating variations for 502 samples
08/01/2026 05:18:44 AM [pe] [INFO ]  VARIATION API: creating variations for 502 samples
08/01/2026 05:18:44 AM [pe] [INFO ]  VARIATION API: finished creating variations for 502 samples
08/01/2026 05:18:44 AM [pe] [INFO ]  VARIATION API: creating variations for 502 samples
08/01/2026 05:18:45 AM [pe] [INFO ]  VARIATION API: finished creating variations for 502 samples
08/01/2026 05:18:45 AM [pe] [INFO ]  PE population: finished generating 502*3 next synthetic samples
08/01/2026 05:18:45 AM [pe] [INFO ]  Composite population: finished generating 502 next synthetic samples
08/01/2026 05:18:45 AM [pe] [INFO ]  Label 1
08/01/2026 05:18:45 AM [pe] [INFO ]  Histogram: computing nearest neighbors histogram for 17432 private samples and 1992 synthetic samples
08/01/2026 05:18:45 AM [pe] [INFO ]  Embedding: PE.EMBEDDING.TabularEmbedding already computed
08/01/2026 05:18:45 AM [pe] [INFO ]  Embedding: computing PE.EMBEDDING.TabularEmbedding for 1494/1992 samples
08/01/2026 05:18:45 AM [pe] [INFO ]  Embedding: finished computing PE.EMBEDDING.TabularEmbedding for 1494/1992 samples
08/01/2026 05:18:45 AM [pe] [INFO ]  Histogram: finished computing nearest neighbors histogram for 17432 private samples and 1992 synthetic samples
08/01/2026 05:18:45 AM [pe] [INFO ]  Composite population: generating 498 next synthetic samples
08/01/2026 05:18:45 AM [pe] [INFO ]  PE population: generating 498*3 next synthetic samples
08/01/2026 05:18:45 AM [pe] [INFO ]  VARIATION API: creating variations for 498 samples
08/01/2026 05:18:45 AM [pe] [INFO ]  VARIATION API: finished creating variations for 498 samples
08/01/2026 05:18:45 AM [pe] [INFO ]  VARIATION API: creating variations for 498 samples
08/01/2026 05:18:45 AM [pe] [INFO ]  VARIATION API: finished creating variations for 498 samples
08/01/2026 05:18:45 AM [pe] [INFO ]  VARIATION API: creating variations for 498 samples
08/01/2026 05:18:45 AM [pe] [INFO ]  VARIATION API: finished creating variations for 498 samples
08/01/2026 05:18:45 AM [pe] [INFO ]  PE population: finished generating 498*3 next synthetic samples
08/01/2026 05:18:45 AM [pe] [INFO ]  Composite population: finished generating 498 next synthetic samples
08/01/2026 05:18:45 AM [pe] [INFO ]  Saving the synthetic tabular data to a CSV file
08/01/2026 05:18:45 AM [pe] [INFO ]  Finished saving the synthetic tabular data to a CSV file
08/01/2026 05:18:45 AM [pe] [INFO ]  Evaluating tabular classifier
08/01/2026 05:18:45 AM [pe] [INFO ]  Number of samples after filtering: 1000
08/01/2026 05:18:45 AM [pe] [INFO ]  Tabular classifier test accuracy: 49.45%
08/01/2026 05:18:45 AM [pe] [INFO ]  Tabular classifier test AUC: 49.86
08/01/2026 05:18:45 AM [pe] [INFO ]  Tabular classifier test (macro) F1 score: 49.45
08/01/2026 05:18:45 AM [pe] [INFO ]  Finished evaluating tabular classifier (tabular_classifier_xgboost_filter_{'PE.VARIATION_API_FOLD_ID':-1})
08/01/2026 05:18:45 AM [pe] [INFO ]  Iteration: 7
08/01/2026 05:18:45 AM [pe] [INFO ]  	tabular_classifier_xgboost_filter_{'PE.VARIATION_API_FOLD_ID':-1}_test_acc: 49.45333333
08/01/2026 05:18:45 AM [pe] [INFO ]  	tabular_classifier_xgboost_filter_{'PE.VARIATION_API_FOLD_ID':-1}_test_f1: 49.45307363
08/01/2026 05:18:45 AM [pe] [INFO ]  	tabular_classifier_xgboost_filter_{'PE.VARIATION_API_FOLD_ID':-1}_test_auc: 49.86013287
08/01/2026 05:18:45 AM [pe] [INFO ]  PE iteration 8
08/01/2026 05:18:45 AM [pe] [WARNI]  fraction_per_label_id is not provided. Assuming the fraction of label ids in private data is public information.
08/01/2026 05:18:45 AM [pe] [INFO ]  Label 0
08/01/2026 05:18:45 AM [pe] [INFO ]  Histogram: computing nearest neighbors histogram for 17568 private samples and 2008 synthetic samples
08/01/2026 05:18:45 AM [pe] [INFO ]  Embedding: PE.EMBEDDING.TabularEmbedding already computed
08/01/2026 05:18:45 AM [pe] [INFO ]  Embedding: computing PE.EMBEDDING.TabularEmbedding for 1506/2008 samples
08/01/2026 05:18:45 AM [pe] [INFO ]  Embedding: finished computing PE.EMBEDDING.TabularEmbedding for 1506/2008 samples
08/01/2026 05:18:46 AM [pe] [INFO ]  Histogram: finished computing nearest neighbors histogram for 17568 private samples and 2008 synthetic samples
08/01/2026 05:18:46 AM [pe] [INFO ]  Composite population: generating 502 next synthetic samples
08/01/2026 05:18:46 AM [pe] [INFO ]  PE population: generating 502*3 next synthetic samples
08/01/2026 05:18:46 AM [pe] [INFO ]  VARIATION API: creating variations for 502 samples
08/01/2026 05:18:46 AM [pe] [INFO ]  VARIATION API: finished creating variations for 502 samples
08/01/2026 05:18:46 AM [pe] [INFO ]  VARIATION API: creating variations for 502 samples
08/01/2026 05:18:46 AM [pe] [INFO ]  VARIATION API: finished creating variations for 502 samples
08/01/2026 05:18:46 AM [pe] [INFO ]  VARIATION API: creating variations for 502 samples
08/01/2026 05:18:46 AM [pe] [INFO ]  VARIATION API: finished creating variations for 502 samples
08/01/2026 05:18:46 AM [pe] [INFO ]  PE population: finished generating 502*3 next synthetic samples
08/01/2026 05:18:46 AM [pe] [INFO ]  Composite population: finished generating 502 next synthetic samples
08/01/2026 05:18:46 AM [pe] [INFO ]  Label 1
08/01/2026 05:18:46 AM [pe] [INFO ]  Histogram: computing nearest neighbors histogram for 17432 private samples and 1992 synthetic samples
08/01/2026 05:18:46 AM [pe] [INFO ]  Embedding: PE.EMBEDDING.TabularEmbedding already computed
08/01/2026 05:18:46 AM [pe] [INFO ]  Embedding: computing PE.EMBEDDING.TabularEmbedding for 1494/1992 samples
08/01/2026 05:18:46 AM [pe] [INFO ]  Embedding: finished computing PE.EMBEDDING.TabularEmbedding for 1494/1992 samples
08/01/2026 05:18:46 AM [pe] [INFO ]  Histogram: finished computing nearest neighbors histogram for 17432 private samples and 1992 synthetic samples
08/01/2026 05:18:46 AM [pe] [INFO ]  Composite population: generating 498 next synthetic samples
08/01/2026 05:18:46 AM [pe] [INFO ]  PE population: generating 498*3 next synthetic samples
08/01/2026 05:18:46 AM [pe] [INFO ]  VARIATION API: creating variations for 498 samples
08/01/2026 05:18:46 AM [pe] [INFO ]  VARIATION API: finished creating variations for 498 samples
08/01/2026 05:18:46 AM [pe] [INFO ]  VARIATION API: creating variations for 498 samples
08/01/2026 05:18:46 AM [pe] [INFO ]  VARIATION API: finished creating variations for 498 samples
08/01/2026 05:18:46 AM [pe] [INFO ]  VARIATION API: creating variations for 498 samples
08/01/2026 05:18:46 AM [pe] [INFO ]  VARIATION API: finished creating variations for 498 samples
08/01/2026 05:18:46 AM [pe] [INFO ]  PE population: finished generating 498*3 next synthetic samples
08/01/2026 05:18:46 AM [pe] [INFO ]  Composite population: finished generating 498 next synthetic samples
08/01/2026 05:18:46 AM [pe] [INFO ]  Saving the synthetic tabular data to a CSV file
08/01/2026 05:18:47 AM [pe] [INFO ]  Finished saving the synthetic tabular data to a CSV file
08/01/2026 05:18:47 AM [pe] [INFO ]  Evaluating tabular classifier
08/01/2026 05:18:47 AM [pe] [INFO ]  Number of samples after filtering: 1000
08/01/2026 05:18:47 AM [pe] [INFO ]  Tabular classifier test accuracy: 49.89%
08/01/2026 05:18:47 AM [pe] [INFO ]  Tabular classifier test AUC: 50.30
08/01/2026 05:18:47 AM [pe] [INFO ]  Tabular classifier test (macro) F1 score: 49.89
08/01/2026 05:18:47 AM [pe] [INFO ]  Finished evaluating tabular classifier (tabular_classifier_xgboost_filter_{'PE.VARIATION_API_FOLD_ID':-1})
08/01/2026 05:18:47 AM [pe] [INFO ]  Iteration: 8
08/01/2026 05:18:47 AM [pe] [INFO ]  	tabular_classifier_xgboost_filter_{'PE.VARIATION_API_FOLD_ID':-1}_test_acc: 49.89333333
08/01/2026 05:18:47 AM [pe] [INFO ]  	tabular_classifier_xgboost_filter_{'PE.VARIATION_API_FOLD_ID':-1}_test_f1: 49.88734298
08/01/2026 05:18:47 AM [pe] [INFO ]  	tabular_classifier_xgboost_filter_{'PE.VARIATION_API_FOLD_ID':-1}_test_auc: 50.29664119
08/01/2026 05:18:47 AM [pe] [INFO ]  PE iteration 9
08/01/2026 05:18:47 AM [pe] [WARNI]  fraction_per_label_id is not provided. Assuming the fraction of label ids in private data is public information.
08/01/2026 05:18:47 AM [pe] [INFO ]  Label 0
08/01/2026 05:18:47 AM [pe] [INFO ]  Histogram: computing nearest neighbors histogram for 17568 private samples and 2008 synthetic samples
08/01/2026 05:18:47 AM [pe] [INFO ]  Embedding: PE.EMBEDDING.TabularEmbedding already computed
08/01/2026 05:18:47 AM [pe] [INFO ]  Embedding: computing PE.EMBEDDING.TabularEmbedding for 1506/2008 samples
08/01/2026 05:18:47 AM [pe] [INFO ]  Embedding: finished computing PE.EMBEDDING.TabularEmbedding for 1506/2008 samples
08/01/2026 05:18:47 AM [pe] [INFO ]  Histogram: finished computing nearest neighbors histogram for 17568 private samples and 2008 synthetic samples
08/01/2026 05:18:47 AM [pe] [INFO ]  Composite population: generating 502 next synthetic samples
08/01/2026 05:18:47 AM [pe] [INFO ]  PE population: generating 502*3 next synthetic samples
08/01/2026 05:18:47 AM [pe] [INFO ]  VARIATION API: creating variations for 502 samples
08/01/2026 05:18:47 AM [pe] [INFO ]  VARIATION API: finished creating variations for 502 samples
08/01/2026 05:18:47 AM [pe] [INFO ]  VARIATION API: creating variations for 502 samples
08/01/2026 05:18:47 AM [pe] [INFO ]  VARIATION API: finished creating variations for 502 samples
08/01/2026 05:18:47 AM [pe] [INFO ]  VARIATION API: creating variations for 502 samples
08/01/2026 05:18:47 AM [pe] [INFO ]  VARIATION API: finished creating variations for 502 samples
08/01/2026 05:18:47 AM [pe] [INFO ]  PE population: finished generating 502*3 next synthetic samples
08/01/2026 05:18:47 AM [pe] [INFO ]  Composite population: finished generating 502 next synthetic samples
08/01/2026 05:18:47 AM [pe] [INFO ]  Label 1
08/01/2026 05:18:47 AM [pe] [INFO ]  Histogram: computing nearest neighbors histogram for 17432 private samples and 1992 synthetic samples
08/01/2026 05:18:47 AM [pe] [INFO ]  Embedding: PE.EMBEDDING.TabularEmbedding already computed
08/01/2026 05:18:47 AM [pe] [INFO ]  Embedding: computing PE.EMBEDDING.TabularEmbedding for 1494/1992 samples
08/01/2026 05:18:47 AM [pe] [INFO ]  Embedding: finished computing PE.EMBEDDING.TabularEmbedding for 1494/1992 samples
08/01/2026 05:18:47 AM [pe] [INFO ]  Histogram: finished computing nearest neighbors histogram for 17432 private samples and 1992 synthetic samples
08/01/2026 05:18:47 AM [pe] [INFO ]  Composite population: generating 498 next synthetic samples
08/01/2026 05:18:47 AM [pe] [INFO ]  PE population: generating 498*3 next synthetic samples
08/01/2026 05:18:47 AM [pe] [INFO ]  VARIATION API: creating variations for 498 samples
08/01/2026 05:18:47 AM [pe] [INFO ]  VARIATION API: finished creating variations for 498 samples
08/01/2026 05:18:47 AM [pe] [INFO ]  VARIATION API: creating variations for 498 samples
08/01/2026 05:18:47 AM [pe] [INFO ]  VARIATION API: finished creating variations for 498 samples
08/01/2026 05:18:47 AM [pe] [INFO ]  VARIATION API: creating variations for 498 samples
08/01/2026 05:18:47 AM [pe] [INFO ]  VARIATION API: finished creating variations for 498 samples
08/01/2026 05:18:47 AM [pe] [INFO ]  PE population: finished generating 498*3 next synthetic samples
08/01/2026 05:18:47 AM [pe] [INFO ]  Composite population: finished generating 498 next synthetic samples
08/01/2026 05:18:47 AM [pe] [INFO ]  Saving the synthetic tabular data to a CSV file
08/01/2026 05:18:48 AM [pe] [INFO ]  Finished saving the synthetic tabular data to a CSV file
08/01/2026 05:18:48 AM [pe] [INFO ]  Evaluating tabular classifier
08/01/2026 05:18:48 AM [pe] [INFO ]  Number of samples after filtering: 1000
08/01/2026 05:18:48 AM [pe] [INFO ]  Tabular classifier test accuracy: 51.08%
08/01/2026 05:18:48 AM [pe] [INFO ]  Tabular classifier test AUC: 51.52
08/01/2026 05:18:48 AM [pe] [INFO ]  Tabular classifier test (macro) F1 score: 51.06
08/01/2026 05:18:48 AM [pe] [INFO ]  Finished evaluating tabular classifier (tabular_classifier_xgboost_filter_{'PE.VARIATION_API_FOLD_ID':-1})
08/01/2026 05:18:48 AM [pe] [INFO ]  Iteration: 9
08/01/2026 05:18:48 AM [pe] [INFO ]  	tabular_classifier_xgboost_filter_{'PE.VARIATION_API_FOLD_ID':-1}_test_acc: 51.08000000
08/01/2026 05:18:48 AM [pe] [INFO ]  	tabular_classifier_xgboost_filter_{'PE.VARIATION_API_FOLD_ID':-1}_test_f1: 51.06414478
08/01/2026 05:18:48 AM [pe] [INFO ]  	tabular_classifier_xgboost_filter_{'PE.VARIATION_API_FOLD_ID':-1}_test_auc: 51.51554780
08/01/2026 05:18:48 AM [pe] [INFO ]  PE iteration 10
08/01/2026 05:18:48 AM [pe] [WARNI]  fraction_per_label_id is not provided. Assuming the fraction of label ids in private data is public information.
08/01/2026 05:18:48 AM [pe] [INFO ]  Label 0
08/01/2026 05:18:48 AM [pe] [INFO ]  Histogram: computing nearest neighbors histogram for 17568 private samples and 2008 synthetic samples
08/01/2026 05:18:48 AM [pe] [INFO ]  Embedding: PE.EMBEDDING.TabularEmbedding already computed
08/01/2026 05:18:48 AM [pe] [INFO ]  Embedding: computing PE.EMBEDDING.TabularEmbedding for 1506/2008 samples
08/01/2026 05:18:48 AM [pe] [INFO ]  Embedding: finished computing PE.EMBEDDING.TabularEmbedding for 1506/2008 samples
08/01/2026 05:18:48 AM [pe] [INFO ]  Histogram: finished computing nearest neighbors histogram for 17568 private samples and 2008 synthetic samples
08/01/2026 05:18:48 AM [pe] [INFO ]  Composite population: generating 502 next synthetic samples
08/01/2026 05:18:48 AM [pe] [INFO ]  PE population: generating 502*3 next synthetic samples
08/01/2026 05:18:48 AM [pe] [INFO ]  VARIATION API: creating variations for 502 samples
08/01/2026 05:18:48 AM [pe] [INFO ]  VARIATION API: finished creating variations for 502 samples
08/01/2026 05:18:48 AM [pe] [INFO ]  VARIATION API: creating variations for 502 samples
08/01/2026 05:18:48 AM [pe] [INFO ]  VARIATION API: finished creating variations for 502 samples
08/01/2026 05:18:48 AM [pe] [INFO ]  VARIATION API: creating variations for 502 samples
08/01/2026 05:18:48 AM [pe] [INFO ]  VARIATION API: finished creating variations for 502 samples
08/01/2026 05:18:48 AM [pe] [INFO ]  PE population: finished generating 502*3 next synthetic samples
08/01/2026 05:18:48 AM [pe] [INFO ]  Composite population: finished generating 502 next synthetic samples
08/01/2026 05:18:48 AM [pe] [INFO ]  Label 1
08/01/2026 05:18:48 AM [pe] [INFO ]  Histogram: computing nearest neighbors histogram for 17432 private samples and 1992 synthetic samples
08/01/2026 05:18:48 AM [pe] [INFO ]  Embedding: PE.EMBEDDING.TabularEmbedding already computed
08/01/2026 05:18:48 AM [pe] [INFO ]  Embedding: computing PE.EMBEDDING.TabularEmbedding for 1494/1992 samples
08/01/2026 05:18:48 AM [pe] [INFO ]  Embedding: finished computing PE.EMBEDDING.TabularEmbedding for 1494/1992 samples
08/01/2026 05:18:48 AM [pe] [INFO ]  Histogram: finished computing nearest neighbors histogram for 17432 private samples and 1992 synthetic samples
08/01/2026 05:18:48 AM [pe] [INFO ]  Composite population: generating 498 next synthetic samples
08/01/2026 05:18:48 AM [pe] [INFO ]  PE population: generating 498*3 next synthetic samples
08/01/2026 05:18:48 AM [pe] [INFO ]  VARIATION API: creating variations for 498 samples
08/01/2026 05:18:48 AM [pe] [INFO ]  VARIATION API: finished creating variations for 498 samples
08/01/2026 05:18:48 AM [pe] [INFO ]  VARIATION API: creating variations for 498 samples
08/01/2026 05:18:48 AM [pe] [INFO ]  VARIATION API: finished creating variations for 498 samples
08/01/2026 05:18:48 AM [pe] [INFO ]  VARIATION API: creating variations for 498 samples
08/01/2026 05:18:48 AM [pe] [INFO ]  VARIATION API: finished creating variations for 498 samples
08/01/2026 05:18:48 AM [pe] [INFO ]  PE population: finished generating 498*3 next synthetic samples
08/01/2026 05:18:48 AM [pe] [INFO ]  Composite population: finished generating 498 next synthetic samples
08/01/2026 05:18:48 AM [pe] [INFO ]  Saving the synthetic tabular data to a CSV file
08/01/2026 05:18:49 AM [pe] [INFO ]  Finished saving the synthetic tabular data to a CSV file
08/01/2026 05:18:49 AM [pe] [INFO ]  Evaluating tabular classifier
08/01/2026 05:18:49 AM [pe] [INFO ]  Number of samples after filtering: 1000
08/01/2026 05:18:49 AM [pe] [INFO ]  Tabular classifier test accuracy: 50.71%
08/01/2026 05:18:49 AM [pe] [INFO ]  Tabular classifier test AUC: 50.41
08/01/2026 05:18:49 AM [pe] [INFO ]  Tabular classifier test (macro) F1 score: 50.71
08/01/2026 05:18:49 AM [pe] [INFO ]  Finished evaluating tabular classifier (tabular_classifier_xgboost_filter_{'PE.VARIATION_API_FOLD_ID':-1})
08/01/2026 05:18:49 AM [pe] [INFO ]  Iteration: 10
08/01/2026 05:18:49 AM [pe] [INFO ]  	tabular_classifier_xgboost_filter_{'PE.VARIATION_API_FOLD_ID':-1}_test_acc: 50.70666667
08/01/2026 05:18:49 AM [pe] [INFO ]  	tabular_classifier_xgboost_filter_{'PE.VARIATION_API_FOLD_ID':-1}_test_f1: 50.70620309
08/01/2026 05:18:49 AM [pe] [INFO ]  	tabular_classifier_xgboost_filter_{'PE.VARIATION_API_FOLD_ID':-1}_test_auc: 50.41183592
08/01/2026 05:18:49 AM [pe] [INFO ]  PE iteration 11
08/01/2026 05:18:49 AM [pe] [WARNI]  fraction_per_label_id is not provided. Assuming the fraction of label ids in private data is public information.
08/01/2026 05:18:49 AM [pe] [INFO ]  Label 0
08/01/2026 05:18:49 AM [pe] [INFO ]  Histogram: computing nearest neighbors histogram for 17568 private samples and 2008 synthetic samples
08/01/2026 05:18:49 AM [pe] [INFO ]  Embedding: PE.EMBEDDING.TabularEmbedding already computed
08/01/2026 05:18:49 AM [pe] [INFO ]  Embedding: computing PE.EMBEDDING.TabularEmbedding for 1506/2008 samples
08/01/2026 05:18:49 AM [pe] [INFO ]  Embedding: finished computing PE.EMBEDDING.TabularEmbedding for 1506/2008 samples
08/01/2026 05:18:49 AM [pe] [INFO ]  Histogram: finished computing nearest neighbors histogram for 17568 private samples and 2008 synthetic samples
08/01/2026 05:18:49 AM [pe] [INFO ]  Composite population: generating 502 next synthetic samples
08/01/2026 05:18:49 AM [pe] [INFO ]  PE population: generating 502*3 next synthetic samples
08/01/2026 05:18:49 AM [pe] [INFO ]  VARIATION API: creating variations for 502 samples
08/01/2026 05:18:49 AM [pe] [INFO ]  VARIATION API: finished creating variations for 502 samples
08/01/2026 05:18:49 AM [pe] [INFO ]  VARIATION API: creating variations for 502 samples
08/01/2026 05:18:49 AM [pe] [INFO ]  VARIATION API: finished creating variations for 502 samples
08/01/2026 05:18:49 AM [pe] [INFO ]  VARIATION API: creating variations for 502 samples
08/01/2026 05:18:49 AM [pe] [INFO ]  VARIATION API: finished creating variations for 502 samples
08/01/2026 05:18:49 AM [pe] [INFO ]  PE population: finished generating 502*3 next synthetic samples
08/01/2026 05:18:49 AM [pe] [INFO ]  Composite population: finished generating 502 next synthetic samples
08/01/2026 05:18:49 AM [pe] [INFO ]  Label 1
08/01/2026 05:18:49 AM [pe] [INFO ]  Histogram: computing nearest neighbors histogram for 17432 private samples and 1992 synthetic samples
08/01/2026 05:18:49 AM [pe] [INFO ]  Embedding: PE.EMBEDDING.TabularEmbedding already computed
08/01/2026 05:18:49 AM [pe] [INFO ]  Embedding: computing PE.EMBEDDING.TabularEmbedding for 1494/1992 samples
08/01/2026 05:18:49 AM [pe] [INFO ]  Embedding: finished computing PE.EMBEDDING.TabularEmbedding for 1494/1992 samples
08/01/2026 05:18:50 AM [pe] [INFO ]  Histogram: finished computing nearest neighbors histogram for 17432 private samples and 1992 synthetic samples
08/01/2026 05:18:50 AM [pe] [INFO ]  Composite population: generating 498 next synthetic samples
08/01/2026 05:18:50 AM [pe] [INFO ]  PE population: generating 498*3 next synthetic samples
08/01/2026 05:18:50 AM [pe] [INFO ]  VARIATION API: creating variations for 498 samples
08/01/2026 05:18:50 AM [pe] [INFO ]  VARIATION API: finished creating variations for 498 samples
08/01/2026 05:18:50 AM [pe] [INFO ]  VARIATION API: creating variations for 498 samples
08/01/2026 05:18:50 AM [pe] [INFO ]  VARIATION API: finished creating variations for 498 samples
08/01/2026 05:18:50 AM [pe] [INFO ]  VARIATION API: creating variations for 498 samples
08/01/2026 05:18:50 AM [pe] [INFO ]  VARIATION API: finished creating variations for 498 samples
08/01/2026 05:18:50 AM [pe] [INFO ]  PE population: finished generating 498*3 next synthetic samples
08/01/2026 05:18:50 AM [pe] [INFO ]  Composite population: finished generating 498 next synthetic samples
08/01/2026 05:18:50 AM [pe] [INFO ]  Saving the synthetic tabular data to a CSV file
08/01/2026 05:18:50 AM [pe] [INFO ]  Finished saving the synthetic tabular data to a CSV file
08/01/2026 05:18:50 AM [pe] [INFO ]  Evaluating tabular classifier
08/01/2026 05:18:50 AM [pe] [INFO ]  Number of samples after filtering: 1000
08/01/2026 05:18:50 AM [pe] [INFO ]  Tabular classifier test accuracy: 50.88%
08/01/2026 05:18:50 AM [pe] [INFO ]  Tabular classifier test AUC: 51.12
08/01/2026 05:18:50 AM [pe] [INFO ]  Tabular classifier test (macro) F1 score: 50.87
08/01/2026 05:18:50 AM [pe] [INFO ]  Finished evaluating tabular classifier (tabular_classifier_xgboost_filter_{'PE.VARIATION_API_FOLD_ID':-1})
08/01/2026 05:18:50 AM [pe] [INFO ]  Iteration: 11
08/01/2026 05:18:50 AM [pe] [INFO ]  	tabular_classifier_xgboost_filter_{'PE.VARIATION_API_FOLD_ID':-1}_test_acc: 50.88000000
08/01/2026 05:18:50 AM [pe] [INFO ]  	tabular_classifier_xgboost_filter_{'PE.VARIATION_API_FOLD_ID':-1}_test_f1: 50.87228280
08/01/2026 05:18:50 AM [pe] [INFO ]  	tabular_classifier_xgboost_filter_{'PE.VARIATION_API_FOLD_ID':-1}_test_auc: 51.12190595
08/01/2026 05:18:50 AM [pe] [INFO ]  PE iteration 12
08/01/2026 05:18:50 AM [pe] [WARNI]  fraction_per_label_id is not provided. Assuming the fraction of label ids in private data is public information.
08/01/2026 05:18:50 AM [pe] [INFO ]  Label 0
08/01/2026 05:18:50 AM [pe] [INFO ]  Histogram: computing nearest neighbors histogram for 17568 private samples and 2008 synthetic samples
08/01/2026 05:18:50 AM [pe] [INFO ]  Embedding: PE.EMBEDDING.TabularEmbedding already computed
08/01/2026 05:18:50 AM [pe] [INFO ]  Embedding: computing PE.EMBEDDING.TabularEmbedding for 1506/2008 samples
08/01/2026 05:18:50 AM [pe] [INFO ]  Embedding: finished computing PE.EMBEDDING.TabularEmbedding for 1506/2008 samples
08/01/2026 05:18:51 AM [pe] [INFO ]  Histogram: finished computing nearest neighbors histogram for 17568 private samples and 2008 synthetic samples
08/01/2026 05:18:51 AM [pe] [INFO ]  Composite population: generating 502 next synthetic samples
08/01/2026 05:18:51 AM [pe] [INFO ]  PE population: generating 502*3 next synthetic samples
08/01/2026 05:18:51 AM [pe] [INFO ]  VARIATION API: creating variations for 502 samples
08/01/2026 05:18:51 AM [pe] [INFO ]  VARIATION API: finished creating variations for 502 samples
08/01/2026 05:18:51 AM [pe] [INFO ]  VARIATION API: creating variations for 502 samples
08/01/2026 05:18:51 AM [pe] [INFO ]  VARIATION API: finished creating variations for 502 samples
08/01/2026 05:18:51 AM [pe] [INFO ]  VARIATION API: creating variations for 502 samples
08/01/2026 05:18:51 AM [pe] [INFO ]  VARIATION API: finished creating variations for 502 samples
08/01/2026 05:18:51 AM [pe] [INFO ]  PE population: finished generating 502*3 next synthetic samples
08/01/2026 05:18:51 AM [pe] [INFO ]  Composite population: finished generating 502 next synthetic samples
08/01/2026 05:18:51 AM [pe] [INFO ]  Label 1
08/01/2026 05:18:51 AM [pe] [INFO ]  Histogram: computing nearest neighbors histogram for 17432 private samples and 1992 synthetic samples
08/01/2026 05:18:51 AM [pe] [INFO ]  Embedding: PE.EMBEDDING.TabularEmbedding already computed
08/01/2026 05:18:51 AM [pe] [INFO ]  Embedding: computing PE.EMBEDDING.TabularEmbedding for 1494/1992 samples
08/01/2026 05:18:51 AM [pe] [INFO ]  Embedding: finished computing PE.EMBEDDING.TabularEmbedding for 1494/1992 samples
08/01/2026 05:18:51 AM [pe] [INFO ]  Histogram: finished computing nearest neighbors histogram for 17432 private samples and 1992 synthetic samples
08/01/2026 05:18:51 AM [pe] [INFO ]  Composite population: generating 498 next synthetic samples
08/01/2026 05:18:51 AM [pe] [INFO ]  PE population: generating 498*3 next synthetic samples
08/01/2026 05:18:51 AM [pe] [INFO ]  VARIATION API: creating variations for 498 samples
08/01/2026 05:18:51 AM [pe] [INFO ]  VARIATION API: finished creating variations for 498 samples
08/01/2026 05:18:51 AM [pe] [INFO ]  VARIATION API: creating variations for 498 samples
08/01/2026 05:18:51 AM [pe] [INFO ]  VARIATION API: finished creating variations for 498 samples
08/01/2026 05:18:51 AM [pe] [INFO ]  VARIATION API: creating variations for 498 samples
08/01/2026 05:18:51 AM [pe] [INFO ]  VARIATION API: finished creating variations for 498 samples
08/01/2026 05:18:51 AM [pe] [INFO ]  PE population: finished generating 498*3 next synthetic samples
08/01/2026 05:18:51 AM [pe] [INFO ]  Composite population: finished generating 498 next synthetic samples
08/01/2026 05:18:51 AM [pe] [INFO ]  Saving the synthetic tabular data to a CSV file
08/01/2026 05:18:51 AM [pe] [INFO ]  Finished saving the synthetic tabular data to a CSV file
08/01/2026 05:18:51 AM [pe] [INFO ]  Evaluating tabular classifier
08/01/2026 05:18:51 AM [pe] [INFO ]  Number of samples after filtering: 1000
08/01/2026 05:18:52 AM [pe] [INFO ]  Tabular classifier test accuracy: 50.79%
08/01/2026 05:18:52 AM [pe] [INFO ]  Tabular classifier test AUC: 50.61
08/01/2026 05:18:52 AM [pe] [INFO ]  Tabular classifier test (macro) F1 score: 50.79
08/01/2026 05:18:52 AM [pe] [INFO ]  Finished evaluating tabular classifier (tabular_classifier_xgboost_filter_{'PE.VARIATION_API_FOLD_ID':-1})
08/01/2026 05:18:52 AM [pe] [INFO ]  Iteration: 12
08/01/2026 05:18:52 AM [pe] [INFO ]  	tabular_classifier_xgboost_filter_{'PE.VARIATION_API_FOLD_ID':-1}_test_acc: 50.78666667
08/01/2026 05:18:52 AM [pe] [INFO ]  	tabular_classifier_xgboost_filter_{'PE.VARIATION_API_FOLD_ID':-1}_test_f1: 50.78651881
08/01/2026 05:18:52 AM [pe] [INFO ]  	tabular_classifier_xgboost_filter_{'PE.VARIATION_API_FOLD_ID':-1}_test_auc: 50.61015376
08/01/2026 05:18:52 AM [pe] [INFO ]  PE iteration 13
08/01/2026 05:18:52 AM [pe] [WARNI]  fraction_per_label_id is not provided. Assuming the fraction of label ids in private data is public information.
08/01/2026 05:18:52 AM [pe] [INFO ]  Label 0
08/01/2026 05:18:52 AM [pe] [INFO ]  Histogram: computing nearest neighbors histogram for 17568 private samples and 2008 synthetic samples
08/01/2026 05:18:52 AM [pe] [INFO ]  Embedding: PE.EMBEDDING.TabularEmbedding already computed
08/01/2026 05:18:52 AM [pe] [INFO ]  Embedding: computing PE.EMBEDDING.TabularEmbedding for 1506/2008 samples
08/01/2026 05:18:52 AM [pe] [INFO ]  Embedding: finished computing PE.EMBEDDING.TabularEmbedding for 1506/2008 samples
08/01/2026 05:18:52 AM [pe] [INFO ]  Histogram: finished computing nearest neighbors histogram for 17568 private samples and 2008 synthetic samples
08/01/2026 05:18:52 AM [pe] [INFO ]  Composite population: generating 502 next synthetic samples
08/01/2026 05:18:52 AM [pe] [INFO ]  PE population: generating 502*3 next synthetic samples
08/01/2026 05:18:52 AM [pe] [INFO ]  VARIATION API: creating variations for 502 samples
08/01/2026 05:18:52 AM [pe] [INFO ]  VARIATION API: finished creating variations for 502 samples
08/01/2026 05:18:52 AM [pe] [INFO ]  VARIATION API: creating variations for 502 samples
08/01/2026 05:18:52 AM [pe] [INFO ]  VARIATION API: finished creating variations for 502 samples
08/01/2026 05:18:52 AM [pe] [INFO ]  VARIATION API: creating variations for 502 samples
08/01/2026 05:18:52 AM [pe] [INFO ]  VARIATION API: finished creating variations for 502 samples
08/01/2026 05:18:52 AM [pe] [INFO ]  PE population: finished generating 502*3 next synthetic samples
08/01/2026 05:18:52 AM [pe] [INFO ]  Composite population: finished generating 502 next synthetic samples
08/01/2026 05:18:52 AM [pe] [INFO ]  Label 1
08/01/2026 05:18:52 AM [pe] [INFO ]  Histogram: computing nearest neighbors histogram for 17432 private samples and 1992 synthetic samples
08/01/2026 05:18:52 AM [pe] [INFO ]  Embedding: PE.EMBEDDING.TabularEmbedding already computed
08/01/2026 05:18:52 AM [pe] [INFO ]  Embedding: computing PE.EMBEDDING.TabularEmbedding for 1494/1992 samples
08/01/2026 05:18:52 AM [pe] [INFO ]  Embedding: finished computing PE.EMBEDDING.TabularEmbedding for 1494/1992 samples
08/01/2026 05:18:52 AM [pe] [INFO ]  Histogram: finished computing nearest neighbors histogram for 17432 private samples and 1992 synthetic samples
08/01/2026 05:18:52 AM [pe] [INFO ]  Composite population: generating 498 next synthetic samples
08/01/2026 05:18:52 AM [pe] [INFO ]  PE population: generating 498*3 next synthetic samples
08/01/2026 05:18:52 AM [pe] [INFO ]  VARIATION API: creating variations for 498 samples
08/01/2026 05:18:52 AM [pe] [INFO ]  VARIATION API: finished creating variations for 498 samples
08/01/2026 05:18:52 AM [pe] [INFO ]  VARIATION API: creating variations for 498 samples
08/01/2026 05:18:52 AM [pe] [INFO ]  VARIATION API: finished creating variations for 498 samples
08/01/2026 05:18:52 AM [pe] [INFO ]  VARIATION API: creating variations for 498 samples
08/01/2026 05:18:52 AM [pe] [INFO ]  VARIATION API: finished creating variations for 498 samples
08/01/2026 05:18:52 AM [pe] [INFO ]  PE population: finished generating 498*3 next synthetic samples
08/01/2026 05:18:52 AM [pe] [INFO ]  Composite population: finished generating 498 next synthetic samples
08/01/2026 05:18:52 AM [pe] [INFO ]  Saving the synthetic tabular data to a CSV file
08/01/2026 05:18:53 AM [pe] [INFO ]  Finished saving the synthetic tabular data to a CSV file
08/01/2026 05:18:53 AM [pe] [INFO ]  Evaluating tabular classifier
08/01/2026 05:18:53 AM [pe] [INFO ]  Number of samples after filtering: 1000
08/01/2026 05:18:53 AM [pe] [INFO ]  Tabular classifier test accuracy: 51.21%
08/01/2026 05:18:53 AM [pe] [INFO ]  Tabular classifier test AUC: 51.03
08/01/2026 05:18:53 AM [pe] [INFO ]  Tabular classifier test (macro) F1 score: 51.15
08/01/2026 05:18:53 AM [pe] [INFO ]  Finished evaluating tabular classifier (tabular_classifier_xgboost_filter_{'PE.VARIATION_API_FOLD_ID':-1})
08/01/2026 05:18:53 AM [pe] [INFO ]  Iteration: 13
08/01/2026 05:18:53 AM [pe] [INFO ]  	tabular_classifier_xgboost_filter_{'PE.VARIATION_API_FOLD_ID':-1}_test_acc: 51.21333333
08/01/2026 05:18:53 AM [pe] [INFO ]  	tabular_classifier_xgboost_filter_{'PE.VARIATION_API_FOLD_ID':-1}_test_f1: 51.14572684
08/01/2026 05:18:53 AM [pe] [INFO ]  	tabular_classifier_xgboost_filter_{'PE.VARIATION_API_FOLD_ID':-1}_test_auc: 51.03172140
08/01/2026 05:18:53 AM [pe] [INFO ]  PE iteration 14
08/01/2026 05:18:53 AM [pe] [WARNI]  fraction_per_label_id is not provided. Assuming the fraction of label ids in private data is public information.
08/01/2026 05:18:53 AM [pe] [INFO ]  Label 0
08/01/2026 05:18:53 AM [pe] [INFO ]  Histogram: computing nearest neighbors histogram for 17568 private samples and 2008 synthetic samples
08/01/2026 05:18:53 AM [pe] [INFO ]  Embedding: PE.EMBEDDING.TabularEmbedding already computed
08/01/2026 05:18:53 AM [pe] [INFO ]  Embedding: computing PE.EMBEDDING.TabularEmbedding for 1506/2008 samples
08/01/2026 05:18:53 AM [pe] [INFO ]  Embedding: finished computing PE.EMBEDDING.TabularEmbedding for 1506/2008 samples
08/01/2026 05:18:53 AM [pe] [INFO ]  Histogram: finished computing nearest neighbors histogram for 17568 private samples and 2008 synthetic samples
08/01/2026 05:18:53 AM [pe] [INFO ]  Composite population: generating 502 next synthetic samples
08/01/2026 05:18:53 AM [pe] [INFO ]  PE population: generating 502*3 next synthetic samples
08/01/2026 05:18:53 AM [pe] [INFO ]  VARIATION API: creating variations for 502 samples
08/01/2026 05:18:53 AM [pe] [INFO ]  VARIATION API: finished creating variations for 502 samples
08/01/2026 05:18:53 AM [pe] [INFO ]  VARIATION API: creating variations for 502 samples
08/01/2026 05:18:53 AM [pe] [INFO ]  VARIATION API: finished creating variations for 502 samples
08/01/2026 05:18:53 AM [pe] [INFO ]  VARIATION API: creating variations for 502 samples
08/01/2026 05:18:53 AM [pe] [INFO ]  VARIATION API: finished creating variations for 502 samples
08/01/2026 05:18:53 AM [pe] [INFO ]  PE population: finished generating 502*3 next synthetic samples
08/01/2026 05:18:53 AM [pe] [INFO ]  Composite population: finished generating 502 next synthetic samples
08/01/2026 05:18:53 AM [pe] [INFO ]  Label 1
08/01/2026 05:18:53 AM [pe] [INFO ]  Histogram: computing nearest neighbors histogram for 17432 private samples and 1992 synthetic samples
08/01/2026 05:18:53 AM [pe] [INFO ]  Embedding: PE.EMBEDDING.TabularEmbedding already computed
08/01/2026 05:18:53 AM [pe] [INFO ]  Embedding: computing PE.EMBEDDING.TabularEmbedding for 1494/1992 samples
08/01/2026 05:18:53 AM [pe] [INFO ]  Embedding: finished computing PE.EMBEDDING.TabularEmbedding for 1494/1992 samples
08/01/2026 05:18:53 AM [pe] [INFO ]  Histogram: finished computing nearest neighbors histogram for 17432 private samples and 1992 synthetic samples
08/01/2026 05:18:53 AM [pe] [INFO ]  Composite population: generating 498 next synthetic samples
08/01/2026 05:18:53 AM [pe] [INFO ]  PE population: generating 498*3 next synthetic samples
08/01/2026 05:18:53 AM [pe] [INFO ]  VARIATION API: creating variations for 498 samples
08/01/2026 05:18:53 AM [pe] [INFO ]  VARIATION API: finished creating variations for 498 samples
08/01/2026 05:18:53 AM [pe] [INFO ]  VARIATION API: creating variations for 498 samples
08/01/2026 05:18:53 AM [pe] [INFO ]  VARIATION API: finished creating variations for 498 samples
08/01/2026 05:18:53 AM [pe] [INFO ]  VARIATION API: creating variations for 498 samples
08/01/2026 05:18:53 AM [pe] [INFO ]  VARIATION API: finished creating variations for 498 samples
08/01/2026 05:18:53 AM [pe] [INFO ]  PE population: finished generating 498*3 next synthetic samples
08/01/2026 05:18:53 AM [pe] [INFO ]  Composite population: finished generating 498 next synthetic samples
08/01/2026 05:18:53 AM [pe] [INFO ]  Saving the synthetic tabular data to a CSV file
08/01/2026 05:18:54 AM [pe] [INFO ]  Finished saving the synthetic tabular data to a CSV file
08/01/2026 05:18:54 AM [pe] [INFO ]  Evaluating tabular classifier
08/01/2026 05:18:54 AM [pe] [INFO ]  Number of samples after filtering: 1000
08/01/2026 05:18:54 AM [pe] [INFO ]  Tabular classifier test accuracy: 50.63%
08/01/2026 05:18:54 AM [pe] [INFO ]  Tabular classifier test AUC: 50.50
08/01/2026 05:18:54 AM [pe] [INFO ]  Tabular classifier test (macro) F1 score: 50.60
08/01/2026 05:18:54 AM [pe] [INFO ]  Finished evaluating tabular classifier (tabular_classifier_xgboost_filter_{'PE.VARIATION_API_FOLD_ID':-1})
08/01/2026 05:18:54 AM [pe] [INFO ]  Iteration: 14
08/01/2026 05:18:54 AM [pe] [INFO ]  	tabular_classifier_xgboost_filter_{'PE.VARIATION_API_FOLD_ID':-1}_test_acc: 50.62666667
08/01/2026 05:18:54 AM [pe] [INFO ]  	tabular_classifier_xgboost_filter_{'PE.VARIATION_API_FOLD_ID':-1}_test_f1: 50.60217501
08/01/2026 05:18:54 AM [pe] [INFO ]  	tabular_classifier_xgboost_filter_{'PE.VARIATION_API_FOLD_ID':-1}_test_auc: 50.49904087
08/01/2026 05:18:54 AM [pe] [INFO ]  PE iteration 15
08/01/2026 05:18:54 AM [pe] [WARNI]  fraction_per_label_id is not provided. Assuming the fraction of label ids in private data is public information.
08/01/2026 05:18:54 AM [pe] [INFO ]  Label 0
08/01/2026 05:18:54 AM [pe] [INFO ]  Histogram: computing nearest neighbors histogram for 17568 private samples and 2008 synthetic samples
08/01/2026 05:18:54 AM [pe] [INFO ]  Embedding: PE.EMBEDDING.TabularEmbedding already computed
08/01/2026 05:18:54 AM [pe] [INFO ]  Embedding: computing PE.EMBEDDING.TabularEmbedding for 1506/2008 samples
08/01/2026 05:18:54 AM [pe] [INFO ]  Embedding: finished computing PE.EMBEDDING.TabularEmbedding for 1506/2008 samples
08/01/2026 05:18:54 AM [pe] [INFO ]  Histogram: finished computing nearest neighbors histogram for 17568 private samples and 2008 synthetic samples
08/01/2026 05:18:54 AM [pe] [INFO ]  Composite population: generating 502 next synthetic samples
08/01/2026 05:18:54 AM [pe] [INFO ]  PE population: generating 502*3 next synthetic samples
08/01/2026 05:18:54 AM [pe] [INFO ]  VARIATION API: creating variations for 502 samples
08/01/2026 05:18:54 AM [pe] [INFO ]  VARIATION API: finished creating variations for 502 samples
08/01/2026 05:18:54 AM [pe] [INFO ]  VARIATION API: creating variations for 502 samples
08/01/2026 05:18:54 AM [pe] [INFO ]  VARIATION API: finished creating variations for 502 samples
08/01/2026 05:18:54 AM [pe] [INFO ]  VARIATION API: creating variations for 502 samples
08/01/2026 05:18:54 AM [pe] [INFO ]  VARIATION API: finished creating variations for 502 samples
08/01/2026 05:18:54 AM [pe] [INFO ]  PE population: finished generating 502*3 next synthetic samples
08/01/2026 05:18:54 AM [pe] [INFO ]  Composite population: finished generating 502 next synthetic samples
08/01/2026 05:18:54 AM [pe] [INFO ]  Label 1
08/01/2026 05:18:54 AM [pe] [INFO ]  Histogram: computing nearest neighbors histogram for 17432 private samples and 1992 synthetic samples
08/01/2026 05:18:54 AM [pe] [INFO ]  Embedding: PE.EMBEDDING.TabularEmbedding already computed
08/01/2026 05:18:54 AM [pe] [INFO ]  Embedding: computing PE.EMBEDDING.TabularEmbedding for 1494/1992 samples
08/01/2026 05:18:54 AM [pe] [INFO ]  Embedding: finished computing PE.EMBEDDING.TabularEmbedding for 1494/1992 samples
08/01/2026 05:18:55 AM [pe] [INFO ]  Histogram: finished computing nearest neighbors histogram for 17432 private samples and 1992 synthetic samples
08/01/2026 05:18:55 AM [pe] [INFO ]  Composite population: generating 498 next synthetic samples
08/01/2026 05:18:55 AM [pe] [INFO ]  PE population: generating 498*3 next synthetic samples
08/01/2026 05:18:55 AM [pe] [INFO ]  VARIATION API: creating variations for 498 samples
08/01/2026 05:18:55 AM [pe] [INFO ]  VARIATION API: finished creating variations for 498 samples
08/01/2026 05:18:55 AM [pe] [INFO ]  VARIATION API: creating variations for 498 samples
08/01/2026 05:18:55 AM [pe] [INFO ]  VARIATION API: finished creating variations for 498 samples
08/01/2026 05:18:55 AM [pe] [INFO ]  VARIATION API: creating variations for 498 samples
08/01/2026 05:18:55 AM [pe] [INFO ]  VARIATION API: finished creating variations for 498 samples
08/01/2026 05:18:55 AM [pe] [INFO ]  PE population: finished generating 498*3 next synthetic samples
08/01/2026 05:18:55 AM [pe] [INFO ]  Composite population: finished generating 498 next synthetic samples
08/01/2026 05:18:55 AM [pe] [INFO ]  Saving the synthetic tabular data to a CSV file
08/01/2026 05:18:55 AM [pe] [INFO ]  Finished saving the synthetic tabular data to a CSV file
08/01/2026 05:18:55 AM [pe] [INFO ]  Evaluating tabular classifier
08/01/2026 05:18:55 AM [pe] [INFO ]  Number of samples after filtering: 1000
08/01/2026 05:18:55 AM [pe] [INFO ]  Tabular classifier test accuracy: 50.73%
08/01/2026 05:18:55 AM [pe] [INFO ]  Tabular classifier test AUC: 51.05
08/01/2026 05:18:55 AM [pe] [INFO ]  Tabular classifier test (macro) F1 score: 50.73
08/01/2026 05:18:55 AM [pe] [INFO ]  Finished evaluating tabular classifier (tabular_classifier_xgboost_filter_{'PE.VARIATION_API_FOLD_ID':-1})
08/01/2026 05:18:55 AM [pe] [INFO ]  Iteration: 15
08/01/2026 05:18:55 AM [pe] [INFO ]  	tabular_classifier_xgboost_filter_{'PE.VARIATION_API_FOLD_ID':-1}_test_acc: 50.73333333
08/01/2026 05:18:55 AM [pe] [INFO ]  	tabular_classifier_xgboost_filter_{'PE.VARIATION_API_FOLD_ID':-1}_test_f1: 50.73318531
08/01/2026 05:18:55 AM [pe] [INFO ]  	tabular_classifier_xgboost_filter_{'PE.VARIATION_API_FOLD_ID':-1}_test_auc: 51.04854655
08/01/2026 05:18:55 AM [pe] [INFO ]  PE iteration 16
08/01/2026 05:18:55 AM [pe] [WARNI]  fraction_per_label_id is not provided. Assuming the fraction of label ids in private data is public information.
08/01/2026 05:18:55 AM [pe] [INFO ]  Label 0
08/01/2026 05:18:55 AM [pe] [INFO ]  Histogram: computing nearest neighbors histogram for 17568 private samples and 2008 synthetic samples
08/01/2026 05:18:55 AM [pe] [INFO ]  Embedding: PE.EMBEDDING.TabularEmbedding already computed
08/01/2026 05:18:55 AM [pe] [INFO ]  Embedding: computing PE.EMBEDDING.TabularEmbedding for 1506/2008 samples
08/01/2026 05:18:55 AM [pe] [INFO ]  Embedding: finished computing PE.EMBEDDING.TabularEmbedding for 1506/2008 samples
08/01/2026 05:18:56 AM [pe] [INFO ]  Histogram: finished computing nearest neighbors histogram for 17568 private samples and 2008 synthetic samples
08/01/2026 05:18:56 AM [pe] [INFO ]  Composite population: generating 502 next synthetic samples
08/01/2026 05:18:56 AM [pe] [INFO ]  PE population: generating 502*3 next synthetic samples
08/01/2026 05:18:56 AM [pe] [INFO ]  VARIATION API: creating variations for 502 samples
08/01/2026 05:18:56 AM [pe] [INFO ]  VARIATION API: finished creating variations for 502 samples
08/01/2026 05:18:56 AM [pe] [INFO ]  VARIATION API: creating variations for 502 samples
08/01/2026 05:18:56 AM [pe] [INFO ]  VARIATION API: finished creating variations for 502 samples
08/01/2026 05:18:56 AM [pe] [INFO ]  VARIATION API: creating variations for 502 samples
08/01/2026 05:18:56 AM [pe] [INFO ]  VARIATION API: finished creating variations for 502 samples
08/01/2026 05:18:56 AM [pe] [INFO ]  PE population: finished generating 502*3 next synthetic samples
08/01/2026 05:18:56 AM [pe] [INFO ]  Composite population: finished generating 502 next synthetic samples
08/01/2026 05:18:56 AM [pe] [INFO ]  Label 1
08/01/2026 05:18:56 AM [pe] [INFO ]  Histogram: computing nearest neighbors histogram for 17432 private samples and 1992 synthetic samples
08/01/2026 05:18:56 AM [pe] [INFO ]  Embedding: PE.EMBEDDING.TabularEmbedding already computed
08/01/2026 05:18:56 AM [pe] [INFO ]  Embedding: computing PE.EMBEDDING.TabularEmbedding for 1494/1992 samples
08/01/2026 05:18:56 AM [pe] [INFO ]  Embedding: finished computing PE.EMBEDDING.TabularEmbedding for 1494/1992 samples
08/01/2026 05:18:56 AM [pe] [INFO ]  Histogram: finished computing nearest neighbors histogram for 17432 private samples and 1992 synthetic samples
08/01/2026 05:18:56 AM [pe] [INFO ]  Composite population: generating 498 next synthetic samples
08/01/2026 05:18:56 AM [pe] [INFO ]  PE population: generating 498*3 next synthetic samples
08/01/2026 05:18:56 AM [pe] [INFO ]  VARIATION API: creating variations for 498 samples
08/01/2026 05:18:56 AM [pe] [INFO ]  VARIATION API: finished creating variations for 498 samples
08/01/2026 05:18:56 AM [pe] [INFO ]  VARIATION API: creating variations for 498 samples
08/01/2026 05:18:56 AM [pe] [INFO ]  VARIATION API: finished creating variations for 498 samples
08/01/2026 05:18:56 AM [pe] [INFO ]  VARIATION API: creating variations for 498 samples
08/01/2026 05:18:56 AM [pe] [INFO ]  VARIATION API: finished creating variations for 498 samples
08/01/2026 05:18:56 AM [pe] [INFO ]  PE population: finished generating 498*3 next synthetic samples
08/01/2026 05:18:56 AM [pe] [INFO ]  Composite population: finished generating 498 next synthetic samples
08/01/2026 05:18:56 AM [pe] [INFO ]  Saving the synthetic tabular data to a CSV file
08/01/2026 05:18:56 AM [pe] [INFO ]  Finished saving the synthetic tabular data to a CSV file
08/01/2026 05:18:56 AM [pe] [INFO ]  Evaluating tabular classifier
08/01/2026 05:18:56 AM [pe] [INFO ]  Number of samples after filtering: 1000
08/01/2026 05:18:56 AM [pe] [INFO ]  Tabular classifier test accuracy: 50.25%
08/01/2026 05:18:56 AM [pe] [INFO ]  Tabular classifier test AUC: 50.45
08/01/2026 05:18:56 AM [pe] [INFO ]  Tabular classifier test (macro) F1 score: 50.25
08/01/2026 05:18:56 AM [pe] [INFO ]  Finished evaluating tabular classifier (tabular_classifier_xgboost_filter_{'PE.VARIATION_API_FOLD_ID':-1})
08/01/2026 05:18:56 AM [pe] [INFO ]  Iteration: 16
08/01/2026 05:18:56 AM [pe] [INFO ]  	tabular_classifier_xgboost_filter_{'PE.VARIATION_API_FOLD_ID':-1}_test_acc: 50.25333333
08/01/2026 05:18:56 AM [pe] [INFO ]  	tabular_classifier_xgboost_filter_{'PE.VARIATION_API_FOLD_ID':-1}_test_f1: 50.24912242
08/01/2026 05:18:56 AM [pe] [INFO ]  	tabular_classifier_xgboost_filter_{'PE.VARIATION_API_FOLD_ID':-1}_test_auc: 50.45246235
08/01/2026 05:18:56 AM [pe] [INFO ]  PE iteration 17
08/01/2026 05:18:56 AM [pe] [WARNI]  fraction_per_label_id is not provided. Assuming the fraction of label ids in private data is public information.
08/01/2026 05:18:56 AM [pe] [INFO ]  Label 0
08/01/2026 05:18:56 AM [pe] [INFO ]  Histogram: computing nearest neighbors histogram for 17568 private samples and 2008 synthetic samples
08/01/2026 05:18:57 AM [pe] [INFO ]  Embedding: PE.EMBEDDING.TabularEmbedding already computed
08/01/2026 05:18:57 AM [pe] [INFO ]  Embedding: computing PE.EMBEDDING.TabularEmbedding for 1506/2008 samples
08/01/2026 05:18:57 AM [pe] [INFO ]  Embedding: finished computing PE.EMBEDDING.TabularEmbedding for 1506/2008 samples
08/01/2026 05:18:57 AM [pe] [INFO ]  Histogram: finished computing nearest neighbors histogram for 17568 private samples and 2008 synthetic samples
08/01/2026 05:18:57 AM [pe] [INFO ]  Composite population: generating 502 next synthetic samples
08/01/2026 05:18:57 AM [pe] [INFO ]  PE population: generating 502*3 next synthetic samples
08/01/2026 05:18:57 AM [pe] [INFO ]  VARIATION API: creating variations for 502 samples
08/01/2026 05:18:57 AM [pe] [INFO ]  VARIATION API: finished creating variations for 502 samples
08/01/2026 05:18:57 AM [pe] [INFO ]  VARIATION API: creating variations for 502 samples
08/01/2026 05:18:57 AM [pe] [INFO ]  VARIATION API: finished creating variations for 502 samples
08/01/2026 05:18:57 AM [pe] [INFO ]  VARIATION API: creating variations for 502 samples
08/01/2026 05:18:57 AM [pe] [INFO ]  VARIATION API: finished creating variations for 502 samples
08/01/2026 05:18:57 AM [pe] [INFO ]  PE population: finished generating 502*3 next synthetic samples
08/01/2026 05:18:57 AM [pe] [INFO ]  Composite population: finished generating 502 next synthetic samples
08/01/2026 05:18:57 AM [pe] [INFO ]  Label 1
08/01/2026 05:18:57 AM [pe] [INFO ]  Histogram: computing nearest neighbors histogram for 17432 private samples and 1992 synthetic samples
08/01/2026 05:18:57 AM [pe] [INFO ]  Embedding: PE.EMBEDDING.TabularEmbedding already computed
08/01/2026 05:18:57 AM [pe] [INFO ]  Embedding: computing PE.EMBEDDING.TabularEmbedding for 1494/1992 samples
08/01/2026 05:18:57 AM [pe] [INFO ]  Embedding: finished computing PE.EMBEDDING.TabularEmbedding for 1494/1992 samples
08/01/2026 05:18:57 AM [pe] [INFO ]  Histogram: finished computing nearest neighbors histogram for 17432 private samples and 1992 synthetic samples
08/01/2026 05:18:57 AM [pe] [INFO ]  Composite population: generating 498 next synthetic samples
08/01/2026 05:18:57 AM [pe] [INFO ]  PE population: generating 498*3 next synthetic samples
08/01/2026 05:18:57 AM [pe] [INFO ]  VARIATION API: creating variations for 498 samples
08/01/2026 05:18:57 AM [pe] [INFO ]  VARIATION API: finished creating variations for 498 samples
08/01/2026 05:18:57 AM [pe] [INFO ]  VARIATION API: creating variations for 498 samples
08/01/2026 05:18:57 AM [pe] [INFO ]  VARIATION API: finished creating variations for 498 samples
08/01/2026 05:18:57 AM [pe] [INFO ]  VARIATION API: creating variations for 498 samples
08/01/2026 05:18:57 AM [pe] [INFO ]  VARIATION API: finished creating variations for 498 samples
08/01/2026 05:18:57 AM [pe] [INFO ]  PE population: finished generating 498*3 next synthetic samples
08/01/2026 05:18:57 AM [pe] [INFO ]  Composite population: finished generating 498 next synthetic samples
08/01/2026 05:18:57 AM [pe] [INFO ]  Saving the synthetic tabular data to a CSV file
08/01/2026 05:18:58 AM [pe] [INFO ]  Finished saving the synthetic tabular data to a CSV file
08/01/2026 05:18:58 AM [pe] [INFO ]  Evaluating tabular classifier
08/01/2026 05:18:58 AM [pe] [INFO ]  Number of samples after filtering: 1000
08/01/2026 05:18:58 AM [pe] [INFO ]  Tabular classifier test accuracy: 50.33%
08/01/2026 05:18:58 AM [pe] [INFO ]  Tabular classifier test AUC: 50.47
08/01/2026 05:18:58 AM [pe] [INFO ]  Tabular classifier test (macro) F1 score: 50.31
08/01/2026 05:18:58 AM [pe] [INFO ]  Finished evaluating tabular classifier (tabular_classifier_xgboost_filter_{'PE.VARIATION_API_FOLD_ID':-1})
08/01/2026 05:18:58 AM [pe] [INFO ]  Iteration: 17
08/01/2026 05:18:58 AM [pe] [INFO ]  	tabular_classifier_xgboost_filter_{'PE.VARIATION_API_FOLD_ID':-1}_test_acc: 50.33333333
08/01/2026 05:18:58 AM [pe] [INFO ]  	tabular_classifier_xgboost_filter_{'PE.VARIATION_API_FOLD_ID':-1}_test_f1: 50.31155964
08/01/2026 05:18:58 AM [pe] [INFO ]  	tabular_classifier_xgboost_filter_{'PE.VARIATION_API_FOLD_ID':-1}_test_auc: 50.46991330
08/01/2026 05:18:58 AM [pe] [INFO ]  PE iteration 18
08/01/2026 05:18:58 AM [pe] [WARNI]  fraction_per_label_id is not provided. Assuming the fraction of label ids in private data is public information.
08/01/2026 05:18:58 AM [pe] [INFO ]  Label 0
08/01/2026 05:18:58 AM [pe] [INFO ]  Histogram: computing nearest neighbors histogram for 17568 private samples and 2008 synthetic samples
08/01/2026 05:18:58 AM [pe] [INFO ]  Embedding: PE.EMBEDDING.TabularEmbedding already computed
08/01/2026 05:18:58 AM [pe] [INFO ]  Embedding: computing PE.EMBEDDING.TabularEmbedding for 1506/2008 samples
08/01/2026 05:18:58 AM [pe] [INFO ]  Embedding: finished computing PE.EMBEDDING.TabularEmbedding for 1506/2008 samples
08/01/2026 05:18:58 AM [pe] [INFO ]  Histogram: finished computing nearest neighbors histogram for 17568 private samples and 2008 synthetic samples
08/01/2026 05:18:58 AM [pe] [INFO ]  Composite population: generating 502 next synthetic samples
08/01/2026 05:18:58 AM [pe] [INFO ]  PE population: generating 502*3 next synthetic samples
08/01/2026 05:18:58 AM [pe] [INFO ]  VARIATION API: creating variations for 502 samples
08/01/2026 05:18:58 AM [pe] [INFO ]  VARIATION API: finished creating variations for 502 samples
08/01/2026 05:18:58 AM [pe] [INFO ]  VARIATION API: creating variations for 502 samples
08/01/2026 05:18:58 AM [pe] [INFO ]  VARIATION API: finished creating variations for 502 samples
08/01/2026 05:18:58 AM [pe] [INFO ]  VARIATION API: creating variations for 502 samples
08/01/2026 05:18:58 AM [pe] [INFO ]  VARIATION API: finished creating variations for 502 samples
08/01/2026 05:18:58 AM [pe] [INFO ]  PE population: finished generating 502*3 next synthetic samples
08/01/2026 05:18:58 AM [pe] [INFO ]  Composite population: finished generating 502 next synthetic samples
08/01/2026 05:18:58 AM [pe] [INFO ]  Label 1
08/01/2026 05:18:58 AM [pe] [INFO ]  Histogram: computing nearest neighbors histogram for 17432 private samples and 1992 synthetic samples
08/01/2026 05:18:58 AM [pe] [INFO ]  Embedding: PE.EMBEDDING.TabularEmbedding already computed
08/01/2026 05:18:58 AM [pe] [INFO ]  Embedding: computing PE.EMBEDDING.TabularEmbedding for 1494/1992 samples
08/01/2026 05:18:58 AM [pe] [INFO ]  Embedding: finished computing PE.EMBEDDING.TabularEmbedding for 1494/1992 samples
08/01/2026 05:18:58 AM [pe] [INFO ]  Histogram: finished computing nearest neighbors histogram for 17432 private samples and 1992 synthetic samples
08/01/2026 05:18:58 AM [pe] [INFO ]  Composite population: generating 498 next synthetic samples
08/01/2026 05:18:58 AM [pe] [INFO ]  PE population: generating 498*3 next synthetic samples
08/01/2026 05:18:58 AM [pe] [INFO ]  VARIATION API: creating variations for 498 samples
08/01/2026 05:18:58 AM [pe] [INFO ]  VARIATION API: finished creating variations for 498 samples
08/01/2026 05:18:58 AM [pe] [INFO ]  VARIATION API: creating variations for 498 samples
08/01/2026 05:18:58 AM [pe] [INFO ]  VARIATION API: finished creating variations for 498 samples
08/01/2026 05:18:58 AM [pe] [INFO ]  VARIATION API: creating variations for 498 samples
08/01/2026 05:18:58 AM [pe] [INFO ]  VARIATION API: finished creating variations for 498 samples
08/01/2026 05:18:58 AM [pe] [INFO ]  PE population: finished generating 498*3 next synthetic samples
08/01/2026 05:18:58 AM [pe] [INFO ]  Composite population: finished generating 498 next synthetic samples
08/01/2026 05:18:58 AM [pe] [INFO ]  Saving the synthetic tabular data to a CSV file
08/01/2026 05:18:59 AM [pe] [INFO ]  Finished saving the synthetic tabular data to a CSV file
08/01/2026 05:18:59 AM [pe] [INFO ]  Evaluating tabular classifier
08/01/2026 05:18:59 AM [pe] [INFO ]  Number of samples after filtering: 1000
08/01/2026 05:18:59 AM [pe] [INFO ]  Tabular classifier test accuracy: 51.20%
08/01/2026 05:18:59 AM [pe] [INFO ]  Tabular classifier test AUC: 51.10
08/01/2026 05:18:59 AM [pe] [INFO ]  Tabular classifier test (macro) F1 score: 51.00
08/01/2026 05:18:59 AM [pe] [INFO ]  Finished evaluating tabular classifier (tabular_classifier_xgboost_filter_{'PE.VARIATION_API_FOLD_ID':-1})
08/01/2026 05:18:59 AM [pe] [INFO ]  Iteration: 18
08/01/2026 05:18:59 AM [pe] [INFO ]  	tabular_classifier_xgboost_filter_{'PE.VARIATION_API_FOLD_ID':-1}_test_acc: 51.20000000
08/01/2026 05:18:59 AM [pe] [INFO ]  	tabular_classifier_xgboost_filter_{'PE.VARIATION_API_FOLD_ID':-1}_test_f1: 50.99929310
08/01/2026 05:18:59 AM [pe] [INFO ]  	tabular_classifier_xgboost_filter_{'PE.VARIATION_API_FOLD_ID':-1}_test_auc: 51.10392877
08/01/2026 05:18:59 AM [pe] [INFO ]  PE iteration 19
08/01/2026 05:18:59 AM [pe] [WARNI]  fraction_per_label_id is not provided. Assuming the fraction of label ids in private data is public information.
08/01/2026 05:18:59 AM [pe] [INFO ]  Label 0
08/01/2026 05:18:59 AM [pe] [INFO ]  Histogram: computing nearest neighbors histogram for 17568 private samples and 2008 synthetic samples
08/01/2026 05:18:59 AM [pe] [INFO ]  Embedding: PE.EMBEDDING.TabularEmbedding already computed
08/01/2026 05:18:59 AM [pe] [INFO ]  Embedding: computing PE.EMBEDDING.TabularEmbedding for 1506/2008 samples
08/01/2026 05:18:59 AM [pe] [INFO ]  Embedding: finished computing PE.EMBEDDING.TabularEmbedding for 1506/2008 samples
08/01/2026 05:18:59 AM [pe] [INFO ]  Histogram: finished computing nearest neighbors histogram for 17568 private samples and 2008 synthetic samples
08/01/2026 05:18:59 AM [pe] [INFO ]  Composite population: generating 502 next synthetic samples
08/01/2026 05:18:59 AM [pe] [INFO ]  PE population: generating 502*3 next synthetic samples
08/01/2026 05:18:59 AM [pe] [INFO ]  VARIATION API: creating variations for 502 samples
08/01/2026 05:18:59 AM [pe] [INFO ]  VARIATION API: finished creating variations for 502 samples
08/01/2026 05:18:59 AM [pe] [INFO ]  VARIATION API: creating variations for 502 samples
08/01/2026 05:18:59 AM [pe] [INFO ]  VARIATION API: finished creating variations for 502 samples
08/01/2026 05:18:59 AM [pe] [INFO ]  VARIATION API: creating variations for 502 samples
08/01/2026 05:18:59 AM [pe] [INFO ]  VARIATION API: finished creating variations for 502 samples
08/01/2026 05:18:59 AM [pe] [INFO ]  PE population: finished generating 502*3 next synthetic samples
08/01/2026 05:18:59 AM [pe] [INFO ]  Composite population: finished generating 502 next synthetic samples
08/01/2026 05:18:59 AM [pe] [INFO ]  Label 1
08/01/2026 05:18:59 AM [pe] [INFO ]  Histogram: computing nearest neighbors histogram for 17432 private samples and 1992 synthetic samples
08/01/2026 05:18:59 AM [pe] [INFO ]  Embedding: PE.EMBEDDING.TabularEmbedding already computed
08/01/2026 05:18:59 AM [pe] [INFO ]  Embedding: computing PE.EMBEDDING.TabularEmbedding for 1494/1992 samples
08/01/2026 05:18:59 AM [pe] [INFO ]  Embedding: finished computing PE.EMBEDDING.TabularEmbedding for 1494/1992 samples
08/01/2026 05:18:59 AM [pe] [INFO ]  Histogram: finished computing nearest neighbors histogram for 17432 private samples and 1992 synthetic samples
08/01/2026 05:18:59 AM [pe] [INFO ]  Composite population: generating 498 next synthetic samples
08/01/2026 05:18:59 AM [pe] [INFO ]  PE population: generating 498*3 next synthetic samples
08/01/2026 05:18:59 AM [pe] [INFO ]  VARIATION API: creating variations for 498 samples
08/01/2026 05:18:59 AM [pe] [INFO ]  VARIATION API: finished creating variations for 498 samples
08/01/2026 05:18:59 AM [pe] [INFO ]  VARIATION API: creating variations for 498 samples
08/01/2026 05:18:59 AM [pe] [INFO ]  VARIATION API: finished creating variations for 498 samples
08/01/2026 05:18:59 AM [pe] [INFO ]  VARIATION API: creating variations for 498 samples
08/01/2026 05:18:59 AM [pe] [INFO ]  VARIATION API: finished creating variations for 498 samples
08/01/2026 05:18:59 AM [pe] [INFO ]  PE population: finished generating 498*3 next synthetic samples
08/01/2026 05:18:59 AM [pe] [INFO ]  Composite population: finished generating 498 next synthetic samples
08/01/2026 05:18:59 AM [pe] [INFO ]  Saving the synthetic tabular data to a CSV file
08/01/2026 05:19:00 AM [pe] [INFO ]  Finished saving the synthetic tabular data to a CSV file
08/01/2026 05:19:00 AM [pe] [INFO ]  Evaluating tabular classifier
08/01/2026 05:19:00 AM [pe] [INFO ]  Number of samples after filtering: 1000
08/01/2026 05:19:00 AM [pe] [INFO ]  Tabular classifier test accuracy: 50.53%
08/01/2026 05:19:00 AM [pe] [INFO ]  Tabular classifier test AUC: 50.74
08/01/2026 05:19:00 AM [pe] [INFO ]  Tabular classifier test (macro) F1 score: 50.41
08/01/2026 05:19:00 AM [pe] [INFO ]  Finished evaluating tabular classifier (tabular_classifier_xgboost_filter_{'PE.VARIATION_API_FOLD_ID':-1})
08/01/2026 05:19:00 AM [pe] [INFO ]  Iteration: 19
08/01/2026 05:19:00 AM [pe] [INFO ]  	tabular_classifier_xgboost_filter_{'PE.VARIATION_API_FOLD_ID':-1}_test_acc: 50.53333333
08/01/2026 05:19:00 AM [pe] [INFO ]  	tabular_classifier_xgboost_filter_{'PE.VARIATION_API_FOLD_ID':-1}_test_f1: 50.40602008
08/01/2026 05:19:00 AM [pe] [INFO ]  	tabular_classifier_xgboost_filter_{'PE.VARIATION_API_FOLD_ID':-1}_test_auc: 50.73959228
=== Sat Aug  1 05:19:02 AM CEST 2026 aim_baseline.py --dataset person_activity ===
Dataset person_activity: 115402 train rows, cat=['V1', 'V2'], int=[], float=['V3', 'V4', 'V5', 'V6', 'V7'], label=Class
Cardinalities: {'V3': 20, 'V4': 20, 'V5': 20, 'V6': 20, 'V7': 20, 'Class': 11, 'V1': 5, 'V2': 4}
epsilon=1.0, delta=7.434136520415306e-07, degree=2
/home/rec1/Desktop/AI_Safety/ICML_reproduce/tab-pe-WB0hLRRlcj/.venv/lib/python3.11/site-packages/mbi/dataset.py:87: UserWarning: Pandas dataframe inputs are deprecated, please pass in a dictionary of numpy arrays instead.
  warnings.warn(
Initial Sigma 54.74291315437294
Budget Used 0.0015201468285432475 / 0.023729121226040935
Measuring Clique ('V3', 'V4')
Budget Used 0.0017055305881216922 / 0.023729121226040935
Measuring Clique ('V3', 'V1')
Budget Used 0.001890914347700137 / 0.023729121226040935
Measuring Clique ('V5', 'Class')
Budget Used 0.0020762981072785817 / 0.023729121226040935
Measuring Clique ('V7', 'V2')
Budget Used 0.0022616818668570265 / 0.023729121226040935
Measuring Clique ('V6', 'Class')
Budget Used 0.002447065626435471 / 0.023729121226040935
Measuring Clique ('V7', 'Class')
Budget Used 0.002632449386013916 / 0.023729121226040935
Measuring Clique ('V5', 'V2')
Budget Used 0.0028178331455923607 / 0.023729121226040935
Measuring Clique ('V5', 'V6')
Budget Used 0.0030032169051708055 / 0.023729121226040935
Measuring Clique ('V5', 'V1')
Budget Used 0.00318860066474925 / 0.023729121226040935
Measuring Clique ('V6', 'V1')
Budget Used 0.003373984424327695 / 0.023729121226040935
Measuring Clique ('V4', 'V2')
Budget Used 0.0035593681839061397 / 0.023729121226040935
Measuring Clique ('V6', 'V2')
Budget Used 0.0037447519434845845 / 0.023729121226040935
Measuring Clique ('Class', 'V1')
Budget Used 0.003930135703063029 / 0.023729121226040935
Measuring Clique ('Class', 'V2')
Budget Used 0.004115519462641474 / 0.023729121226040935
Measuring Clique ('V5', 'V7')
Budget Used 0.00430090322221992 / 0.023729121226040935
Measuring Clique ('V7', 'V1')
Budget Used 0.004486286981798365 / 0.023729121226040935
Measuring Clique ('V3', 'V5')
Budget Used 0.00467167074137681 / 0.023729121226040935
Measuring Clique ('V3', 'Class')
Budget Used 0.004857054500955255 / 0.023729121226040935
Measuring Clique ('V3', 'V6')
Budget Used 0.0050424382605337 / 0.023729121226040935
Measuring Clique ('V1', 'V2')
Budget Used 0.0052278220201121455 / 0.023729121226040935
Measuring Clique ('V6',)
(!!!!!!!!!!!!!!!!!!!!!!) Reducing sigma 27.37145657718647
Budget Used 0.0059693570584259245 / 0.023729121226040935
Measuring Clique ('V5', 'V6')
Budget Used 0.0067108920967397035 / 0.023729121226040935
Measuring Clique ('V3', 'V6')
Budget Used 0.0074524271350534825 / 0.023729121226040935
Measuring Clique ('V3', 'V5')
Budget Used 0.008193962173367262 / 0.023729121226040935
Measuring Clique ('V6', 'V7')
Budget Used 0.008935497211681041 / 0.023729121226040935
Measuring Clique ('V5', 'V7')
Budget Used 0.00967703224999482 / 0.023729121226040935
Measuring Clique ('V3', 'Class')
Budget Used 0.0104185672883086 / 0.023729121226040935
Measuring Clique ('V6', 'Class')
Budget Used 0.011160102326622378 / 0.023729121226040935
Measuring Clique ('V7', 'Class')
Budget Used 0.011901637364936157 / 0.023729121226040935
Measuring Clique ('V5', 'Class')
Budget Used 0.012643172403249936 / 0.023729121226040935
Measuring Clique ('V7', 'V1')
Budget Used 0.013384707441563715 / 0.023729121226040935
Measuring Clique ('V5', 'V1')
Budget Used 0.014126242479877494 / 0.023729121226040935
Measuring Clique ('V4', 'V1')
Budget Used 0.014867777518191273 / 0.023729121226040935
Measuring Clique ('V6', 'V2')
Budget Used 0.015609312556505052 / 0.023729121226040935
Measuring Clique ('V7', 'V2')
Budget Used 0.01635084759481883 / 0.023729121226040935
Measuring Clique ('V6', 'V1')
Budget Used 0.017092382633132612 / 0.023729121226040935
Measuring Clique ('V4', 'V2')
Budget Used 0.017833917671446393 / 0.023729121226040935
Measuring Clique ('V5', 'V2')
Budget Used 0.018575452709760173 / 0.023729121226040935
Measuring Clique ('Class', 'V1')
Budget Used 0.019316987748073954 / 0.023729121226040935
Measuring Clique ('Class', 'V2')
Budget Used 0.020058522786387735 / 0.023729121226040935
Measuring Clique ('V1', 'V2')
Budget Used 0.020800057824701516 / 0.023729121226040935
Measuring Clique ('V5',)
(!!!!!!!!!!!!!!!!!!!!!!) Reducing sigma 13.685728288593236
Budget Used 0.023729121226040935 / 0.023729121226040935
Measuring Clique ('V6', 'V7')
Generating Data...
AIM run finished in 1170.7s, produced 115402 synthetic rows
