layer_group,step,Lhat,grad_dual_norm_next
bias1,0,21.085331578088912,4.242070811415
bias1,1,37.39517378729906,3.458184895951915
bias1,2,20.95602898805665,3.030681763394018
bias1,3,19.938826193539246,2.7594532787002066
bias1,4,17.203962328866115,2.5059431758140875
bias1,5,12.880713133979071,2.2150135581425476
bias1,6,9.52542564369992,2.260648655784364
bias1,7,4.548356706795777,2.2826554681934526
bias1,8,12.476340795655432,2.1598554814098296
bias1,9,4.9753252826090755,2.103673582511286
bias1,10,4.510563569677563,2.0575644236354083
bias1,11,3.671068356817558,2.0708629336640483
bias1,12,10.421531432244997,1.984205379135735
bias1,13,7.083217564485561,1.8380212485140288
bias1,14,7.131686198584927,1.6902746709578593
bias1,15,6.8831772211145275,1.547178326261669
bias1,16,4.412324872805914,1.4665287417499884
bias1,17,5.6025674863269215,1.3448711858409776
bias1,18,8.151845595232738,1.2503907809113524
bias1,19,3.773536635492979,1.2351498086651551
bias1,20,6.845332713473113,1.1520258687314573
bias1,21,7.8494658262234065,0.9757560110957082
bias1,22,3.1899192719088085,0.9623520840505941
bias1,23,4.810570597483044,0.8639779240107771
bias1,24,3.470699142266275,0.8139004553068931
bias1,25,4.107336294991249,0.7869549598225527
bias1,26,8.267736390839621,0.5906608618755954
bias1,27,2.937612685434679,0.5192832525178849
bias1,28,4.285646542073035,0.4241760268442825
bias1,29,4.0575192416088015,0.3477596930105928
bias1,30,2.961070351894732,0.2771390734840786
bias1,31,3.4290967689593272,0.20266507216117075
bias1,32,2.769616214540104,0.1478579642995323
bias1,33,3.341600514842203,0.06732874960568754
bias1,34,2.610049852054215,0.05810486932163276
bias1,35,3.503718470425324,0.0811636001654583
bias1,36,4.7037187344699065,0.058093670082788054
bias1,37,3.930019625480842,0.053280100665468275
bias1,38,3.6059673304555835,0.044323509278017335
bias1,39,3.9725639996650206,0.05591650159940706
bias1,40,4.424914252818838,0.060845406718953825
bias1,41,5.303195054114605,0.0736563648392841
bias1,42,5.144108832369972,0.05786219672457193
bias1,43,4.971367858298068,0.06714561387371176
bias1,44,6.330221696023399,0.0969959524017906
bias1,45,6.577905125957741,0.07203309399639875
bias1,46,6.3579082337989545,0.08810953215503985
bias1,47,6.942095394774859,0.08677326497946437
bias1,48,7.262710946904138,0.095139520411873
bias1,49,7.527115238704823,0.09381224822897506
bias1,50,8.25388922709862,0.11572225737551642
bias1,51,9.210147068550919,0.11516225934151404
bias1,52,8.747585501797145,0.10414035576826174
bias1,53,8.497892855323293,0.11067342944956123
bias1,54,9.047460702584706,0.11556886083549293
bias1,55,8.189959990705557,0.09096284066128829
bias1,56,8.01634137154553,0.10982041922497675
bias1,57,8.37244244902609,0.10122110621451372
bias1,58,8.230574908843787,0.10533833296866839
bias1,59,8.312037314122609,0.10410516541480222
bias1,60,8.267229355273793,0.1065742157816299
bias1,61,7.386983233939621,0.0795780259902557
bias1,62,7.391140277261285,0.10851976985692384
bias1,63,7.584325032323954,0.08196747443702403
bias1,64,8.603634905362657,0.13620606966408347
bias1,65,9.22864972991712,0.09472730092840449
bias1,66,8.513407249892502,0.119002969457936
bias1,67,8.803947414250782,0.10120646410198379
bias1,68,9.540935319421358,0.13748521887835907
bias1,69,9.203999956627666,0.0932155764568915
bias1,70,9.575870767001744,0.14622573848736578
bias1,71,10.708556479120999,0.12160979809527908
bias1,72,9.1424696557432,0.10702666215240034
bias1,73,7.816429155745703,0.08869620190129514
bias1,74,7.96066135450856,0.11096362458688319
bias1,75,8.981894993579434,0.11500077955108975
bias1,76,9.397014491326345,0.1201233272643141
bias1,77,9.039864492222843,0.10653489563265785
bias1,78,8.96017999005317,0.11814118610083238
bias1,79,7.562455881900813,0.07533782915446385
bias1,80,6.661755679923199,0.09261134407212668
bias1,81,5.798649676284334,0.053228076585646426
bias1,82,6.467321138315277,0.11200667965083254
bias1,83,6.394939703240114,0.05059207224565194
bias1,84,5.875149666662335,0.09749760215995562
bias1,85,6.465416107342065,0.07071779158581606
bias1,86,7.329107531232521,0.11975105404843703
bias1,87,8.444980067745652,0.10422407740955349
bias1,88,8.31145011036732,0.10719794136368407
bias1,89,8.193200138086915,0.09811914120921986
bias1,90,11.288252508394077,0.18852470602312696
bias1,91,10.721580668717586,0.0844114074518854
bias1,92,9.895861774787502,0.1661048250812089
bias1,93,11.871298798970075,0.13084433680107346
bias1,94,11.355769919912294,0.15341760965673656
bias1,95,9.716068497302494,0.08967905637084703
bias1,96,9.47036161752941,0.14764785809296047
bias1,97,8.90799874066786,0.07556263572129819
bias1,98,8.235911608420965,0.13137075008856924
bias1,99,9.136022112998157,0.09903880843949255
bias1,100,9.071197854107345,0.12951875906044222
bias1,101,8.230425718983993,0.08180767808247863
bias1,102,8.9112483327723,0.14169182668819003
bias1,103,9.421687905971808,0.09548766312936778
bias1,104,10.70303705387788,0.17275598296613076
bias1,105,10.993425474229923,0.10432413838155075
bias1,106,10.26254457779936,0.15265629608448258
bias1,107,9.430089005896736,0.08429185505603914
bias1,108,9.721330510692306,0.16035058799570556
bias1,109,11.143848339994202,0.11884762985004768
bias1,110,12.027775637500712,0.1825813633632847
bias1,111,10.691992360580487,0.08707059271894198
bias1,112,10.092950673112997,0.16585718185406742
bias1,113,11.627159584885092,0.12600576457925802
bias1,114,12.285355356514573,0.18154562045495556
bias1,115,12.038114142102403,0.11999181949027421
bias1,116,11.606808290753884,0.1702742222689113
bias1,117,11.905436468173143,0.1292381530158325
bias1,118,12.553438900844336,0.18513687989961122
bias1,119,11.950247941559589,0.11378382849688126
bias1,120,12.273173883971772,0.1932989741057712
bias1,121,12.31506131482561,0.11485390396004348
bias1,122,12.525601219938487,0.19879622776224215
bias1,123,11.56171097159752,0.09261235866096199
bias1,124,10.768928745751957,0.1780384099973357
bias1,125,12.180593154881805,0.1275075570518814
bias1,126,12.23942781473906,0.17862328260458718
bias1,127,11.511978233833958,0.10973713721697816
bias1,128,12.305008928377408,0.1981331150524455
bias1,129,11.695057039272479,0.09491146870276333
bias1,130,11.534917686607594,0.19354342556245901
bias1,131,11.850705589250765,0.1032045082859729
bias1,132,11.864294283768075,0.1938856426796243
bias1,133,11.906322984399493,0.10391218324949705
bias1,134,11.814683186599465,0.192232517698379
bias1,135,11.675361784870585,0.10154646365511058
bias1,136,11.112288971196312,0.17666069257828199
bias1,137,12.804973170813138,0.14754593684982073
bias1,138,11.580055769210224,0.14242761516383065
bias1,139,11.614689765508649,0.14893338359806702
bias1,140,11.991928486116445,0.15505280971480553
bias1,141,11.473961419751241,0.1333515169943475
bias1,142,10.62812569335445,0.1350238525065013
bias1,143,11.455653692921004,0.15155287082182067
bias1,144,12.244191915926729,0.155204009534141
bias1,145,11.943138134533415,0.14360062680748337
bias1,146,10.940204781759698,0.13248501973945861
bias1,147,11.330841663488977,0.15196155658559912
bias1,148,13.010143515565584,0.1759829864341495
bias1,149,11.93064198722758,0.12288529675638991
bias1,150,11.871844126113809,0.17474233456117574
bias1,151,12.103077067136354,0.12809724084154572
bias1,152,11.35401585977128,0.15669832244297321
bias1,153,12.708469845340883,0.1613736569052782
bias1,154,13.382354659945282,0.17530599748141795
bias1,155,13.6591544064273,0.1676760698357251
bias1,156,13.404257185692423,0.16767088222822232
bias1,157,12.920151043311112,0.15552568832668184
bias1,158,12.87852217971615,0.1672845632621881
bias1,159,14.57909572585819,0.19729849256304224
bias1,160,14.31905719505595,0.16077818845418462
bias1,161,11.825559352552725,0.13562541324157631
bias1,162,11.79053191425594,0.1597741979438631
bias1,163,11.897867419243841,0.1395268691346444
bias1,164,12.556920642457115,0.1751125468073287
bias1,165,13.036053020272561,0.151751370003611
bias1,166,13.147742048480168,0.17781317097692514
bias1,167,13.497730558705152,0.1598114043303364
bias1,168,14.005281300962556,0.1904369294838625
bias1,169,15.343791416972943,0.19425534119664792
bias1,170,14.762369388050944,0.17532096174270062
bias1,171,14.410954012143781,0.18592154143044548
bias1,172,14.542929851960942,0.1780102421628494
bias1,173,14.188504900842332,0.17742367847526913
bias1,174,15.023142556402082,0.19833753480156285
bias1,175,14.947508346488632,0.17592894874508583
bias1,176,15.578603537895349,0.2137331550196129
bias1,177,15.550563746911855,0.1753313612566255
bias1,178,14.828880422942891,0.19560242915481266
bias1,179,15.407300805519851,0.18971131880267744
bias1,180,15.187612039557228,0.1903515819227784
bias1,181,14.95965802752104,0.18388358315079417
bias1,182,14.291219552257179,0.1734469288848013
bias1,183,13.86182040120572,0.17407885185781444
bias1,184,14.195370790242684,0.18125080479456507
bias1,185,14.441365956679844,0.18008612785199143
bias1,186,14.261642834920217,0.17685984465122626
bias1,187,14.945115008565073,0.19721554376057213
bias1,188,14.16178357960465,0.1572152361599028
bias1,189,13.29857659828025,0.1759913375943351
bias1,190,12.443260424067292,0.13631168324964058
bias1,191,11.4191762331885,0.1492470518109117
bias1,192,11.864977878144432,0.14774328010471197
bias1,193,11.529172130465707,0.1409220502192207
bias1,194,11.11261088987857,0.13728051671968253
bias1,195,11.551374181471688,0.15381112267650354
bias1,196,11.76858677413336,0.14174956838961064
bias1,197,12.099781192999762,0.16268679980762385
bias1,198,13.512139118770044,0.17539682290243727
bias1,199,14.488132423447182,0.18709435417648435
bias1,200,14.536037668221898,0.17686235601409092
bias1,201,14.307805660563375,0.18168510392983428
bias1,202,13.41985821344715,0.15475279412442894
bias1,203,13.808503768830644,0.19091598593453685
bias1,204,14.050883377726853,0.16043130765531646
bias1,205,13.258429995260865,0.17230963980460762
bias1,206,12.226626779418167,0.13537739062415555
bias1,207,12.69837551393036,0.18243982302033168
bias1,208,13.332298858074628,0.15175006493009813
bias1,209,12.556833382715128,0.16245517300472545
bias1,210,12.176796365583932,0.14308462449858264
bias1,211,11.974801179170868,0.15651632839166083
bias1,212,11.55553988332322,0.1328479475985504
bias1,213,11.596126268914082,0.15764965279890814
bias1,214,11.787629385836203,0.13812591834568255
bias1,215,12.973804174810859,0.18687823476730542
bias1,216,13.56440659570313,0.15225771342940156
bias1,217,13.33588009671946,0.18226343718298635
bias1,218,13.97344425196445,0.1672647124253587
bias1,219,13.94216221508841,0.18203072771572296
bias1,220,13.135650131589026,0.1469084736727439
bias1,221,12.966099588222871,0.1778868432155846
bias1,222,12.933481875768626,0.146533019311898
bias1,223,12.701757196509545,0.17133000762836217
bias1,224,12.781902344500116,0.14916857748142648
bias1,225,12.615059506030562,0.1666972330209642
bias1,226,11.883210837146509,0.13101707207699562
bias1,227,12.17827547777503,0.17424514536434008
bias1,228,12.73756124298376,0.14432413669329427
bias1,229,12.990003165002314,0.18119034789024022
bias1,230,13.360699903902978,0.15428615717324476
bias1,231,13.106128789804936,0.17485850302478687
bias1,232,12.593898326313907,0.14495045542320534
bias1,233,13.454114699894435,0.1914385966549697
bias1,234,13.820455073869253,0.15427881119704848
bias1,235,13.5457317356334,0.18480558207540557
bias1,236,13.658429019810505,0.15683529873414492
bias1,237,13.354452929310284,0.17757496826094948
bias1,238,12.875686822320084,0.14497961093983935
bias1,239,11.794796116684275,0.15008557653757224
bias1,240,11.61237022340411,0.1420016097003229
bias1,241,11.779595626240793,0.1527187162438189
bias1,242,11.918622665262639,0.1473789842965288
bias1,243,12.520951885530918,0.1682372104672781
bias1,244,12.488864254841003,0.14423155170427476
bias1,245,13.417075663895394,0.19196995439044026
bias1,246,13.711493523544657,0.15197439568503776
bias1,247,12.970110839044775,0.1729758952744837
bias1,248,14.502822482994508,0.1900750740382084
bias1,249,14.541711316903488,0.17364129424788094
bias1,250,13.943279537616533,0.17610008914762026
bias1,251,13.283771560547633,0.15900459237794448
bias1,252,13.373709647644317,0.17691527536257232
bias1,253,13.757727900677542,0.17020945794286002
bias1,254,12.98907710644473,0.15710823557138817
bias1,255,12.926884206654467,0.16705077420550724
bias1,256,12.931603895710696,0.1566842114781276
bias1,257,13.126994881759735,0.17277513519655244
bias1,258,13.290108870368707,0.16035575371732327
bias1,259,14.24322136892755,0.19625062574929195
bias1,260,14.874100818248676,0.17617393283338129
bias1,261,14.57048178172652,0.1885944867675376
bias1,262,14.524019723216249,0.17501376191054377
bias1,263,15.346030468828713,0.20968713595846739
bias1,264,15.476780517550898,0.17973754575549214
bias1,265,15.289124397028894,0.20270153763335697
bias1,266,15.53510634552451,0.1859921227634861
bias1,267,14.959685355238749,0.18857252327685933
bias1,268,14.874342757333887,0.18356813495232274
bias1,269,15.034253904246517,0.19246284475062134
bias1,270,15.520914422174151,0.19624873689843036
bias1,271,14.409809913980364,0.16443341369698508
bias1,272,13.783734185635453,0.18022454246765948
bias1,273,14.181419797969726,0.1747358886033446
bias1,274,15.049373264653834,0.20218582142285055
bias1,275,15.111054950586475,0.17586142373586894
bias1,276,15.03877353827788,0.20134850930033646
bias1,277,14.521625285785726,0.16280132816004758
bias1,278,14.763383253922301,0.20669398664667635
bias1,279,14.71062783373835,0.1626330635516404
bias1,280,13.857797994806411,0.18496452425491605
bias1,281,14.500060516588587,0.17776212101092176
bias1,282,14.536032742128999,0.1866066424795326
bias1,283,14.672600897960463,0.1807441369755111
bias1,284,15.387822509084154,0.20440566045096453
bias1,285,15.035824143531263,0.17257085651684698
bias1,286,14.757051615990134,0.19756964019627277
bias1,287,13.662232099633858,0.1486715640235218
bias1,288,12.715453955654647,0.17101568326770533
bias1,289,13.65988481033242,0.1726319692367183
bias1,290,14.563969069932861,0.19359207979606113
bias1,291,13.99265712914703,0.15646505366593733
bias1,292,14.319468941608038,0.20238914692248772
bias1,293,14.25022003867291,0.15398861098866137
bias1,294,13.594382465065724,0.18596640002072481
bias1,295,13.021318879990853,0.14086063623914435
bias1,296,13.350021003352166,0.19320248248601912
bias1,297,13.915512977171096,0.1556780234683621
bias1,298,14.894303060124562,0.21709881387388205
bias1,299,15.253551699335958,0.16546750064587615
bias1,300,15.122084216653372,0.21355906574410558
bias1,301,13.966028196300892,0.1370453275351152
bias1,302,12.713713046660587,0.1810703020592967
bias1,303,13.472977707680855,0.1564859313122856
bias1,304,13.418671644148084,0.17975631885269513
bias1,305,13.906997097876753,0.16855660241050766
bias1,306,14.882049108181318,0.20425733416654757
bias1,307,14.606694490216166,0.16157084937928898
bias1,308,14.78136564757034,0.20864735977713614
bias1,309,14.561120812379894,0.15579000897470263
bias1,310,14.933438907431492,0.21764613635435295
bias1,311,15.310258234632496,0.16640211619146789
bias1,312,15.758208342019882,0.22765213387374875
bias1,313,15.457473770026764,0.1609185206726127
bias1,314,15.86964336285121,0.2365775649176476
bias1,315,15.13044686979214,0.1424098068636431
bias1,316,14.937671852848219,0.23188649247847956
bias1,317,15.19540364730514,0.14828777310102384
bias1,318,15.038390361100939,0.22784513792567393
bias1,319,15.201610485956667,0.15257734445913593
bias1,320,15.256610570766176,0.22889130554602868
bias1,321,15.630436060978493,0.16310723669842775
bias1,322,14.49752986972746,0.19963879619280434
bias1,323,14.518865163469505,0.16385864517349008
bias1,324,14.255413446091842,0.1926046054930365
bias1,325,14.726362038319325,0.17583590589770615
bias1,326,14.719113555411111,0.1934122877854192
bias1,327,14.706301386663453,0.17640201568961864
bias1,328,17.511805817133233,0.26175609263999616
bias1,329,16.72091780565354,0.15734464548557558
bias1,330,17.025250336051414,0.26853820628244585
bias1,331,16.501945513186826,0.14461523350077232
bias1,332,16.13305293734425,0.2591822395092196
bias1,333,16.217068933064336,0.1467590409715109
bias1,334,17.217266034487903,0.2859031370006151
bias1,335,17.38938316986851,0.15204963472013328
bias1,336,16.75025508033709,0.2672424858602915
bias1,337,17.945494826061488,0.18222652505434458
bias1,338,18.423720895731464,0.2788175924708094
bias1,339,18.709494760757654,0.18962845105438383
bias1,340,19.262227950313854,0.29223741514102386
bias1,341,19.42730822075037,0.1939518461900513
bias1,342,19.045454502505724,0.28227559945078284
bias1,343,18.978992826541635,0.19308599028892856
bias1,344,18.575468157864332,0.2714106115998829
bias1,345,17.73784794816608,0.17495638198728786
bias1,346,17.630137096152836,0.2668720779209863
bias1,347,18.187858977293033,0.18911635105311134
bias1,348,18.602723263889246,0.2769663740676515
bias1,349,17.62458511261509,0.16509932911060587
bias1,350,17.605724584336777,0.27506011010767656
bias1,351,17.53305167155853,0.16337036795037357
bias1,352,17.914880377424435,0.2847235983310016
bias1,353,17.878047241139765,0.16243989049000007
bias1,354,18.09601885081239,0.290598230851179
bias1,355,18.554812323861682,0.1747097245532424
bias1,356,18.139713981233797,0.2795204207756128
bias1,357,18.029256893065316,0.17384698961801875
bias1,358,17.294799958689776,0.25910892154220827
bias1,359,18.99000994219471,0.216796597481707
bias1,360,19.36090842360137,0.2680573130339271
bias1,361,19.459605467649965,0.21875022010314962
bias1,362,19.84918704393905,0.2778381887425385
bias1,363,18.421238166845495,0.18362675176228382
bias1,364,18.5621741707734,0.2805700655797349
bias1,365,18.15179997604899,0.17350662542053874
bias1,366,18.7362308290509,0.2955112846632384
bias1,367,19.209843677959142,0.18525781607539688
bias1,368,18.261419797851836,0.2715807765976247
bias1,369,17.671245876232998,0.17049462869521798
bias1,370,17.38866211346464,0.2644340232031807
bias1,371,17.625933756009616,0.176263836604773
bias1,372,17.978859247982363,0.27323880457229544
bias1,373,18.202085109316037,0.18202531136204927
bias1,374,18.703405730263352,0.2857533589733354
bias1,375,18.43439444115257,0.1762119588534906
bias1,376,18.069819010737564,0.27565842302371707
bias1,377,18.53319690505762,0.1877771928041789
bias1,378,18.613223454400092,0.2776500276150811
bias1,379,19.128497967627148,0.20086889739149563
bias1,380,18.76113109932096,0.2682581863704446
bias1,381,19.62598861610796,0.22247716764330147
bias1,382,19.52803046904293,0.2658752252084895
bias1,383,18.732577187790582,0.20261211131372078
bias1,384,18.3861066595463,0.2571784687622242
bias1,385,17.98286705849034,0.19243435912239235
bias1,386,17.71820765606045,0.2505740290421127
bias1,387,17.907589736751465,0.19733293538636423
bias1,388,18.37058240703806,0.2627972531795484
bias1,389,18.633477539122115,0.20324116670208014
bias1,390,18.329540858898046,0.2553167222310549
bias1,391,18.492528555088914,0.20722251142902134
bias1,392,17.445212138902434,0.2290396871707147
bias1,393,17.26982422531805,0.20339494180111872
bias1,394,17.855656477015035,0.24330071230350916
bias1,395,17.385386986462915,0.19172460970869915
bias1,396,17.332047788256467,0.2417462132967328
bias1,397,17.128644193317744,0.18883081430805193
bias1,398,17.25945022037484,0.24307269169971912
bias1,399,17.719149170460554,0.20090627380175669
bias1,400,17.960518262298425,0.2482701858058464
bias1,401,18.00621375541962,0.20221082542814717
bias1,402,18.499658946061913,0.26173486675935304
bias1,403,18.53669401544188,0.20231639738429916
bias1,404,17.81666618525366,0.2446083445908176
bias1,405,17.705905993529523,0.19804115221160332
bias1,406,17.83913790528567,0.24809360629976834
bias1,407,17.12811584835386,0.18029561422428309
bias1,408,17.090250469991332,0.24707890686150244
bias1,409,17.28928664379567,0.18522849018253135
bias1,410,17.92238159303251,0.26295863927429003
bias1,411,17.9933636327597,0.1869561365993765
bias1,412,18.192630995546224,0.26820250058147
bias1,413,17.78187523626667,0.17667649399507165
bias1,414,17.18069188560836,0.2529280312970569
bias1,415,17.932862358333214,0.1954418806590102
bias1,416,18.36651116525994,0.26399996992896413
bias1,417,17.968088814622313,0.1852886721352995
bias1,418,17.751445954993105,0.25869899359948373
bias1,419,18.403598712988344,0.2025231014799397
bias1,420,17.622959346928013,0.2383206871593325
bias1,421,16.736277654467116,0.18022933445449105
bias1,422,17.020782680815252,0.24571494619465187
bias1,423,15.65813029020833,0.14610622485010857
bias1,424,15.613916255886442,0.24441147729012533
bias1,425,15.525792966304735,0.1458155958574635
bias1,426,15.661464554817442,0.24591593586547644
bias1,427,15.976901655075595,0.154055211969951
bias1,428,15.38710448909987,0.23107019980767984
bias1,429,14.907853236973452,0.1420725453736985
bias1,430,14.441324993886719,0.21937767445851555
bias1,431,15.66828779010768,0.17243548559036329
bias1,432,16.130459369065736,0.23156661166290235
bias1,433,15.811165075360218,0.16397303446043499
bias1,434,15.966606557695304,0.23565045827114972
bias1,435,15.997684150609645,0.16485787201791396
bias1,436,16.54534151383206,0.24902521536736066
bias1,437,16.331468563675205,0.16032160414483992
bias1,438,16.442514993811784,0.2510185909285845
bias1,439,16.87370156654358,0.17172007511329077
bias1,440,16.990899838150423,0.25386169926218677
bias1,441,17.116454017014814,0.17438221366404072
bias1,442,17.317371265444656,0.2597094655176019
bias1,443,17.27558213772364,0.17291645951603762
bias1,444,17.877745377597495,0.27433094271274744
bias1,445,17.75472512393477,0.17034960734599
bias1,446,18.275356812098824,0.2865564187878316
bias1,447,17.844466119166782,0.1624982173958927
bias1,448,17.844120239719537,0.2850618101259348
bias1,449,18.793718702372555,0.18556692916366027
bias1,450,18.67115692497538,0.281322707695064
bias1,451,18.741072028726737,0.187871982612357
bias1,452,18.378737201764434,0.27285685130072507
bias1,453,18.613288810150785,0.1926826813482706
bias1,454,19.278190235687468,0.28992207467399933
bias1,455,18.367430860611616,0.16954825771605675
bias1,456,18.47491082793294,0.2935555732054479
bias1,457,19.49305643194281,0.19387360051087785
bias1,458,20.136495718575787,0.3096384138219485
bias1,459,19.289730589917394,0.17284234576819157
bias1,460,19.292228926582958,0.30984123553261644
bias1,461,19.467438234609,0.17772014997894564
bias1,462,19.434996621299085,0.3086061491717548
bias1,463,20.00925044792066,0.19260683376647372
bias1,464,20.49301944454896,0.32001277953730556
bias1,465,20.36644456801157,0.19058297667782312
bias1,466,20.197768803842138,0.31537831887450857
bias1,467,20.172898842218707,0.1890599544607357
bias1,468,20.557165396135154,0.3255961566307158
bias1,469,20.596923433873272,0.1897628140393082
bias1,470,19.86242988481718,0.3070152801937607
bias1,471,19.49542728830008,0.18081204820407967
bias1,472,19.513856626886383,0.3076057306581643
bias1,473,19.993868098454435,0.19232284564781552
bias1,474,20.172825843126606,0.312534713729091
bias1,475,20.20420141268877,0.1927022677709147
bias1,476,19.954797819760465,0.3062906047273141
bias1,477,19.700257333024485,0.18679172651095116
bias1,478,19.37012661637573,0.2975241916070276
bias1,479,19.331934967482532,0.18631366778709046
bias1,480,19.465046513114764,0.30049486050361035
bias1,481,19.43280643031743,0.18760369543825037
bias1,482,19.421049476986624,0.29803544319036307
bias1,483,18.594007447858477,0.16719700168256832
bias1,484,18.395502870586046,0.29390815904130263
bias1,485,18.885576883247293,0.17874277318187595
bias1,486,19.22011529737902,0.30292864076221176
bias1,487,18.59904572260448,0.16209025157418674
bias1,488,18.825325040354418,0.30927938967715896
bias1,489,19.379629628675165,0.1757753463704697
bias1,490,19.18156102927182,0.30388499157523574
bias1,491,18.241446747973576,0.152576678949171
bias1,492,18.025703698325927,0.2984697241379169
bias1,493,18.866131492157667,0.17481890110129172
bias1,494,17.785515293013304,0.270609014649515
bias1,495,16.932402767563598,0.15337488069420724
bias1,496,15.732417895493052,0.2402844655843321
bias1,497,16.729781683376114,0.17844331586619078
bias1,498,17.41703134721886,0.2575053974279836
bias1,499,16.787853238671644,0.16229252028269847
bias1,500,16.94804257097883,0.2617467742391675
bias1,501,17.336850950634584,0.17223336863055322
bias1,502,17.465013877121244,0.2646052690706359
bias1,503,17.718144367962072,0.179359549756796
bias1,504,16.824926864508885,0.241318386759345
bias1,505,16.32241963770327,0.16837951297144851
bias1,506,15.405503386973832,0.21697315120023167
bias1,507,16.006444130723683,0.18371026179222522
bias1,508,15.998429463898702,0.21688139845140494
bias1,509,16.10302557404509,0.18621510540080924
bias1,510,16.344865011534033,0.2235788564365947
bias1,511,16.138630089961254,0.18025513998005535
bias1,512,16.42148480040264,0.2309512860774725
bias1,513,16.506450687962882,0.1824288065721654
bias1,514,16.538779590989403,0.2313554565922342
bias1,515,16.1777522384007,0.1742392927509112
bias1,516,15.603394228780566,0.21597301479587977
bias1,517,16.21114332175409,0.18943266010177287
bias1,518,16.09213191539183,0.21384469147168572
bias1,519,16.36585928461628,0.1954526738747206
bias1,520,16.92625704902276,0.22853938521143363
bias1,521,17.327526203576774,0.20495100709018846
bias1,522,17.03408510110214,0.22156656262564509
bias1,523,17.076837117906067,0.2056347491011612
bias1,524,17.09913797700078,0.22253979473558208
bias1,525,16.7836549126835,0.19792405886859335
bias1,526,16.51060844948296,0.21489999917417374
bias1,527,16.248587174292386,0.1918369896802367
bias1,528,15.549905203598113,0.19703906874362626
bias1,529,15.16119665467366,0.18209662226700798
bias1,530,15.402587026674365,0.20309164603882016
bias1,531,15.504223152728766,0.1845488224030817
bias1,532,14.952971899103323,0.1902384665594939
bias1,533,14.715256452287216,0.17805581408729879
bias1,534,14.505744818957298,0.1848324855170668
bias1,535,14.748050559766671,0.18479960807742846
bias1,536,14.412300761564998,0.17585609681252726
bias1,537,14.065979814480704,0.1777686970388339
bias1,538,14.013668532631407,0.1729489991199241
bias1,539,14.357272068659421,0.18612323862021046
bias1,540,14.668572015916016,0.18147388503292386
bias1,541,15.230490200693207,0.1995670286451531
bias1,542,14.777894257361515,0.17120373695349952
bias1,543,14.464829146512471,0.19075194441478163
bias1,544,14.707503127983355,0.17701063098860376
bias1,545,14.683917135152472,0.19074970971758856
bias1,546,14.940829050242982,0.1833187120991466
bias1,547,14.825318243034353,0.18785602226106288
bias1,548,15.091216815976404,0.18959299048905404
bias1,549,15.36186619803079,0.19463792873163546
bias1,550,15.545216855239794,0.19416254886548653
bias1,551,15.239129692096622,0.18719597929348472
bias1,552,14.699560304428038,0.18045141136983342
bias1,553,14.628598720992667,0.18541491683052505
bias1,554,15.152684673032445,0.1935720541827096
bias1,555,15.42427791026391,0.19205369153652535
bias1,556,15.419542184211465,0.19362514425768457
bias1,557,15.343564080213255,0.18999248910451955
bias1,558,15.03760803484729,0.18600194429469907
bias1,559,14.837310511271546,0.18510908340553672
bias1,560,14.935596923497926,0.18846961539347823
bias1,561,14.71365812819981,0.17954110482689653
bias1,562,14.344866838030383,0.17911400651456838
bias1,563,13.631712866794132,0.16205225182811586
bias1,564,13.269861759999575,0.16977582734829688
bias1,565,13.562006130808212,0.16929350382078595
bias1,566,13.582843600928017,0.17036171489811608
bias1,567,13.335223371701073,0.16303475014408136
bias1,568,12.737289956379705,0.15547680477574213
bias1,569,13.016113726614124,0.17007794451814684
bias1,570,13.182851329996364,0.15955739884588296
bias1,571,13.566488888721743,0.17965244888531684
bias1,572,13.673334982671536,0.16219278243731908
bias1,573,13.167618205961524,0.16708010171841944
bias1,574,12.997607696624858,0.15800063462962183
bias1,575,12.860719574408348,0.16357716381955234
bias1,576,12.701587622533124,0.15404472356723262
bias1,577,12.501683603138265,0.15855541913148372
bias1,578,12.253182685334384,0.1478063094028871
bias1,579,12.567793374854775,0.1666173049517184
bias1,580,12.426194756027696,0.14426423292882498
bias1,581,12.227174019923751,0.16187110753210213
bias1,582,12.644567409969639,0.15439217103965192
bias1,583,13.091288061527642,0.17296898660385512
bias1,584,12.716428567426872,0.1450470198243808
bias1,585,12.857167922187188,0.17644919869267497
bias1,586,12.957716550129186,0.14762541741980187
bias1,587,12.785980499839521,0.17217879525783839
bias1,588,12.716711898046382,0.1457517566922061
bias1,589,12.784147927229633,0.17395921984870574
bias1,590,12.611925870601286,0.14139574655602427
bias1,591,12.469488268059719,0.17041264045914203
bias1,592,12.924380143091582,0.15273691068538467
bias1,593,13.100292488233231,0.17518326616502145
bias1,594,13.15005959604042,0.15360754026791934
bias1,595,13.374499957054136,0.18079284999237683
bias1,596,13.259109166401487,0.15071216194323028
bias1,597,13.131101004585672,0.17758518309328705
bias1,598,12.98471104853614,0.14711199321499777
bias1,599,13.020838526408097,0.17861265966046652
bias1,600,13.183715786688024,0.15101548045712446
bias1,601,13.322293136225353,0.18223181771040947
bias1,602,13.127266019583487,0.14604025756610178
bias1,603,12.494867682539763,0.16676460101539642
bias1,604,12.371314206828844,0.1426205728322126
bias1,605,12.84317382385618,0.17867619361908677
bias1,606,13.009323830663007,0.146614790064685
bias1,607,13.127134967091465,0.18162080829936375
bias1,608,13.273175449246429,0.15064261720718422
bias1,609,12.866371856707804,0.1710241414354784
bias1,610,12.49047713906466,0.14129559620605814
bias1,611,12.698702478940668,0.17640211432719735
bias1,612,12.744470738708253,0.1423491017111361
bias1,613,12.492193758449256,0.17018392519930872
bias1,614,12.60474888463679,0.1450049190888108
bias1,615,12.809190625752079,0.17541212519011568
bias1,616,12.87132016704918,0.14662693298112803
bias1,617,13.11221483484113,0.1812066920299288
bias1,618,13.051433998437538,0.14519008338800063
bias1,619,12.802375672063462,0.1750257290434359
bias1,620,12.821997512909673,0.14559724246010206
bias1,621,12.56887047381381,0.16867967492441893
bias1,622,12.457487132182088,0.1428888986679156
bias1,623,12.314877693602128,0.1650436874292057
bias1,624,12.227906705987044,0.14085629648809841
bias1,625,12.126746919941137,0.1623558543321981
bias1,626,11.726576747146192,0.13085575266812358
bias1,627,11.397567445393733,0.1541241523181454
bias1,628,11.614613683683379,0.13643752713483173
bias1,629,11.87297807875173,0.16040484068626198
bias1,630,11.784792614885198,0.13423882029318188
bias1,631,11.656468994555029,0.1572995390376211
bias1,632,11.387815269265428,0.12742419102357513
bias1,633,11.28809481195914,0.15494917332193853
bias1,634,11.177794525170944,0.1245071989359263
bias1,635,11.154374975536706,0.1544562799238403
bias1,636,11.137414100596638,0.12398923213152681
bias1,637,11.08737714543393,0.15322959513214712
bias1,638,11.10050326151888,0.12429796888059698
bias1,639,11.065501530110758,0.15235796613713656
bias1,640,10.84664122347201,0.11894361498596863
bias1,641,10.70464247790661,0.14874367568017163
bias1,642,10.85381232249158,0.12279263425214622
bias1,643,10.662925842101139,0.14380188196760924
bias1,644,10.582045942833501,0.12082724686225804
bias1,645,10.552028523836572,0.14309058623292953
bias1,646,10.606436730262162,0.12208732949606844
bias1,647,10.661929072926673,0.14447188582177065
bias1,648,10.677433901989001,0.12270798480683655
bias1,649,10.453302199154,0.13876333817503397
bias1,650,10.297571526104003,0.1187558916695579
bias1,651,10.287195412790142,0.13891386825173202
bias1,652,10.436945970587072,0.12205544158077962
bias1,653,10.432497782715702,0.13917776928724718
bias1,654,10.087879088725932,0.11316866352994427
bias1,655,10.16890342701882,0.14113516891279002
bias1,656,10.158158673794206,0.11313248737872587
bias1,657,10.414651476884123,0.14736738039483083
bias1,658,10.077088898051228,0.10459698855966976
bias1,659,9.59533646585865,0.13552235128910253
bias1,660,9.872824971916472,0.11137203866508165
bias1,661,9.902560879007757,0.13624072711314258
bias1,662,9.890908474540684,0.11109121869213694
bias1,663,9.53262870047221,0.12729491108553104
bias1,664,9.215399079918026,0.10322399284592902
bias1,665,9.371086578668796,0.13114463913702556
bias1,666,9.403060104230029,0.10465663283739852
bias1,667,9.414245734006613,0.13082698091057257
bias1,668,9.703411176446037,0.11200166251896147
bias1,669,9.375593991887563,0.12261177474661693
bias1,670,9.251760952205865,0.10885146647721863
bias1,671,9.124244015572435,0.11955268577974291
bias1,672,8.808705536590162,0.10067957536230096
bias1,673,8.923232564979935,0.1224607808490648
bias1,674,8.981919261570134,0.10212745094140524
bias1,675,9.02537014432601,0.12352747898509622
bias1,676,8.86848769928278,0.09835501041150527
bias1,677,8.627377040947277,0.11745079440535955
bias1,678,8.66027954880512,0.09905835404962515
bias1,679,8.571501102954967,0.11541827828302823
bias1,680,8.616836745305692,0.10002278363934057
bias1,681,8.58568076313414,0.11471048580254568
bias1,682,8.570060410881558,0.09959054005036483
bias1,683,8.3857784143001,0.11008317715195019
bias1,684,7.979843489774072,0.08942047054813339
bias1,685,8.201381356305943,0.11565836832705004
bias1,686,8.334945934969811,0.09278024041962478
bias1,687,8.511557855113475,0.12017511417636709
bias1,688,8.482452812368566,0.09198517125785521
bias1,689,8.482410629987246,0.12010624664157162
bias1,690,8.26958957907266,0.08668141501565563
bias1,691,8.028156319765019,0.11429353698312246
bias1,692,7.97281858888907,0.08510639047358716
bias1,693,7.909415450700291,0.11286188633078335
bias1,694,7.916216533765275,0.08509260602429637
bias1,695,7.965316576550093,0.11407330567987704
bias1,696,7.705715460254953,0.07871738311210952
bias1,697,7.6906577809943615,0.11358297817599308
bias1,698,7.852693073975163,0.08310234424509526
bias1,699,7.953101831650048,0.1157645804379466
bias1,700,7.860010775337736,0.08101749086472552
bias1,701,7.524565490110356,0.10719218914587024
bias1,702,7.457368240405547,0.07944379212534876
bias1,703,7.419772871058938,0.10649978751769644
bias1,704,7.551262050020272,0.08232549832464423
bias1,705,7.4451244949098285,0.10398028926591307
bias1,706,7.2625611942757935,0.07776195774195345
bias1,707,7.360182452506217,0.1064737193542507
bias1,708,7.118522772830962,0.07165670323714837
bias1,709,7.031143945526557,0.10417558759574415
bias1,710,7.025330696685299,0.07160840457782193
bias1,711,6.928141487416162,0.10168046869209983
bias1,712,6.952033847704111,0.0721544357282008
bias1,713,6.9504847934474325,0.10165982220262461
bias1,714,6.859907891777882,0.07008094732817201
bias1,715,6.943986909384386,0.10356681321300393
bias1,716,6.852421225712689,0.06791664093413506
bias1,717,6.544478392193671,0.09577600862463403
bias1,718,6.630452146329664,0.07047303841746447
bias1,719,6.547924055556628,0.09339412835824777
bias1,720,6.435953944434897,0.06753590577542998
bias1,721,6.321196807232374,0.09058928126910533
bias1,722,6.432510516565373,0.07026338539030287
bias1,723,6.464272789221635,0.09152429163854645
bias1,724,6.37055874806774,0.06774999811374957
bias1,725,6.255638285527612,0.08870261404608396
bias1,726,6.322678271416583,0.06943058078739381
bias1,727,6.289730272768151,0.08782006841613178
bias1,728,6.266511775148843,0.06886570272721772
bias1,729,6.188311948018148,0.08588314105058788
bias1,730,5.921370740354561,0.06216628305340348
bias1,731,5.845934877097478,0.0840444238390469
bias1,732,5.851172984147591,0.06229975057710524
bias1,733,5.97890093940293,0.08719945543362588
bias1,734,6.089008854120715,0.06514951252463684
bias1,735,5.967111294231457,0.08406945184047634
bias1,736,5.820252505851065,0.06153801687501082
bias1,737,5.810428393542916,0.08380908288663584
bias1,738,5.887364044993664,0.06359609576976454
bias1,739,5.584593047642467,0.07629232023932939
bias1,740,5.535448815165246,0.06261246329326504
bias1,741,5.603901689463924,0.077756278894892
bias1,742,5.550673483404157,0.06129206457532451
bias1,743,5.477349396920881,0.07579923118415591
bias1,744,5.2828668932195075,0.0563950242277641
bias1,745,5.2772108340667945,0.07574819210213025
bias1,746,5.429265427247564,0.0601926358934136
bias1,747,5.478577162737206,0.07690328106028342
bias1,748,5.423406104909417,0.05875008476563353
bias1,749,5.406816581489944,0.07651843482967788
bias1,750,5.299827691036554,0.05610228920754439
bias1,751,5.223619155790206,0.07451106458098021
bias1,752,5.215748758535508,0.05593436928294099
bias1,753,5.1881370198437216,0.07379782231458573
bias1,754,5.135504303169342,0.05465863121624425
bias1,755,5.025544745872856,0.07104020861089358
bias1,756,5.074267483311405,0.055940248640963156
bias1,757,5.0291788754577595,0.06983218861825868
bias1,758,4.956980057971587,0.05411911800386411
bias1,759,4.916679249271383,0.06882946386482583
bias1,760,4.908888090978765,0.05394240183825226
bias1,761,4.9241045041131315,0.06922035550547337
bias1,762,4.883640963849751,0.05290394398676303
bias1,763,4.762495734188164,0.06618167391512363
bias1,764,4.644888862000863,0.049997728590053046
bias1,765,4.588324914262804,0.06474081495478731
bias1,766,4.539119816050798,0.04880759495029223
bias1,767,4.499462555654584,0.06371267310746083
bias1,768,4.353741837872855,0.045236110197673915
bias1,769,4.250997671694009,0.061074162066799886
bias1,770,4.322288687560826,0.047145406560194635
bias1,771,4.231145164259727,0.05868309333560317
bias1,772,4.203932694632312,0.04650081053569175
bias1,773,4.155187962820031,0.05752496071341172
bias1,774,4.124998896650138,0.04570364762393495
bias1,775,4.02708195163261,0.05509114041111394
bias1,776,3.9408789743554618,0.0435446912874203
bias1,777,3.8916741718151835,0.05385046371163509
bias1,778,3.906972648634702,0.04397029822508645
bias1,779,3.872791804872266,0.05287862038802259
bias1,780,3.7754481235393036,0.04152163129067823
bias1,781,3.7087129055718355,0.05122901806404698
bias1,782,3.7577197235081576,0.04272659690565287
bias1,783,3.812875473942526,0.05261541447421142
bias1,784,3.933744389475866,0.04573849301464106
bias1,785,3.94850983619826,0.05298920336967025
bias1,786,3.8340777025403994,0.04287848863219807
bias1,787,3.7980087170920482,0.05212029303425711
bias1,788,3.801957041246346,0.04300419195448714
bias1,789,3.733152397133504,0.05034563788908735
bias1,790,3.693350210359641,0.04201740664470748
bias1,791,3.6475664017977962,0.04919554066967718
bias1,792,3.6066887737044415,0.04101527474273268
bias1,793,3.592112683189995,0.04885165342701805
bias1,794,3.5409042504576167,0.039676856710032786
bias1,795,3.5143752006549174,0.04822651335703981
bias1,796,3.5346863820994603,0.040186810027154865
bias1,797,3.50231684660287,0.047396336454645235
bias1,798,3.489891661872236,0.03987842239581778
bias1,799,3.4429233510747026,0.04620610379459055
bias1,800,3.3297287902587196,0.037105778010971036
bias1,801,3.260338405060247,0.04445965410456026
bias1,802,3.2478896053817388,0.036805980815750254
bias1,803,3.287742868840547,0.04541751248920326
bias1,804,3.2122840018963,0.034942227333488556
bias1,805,3.157996240979011,0.04404987064708802
bias1,806,3.0943994012169895,0.03337079385609484
bias1,807,3.059492578862484,0.043183299448585385
bias1,808,3.0951347631889297,0.03424976557717549
bias1,809,3.0973461402403832,0.04323594894863926
bias1,810,3.053685281835748,0.033136259480553
bias1,811,2.9565284059812984,0.040842771784189894
bias1,812,3.010294515071875,0.03450770392261394
bias1,813,3.029816826531241,0.04131692722949423
bias1,814,2.99265004782287,0.0336508912013306
bias1,815,2.94505157191211,0.040074484365531446
bias1,816,2.9559629751557863,0.03385907610523594
bias1,817,2.8741550086243635,0.038114883579679085
bias1,818,2.893904091305794,0.034363567130276905
bias1,819,2.894630410699391,0.03812569713453961
bias1,820,2.832628853097504,0.032715686716889056
bias1,821,2.7938319911924605,0.03715274673346664
bias1,822,2.772973616882781,0.03222716613957196
bias1,823,2.7623644674064285,0.036864473816195634
bias1,824,2.744289482831831,0.031812291258164496
bias1,825,2.7503841708255448,0.03698873164378424
bias1,826,2.751555452162895,0.031819150329307024
bias1,827,2.7302210271000793,0.0364869278208078
bias1,828,2.7363912759406466,0.03199513456427408
bias1,829,2.670198083526546,0.034777983275536266
bias1,830,2.60312083309151,0.03031102457172081
bias1,831,2.5665472620745033,0.0338782466769282
bias1,832,2.5171617812893667,0.02908757915237288
bias1,833,2.583776765932446,0.03554028925518568
bias1,834,2.562786650142666,0.028541399873625736
bias1,835,2.539781318272292,0.034961381536038644
bias1,836,2.519092053759333,0.028024612648679045
bias1,837,2.4758113416858745,0.033884868264124235
bias1,838,2.4609372897754516,0.027662902273941456
bias1,839,2.4572171204343007,0.033778735482267445
bias1,840,2.4442390731815857,0.02734663580373903
bias1,841,2.3822080277882,0.032234631615198496
bias1,842,2.3557887693603456,0.02674444448051017
bias1,843,2.3782568066262537,0.032740205437541865
bias1,844,2.36397210284961,0.02636978242494077
bias1,845,2.3165365522947607,0.03155202631886735
bias1,846,2.2308099806259043,0.024237163582482013
bias1,847,2.196344515060755,0.03068165137911775
bias1,848,2.1757746124645903,0.02375796876864803
bias1,849,2.1514765817314245,0.030045872451054768
bias1,850,2.116609678892503,0.02290978347169363
bias1,851,2.0655081356367453,0.028774315144751324
bias1,852,2.0710718876724465,0.023022415887784472
bias1,853,2.061333413430051,0.028541241632489164
bias1,854,2.049184970500249,0.022705265803838384
bias1,855,2.023848285977945,0.0279039831672214
bias1,856,1.9603265900292703,0.021112147571597035
bias1,857,1.9282835237594829,0.027100671505297415
bias1,858,1.9195426887322589,0.020915346042684132
bias1,859,1.9099709004315928,0.026853258454168798
bias1,860,1.8887598052078167,0.020380571526768664
bias1,861,1.8676832941648627,0.026329418576881362
bias1,862,1.8817018038875746,0.020725797548790836
bias1,863,1.853913900042582,0.025630797369721393
bias1,864,1.8388827172285567,0.020355978093057614
bias1,865,1.8097523971137013,0.024892432431878445
bias1,866,1.7979391020676616,0.02006579502542463
bias1,867,1.7680216985453527,0.024146204452022334
bias1,868,1.777305989819484,0.020299359047300902
bias1,869,1.781469305794988,0.02423926989703897
bias1,870,1.7421240556006443,0.0193163702817766
bias1,871,1.711938317751381,0.023496429849236607
bias1,872,1.7251266138454169,0.019643736407026827
bias1,873,1.716476260134167,0.023273188655612773
bias1,874,1.6662694969238563,0.018386745299108352
bias1,875,1.6605606385773906,0.023143358646871132
bias1,876,1.6521135798389557,0.018172098103045563
bias1,877,1.6409252056231005,0.022864059705351655
bias1,878,1.6395062065418908,0.01813944802143064
bias1,879,1.6296236767544672,0.0226088527822118
bias1,880,1.5999532810192778,0.017400207260614177
bias1,881,1.597128977253301,0.022542543582845073
bias1,882,1.5780823851180024,0.016944678780991988
bias1,883,1.5563317645560475,0.02199445689126484
bias1,884,1.532330715736329,0.016331514943947124
bias1,885,1.5087089146661339,0.021395598652577022
bias1,886,1.4881727580312394,0.01582724282438909
bias1,887,1.4715619661002994,0.020987516439672897
bias1,888,1.4424300605732134,0.015093677008631788
bias1,889,1.4275986806528649,0.020613557087705486
bias1,890,1.4212159409292673,0.014930246536354483
bias1,891,1.3947745400730511,0.01995061558923037
bias1,892,1.3855716797032982,0.01470393544203111
bias1,893,1.3752342849217138,0.01968645127719651
bias1,894,1.3362865303139064,0.013725342579099435
bias1,895,1.3012281790585685,0.018815461661839124
bias1,896,1.3075124324847853,0.013892003448740918
bias1,897,1.29389889346328,0.01846045924580621
bias1,898,1.270940520484809,0.013321749708907895
bias1,899,1.2419468464193475,0.017745099505481015
bias1,900,1.2284094971865884,0.01296615487480784
bias1,901,1.206792769577183,0.017206272147368838
bias1,902,1.2006547340378702,0.012829602297173174
bias1,903,1.1752140636520088,0.016562331303341487
bias1,904,1.1616431127744895,0.012483724727434049
bias1,905,1.1474774234449734,0.016223549515897884
bias1,906,1.1518014542363941,0.012584949587011767
bias1,907,1.1489305902424742,0.01614937985187332
bias1,908,1.130653398445001,0.01212095729383162
bias1,909,1.1246906603034756,0.01600110151858239
bias1,910,1.1011285385406795,0.01153617650612183
bias1,911,1.0645711625869791,0.015086461825337325
bias1,912,1.0678667831949369,0.011640557955433752
bias1,913,1.083550234732153,0.015455484266143325
bias1,914,1.0643728284672627,0.01115810207721844
bias1,915,1.0655386698100013,0.015496945428500138
bias1,916,1.0731341312922176,0.011333847299771164
bias1,917,1.048783373871315,0.014890128461158206
bias1,918,1.0412017636144393,0.011160100967671704
bias1,919,1.0343768440382721,0.014706876972674362
bias1,920,1.035578516503711,0.011200032937852952
bias1,921,1.0315529597311255,0.014603767570528937
bias1,922,1.027452040943318,0.011103051022482642
bias1,923,1.0215812386345524,0.014445289978230464
bias1,924,1.0103219189612918,0.010827267332279837
bias1,925,1.0123723004222116,0.014488747904955992
bias1,926,1.0085353036227647,0.010730596993617371
bias1,927,0.9965368335554419,0.014186407280494235
bias1,928,0.974962347087665,0.010198363329692225
bias1,929,0.9558683480779968,0.013708816347172586
bias1,930,0.9471789768025576,0.009975727054416078
bias1,931,0.9349841569334247,0.013413228902513868
bias1,932,0.9145690504032907,0.009476103416402724
bias1,933,0.9100086739535688,0.013277719223035854
bias1,934,0.9134925865143899,0.009574206048459377
bias1,935,0.8896284641354488,0.0126805677746556
bias1,936,0.8675944715342131,0.00902695981513914
bias1,937,0.8585941280545974,0.012441095138437018
bias1,938,0.858577824940553,0.009031287737564831
bias1,939,0.8488361748798376,0.012198434414697595
bias1,940,0.8440006022080994,0.008912052242136734
bias1,941,0.8377614641843207,0.01204266685763918
bias1,942,0.8349746324092248,0.008836044483309864
bias1,943,0.8197633067187727,0.011666288520412207
bias1,944,0.8091613210341662,0.008575174035257307
bias1,945,0.7992007339153279,0.011412112979085811
bias1,946,0.7877356435658336,0.008287126618932902
bias1,947,0.7821931073746149,0.011277271840081114
bias1,948,0.7761994797102483,0.008134231049056227
bias1,949,0.7652485717691944,0.011004105860174121
bias1,950,0.7624705346765269,0.00806415599536261
bias1,951,0.7488470643061549,0.01066007731366266
bias1,952,0.7414807921448138,0.007884267461520971
bias1,953,0.7352618055706425,0.010505120536713937
bias1,954,0.7201178939975299,0.007516649821019654
bias1,955,0.7133950793151534,0.010329272426549473
bias1,956,0.7031962660331301,0.007261127677338534
bias1,957,0.6944653416222155,0.010112393507116294
bias1,958,0.6886922624359899,0.00712088645540317
bias1,959,0.672504920997775,0.009701573317081068
bias1,960,0.6690959030627323,0.007045208483055957
bias1,961,0.662309147703769,0.009525402870745858
bias1,962,0.6619304117986907,0.00703707400283044
bias1,963,0.6568481543988699,0.009392228904521417
bias1,964,0.6395281017390089,0.00660536804180971
bias1,965,0.6252949729881759,0.009043455559608556
bias1,966,0.6232840915650575,0.006546770253061332
bias1,967,0.6110503072012647,0.008738982344436099
bias1,968,0.609419073781995,0.006506354795890377
bias1,969,0.5940225484990554,0.008356311557062254
bias1,970,0.583133514594799,0.006230771450635001
bias1,971,0.578135464566749,0.00822866474296881
bias1,972,0.5776674681782781,0.006222609703964331
bias1,973,0.5659301769273501,0.00793504725158015
bias1,974,0.5593544559931413,0.006059313996882618
bias1,975,0.5512469205203526,0.007733311464631018
bias1,976,0.5583971902773122,0.006236235945497164
bias1,977,0.5525211915018688,0.00759071119533273
bias1,978,0.5393953946662557,0.005907535951934067
bias1,979,0.5355678329005463,0.007492926868765014
bias1,980,0.5327754445810896,0.005834924951773424
bias1,981,0.52591459924407,0.007319125466129881
bias1,982,0.5202928318370825,0.00569814278424168
bias1,983,0.5126121910975906,0.007125708720255339
bias1,984,0.5014733017077464,0.005418468249862773
bias1,985,0.4999642747187474,0.007087169661257751
bias1,986,0.4964831571719991,0.0053364441098185675
bias1,987,0.4985362539473923,0.007137690245395703
bias1,988,0.49212597809650876,0.005174479962721995
bias1,989,0.48315933689735546,0.006911662607614189
bias1,990,0.4783660545796749,0.0050559405187276096
bias1,991,0.4733770203227281,0.006786625750782573
bias1,992,0.4665966682512183,0.004886051439199328
bias1,993,0.45894801793070295,0.006594753927830336
bias1,994,0.45474654928272906,0.004783576860535183
bias1,995,0.43868097638901715,0.006191598234640582
bias1,996,0.4369126071939548,0.004745052069214985
bias1,997,0.42968716248085187,0.006005560273177542
conv1,0,5.462089954233692,0.8780816884817128
conv1,1,6.106313072891988,0.8568651223887459
conv1,2,5.039573712358564,0.8316749201987178
conv1,3,5.549472769056579,0.7964493158102154
conv1,4,5.011892898991963,0.7525873625535008
conv1,5,4.179172430290692,0.7202715006340003
conv1,6,3.988636233487807,0.7013266959828222
conv1,7,4.467912293487287,0.6676433744391791
conv1,8,4.3752804251936155,0.6432139770394367
conv1,9,3.881215992281962,0.6258984876705094
conv1,10,4.036758963067938,0.5988581452551788
conv1,11,3.869419734104966,0.5753357155680412
conv1,12,4.3572285321779205,0.5415040003092656
conv1,13,3.830673433473036,0.5051062218487147
conv1,14,3.4771874174384605,0.47710831422444566
conv1,15,3.687569401997435,0.4578095038173665
conv1,16,3.2152251385440427,0.4397151203080999
conv1,17,3.134964959283788,0.41200617776619064
conv1,18,2.5552838010139816,0.3971885397292326
conv1,19,3.484508381226755,0.3734567703794491
conv1,20,3.050212779143852,0.35515350963537906
conv1,21,2.961309622300957,0.3220146360022432
conv1,22,3.0416699440895774,0.31128728451609333
conv1,23,2.667751607927432,0.27833583179824717
conv1,24,2.234374183877906,0.2513115052761761
conv1,25,2.28200083087837,0.23638240766548294
conv1,26,2.739533652748078,0.19386379505522836
conv1,27,1.8411398428241497,0.17327403214177378
conv1,28,2.0922841799557625,0.14806051954553442
conv1,29,2.117079886519662,0.12928124151319578
conv1,30,1.8836869489540053,0.11473656903019909
conv1,31,1.822465373237369,0.09127040406836424
conv1,32,1.4773195189391657,0.07592158629406737
conv1,33,1.3657907400748963,0.06756957165788931
conv1,34,1.3864804819951126,0.063681429077911
conv1,35,1.3915651307799846,0.06489610745477117
conv1,36,1.7036787171675851,0.060217833032223556
conv1,37,1.4004975611348498,0.06145845390034976
conv1,38,1.469029402220521,0.06253764960420444
conv1,39,1.4640851110050819,0.05860979518371979
conv1,40,1.6971887694826366,0.05935531230271921
conv1,41,1.8829873897128595,0.06365003524451776
conv1,42,1.7393474885064333,0.059880684405566605
conv1,43,1.757450419853213,0.06157420088372631
conv1,44,1.92205477083766,0.061182767835878296
conv1,45,2.008453431029434,0.05973761277697221
conv1,46,1.9127975272193993,0.06027064453742064
conv1,47,1.9701658849608021,0.06146947224087831
conv1,48,1.8988588368847212,0.05694362220984124
conv1,49,1.8857580909066731,0.06118182728133701
conv1,50,1.8910209968523013,0.056401429116307446
conv1,51,1.783309648947364,0.05757415591881087
conv1,52,1.8979159562974302,0.058372099087557736
conv1,53,2.048919663802857,0.055918195230939285
conv1,54,2.3441078987296358,0.0588652241019536
conv1,55,2.1860565708356368,0.056279150656503844
conv1,56,2.184082259848716,0.055060426381025825
conv1,57,2.1725291079093303,0.05106783161459742
conv1,58,2.0396232774256173,0.05300496860313523
conv1,59,2.113784094285751,0.05307128272406536
conv1,60,2.059304269360117,0.05697722737018519
conv1,61,1.9454360683438683,0.05127953176977637
conv1,62,1.8883800377091569,0.05693586156922984
conv1,63,1.8844632434751682,0.05386275134061974
conv1,64,1.9985748216309085,0.06025773581782615
conv1,65,2.1760573453069374,0.05731300084002539
conv1,66,2.1180740604344246,0.056911417098546906
conv1,67,2.1586604866265326,0.057379375391096304
conv1,68,2.271788073367743,0.05907917087148764
conv1,69,2.212766434933194,0.05819001229144898
conv1,70,2.267505215087173,0.05847380718854175
conv1,71,2.4909860812872577,0.05474607905587146
conv1,72,2.3063825634241106,0.057964847467354516
conv1,73,2.165008665038933,0.05236303196587463
conv1,74,2.2350622090114642,0.05749712765992271
conv1,75,2.2913961096738604,0.05504792195368466
conv1,76,2.3083153342522444,0.05767777235756129
conv1,77,2.3035249984509893,0.05753373453314476
conv1,78,2.293822940334341,0.05787784948488752
conv1,79,2.231479313489321,0.05536862638996594
conv1,80,2.0260651197180337,0.0539050095078529
conv1,81,1.801791582958036,0.0547876289707296
conv1,82,1.8553026967605213,0.05964633150651933
conv1,83,1.9922709278794148,0.05742884362991483
conv1,84,2.003510832251095,0.059123920372783134
conv1,85,2.2706647472922783,0.06636461102743084
conv1,86,2.2259110472335157,0.06716565233275094
conv1,87,2.210287868988789,0.06636533312729748
conv1,88,2.0091072838478374,0.06292598926749104
conv1,89,2.00637625770277,0.07173793519949193
conv1,90,2.3954620823209845,0.06940798242274074
conv1,91,2.308075320732683,0.06627151838129877
conv1,92,2.13716500130284,0.06847916406660448
conv1,93,2.4880181093750995,0.068694950571382
conv1,94,2.600694063697726,0.0684670302982771
conv1,95,2.383619939189683,0.06351644994635004
conv1,96,2.3306071758451616,0.066683104628116
conv1,97,2.3211918377620915,0.06291201296485557
conv1,98,2.357314330186401,0.06402403916187403
conv1,99,2.448666853702846,0.06089541668386424
conv1,100,2.468290268082454,0.06979212979988142
conv1,101,2.4623038740576537,0.05633481979650852
conv1,102,2.4369911519318808,0.06312424346845376
conv1,103,2.5084435188517054,0.055830370066214254
conv1,104,2.668942380335366,0.06487756683427087
conv1,105,2.588552864247129,0.05422163895410283
conv1,106,2.4639050369070925,0.062154764301489494
conv1,107,2.375603671665039,0.0517220589286561
conv1,108,2.4142486914712564,0.06424727856635276
conv1,109,2.5329222052345495,0.05567963003840599
conv1,110,2.5894635802331365,0.06330885582163778
conv1,111,2.4262386070065665,0.05520393003379707
conv1,112,2.4157679568721098,0.061461544033728846
conv1,113,2.5742328887597554,0.053473462887476945
conv1,114,2.4578850271648824,0.05749230265637711
conv1,115,2.439770581168431,0.05120654107938731
conv1,116,2.3761446166077733,0.05581219687509736
conv1,117,2.3703666447717096,0.05039958176571487
conv1,118,2.4932014381102547,0.05724722310716254
conv1,119,2.4939888607128573,0.05415844619877254
conv1,120,2.5566476980760937,0.0575699688995496
conv1,121,2.670791460232738,0.05609385553684662
conv1,122,2.6770333139467355,0.056905938812693
conv1,123,2.437548290893159,0.04962343631831595
conv1,124,2.2065539103028415,0.05583397391720575
conv1,125,2.498369556538275,0.05385639486614762
conv1,126,2.5319144353468834,0.05605040802007766
conv1,127,2.381661099349199,0.04937668788265278
conv1,128,2.394963260796766,0.05670244183817207
conv1,129,2.340189288487032,0.04772752154944975
conv1,130,2.188286409497778,0.05438512087592013
conv1,131,2.2123034152185266,0.05066217918720317
conv1,132,2.268534980010496,0.0592746288675241
conv1,133,2.1334010891993054,0.054532856878264604
conv1,134,2.256856294433071,0.05956188104136496
conv1,135,2.0447721623458692,0.04780112785184997
conv1,136,1.9365449984614789,0.06337577746843114
conv1,137,2.209716563683237,0.05000154482342815
conv1,138,2.2182824075862535,0.06066514848044264
conv1,139,2.2100595771485296,0.05725036540149504
conv1,140,2.264827107039025,0.06409885076995218
conv1,141,2.2049165383393423,0.04931802115194686
conv1,142,2.125840115540629,0.06603821296867912
conv1,143,2.273684751552119,0.053329899708575934
conv1,144,2.3432781549611907,0.06330101370821158
conv1,145,2.5103029501938954,0.05662562453411258
conv1,146,2.4052579189784784,0.058926643321660165
conv1,147,2.3722191994153237,0.05663472020575193
conv1,148,2.3606280210236927,0.05874171370867974
conv1,149,2.3475516616747263,0.05336658243764761
conv1,150,2.569098973667438,0.06214427243563481
conv1,151,2.5107055870631743,0.052324935719052154
conv1,152,2.3830294913751477,0.05571768169182797
conv1,153,2.5592531863415005,0.05795760564279972
conv1,154,2.715755496335325,0.05813761632338392
conv1,155,2.5666180808917733,0.053407128218419045
conv1,156,2.42395447341516,0.05564357637441943
conv1,157,2.2983271931924403,0.0505754708499365
conv1,158,2.2613464279084847,0.05566012229639705
conv1,159,2.488990296250114,0.0552237014996819
conv1,160,2.5343989433747307,0.05534011814004037
conv1,161,2.456923039837308,0.05518187563960071
conv1,162,2.356207911633686,0.051714747288297835
conv1,163,2.604793867662608,0.056944533638564755
conv1,164,2.740623475245217,0.0540484371801365
conv1,165,2.5347453393677206,0.05505460223253084
conv1,166,2.587846604004812,0.05373236672215274
conv1,167,2.7272700072896945,0.05624475873481537
conv1,168,2.8404068268634,0.054924889222171085
conv1,169,2.7520490415860475,0.058387434901434956
conv1,170,2.850136192236128,0.0595206293306454
conv1,171,2.788821761102528,0.05268145114605959
conv1,172,2.638960182915133,0.056840624120837395
conv1,173,2.574597712045954,0.050970269035173855
conv1,174,2.648266765670858,0.057319561304312726
conv1,175,2.6524207041126813,0.05038831306908738
conv1,176,2.8837936457017124,0.05940159943703933
conv1,177,2.8888939782833107,0.051360642123884075
conv1,178,2.8734093378103776,0.05849699919654679
conv1,179,2.9783624176276646,0.05417117818748406
conv1,180,2.9778789091477496,0.05803088510304376
conv1,181,2.894718576473752,0.05317082780534903
conv1,182,2.7939484578885176,0.056705645002184564
conv1,183,2.831502503260046,0.055141937359476534
conv1,184,3.0423614706161857,0.0603580727833516
conv1,185,3.150834060873107,0.0538886920757707
conv1,186,3.086407751280722,0.056286278114876055
conv1,187,3.08730995512022,0.05200826574867221
conv1,188,2.8139398002727942,0.053463934917421845
conv1,189,2.7064358777923223,0.04859903045335844
conv1,190,2.60751275754062,0.05101371812141008
conv1,191,2.517136348608752,0.048121116569484736
conv1,192,2.6571055084261985,0.052028213729734867
conv1,193,2.6598569810807517,0.05071351586615371
conv1,194,2.6090399266942765,0.04663993455267891
conv1,195,2.6806485503319926,0.05019946288437941
conv1,196,2.729637666388815,0.04774444224568164
conv1,197,2.6874320907731115,0.04806057963871852
conv1,198,2.7543550705528546,0.04960634945248268
conv1,199,2.7841097159752564,0.04739639104800331
conv1,200,2.789824408792104,0.05228992386927464
conv1,201,2.7233441606424984,0.04871389974468666
conv1,202,2.679619841435003,0.050290618072412266
conv1,203,2.7183851969006563,0.050886138219341424
conv1,204,2.688750335806931,0.05031868344563687
conv1,205,2.5666271597620596,0.04598483771198654
conv1,206,2.522737615850335,0.05064016071672131
conv1,207,2.530835357104107,0.046778698155004
conv1,208,2.6460685980519982,0.05344315547064055
conv1,209,2.6760228144313682,0.046115169921948605
conv1,210,2.715258134524125,0.05433335131634954
conv1,211,2.741836227080442,0.04836006245388604
conv1,212,2.745924681611179,0.05438628803495262
conv1,213,2.8086941003092014,0.04673649868180977
conv1,214,2.8897166319402747,0.0547014984506912
conv1,215,3.1197757960151167,0.05320128197808005
conv1,216,3.130808500767449,0.05495829466933041
conv1,217,2.976557050141582,0.04812659813824116
conv1,218,2.9900020429041834,0.05571311112772476
conv1,219,2.9388948298454562,0.048957405925927504
conv1,220,2.7825221473436286,0.05689920051786912
conv1,221,2.705489546837841,0.049362672387478976
conv1,222,2.6862314100466715,0.05659003292247901
conv1,223,2.7004893953776534,0.05043462433696096
conv1,224,2.8299678792986573,0.056375394029638454
conv1,225,2.8805430967377146,0.05019294189383248
conv1,226,2.7974123973098366,0.06047596453542049
conv1,227,2.845975880935566,0.05365654205709526
conv1,228,2.899974220434302,0.05915978961667903
conv1,229,2.82761787412531,0.05223566993652401
conv1,230,2.83147852172163,0.05661062171185017
conv1,231,2.957075832312732,0.05419612666124357
conv1,232,3.0204238825802743,0.05439730881968626
conv1,233,3.1355445757418954,0.05785399624713384
conv1,234,3.1970796607918235,0.05342430491769507
conv1,235,3.233980943461981,0.056012452537015825
conv1,236,3.2378371498776133,0.05443919841684337
conv1,237,3.1213593307687195,0.050995246548613996
conv1,238,3.053711449240271,0.053522864792849324
conv1,239,2.9515656540920663,0.04949849673480877
conv1,240,3.004082818889161,0.052867777048261934
conv1,241,2.977527241767909,0.05390122318108751
conv1,242,2.954264139164454,0.053323866593369046
conv1,243,2.9910017354368956,0.05077578828763654
conv1,244,2.828973441564978,0.05194296628689017
conv1,245,2.777122084147836,0.04830822919337116
conv1,246,2.811375456548699,0.051601108613940495
conv1,247,2.734037158592376,0.04691029971314786
conv1,248,2.9198143722435494,0.052970292187337994
conv1,249,3.015554248422103,0.049183311020488195
conv1,250,3.034437273181791,0.04989480798306525
conv1,251,2.9347828492115613,0.04715674678386498
conv1,252,2.873115346037477,0.054392240518337104
conv1,253,3.0125607138534916,0.049617319885843815
conv1,254,2.8955235192207027,0.05095558454784345
conv1,255,2.945523901620119,0.04842404457470161
conv1,256,2.8323038308490607,0.05015366764139969
conv1,257,2.9396124517605524,0.048264186800461274
conv1,258,3.0276563139088233,0.051048198648187375
conv1,259,3.144835139975029,0.04994181093765246
conv1,260,3.237032823377688,0.0509904073545331
conv1,261,3.148145849106236,0.047157063970968444
conv1,262,3.137775632441344,0.05104204472425424
conv1,263,3.1905535108687384,0.04830670799775775
conv1,264,3.1792195730583908,0.049460954584303427
conv1,265,3.130045585864005,0.04968596159596364
conv1,266,3.196505162803678,0.04753421806266019
conv1,267,3.178490167636436,0.04802818339867005
conv1,268,3.1384790985995763,0.047185577912224726
conv1,269,3.1907983088433385,0.04961556012107527
conv1,270,3.218054092891004,0.04750358861660587
conv1,271,3.0538714476657214,0.046709976693453614
conv1,272,3.0090887621715927,0.04662085908561531
conv1,273,3.035457504840468,0.04694060221523242
conv1,274,3.1737890757101415,0.050007086551575305
conv1,275,3.1525272616837188,0.04755366379854512
conv1,276,3.125785496190456,0.04815878555819508
conv1,277,3.101073409059782,0.0481958427766378
conv1,278,3.1319262297467607,0.04982112858702717
conv1,279,3.191407190697037,0.04817185409819375
conv1,280,3.092413596983777,0.049245778449578274
conv1,281,3.122916371376024,0.04810437739918893
conv1,282,3.0712252522308146,0.04979378420715893
conv1,283,2.969824676545594,0.04612693880914491
conv1,284,3.009768253195239,0.04987951441183678
conv1,285,2.99913692951797,0.04505801063175924
conv1,286,2.939364764653438,0.04841815569206322
conv1,287,3.0099915817833742,0.04733678389086063
conv1,288,2.8249932634970762,0.046126844840700724
conv1,289,2.7308655873462335,0.04452568189006168
conv1,290,2.90782964919572,0.04710846762843459
conv1,291,2.9369710866217886,0.04572158028682164
conv1,292,3.020708122593323,0.04646063868837984
conv1,293,3.08039279580382,0.04627004055665516
conv1,294,3.0172063639995867,0.04574358089635847
conv1,295,2.8806932058475714,0.0412974607121657
conv1,296,2.768738668569985,0.046162678229960355
conv1,297,2.913756598037417,0.042817668368190905
conv1,298,3.0148523524708155,0.047078713406764915
conv1,299,3.016721074692096,0.04531664909268089
conv1,300,3.0711712049712165,0.04669509888951462
conv1,301,2.9776553647510715,0.04740544876172629
conv1,302,2.8609824036937934,0.04384315635403436
conv1,303,2.8785321360499223,0.047953477115197866
conv1,304,2.8836992117872406,0.0431192892256827
conv1,305,2.9196427661292983,0.04824130688381266
conv1,306,2.9755185809999176,0.043613140402443296
conv1,307,2.8322376853249276,0.04234623132280302
conv1,308,2.762364509257606,0.042491874323355563
conv1,309,2.733189995473391,0.04376665583046407
conv1,310,2.7793584942084806,0.04215020609001573
conv1,311,2.8284261863569045,0.0420449209423643
conv1,312,2.861882017447236,0.04441242924345173
conv1,313,2.810475998268503,0.042454388855174024
conv1,314,2.910610609274121,0.047932866791278415
conv1,315,2.8859098624994175,0.0425456012152604
conv1,316,2.9032319888216906,0.04752588208047881
conv1,317,2.9792944747094188,0.04571104560128673
conv1,318,2.866608445948318,0.045888453487015805
conv1,319,2.884965854350427,0.044402953824695154
conv1,320,3.000899486610578,0.04759789428517579
conv1,321,3.0291899682811656,0.04576656714229461
conv1,322,2.9866141956116414,0.04727675566625024
conv1,323,2.993278187333304,0.046620223837309356
conv1,324,2.8723083767478137,0.04634810296770554
conv1,325,2.903557768502413,0.04628349252614667
conv1,326,2.923939971831776,0.041849370178846004
conv1,327,2.918133789386773,0.048278082309084806
conv1,328,3.2468385955686823,0.04622828787002662
conv1,329,3.151004596878072,0.04762416310662751
conv1,330,3.1846648599843697,0.04628282334501173
conv1,331,3.1212959781883867,0.045795894099297574
conv1,332,3.0315496085447626,0.044026809973882676
conv1,333,3.0955692251226647,0.047816575732768436
conv1,334,3.1634009659231612,0.045030866446918706
conv1,335,3.2895345498624633,0.050405915163051936
conv1,336,3.1839467023247487,0.04670123507394951
conv1,337,3.353916586215133,0.05243745424874637
conv1,338,3.3898609633357815,0.04783079748686949
conv1,339,3.374507416490953,0.0526958416818002
conv1,340,3.469691921734034,0.04721051429770586
conv1,341,3.4001729190454317,0.04851236041089362
conv1,342,3.277411871698173,0.04567876098226837
conv1,343,3.334364569415088,0.04854290592867651
conv1,344,3.3068834624931114,0.047408949000354375
conv1,345,3.2783962325768505,0.0474217992880719
conv1,346,3.3883236692866485,0.050196756299016855
conv1,347,3.4400530151841173,0.0503629652039763
conv1,348,3.462635768552464,0.04740384037738711
conv1,349,3.313743679735826,0.04723256671702022
conv1,350,3.1454959670528866,0.047114921566033835
conv1,351,3.172453310061427,0.04791425856078979
conv1,352,3.2508601585903576,0.04706810651627943
conv1,353,3.2703497590563666,0.04941562590141668
conv1,354,3.299176399082219,0.04767002907152397
conv1,355,3.331687267243665,0.04918119973951021
conv1,356,3.291682206030476,0.04991698586148818
conv1,357,3.319683098739699,0.048659676266068874
conv1,358,3.213690021315146,0.05113529180722797
conv1,359,3.4241056991064576,0.0531704428625975
conv1,360,3.561589720956244,0.04983791426622175
conv1,361,3.4552205702129193,0.05090135941143683
conv1,362,3.5215325529597177,0.05002097071931897
conv1,363,3.411903805221698,0.04899864446349377
conv1,364,3.350346776810623,0.04881937734477745
conv1,365,3.2905550247404562,0.04673525008358851
conv1,366,3.3391019383044336,0.04956384329170434
conv1,367,3.357690211224762,0.04621378487680508
conv1,368,3.3617420459901948,0.049694516880222694
conv1,369,3.2922372595916154,0.04472021298095395
conv1,370,3.2112521816687787,0.04918332851995266
conv1,371,3.262019591745064,0.04503461217290279
conv1,372,3.3783641053210136,0.050937749170569514
conv1,373,3.354412312710339,0.04572638908838532
conv1,374,3.432918244198511,0.05285398144962106
conv1,375,3.4178523717377045,0.047202347909486304
conv1,376,3.4240350990079205,0.049805136130063224
conv1,377,3.527632982534647,0.04823038224308783
conv1,378,3.496883603899106,0.04899207509925161
conv1,379,3.4743799841882086,0.04769837946248024
conv1,380,3.361527952876881,0.04599458471965333
conv1,381,3.471935755217533,0.050493347339964106
conv1,382,3.5271643381312545,0.04719282428178443
conv1,383,3.4117060559722105,0.04713008465107344
conv1,384,3.325756556767797,0.04708370713595654
conv1,385,3.3128035494125894,0.04838826377594774
conv1,386,3.273550489942991,0.04495617088468142
conv1,387,3.23364748438893,0.04609374986906319
conv1,388,3.232026487113496,0.04362614830524227
conv1,389,3.212068213917092,0.04710535826416356
conv1,390,3.1168877329291234,0.0398476048141691
conv1,391,3.1580803571479326,0.045503035020796036
conv1,392,3.0389689119927303,0.03809113625053263
conv1,393,3.0225168276660432,0.04545830335236063
conv1,394,3.1105440668772153,0.03980169547363105
conv1,395,3.0649053267517585,0.04341235681216589
conv1,396,3.093369495535832,0.041560040380359445
conv1,397,3.0821401766603027,0.04464353485592955
conv1,398,3.1450509101531647,0.045923812261823196
conv1,399,3.250255467370165,0.046617647393021475
conv1,400,3.284889455690244,0.04693152152192766
conv1,401,3.3209188482145477,0.047229349502874905
conv1,402,3.30984491693162,0.04432684249594462
conv1,403,3.337879473837475,0.04881713613559817
conv1,404,3.2709532176764142,0.04101928966167288
conv1,405,3.2384732626357438,0.04823930149558228
conv1,406,3.2580949685169207,0.04196013172459242
conv1,407,3.159789821124092,0.04694540187926332
conv1,408,3.201930790514611,0.04249023896334351
conv1,409,3.289115462615025,0.04948109379090318
conv1,410,3.3766548327135775,0.043190809602998086
conv1,411,3.396057431821369,0.04883084703891676
conv1,412,3.444226883531194,0.04542459239090191
conv1,413,3.4429272933743036,0.04914074450851289
conv1,414,3.3443382037570513,0.043568623450532036
conv1,415,3.366824670327331,0.050352976455585466
conv1,416,3.4128339121183227,0.04414873196924615
conv1,417,3.3933055693053307,0.0509577626994046
conv1,418,3.307830560595132,0.04248452392948669
conv1,419,3.3608445543591268,0.05136093560318975
conv1,420,3.1664618177547452,0.03952235155945895
conv1,421,3.009309764066892,0.046654370056307855
conv1,422,3.124398748053159,0.043483776191093594
conv1,423,3.096758121376173,0.04595945780370861
conv1,424,3.0655754982842502,0.044002322478188534
conv1,425,2.925724347932844,0.042783494524956917
conv1,426,2.940927478513663,0.04561756271818011
conv1,427,2.9804134546057828,0.043161155895487725
conv1,428,2.9675272147759633,0.043307935952413286
conv1,429,2.9154341564527164,0.04274635701518811
conv1,430,2.838449521788169,0.0428101297217334
conv1,431,2.935043513566829,0.04448593856199903
conv1,432,3.0248605186360287,0.04291237905104213
conv1,433,2.9809043228344265,0.0431703574034736
conv1,434,3.018305591329584,0.044231240408637885
conv1,435,3.0114688555396083,0.04262357330656788
conv1,436,3.033508372792945,0.04566820224054921
conv1,437,2.9867317402017513,0.041115132906822324
conv1,438,2.956314917733052,0.045014814640617726
conv1,439,3.0662297497704056,0.04214089789152238
conv1,440,3.0793052131815988,0.04455501904728379
conv1,441,3.128650281245299,0.04390138570158915
conv1,442,3.0256622992226796,0.04215882967155936
conv1,443,2.9470945009481144,0.0419252880044276
conv1,444,2.993035703788366,0.04258172907983262
conv1,445,2.9711649118436623,0.04162927633789025
conv1,446,3.0590719861050246,0.044166196541670526
conv1,447,3.015272298025519,0.04018898435887092
conv1,448,2.931840580842989,0.044796529255439664
conv1,449,3.0428426049875292,0.042626303987991915
conv1,450,3.126665199713703,0.04655324933425094
conv1,451,3.1197363948396712,0.042834985092929316
conv1,452,2.989896231437198,0.04339324597094146
conv1,453,3.0072132195523227,0.042258607732240765
conv1,454,3.0282239326794644,0.04285266602514615
conv1,455,2.9363590620514337,0.04157571388293127
conv1,456,2.928820131203833,0.04175338837487871
conv1,457,3.1376006928297264,0.047007447386273715
conv1,458,3.242816779164309,0.043757761364882235
conv1,459,3.10497311118691,0.04475476313794715
conv1,460,3.0097437476091837,0.043386314837379834
conv1,461,3.06799380380165,0.04478128599830532
conv1,462,3.104809091593182,0.0430230973113569
conv1,463,3.17877633642801,0.04493215487615767
conv1,464,3.169271542760241,0.043812348160848204
conv1,465,3.1950377537760906,0.04404247624489137
conv1,466,3.274839313662067,0.0464624097579531
conv1,467,3.2800305066960673,0.043898436151142355
conv1,468,3.231643524491871,0.04441417869405806
conv1,469,3.2619146341046017,0.04538832472827626
conv1,470,3.1656602952671298,0.044204150317509544
conv1,471,3.0986371042633007,0.04386358566244254
conv1,472,3.113370832488514,0.04545428980764098
conv1,473,3.1244781715001126,0.04345065591767001
conv1,474,3.1409014466488903,0.04421886066426762
conv1,475,3.138953661329155,0.04363449804195138
conv1,476,3.1414853737384916,0.04483793680591183
conv1,477,3.0608451294383414,0.04097585145838409
conv1,478,2.9914931945576884,0.04255521627185811
conv1,479,3.0468819137939285,0.042308250572601895
conv1,480,3.1121357105353544,0.04419385963792634
conv1,481,3.1100617373655566,0.04161596069653999
conv1,482,3.096453491979729,0.04574558723216665
conv1,483,3.0083394415845404,0.03914125554555278
conv1,484,3.0352338273596504,0.04482875494532936
conv1,485,2.9884397876636513,0.038292038576992614
conv1,486,2.9860394325468866,0.0440169015156649
conv1,487,2.9401611786828448,0.03757422022538125
conv1,488,2.977430332923939,0.04523481428995782
conv1,489,2.9874726298856866,0.03853616214873581
conv1,490,2.921964367991708,0.04429524241734619
conv1,491,2.874301662413445,0.03688052564044437
conv1,492,2.8281578285783042,0.04334965544481888
conv1,493,2.9732140371934617,0.03973647835272237
conv1,494,2.932259324410215,0.042870110724019986
conv1,495,2.879341621718483,0.039513132573648226
conv1,496,2.7528399159147128,0.040473420760894524
conv1,497,2.8438544689817298,0.040323118163933615
conv1,498,2.964090846624531,0.04250221216169686
conv1,499,2.885413926153602,0.03989962810796448
conv1,500,2.9241596784427726,0.04250179080042183
conv1,501,2.9791429974924677,0.040098904049156746
conv1,502,2.959879842417966,0.04246600350365733
conv1,503,2.9522221503985673,0.04004517855886027
conv1,504,2.911352349356653,0.04269900188830427
conv1,505,2.888564987759349,0.038919512686769575
conv1,506,2.7418749636581534,0.04262838209996271
conv1,507,2.7338559573195504,0.037824158544135206
conv1,508,2.8121531778486233,0.04290255117632851
conv1,509,2.7432623530727027,0.03653712063571805
conv1,510,2.7678712913263355,0.042024723503217246
conv1,511,2.7509843549750603,0.03648219119516217
conv1,512,2.7275570058123164,0.04145816106602942
conv1,513,2.6989311460096137,0.03548707195698306
conv1,514,2.7248514318448604,0.04168542844352074
conv1,515,2.735249692562032,0.03688549961595143
conv1,516,2.685992748211738,0.041605368827748374
conv1,517,2.75669039807664,0.037038641850698356
conv1,518,2.7459546933721484,0.03977083781462574
conv1,519,2.79029719609239,0.03851906624912285
conv1,520,2.855648482140142,0.0400697854124075
conv1,521,2.8942220897405284,0.0393921657251583
conv1,522,2.7622566026045225,0.03619103246169302
conv1,523,2.7420158924403757,0.039497544087465225
conv1,524,2.7750439854010147,0.03641979510718901
conv1,525,2.7552576454573523,0.038776353444176556
conv1,526,2.707006389818636,0.0359631049363663
conv1,527,2.721962924262666,0.03883636670744064
conv1,528,2.6018189366274993,0.03449955172763424
conv1,529,2.533180016596943,0.03743779119639543
conv1,530,2.619895758308864,0.035889124607088756
conv1,531,2.6291864010711286,0.038224418734600585
conv1,532,2.5973117075249506,0.03469857837224326
conv1,533,2.5779845949489,0.03801692142191743
conv1,534,2.5478239420140905,0.033766665328421964
conv1,535,2.5955632668597164,0.03892815532665968
conv1,536,2.5573997708817258,0.03529633097613761
conv1,537,2.520265919357742,0.03830234146658929
conv1,538,2.488033398962072,0.033931518146282626
conv1,539,2.5991968698781656,0.04025670943436745
conv1,540,2.6214375985188276,0.033884448589043256
conv1,541,2.6064633621187796,0.04030997019328601
conv1,542,2.558953617207605,0.03226813364302345
conv1,543,2.523957614497718,0.03992953849816477
conv1,544,2.558081422817426,0.03242734420331845
conv1,545,2.567396119853296,0.03935060656081534
conv1,546,2.505081218025487,0.03166555135026459
conv1,547,2.4245818944020314,0.037891445340106376
conv1,548,2.5058522044942753,0.032596524539680795
conv1,549,2.578739679288871,0.03818083291769104
conv1,550,2.666046921783761,0.034232303573195906
conv1,551,2.652670888040344,0.03826205683195398
conv1,552,2.496699475325472,0.0314274745764855
conv1,553,2.5029953291574243,0.03857640797305777
conv1,554,2.6185230634266894,0.033873805368601136
conv1,555,2.677427150843537,0.039645220488629444
conv1,556,2.6646722330573613,0.03318788923837529
conv1,557,2.6195539047373937,0.03894692437164897
conv1,558,2.5508739526633657,0.03205223146611197
conv1,559,2.4820346939089704,0.03759833031475253
conv1,560,2.509240243818659,0.0329237535055204
conv1,561,2.490886228045914,0.03734339942256246
conv1,562,2.3958789271954477,0.030766980002820504
conv1,563,2.3466390430560837,0.03593624355468682
conv1,564,2.3555913509952076,0.030485792006471897
conv1,565,2.385369289362043,0.036980402583055856
conv1,566,2.403630105868105,0.030086282883181298
conv1,567,2.347797945756539,0.03498804831896818
conv1,568,2.2671730836428554,0.028553747054430173
conv1,569,2.288434473455362,0.035649096654842505
conv1,570,2.301362765811983,0.028704188173631025
conv1,571,2.357462771756815,0.036946158494355154
conv1,572,2.403647539450923,0.02977477548695635
conv1,573,2.392943136838991,0.037159329909855904
conv1,574,2.3863276141576373,0.030086750153508812
conv1,575,2.3491397194879933,0.03650306281224662
conv1,576,2.3543509149668567,0.029984891167705398
conv1,577,2.340674980760016,0.037105300990267744
conv1,578,2.334454711620257,0.02988064701358526
conv1,579,2.307141983845807,0.03566444185776078
conv1,580,2.2303968728830763,0.028000283659438307
conv1,581,2.223089855183369,0.03535527747278095
conv1,582,2.2958668149489796,0.029758373615626527
conv1,583,2.3286411923891785,0.03656619399860881
conv1,584,2.2062120864593777,0.02738271509232618
conv1,585,2.18845145829355,0.0351609996879675
conv1,586,2.2623413857286727,0.02887261370263924
conv1,587,2.227766237943535,0.03415998550388877
conv1,588,2.1724165111356952,0.027523375537210595
conv1,589,2.2272094532721383,0.035236920227554244
conv1,590,2.1973435237456913,0.02632012499321538
conv1,591,2.191121216766707,0.03475695728670734
conv1,592,2.257018663947687,0.026886292660962555
conv1,593,2.290206990912536,0.03521663837328159
conv1,594,2.3166359639511174,0.027532734275454232
conv1,595,2.3189266549448737,0.03518061085355149
conv1,596,2.2909654511968456,0.026934379991660363
conv1,597,2.2848082009515376,0.03571048474710954
conv1,598,2.2332685037945748,0.025185079516037864
conv1,599,2.2296151920672265,0.035421767797248344
conv1,600,2.2090045016403748,0.024585152447603696
conv1,601,2.212289681590721,0.0348168724073458
conv1,602,2.1941685256846193,0.0242321542564849
conv1,603,2.1190185469746705,0.03366642162623967
conv1,604,2.1323562913402827,0.025042016783685818
conv1,605,2.17895014341877,0.034747787892118485
conv1,606,2.1824936809346855,0.024973319564591336
conv1,607,2.189285797090026,0.03457530378484672
conv1,608,2.201012198803267,0.02479534685720538
conv1,609,2.1853278052130216,0.03514964840358813
conv1,610,2.1330820963453445,0.023869939017666004
conv1,611,2.1141083755553716,0.0335823866641823
conv1,612,2.1278761959484447,0.024043747900433746
conv1,613,2.0729053262599897,0.03266661671515976
conv1,614,2.0466324172564994,0.02337739571269471
conv1,615,2.0784608336456234,0.03324157610837129
conv1,616,2.0784808411610682,0.0236031432637746
conv1,617,2.0729037126039054,0.032676894387410685
conv1,618,2.08877867798848,0.02436546201183834
conv1,619,2.0620273213952958,0.03248351350197273
conv1,620,2.0699638451754483,0.024626531373701705
conv1,621,2.0238859959866677,0.03146189787509787
conv1,622,2.027096850163761,0.02459665459985291
conv1,623,1.9724302785197816,0.030313489639270722
conv1,624,1.9631332073580974,0.024695375424544308
conv1,625,1.9888515187872249,0.030690358458873808
conv1,626,1.942361863218598,0.02403897441501497
conv1,627,1.8606061776013711,0.02875968275496242
conv1,628,1.9226333460049105,0.02451266627042334
conv1,629,1.9824210457873412,0.029700235496040714
conv1,630,1.9487413575045893,0.023849484328524274
conv1,631,1.925660084970072,0.028600854980411993
conv1,632,1.8957131408703274,0.02363126089546311
conv1,633,1.8846804187132686,0.028610602203015537
conv1,634,1.9053691537767723,0.023813085548118736
conv1,635,1.8803433659237578,0.02843733437142409
conv1,636,1.8608338877492432,0.02323833645073019
conv1,637,1.8685728819016005,0.027976824043041405
conv1,638,1.8720628819862073,0.023145084750217357
conv1,639,1.8600938392839643,0.02797207815362318
conv1,640,1.8432811287756545,0.022669821130601984
conv1,641,1.8284599904864167,0.027440783117987574
conv1,642,1.8564778554557393,0.023096661853732568
conv1,643,1.8297247251296929,0.02693212686179101
conv1,644,1.8165673790512629,0.02247548753824973
conv1,645,1.7800135539278787,0.02673170947250484
conv1,646,1.782479240888764,0.02234297206914229
conv1,647,1.7862221309024156,0.026341189594298008
conv1,648,1.8005865522077646,0.02261071098427478
conv1,649,1.7730244137428766,0.02617611173088663
conv1,650,1.7337877486803652,0.021838437653481563
conv1,651,1.6923079655418207,0.025355493752990593
conv1,652,1.6861241751705605,0.0217298420934907
conv1,653,1.6836524482849053,0.025454599847704432
conv1,654,1.6765148078401024,0.02138165587711381
conv1,655,1.6881274227666527,0.02560820740933198
conv1,656,1.6753799730648067,0.021047852752091076
conv1,657,1.7164051063868433,0.02628200486899686
conv1,658,1.6956782083111384,0.020521182233809165
conv1,659,1.6266434961531238,0.024828953385975797
conv1,660,1.6481053123485088,0.020870353121835158
conv1,661,1.676012964493377,0.025641269395876833
conv1,662,1.6795336067855904,0.020804316369029012
conv1,663,1.6101872049180326,0.024677243691175823
conv1,664,1.5899311026331475,0.020418450309061004
conv1,665,1.5983662559722083,0.024820376277623003
conv1,666,1.5780354631060907,0.019556467443894335
conv1,667,1.5466443171652202,0.02403839890523665
conv1,668,1.568996099002785,0.020083729845316266
conv1,669,1.532034504572757,0.023358902122781446
conv1,670,1.5533359497575718,0.020125849852011612
conv1,671,1.5536529254079159,0.023316486735616468
conv1,672,1.5155168280510445,0.019464876962177538
conv1,673,1.4765078615549456,0.022323958785172897
conv1,674,1.4690907117699687,0.019061284436290977
conv1,675,1.4430408370218377,0.021868984395096963
conv1,676,1.411862890603326,0.018229754972284226
conv1,677,1.3971809794585868,0.02115232274466257
conv1,678,1.3969875789470472,0.01831216377984845
conv1,679,1.3854458946644772,0.021037426642605894
conv1,680,1.3890226058806654,0.018353027226810006
conv1,681,1.3885466771560295,0.020956788800346585
conv1,682,1.3656278047151205,0.017995640003422023
conv1,683,1.368113243976065,0.021289771826154602
conv1,684,1.368773194452843,0.018196550683047274
conv1,685,1.3903228137237709,0.02109990247087796
conv1,686,1.3889726388074917,0.01783233058411944
conv1,687,1.3838774118165733,0.020983592081835558
conv1,688,1.399311210641216,0.01783683876515293
conv1,689,1.3847976582885264,0.020865958948831583
conv1,690,1.3589675012482856,0.01725379954237122
conv1,691,1.3422672804624753,0.02095118755677747
conv1,692,1.3321803062639688,0.01670931092389588
conv1,693,1.323586204854066,0.020685343369384022
conv1,694,1.3243774888393802,0.016803357300409945
conv1,695,1.3547572279214806,0.020998127022223236
conv1,696,1.3170967451826825,0.01580138725588191
conv1,697,1.2787123558887117,0.019915376622367312
conv1,698,1.2921336704587683,0.01594416597038264
conv1,699,1.2931116454498435,0.020351201208662833
conv1,700,1.2804834088787316,0.015625475974219004
conv1,701,1.2349456023827101,0.019204125129145263
conv1,702,1.244481369319476,0.015649131114457
conv1,703,1.236031150550567,0.019201702817391388
conv1,704,1.22873888418249,0.016461974257618552
conv1,705,1.2211576409477376,0.018760697020179618
conv1,706,1.2294124632551153,0.016097972058339495
conv1,707,1.2519131559119117,0.019454434970047316
conv1,708,1.2073725642903135,0.01512914888268849
conv1,709,1.187895155008155,0.01951613150203033
conv1,710,1.1870339530119214,0.01494722737780624
conv1,711,1.1681347790848657,0.01876663610894445
conv1,712,1.1642806424568874,0.01494279453573331
conv1,713,1.1535902177042376,0.01842155156913033
conv1,714,1.1309776538204819,0.014163131718334613
conv1,715,1.1590257216203221,0.018732060003201087
conv1,716,1.1486031729906128,0.013799302404889503
conv1,717,1.0972567578745578,0.017413876820481625
conv1,718,1.0986827659960932,0.013758211701991083
conv1,719,1.089126793690186,0.01753449337407717
conv1,720,1.0576380131000946,0.012990600683115413
conv1,721,1.0472790999824064,0.01722866301736329
conv1,722,1.052320473585515,0.013031200712344572
conv1,723,1.0548530262711957,0.017176458642179687
conv1,724,1.037924452369891,0.0126232994264651
conv1,725,1.0195710578483475,0.01662251104927218
conv1,726,1.027065713964401,0.012779184662614677
conv1,727,1.0383760117035403,0.016888554232286336
conv1,728,1.0308126741007178,0.012468407761427457
conv1,729,1.0356946369136013,0.01701697863648617
conv1,730,1.0110792863352938,0.011785142220859232
conv1,731,0.998621919139224,0.016527165419684305
conv1,732,0.9884540586213731,0.011684246096709408
conv1,733,1.0008756371607996,0.016583489975607883
conv1,734,1.019973421332298,0.011842517706818137
conv1,735,1.0104048907019811,0.016433862482827414
conv1,736,0.9803845729866595,0.011269615415401155
conv1,737,0.9726500305512414,0.016142283506134718
conv1,738,0.9967198310665889,0.011911244033794148
conv1,739,0.9715901017320633,0.01583516954762279
conv1,740,0.9752161019192094,0.012251180649876132
conv1,741,0.9685817660296657,0.01616107713340123
conv1,742,0.9476227860571922,0.011438028274121695
conv1,743,0.9466924127018874,0.016310425652510556
conv1,744,0.9285216571724121,0.010854826902160334
conv1,745,0.9297979936355618,0.0158514083729089
conv1,746,0.9442357859250924,0.011176880505921959
conv1,747,0.9430041967474415,0.015382335054537007
conv1,748,0.9427614391712,0.011043834720370675
conv1,749,0.9431940224178635,0.015190379053823966
conv1,750,0.9266473252182726,0.010652845379449636
conv1,751,0.9208040319765067,0.01524440611986618
conv1,752,0.9216474544732153,0.010550342021669417
conv1,753,0.9239103650919869,0.014950961516850882
conv1,754,0.8991115275783542,0.010134074951613333
conv1,755,0.8758671525220518,0.014502155761670233
conv1,756,0.8980737760045243,0.010341854850969874
conv1,757,0.9013624858257143,0.014356107050954739
conv1,758,0.8828670234511318,0.00995511501136448
conv1,759,0.877319331857006,0.014178246413292817
conv1,760,0.8822759421698567,0.010155175812310015
conv1,761,0.8885276061501358,0.014204420732634577
conv1,762,0.8757526866668325,0.009938303924904008
conv1,763,0.8476031896966425,0.013427659458790518
conv1,764,0.8257711236625932,0.009328528580030563
conv1,765,0.8097803189618986,0.013113741072138684
conv1,766,0.8043639103172748,0.009052187688426389
conv1,767,0.8003191292795206,0.013039478032589086
conv1,768,0.7748208515407647,0.008783136211396458
conv1,769,0.7424703031603895,0.012391842447600552
conv1,770,0.7555719750211698,0.008611762250227105
conv1,771,0.7463177741332749,0.012346345328659795
conv1,772,0.7250079886618958,0.008144311390766905
conv1,773,0.7057319010802995,0.011747063332911176
conv1,774,0.7141257415571935,0.008419003681735265
conv1,775,0.6967708390927307,0.011357679742799994
conv1,776,0.6852260712876929,0.008190891626636635
conv1,777,0.6962084430750722,0.011190583524518924
conv1,778,0.7155955194557371,0.00843051782788014
conv1,779,0.7185232119124775,0.011141900465654697
conv1,780,0.6987317783431158,0.008079061102479707
conv1,781,0.6871452206599388,0.010828728361680742
conv1,782,0.6829336080595018,0.007971499987922927
conv1,783,0.6756541799892839,0.010513320353056231
conv1,784,0.6881139633207509,0.008152212316547187
conv1,785,0.6844050880024347,0.010347245734261993
conv1,786,0.6706131527625647,0.00780756633143202
conv1,787,0.653245979330066,0.01017227743546437
conv1,788,0.6507023153209959,0.007647651756550489
conv1,789,0.6427788288192313,0.010163338801407417
conv1,790,0.6367927717380613,0.007447269681263528
conv1,791,0.6370648711784563,0.009992608018230632
conv1,792,0.6339020008087785,0.0072373673703932375
conv1,793,0.6313046707956863,0.009729986464995028
conv1,794,0.6124764961356103,0.006956773747098769
conv1,795,0.6004157652066808,0.00930959082292691
conv1,796,0.6086251975921045,0.007079234144406105
conv1,797,0.6055485698747216,0.009324798987028817
conv1,798,0.59833612974617,0.00686785001078087
conv1,799,0.5928288140935778,0.009238856922883456
conv1,800,0.5820490942359761,0.006493467076972621
conv1,801,0.5732004438432831,0.009024677174441763
conv1,802,0.5710129758527659,0.006365589192140052
conv1,803,0.5762013364082968,0.00910389593172087
conv1,804,0.5686982093914262,0.006154897780529645
conv1,805,0.5625250710236422,0.008972906021413452
conv1,806,0.5479156421756771,0.005880567013530217
conv1,807,0.5392931570318881,0.008749463260095484
conv1,808,0.5477708333393376,0.0061179671159272055
conv1,809,0.5524463705273671,0.008851000418053511
conv1,810,0.5444228363528494,0.00595788988040913
conv1,811,0.5224459325120576,0.008416077609161797
conv1,812,0.5258150367045622,0.006000083642569527
conv1,813,0.5186005905577982,0.00821258776063313
conv1,814,0.5186595062217946,0.005976707611955266
conv1,815,0.5106920623925099,0.008132572410639947
conv1,816,0.5073940627762725,0.005945965479526644
conv1,817,0.49409942087019293,0.00774790233972998
conv1,818,0.4986199381830032,0.0060337942740857345
conv1,819,0.5037684553584852,0.007637351916178611
conv1,820,0.5021450717477238,0.006011792228296183
conv1,821,0.4945073376282785,0.0073913386793729614
conv1,822,0.4868378151533501,0.00574058193518503
conv1,823,0.48636351926880533,0.00747580888132545
conv1,824,0.4791105561336894,0.0055420924063740015
conv1,825,0.4715804075420369,0.007356445300766994
conv1,826,0.46330406151765385,0.005364221974303448
conv1,827,0.4621518393796955,0.0072810995463863425
conv1,828,0.46682766259441366,0.00536878662449499
conv1,829,0.45928579575428813,0.007135132921612152
conv1,830,0.4517783224163931,0.005194622536912508
conv1,831,0.4438439834724837,0.006945581541228924
conv1,832,0.43646492143667887,0.004973430481345212
conv1,833,0.4453355703972906,0.007091334714778384
conv1,834,0.43760754944495206,0.004814387631924137
conv1,835,0.43112243823736557,0.006882558293631942
conv1,836,0.4255048322751962,0.004662904370314984
conv1,837,0.4159600864746682,0.0066626514046192265
conv1,838,0.42100242836365614,0.004748559568914348
conv1,839,0.41882608786266196,0.006563945084449838
conv1,840,0.4112855680583502,0.004597661569269605
conv1,841,0.4011940153673157,0.006375431317593363
conv1,842,0.40444127285825004,0.00451834656959108
conv1,843,0.414426361014929,0.006543320948799001
conv1,844,0.4107618624362182,0.004413407987441415
conv1,845,0.40303662211429936,0.006329547709211672
conv1,846,0.3940984524218825,0.004313029036508543
conv1,847,0.3810293245890797,0.006057857271023562
conv1,848,0.3759350307959781,0.004101474573198261
conv1,849,0.3703661206302298,0.0059607286916274595
conv1,850,0.36235137882293594,0.003912994877623341
conv1,851,0.3561125318834894,0.005787694620921307
conv1,852,0.356504105619268,0.003945562555915559
conv1,853,0.3573686540750144,0.00572686854707667
conv1,854,0.3522969024196143,0.003844897806388762
conv1,855,0.34515783321476995,0.005511152003293522
conv1,856,0.3435841868867518,0.003837041464447048
conv1,857,0.3387790757317763,0.0054021308123067295
conv1,858,0.33299931649838305,0.003638235185565559
conv1,859,0.32999514451522044,0.005296732665478073
conv1,860,0.3278357004672361,0.00356057586186844
conv1,861,0.32597687522245866,0.0052418569779461004
conv1,862,0.328537218424822,0.003627450575250437
conv1,863,0.3230553250439061,0.005082224305555584
conv1,864,0.3209044684665482,0.0035517264478194628
conv1,865,0.31671877647337504,0.004992298515988024
conv1,866,0.31718950428054055,0.003563178135015098
conv1,867,0.3146021250510631,0.004919457485993558
conv1,868,0.3161140839267083,0.003553242520414923
conv1,869,0.31741002365328946,0.004958627876735657
conv1,870,0.3116620022770031,0.003428955057791266
conv1,871,0.3066568219512159,0.00478329719902184
conv1,872,0.3067938150035069,0.0033831715777447157
conv1,873,0.307498239923731,0.0048141406907775
conv1,874,0.3014468885099248,0.003250938714230833
conv1,875,0.29809366550984334,0.004700621632618884
conv1,876,0.29334366481929797,0.003196583241769793
conv1,877,0.2873936112037125,0.004529566230505569
conv1,878,0.28900237836138676,0.0032018330382367214
conv1,879,0.286100357852128,0.004446133642727806
conv1,880,0.28041873137862033,0.003050967939635946
conv1,881,0.27577008260509583,0.004334023599851073
conv1,882,0.27427528850656285,0.0030069660939202212
conv1,883,0.27182683698623367,0.004256625713779235
conv1,884,0.2678428806782889,0.002909995348870729
conv1,885,0.2647691158901023,0.004153607163995706
conv1,886,0.2632502686052892,0.002881782854243894
conv1,887,0.2609104598065262,0.004125099334411628
conv1,888,0.2582642136544584,0.0028162890601037753
conv1,889,0.25577573874935483,0.004050193077833658
conv1,890,0.2512806265843021,0.0027174778414728734
conv1,891,0.24556649830439511,0.003952024644589901
conv1,892,0.2465837346243912,0.0027027625878214417
conv1,893,0.24904599869713812,0.0039616788205982115
conv1,894,0.2408451523722763,0.0025274469521808776
conv1,895,0.2340527281875235,0.003785376480722141
conv1,896,0.23315852194950562,0.0024829494070479664
conv1,897,0.2315567857711834,0.0037197210922838525
conv1,898,0.22646695411864445,0.0023787979919376485
conv1,899,0.21928160352393286,0.003520830337488632
conv1,900,0.21964751293487222,0.0024071569269949063
conv1,901,0.21519205667285635,0.0033975014670619337
conv1,902,0.21331249500744354,0.002348036770066277
conv1,903,0.20907760116322432,0.003283841337725801
conv1,904,0.20629445117260936,0.0023246818154003097
conv1,905,0.20147809078521559,0.0032002230713531923
conv1,906,0.20536448048313874,0.002327049476675761
conv1,907,0.20426785857282947,0.003191554443108068
conv1,908,0.2011092290594123,0.00224392650501056
conv1,909,0.20096156040887536,0.0031490564704921876
conv1,910,0.19444096967680904,0.002108755540097659
conv1,911,0.18908579212010374,0.003026804119018185
conv1,912,0.19121938774736427,0.0021317251318614134
conv1,913,0.1912376048192223,0.0029919570762545525
conv1,914,0.18745582206406616,0.002034430483952312
conv1,915,0.18778528621380045,0.002978014509943084
conv1,916,0.1867560154682144,0.0020051272034986565
conv1,917,0.18189572231005616,0.002879674931878599
conv1,918,0.18054714955014003,0.001971587855237868
conv1,919,0.17955904432818615,0.0028504480664510055
conv1,920,0.1791403840310212,0.00194763675265305
conv1,921,0.17817228388105444,0.002807579528061046
conv1,922,0.17414180259480716,0.0018570623878451408
conv1,923,0.17099367514330735,0.0026913710562878634
conv1,924,0.1718551637475119,0.001855689417905756
conv1,925,0.16983592553027507,0.0026423509414362258
conv1,926,0.16888431942635623,0.0018120557353500575
conv1,927,0.16661393406242567,0.0025795309872686475
conv1,928,0.16403648538496501,0.0017602437322163848
conv1,929,0.15892611056882003,0.002464651599187485
conv1,930,0.15824267591731878,0.001718985496455568
conv1,931,0.15710122084281467,0.002463564193488278
conv1,932,0.15217077585236283,0.0016296559416898219
conv1,933,0.1476605376608561,0.0023751805298425524
conv1,934,0.14992413399573634,0.0016569329601274826
conv1,935,0.14801345023720047,0.0023235786643485364
conv1,936,0.1468206114089568,0.0016249064337744187
conv1,937,0.14704676851199544,0.0022968581758370365
conv1,938,0.1463039363217851,0.0015891833318095218
conv1,939,0.14317606257605234,0.0022215163028481257
conv1,940,0.14164070703554577,0.0015432367410785765
conv1,941,0.13891497789386564,0.0021609092741476125
conv1,942,0.13799248603173764,0.0015117353839649813
conv1,943,0.13600893275992082,0.002096548464043182
conv1,944,0.13339066205602526,0.0014526528682604976
conv1,945,0.13360364492503213,0.0021096032491772203
conv1,946,0.13193222275158803,0.0013911644244501246
conv1,947,0.1319074801962596,0.0020967825569322765
conv1,948,0.12966102569410992,0.0013420426380182215
conv1,949,0.1275820337395453,0.0020411777568910107
conv1,950,0.1271203246179494,0.0013084108258012146
conv1,951,0.1272896965053963,0.002049389509399004
conv1,952,0.12564507522658824,0.0012718186337498912
conv1,953,0.12386697241572794,0.0020021449090483934
conv1,954,0.12330235926685931,0.001244967800842955
conv1,955,0.12296109372911944,0.001975500349089125
conv1,956,0.12161609873375659,0.001232365951887615
conv1,957,0.11883162328611802,0.0019046886957303048
conv1,958,0.11761401970714593,0.0011973012284541785
conv1,959,0.11486980811950048,0.0018428321751815552
conv1,960,0.11376171379114396,0.0011714123603705619
conv1,961,0.11251593314922463,0.0018278588630171412
conv1,962,0.11311605007648445,0.001166162283361847
conv1,963,0.11147645105831833,0.0017860289105714636
conv1,964,0.10917973700764008,0.001118220236071113
conv1,965,0.10582270373520791,0.0017194280549075482
conv1,966,0.10316481325617598,0.0010431639367838408
conv1,967,0.1008577867301779,0.0016515392403683442
conv1,968,0.10127466754677128,0.0010447321014727521
conv1,969,0.09972553152370336,0.0016154257483909772
conv1,970,0.0976726219198442,0.0009931576881161822
conv1,971,0.09680727948896746,0.0015982989238354582
conv1,972,0.0963489493912209,0.0009772332068303945
conv1,973,0.0955175177081595,0.0015661868984250032
conv1,974,0.09487440373824285,0.0009634030148111338
conv1,975,0.09229740202370308,0.0014957994602392475
conv1,976,0.0934522080063844,0.000982154381514104
conv1,977,0.09249892829539651,0.001483957138386509
conv1,978,0.09068608409051632,0.0009175619248650059
conv1,979,0.09002006804181642,0.001476240432768267
bias2,0,28.16928719242026,5.106027399275997
bias2,1,36.2519959038383,4.3192230805909535
bias2,2,25.55122554900791,3.800198972498342
bias2,3,19.88335871980068,3.3923359961511332
bias2,4,23.29235542756757,2.9836407322598664
bias2,5,18.99978842302119,2.6853189169153606
bias2,6,12.482185112596841,2.5692576707651584
bias2,7,8.299938152968853,2.489032830825278
bias2,8,10.849364869551303,2.3289568999270593
bias2,9,7.982839716051662,2.2519118803804625
bias2,10,8.308141421400977,2.097685147584607
bias2,11,5.301292337004317,2.0726158610449086
bias2,12,14.24420235520942,1.8122703495563668
bias2,13,8.965299270027309,1.6119912200268824
bias2,14,10.014470094901135,1.3756208465453152
bias2,15,7.119429179532848,1.2671957899422654
bias2,16,6.223523246112415,1.1667042271066665
bias2,17,6.144600368673876,1.0873597073444434
bias2,18,4.904691104032818,1.1044898250410629
bias2,19,2.7018106054040834,1.1033516964005272
bias2,20,6.9372232545989725,0.9771764179026312
bias2,21,8.152425868155936,0.8157385631024948
bias2,22,6.2708429039527855,0.8510554587333523
bias2,23,8.105660404224862,0.6885192945421964
bias2,24,3.7907951402255615,0.6478046047795784
bias2,25,5.731027253891233,0.6142046192818711
bias2,26,7.115749143526338,0.4579962422364513
bias2,27,3.6023863964145897,0.46609458283860433
bias2,28,5.326017051313646,0.3760636672537386
bias2,29,4.325383245284561,0.2926831880181711
bias2,30,5.457607530041333,0.20354229665575263
bias2,31,5.777851841178396,0.13126525180637777
bias2,32,3.5836171597529,0.07624864399471509
bias2,33,3.1720339037420655,0.06519874881235434
bias2,34,4.5807900519394105,0.0832796018095104
bias2,35,6.421660841732819,0.12873305455688525
bias2,36,7.321409426045339,0.08770651296987987
bias2,37,6.228861693351423,0.0856600590368995
bias2,38,7.173568770680008,0.10364478062876781
bias2,39,9.098604396432671,0.13356945949285912
bias2,40,9.222464652230222,0.1086318465855652
bias2,41,7.88620771398784,0.09425712195867489
bias2,42,7.3291619310879845,0.0919300991357292
bias2,43,7.529433318623322,0.10139016133433146
bias2,44,8.818233869216101,0.12221877163493906
bias2,45,9.441126735287668,0.1226400795944713
bias2,46,7.749910375373404,0.07779814652941368
bias2,47,8.000017379580703,0.12356583103922295
bias2,48,8.641976230816358,0.09340303993956062
bias2,49,7.904406903840888,0.10684958873387275
bias2,50,7.666436860851248,0.08782149053501377
bias2,51,7.608990408202275,0.1060173097557878
bias2,52,10.776852309126442,0.16623357589727117
bias2,53,11.314432984431685,0.11888848887574888
bias2,54,10.110200359147543,0.13647542735797524
bias2,55,9.677892692807148,0.10714558763348216
bias2,56,11.042978463109304,0.16936720599077432
bias2,57,11.303916592417949,0.11733949504016908
bias2,58,9.208346518470972,0.1138678048384716
bias2,59,9.825283669976379,0.1330674448450237
bias2,60,8.88510227062605,0.09279272703314442
bias2,61,7.431975314373121,0.09753122388111543
bias2,62,7.791557896288795,0.10095846138812302
bias2,63,8.172386797343998,0.10733982782894116
bias2,64,9.837392377892806,0.14382157794676892
bias2,65,10.71663379588849,0.12540827472789123
bias2,66,9.40005348619462,0.11096037464942773
bias2,67,9.814537355476704,0.13666032889833513
bias2,68,9.535026149667095,0.10764129223203896
bias2,69,9.881473912711844,0.14049368920711378
bias2,70,11.686304475400771,0.156840656770382
bias2,71,12.820815200853529,0.16564746600425867
bias2,72,12.024928257328321,0.13597831891795045
bias2,73,12.11376240387784,0.1687712089093523
bias2,74,11.081859984960746,0.1132665859079043
bias2,75,10.064633797803088,0.13983844487800026
bias2,76,10.430548493243863,0.12339201020359433
bias2,77,10.684680845037752,0.1442425555319479
bias2,78,10.313162886522699,0.11394546437261706
bias2,79,11.305819220745196,0.17016659751629834
bias2,80,13.328665423652035,0.1676217196150317
bias2,81,13.455589802751472,0.17328153639420055
bias2,82,13.38688870434858,0.166033133189035
bias2,83,13.31526817894337,0.17790271652559295
bias2,84,12.008990284046059,0.13737517659302576
bias2,85,10.349828245148009,0.1384827803696423
bias2,86,9.457235732506176,0.11060132874947945
bias2,87,11.16404630685287,0.17339093179112405
bias2,88,11.305071891214391,0.1221570821197958
bias2,89,12.985239069956819,0.21725890378801183
bias2,90,18.68115207083619,0.25066534416418473
bias2,91,17.62233716684724,0.19384331522764014
bias2,92,17.076350484321406,0.2338761426117734
bias2,93,19.14886750335978,0.2462713646734365
bias2,94,20.43714873989964,0.2666312704224378
bias2,95,19.456635476888273,0.2225474091179432
bias2,96,18.854036353656628,0.25096741558754965
bias2,97,18.322361295919876,0.2078773151693091
bias2,98,17.591059029782283,0.23350223634844672
bias2,99,18.594450146954674,0.2325334600139038
bias2,100,18.170756594271143,0.22412176339282514
bias2,101,18.22826292030588,0.23297161223383311
bias2,102,18.124369116371845,0.22147407845892
bias2,103,18.120576509832958,0.2346906349803149
bias2,104,19.091538620122783,0.24550964692294852
bias2,105,19.18468351753301,0.2378469736733999
bias2,106,18.542800292521385,0.22868405448363927
bias2,107,18.186958856499455,0.22792764418156608
bias2,108,17.36852419359326,0.20693393568677548
bias2,109,17.643467918747785,0.23593387480282116
bias2,110,16.434999671871587,0.176196274199708
bias2,111,15.707513117870919,0.2182254006716191
bias2,112,17.440752284176128,0.22030978431622508
bias2,113,18.56351423588353,0.24539815274373825
bias2,114,18.135528017541013,0.20865935169348748
bias2,115,16.66853379957671,0.2089010912220664
bias2,116,15.887149138983398,0.1890677755695036
bias2,117,16.218090866556352,0.21857448428928236
bias2,118,16.61122914807993,0.19972925971164585
bias2,119,14.923658810141827,0.17409998021829365
bias2,120,15.241664467070407,0.20830202638289325
bias2,121,15.743777338682083,0.18577491125927117
bias2,122,16.891979471832972,0.23997202196247225
bias2,123,18.11920778800222,0.21542910084369415
bias2,124,17.824543556805285,0.23038334401640778
bias2,125,18.38032131088032,0.22958558472326593
bias2,126,18.21124466442862,0.22690052952776707
bias2,127,17.607757677314833,0.21407843696936787
bias2,128,18.836653638184814,0.2573223254619541
bias2,129,19.80293028330791,0.23845871210482147
bias2,130,19.740200270724873,0.2570293541536717
bias2,131,19.456631029109605,0.2348806517664491
bias2,132,18.115066923880057,0.21927919454083644
bias2,133,18.352410460874058,0.24039489954280993
bias2,134,17.995051316258873,0.2126109364814945
bias2,135,16.8775390947962,0.21076101641033176
bias2,136,16.415527170922555,0.2022188653910792
bias2,137,16.990090458303737,0.2239647939366837
bias2,138,15.564503056416072,0.1736389137508605
bias2,139,15.233805110190996,0.21377948481840692
bias2,140,18.538878365882628,0.25573683806710135
bias2,141,19.4242597365248,0.23090457087992178
bias2,142,18.550160689907262,0.23546795383585667
bias2,143,18.69992037260898,0.23469171696612745
bias2,144,18.816429763353064,0.237527330004146
bias2,145,18.44037513964126,0.22470474347854683
bias2,146,16.90260022806972,0.20163891378953636
bias2,147,17.28860267221021,0.2329989855682999
bias2,148,22.43517162024777,0.3354284813578057
bias2,149,22.58332467636315,0.2312235249124362
bias2,150,20.630467845749713,0.2858280716129597
bias2,151,20.267284798611325,0.2221909717503237
bias2,152,19.672642559702904,0.27315933875581694
bias2,153,20.45166036956741,0.23976596535454403
bias2,154,21.242006924708395,0.2960599487706945
bias2,155,21.951882509933856,0.2552004339315772
bias2,156,21.590479576984528,0.2858717656875925
bias2,157,21.64523524827688,0.25658443430374345
bias2,158,21.344540044826644,0.2795419445744408
bias2,159,21.66252226462563,0.26524108179039707
bias2,160,21.82780130826697,0.28212248289407754
bias2,161,20.222671578246327,0.22444988203599398
bias2,162,20.291586337222604,0.2839077252696304
bias2,163,19.828227941121057,0.21240914911642783
bias2,164,21.076749090059405,0.3153843824390099
bias2,165,20.809757323372533,0.20617497104007051
bias2,166,21.410902371255194,0.3305314752134363
bias2,167,21.113077002836402,0.2005801384820144
bias2,168,19.386508483831644,0.2853687136634939
bias2,169,19.912561244982633,0.213556338218476
bias2,170,21.0096009886752,0.3124019035675093
bias2,171,22.202847287341424,0.24327229788219976
bias2,172,21.74495529878183,0.30053308547314866
bias2,173,20.746248671232095,0.21887544843814838
bias2,174,20.78793383598758,0.30143630685357214
bias2,175,20.080254804320166,0.2021938853432687
bias2,176,21.28895925690605,0.3304276715349624
bias2,177,22.160086548182342,0.2240026251746195
bias2,178,21.119214354751826,0.30524153285796124
bias2,179,20.794903162990305,0.21546975956002973
bias2,180,20.98754726545824,0.309870906165883
bias2,181,19.87821794547084,0.189009353502525
bias2,182,19.72390546333975,0.3060562988475779
bias2,183,19.22317246592008,0.17515924397010774
bias2,184,18.28485166833133,0.283133199091909
bias2,185,17.399378256064242,0.15332464767372733
bias2,186,16.82710904398895,0.26777975533256637
bias2,187,17.690331814986227,0.1757521845212227
bias2,188,17.880360140049202,0.2722836900381289
bias2,189,18.292427598226556,0.18778229869416485
bias2,190,17.371231110976854,0.24782555975744786
bias2,191,17.58913732158306,0.19371187433576187
bias2,192,17.647127516493764,0.24874004069257497
bias2,193,17.36155632487213,0.18631918405041223
bias2,194,15.866854061032134,0.21187985924796796
bias2,195,16.554123142927864,0.20347528595663106
bias2,196,19.21238058951911,0.27888704845566903
bias2,197,18.55854824019017,0.18636217278975167
bias2,198,19.827669878270346,0.3096672174503775
bias2,199,20.302023886972297,0.1996583763875488
bias2,200,19.373130414190598,0.2858841084310619
bias2,201,19.175421413369886,0.19432998650939168
bias2,202,19.382465535269244,0.2907890931707844
bias2,203,20.044527271532715,0.21206620250890587
bias2,204,20.02033441159866,0.2892855445536431
bias2,205,19.714149825180346,0.2079595636326132
bias2,206,18.52064222952854,0.2559755918920707
bias2,207,18.365312200464263,0.20513356254382983
bias2,208,18.773786128800175,0.2648776059887908
bias2,209,18.53591665092327,0.20114453047439274
bias2,210,18.25173679866542,0.25595474217451913
bias2,211,18.26874895229857,0.2009271007394121
bias2,212,18.08802161623533,0.25189682056815943
bias2,213,18.099531219817532,0.2008717756032452
bias2,214,18.499114836665093,0.2626489225523129
bias2,215,18.517927811465583,0.20083693992540838
bias2,216,18.97457601263819,0.2737138334461511
bias2,217,19.45824646545033,0.21349509234538366
bias2,218,20.811777554907476,0.3074909958502928
bias2,219,20.758243780743076,0.21218856803868308
bias2,220,19.801658006830948,0.283007191939198
bias2,221,18.974215059925175,0.19303483468516983
bias2,222,17.9639601497434,0.2579416942742382
bias2,223,17.131756022640026,0.17227144029529318
bias2,224,16.518301978098744,0.24148976746348144
bias2,225,16.43924717242869,0.17299396382708562
bias2,226,16.130414403979575,0.23531540764998085
bias2,227,16.91655414847401,0.18853642042339444
bias2,228,18.202126407303993,0.26713060936006794
bias2,229,17.713777714106524,0.1764621500441666
bias2,230,16.852532301496147,0.24662004453966394
bias2,231,17.424826066918108,0.19197939049206714
bias2,232,17.86082049623628,0.2554564154107852
bias2,233,17.081437365031956,0.1731649530928688
bias2,234,16.655269742895896,0.24451855421871743
bias2,235,17.120927978496315,0.18428049921243667
bias2,236,17.75706800389191,0.25998688188514085
bias2,237,17.658452931238894,0.18274176618237883
bias2,238,17.207406392019443,0.24816585921502127
bias2,239,17.84000189859287,0.1999166603789292
bias2,240,18.58204853580197,0.2660576837514366
bias2,241,16.988930371298114,0.16060585615677758
bias2,242,15.595148493127935,0.22996425661832223
bias2,243,15.451899693524286,0.1591701709925403
bias2,244,15.921800321384746,0.24107288473315885
bias2,245,16.640201246822492,0.17669344532599307
bias2,246,17.355948351492195,0.2587181323754488
bias2,247,17.54089112817608,0.1806868299907494
bias2,248,17.743042313521094,0.26405984018950035
bias2,249,17.73891156633384,0.1800537270119252
bias2,250,17.097596171161605,0.24894703608558677
bias2,251,14.91343110572989,0.13204881535448953
bias2,252,14.408867777082138,0.23432781124662674
bias2,253,16.547052359253815,0.1815795763560064
bias2,254,16.08157740127462,0.22143908565057552
bias2,255,15.434286305797214,0.16755717026810943
bias2,256,15.399760057367315,0.21899532190610949
bias2,257,16.09818144643203,0.1854127525390323
bias2,258,15.931314006823833,0.2133241956586322
bias2,259,16.470391411859275,0.19933179989582056
bias2,260,16.62471282365574,0.21706739299241506
bias2,261,16.624672444846052,0.19963018421595616
bias2,262,16.530279806598614,0.214953110945505
bias2,263,16.552378119012765,0.19971189892526645
bias2,264,16.477353729941207,0.21396856733713623
bias2,265,15.948324596122063,0.18544491827831924
bias2,266,15.89103176246966,0.2126004897869972
bias2,267,16.542546579330992,0.20187738024527885
bias2,268,16.932370158073603,0.2228264306440472
bias2,269,17.96699369505721,0.22713119819874397
bias2,270,18.187670685737675,0.22916557789982125
bias2,271,17.529578511374858,0.21063397285578048
bias2,272,16.944173526159922,0.21403872169889085
bias2,273,17.32181930771108,0.21952410898086
bias2,274,17.780814804500874,0.22592339701916395
bias2,275,17.62864915146351,0.21570071700351395
bias2,276,18.3439709318468,0.24416397986057714
bias2,277,18.077585714118797,0.20841041472430263
bias2,278,17.81363547155587,0.23874937027588372
bias2,279,18.242083118699934,0.218323225513741
bias2,280,18.441169815794993,0.24414633682327658
bias2,281,18.245002562899245,0.21409790444107027
bias2,282,18.191465743090795,0.24223737955821606
bias2,283,19.004629695409896,0.23601271673321703
bias2,284,19.02979499707535,0.24146325458596787
bias2,285,18.61312633402522,0.22512520037388303
bias2,286,18.408873473690097,0.23754162657751518
bias2,287,17.968565886782166,0.21237481542597472
bias2,288,18.547814500409803,0.2534845142111683
bias2,289,19.26003268745478,0.23204228341180913
bias2,290,19.84708244577447,0.26568273849029567
bias2,291,19.57542979619287,0.22427473680053078
bias2,292,19.31088936249619,0.2600925697372624
bias2,293,18.73811726972197,0.20953684010987528
bias2,294,18.424136464067217,0.2519486939307134
bias2,295,17.690162455172032,0.19254213670935294
bias2,296,17.008890078645575,0.23372043929073408
bias2,297,16.673556021438873,0.1864526856517219
bias2,298,17.06033673159551,0.24172234829256753
bias2,299,17.101935330326977,0.18635303316370042
bias2,300,16.316933289844236,0.22326464380817304
bias2,301,15.770429387389049,0.1716154643994921
bias2,302,15.65198054244561,0.22120388033648394
bias2,303,16.098129767299614,0.18316912284229334
bias2,304,15.644587940535468,0.2094796870120951
bias2,305,16.520483667377313,0.20454416657856095
bias2,306,16.71653629390939,0.2149117761141482
bias2,307,16.22610042554509,0.19274680270255948
bias2,308,16.390051084199815,0.21777304821695592
bias2,309,16.276010508023443,0.18967768017969344
bias2,310,16.95028806809596,0.2347418129469628
bias2,311,16.362200088087363,0.1761430720382158
bias2,312,17.3070433943119,0.25856418352421806
bias2,313,17.226141281586088,0.1735663280510494
bias2,314,16.613952722346113,0.24243678182986161
bias2,315,16.665134708095614,0.1749915711111618
bias2,316,17.345589485500625,0.259976840408421
bias2,317,17.576649228391144,0.18055777790044325
bias2,318,17.364028464279798,0.2548094119754902
bias2,319,17.775010057714272,0.19111395427428507
bias2,320,17.590721825243048,0.24980167983509532
bias2,321,18.090699040463086,0.20375493630026342
bias2,322,17.514001452955473,0.23586741618805718
bias2,323,17.281654918961998,0.1980723038576099
bias2,324,17.010684732546082,0.22847217030715694
bias2,325,16.645310683692653,0.18899446550477492
bias2,326,16.888673162511488,0.2353487456931113
bias2,327,17.248213377242813,0.19890611951624126
bias2,328,18.33142075848708,0.2612997617152723
bias2,329,17.84490244272797,0.18611443343363449
bias2,330,17.77558422648121,0.25936418645634646
bias2,331,17.57813910584843,0.181518385836486
bias2,332,17.18355918638106,0.24884399698250553
bias2,333,17.584688529287256,0.1914542254714038
bias2,334,18.072374116792066,0.2615208880843268
bias2,335,17.791164593789336,0.1850150131432468
bias2,336,16.98450080732748,0.24045404958442304
bias2,337,17.308060690057832,0.19356904719682658
bias2,338,17.900374121430158,0.25490014733222377
bias2,339,17.75413680133249,0.1904775535162803
bias2,340,17.59585587606387,0.24996627896460066
bias2,341,17.947873652789664,0.19963596388574648
bias2,342,18.042619312731883,0.2519404550446517
bias2,343,17.976707836191743,0.19827781414996176
bias2,344,17.41670894171844,0.2378551532381026
bias2,345,17.019534862458645,0.18855771610793373
bias2,346,17.68932100065144,0.2553535467534707
bias2,347,18.255595346964828,0.2041485150518736
bias2,348,18.76864951464958,0.2664000304179215
bias2,349,18.410805021527,0.19595260660015879
bias2,350,18.62587346435775,0.27026689109694985
bias2,351,18.643308035306383,0.1960361138130738
bias2,352,19.255887803823647,0.28593355320845354
bias2,353,18.683086496016784,0.18228379445256768
bias2,354,19.080388447772844,0.2956557971224916
bias2,355,19.610579840100407,0.19624501281304152
bias2,356,19.181396664939378,0.2838628073594563
bias2,357,19.38600697934085,0.20255037842662535
bias2,358,17.830630188507595,0.2450796639608066
bias2,359,18.501717232520534,0.21901609242135345
bias2,360,19.075100688503838,0.259280843598389
bias2,361,19.019307564281167,0.21758041648185136
bias2,362,19.302789116303384,0.266358761828354
bias2,363,19.34118646671578,0.21777021444668584
bias2,364,19.834036106431544,0.27871356408750464
bias2,365,19.619057227168824,0.2129527232535575
bias2,366,19.407252344851123,0.2731048125159304
bias2,367,19.27663689917137,0.2096726091317298
bias2,368,19.075428357461746,0.2679992877462632
bias2,369,18.636975784717993,0.1985755263661807
bias2,370,18.42722741146994,0.26291376807926436
bias2,371,18.898638890422475,0.21061974997128743
bias2,372,19.07972041491821,0.2669444909415089
bias2,373,19.220396439833024,0.21442293851201066
bias2,374,19.625326337767508,0.27708201134186167
bias2,375,19.363873927987733,0.2086982758746836
bias2,376,18.93264978107397,0.26609842287667096
bias2,377,18.78547468399157,0.20463309700208127
bias2,378,19.080577217945063,0.2731961865509604
bias2,379,19.60015617734468,0.2174531974039489
bias2,380,19.84924065067991,0.27943184275314736
bias2,381,19.453940742425925,0.20728697614353753
bias2,382,19.27939337290016,0.27515427849858265
bias2,383,19.24098122693845,0.20660108703344468
bias2,384,19.456952837983973,0.28027530475231244
bias2,385,19.62995708128886,0.21152904768931166
bias2,386,19.42082683822669,0.2747725112756715
bias2,387,19.91072818556778,0.22403839253397076
bias2,388,20.768633701708687,0.2962605865641393
bias2,389,21.17985799318641,0.23413713835120437
bias2,390,20.976546831829655,0.29106634931978953
bias2,391,20.714871337503208,0.22775321950378352
bias2,392,20.621262375718693,0.28884840587498684
bias2,393,20.382784610454436,0.2212990242323447
bias2,394,20.46131921264421,0.29115588294101485
bias2,395,20.449500754890533,0.22139144556138526
bias2,396,19.949847723507876,0.2785125835210776
bias2,397,20.09048960689781,0.22491818492132584
bias2,398,19.001198704581682,0.2517317075033938
bias2,399,19.415096414754807,0.23475368216240494
bias2,400,19.546555973693273,0.25497502913700204
bias2,401,19.502581396835367,0.23417952158468305
bias2,402,20.18058014061126,0.27277262483688314
bias2,403,20.00872732303212,0.2291331857863548
bias2,404,19.54708161197275,0.2603253559933137
bias2,405,19.93790963459958,0.23888602260888828
bias2,406,19.983530173506846,0.2616314963456535
bias2,407,19.94822519031868,0.23816367974909777
bias2,408,19.763125375838168,0.2566583748219118
bias2,409,19.778980179947915,0.23808275376594204
bias2,410,20.119970517502043,0.2654923784570993
bias2,411,20.017164061509984,0.23559405999142213
bias2,412,20.144650311827046,0.2686453628276855
bias2,413,20.488610878505785,0.24394406743918007
bias2,414,19.99077343888604,0.2565150806403947
bias2,415,19.691067282688778,0.23627656236388775
bias2,416,19.668814953595845,0.2559618538364657
bias2,417,19.9643057502129,0.24368161844111114
bias2,418,20.000759936106085,0.2568160893597258
bias2,419,19.35002341323108,0.2276863326635757
bias2,420,18.905145563429354,0.2455851706345196
bias2,421,18.124999764069766,0.20893418488358045
bias2,422,18.3102910511554,0.2499009190221142
bias2,423,17.82205136697741,0.19659265578044624
bias2,424,17.535427821867497,0.24347841806580375
bias2,425,17.323478727993567,0.1904638211779082
bias2,426,17.08260120281912,0.237855952372798
bias2,427,17.24073313669184,0.19389786412351528
bias2,428,17.252079232896484,0.2383345696260255
bias2,429,17.49345733810461,0.19939111313904667
bias2,430,17.440516163319305,0.23763243906528425
bias2,431,17.787979864088356,0.2091715620552128
bias2,432,17.88379563963197,0.2393556938212453
bias2,433,17.46018050539111,0.19806700152352338
bias2,434,17.87212796697453,0.2495487422792613
bias2,435,17.932224318713033,0.20020345197428097
bias2,436,17.634172106519873,0.2413884479373631
bias2,437,17.859691019114123,0.20609640574662008
bias2,438,17.983728638961427,0.24492684015645913
bias2,439,17.861689632812915,0.20252095353126334
bias2,440,17.753518732203823,0.24253887137029936
bias2,441,17.365653451990134,0.1929462566769819
bias2,442,17.380751350423054,0.24209821762808023
bias2,443,17.564968847550194,0.19919668151132292
bias2,444,17.24586191764876,0.23238715742658714
bias2,445,17.475337604017728,0.20543027034421812
bias2,446,17.840763441357065,0.2423868553807375
bias2,447,18.218800463452116,0.21389751515420682
bias2,448,18.13558177803245,0.24060726531506466
bias2,449,18.410499383936692,0.2198862038973955
bias2,450,18.205706743846076,0.23605905171788574
bias2,451,18.328798584136855,0.2226502935317755
bias2,452,18.594882038716193,0.2423444674939096
bias2,453,18.5990668445888,0.22374408965981005
bias2,454,18.84807361848258,0.24794273911537185
bias2,455,18.896402900210234,0.2254132026753488
bias2,456,18.892892089084953,0.24755154837393978
bias2,457,19.058018544155058,0.23030892244311618
bias2,458,18.790958777814293,0.2398905205440045
bias2,459,18.701256732403234,0.22841243462910021
bias2,460,18.879433081071763,0.24471171408427753
bias2,461,19.119326468295874,0.23393404614083832
bias2,462,19.132724144226593,0.24489870364574604
bias2,463,19.328291556675975,0.2387641914319423
bias2,464,19.526875052732102,0.25070821101474433
bias2,465,19.446696512786012,0.2363528785767935
bias2,466,19.352064758326204,0.24962782946773449
bias2,467,19.078857522578375,0.22815881649331785
bias2,468,19.313886108265937,0.25546140315291277
bias2,469,19.095259579328715,0.22276107083431096
bias2,470,18.187137082636617,0.2331373399179055
bias2,471,18.360842455756373,0.22660751875565052
bias2,472,18.527990742681315,0.23704468821245317
bias2,473,18.476433450642595,0.22545078701542148
bias2,474,18.575980108444167,0.2396018295854547
bias2,475,18.430271263751752,0.2223858286974288
bias2,476,18.01906796025505,0.22855366263922394
bias2,477,17.91803138037296,0.2197459190166379
bias2,478,17.756069471585658,0.2251527197027375
bias2,479,17.830789985417965,0.22090258975098795
bias2,480,17.85686009436689,0.22602906584108723
bias2,481,17.270659063724317,0.2062580761383149
bias2,482,17.635305769154947,0.23679504360562634
bias2,483,17.320421483665925,0.19659449821426703
bias2,484,17.01342052468066,0.22915196234008353
bias2,485,16.466366830620643,0.1837839090624974
bias2,486,16.695448461536728,0.2341990784678629
bias2,487,16.451719677227885,0.17757718118751006
bias2,488,16.497264527705422,0.23534803322923367
bias2,489,16.84786313813335,0.18727496963463813
bias2,490,16.677267452262818,0.22996905493298
bias2,491,16.301290335981673,0.17808281955374938
bias2,492,16.513165884269018,0.23680583122999238
bias2,493,16.915020329801145,0.18674265163853462
bias2,494,16.912237559729228,0.23705996532908027
bias2,495,16.79020699056387,0.18307504734000565
bias2,496,16.073307029505965,0.21978873605029906
bias2,497,16.17531542218626,0.1855848461828321
bias2,498,16.39616426517285,0.22473155610014361
bias2,499,16.250663072631326,0.1821036993409552
bias2,500,16.269297731702235,0.2249437652077078
bias2,501,16.376108749905843,0.18536286913101865
bias2,502,16.69726573292965,0.23260464177685836
bias2,503,16.871826460817775,0.1894687020019638
bias2,504,16.282347105518358,0.21916964187690507
bias2,505,16.33276490954246,0.1901731130143659
bias2,506,16.129257663242395,0.21399215399887145
bias2,507,16.328557858876867,0.1952342626936577
bias2,508,16.15758531657692,0.20928139117828404
bias2,509,15.875512757103552,0.18808201936427033
bias2,510,15.855190803371157,0.20872892366086712
bias2,511,15.539833779470435,0.18058678424106675
bias2,512,16.03295576579233,0.22052882328436177
bias2,513,15.982036431460802,0.17938138803296885
bias2,514,15.891938735776286,0.21893583385059961
bias2,515,16.04405482925437,0.1823401460379882
bias2,516,16.156375172603195,0.2220444806445857
bias2,517,16.131393217959474,0.18190585565072026
bias2,518,16.307247120594514,0.22670813750361127
bias2,519,16.59503255569423,0.189123883338275
bias2,520,16.63076067224821,0.22726184206715241
bias2,521,16.669587831103122,0.19049615037429277
bias2,522,16.172894458682553,0.21420612278771592
bias2,523,15.946543788321938,0.18500677474104538
bias2,524,16.010452565625943,0.2158463926898789
bias2,525,15.966414272813417,0.18399759317749648
bias2,526,16.113612626752445,0.21997662787971642
bias2,527,16.310894463420755,0.1883883267149917
bias2,528,16.081884126395977,0.21454309565898141
bias2,529,16.119790195803667,0.1890902964403756
bias2,530,16.133384795745506,0.21503664443033726
bias2,531,15.591465368790006,0.1756245778091739
bias2,532,15.566198000946027,0.21452132167242624
bias2,533,15.650703734019476,0.17790384257769828
bias2,534,15.265140290874253,0.20503592168508183
bias2,535,15.397828839314792,0.18085528688254632
bias2,536,15.153562703959354,0.1991002350858659
bias2,537,14.998012812632187,0.17665960020366528
bias2,538,14.988075517258931,0.19937413992910613
bias2,539,15.012082653337176,0.17690535941219726
bias2,540,14.859708958965612,0.19570452322858659
bias2,541,14.735495398043517,0.17401016064916774
bias2,542,14.546723239801356,0.19011367204535565
bias2,543,13.959034441791719,0.1599551331988787
bias2,544,13.952124186137134,0.18959526434320587
bias2,545,14.093322969049005,0.1638591063960855
bias2,546,14.27406462315933,0.19402283045027818
bias2,547,14.58425713435877,0.17137155298897663
bias2,548,14.654901778144051,0.19595605955659706
bias2,549,14.59040411063064,0.16993639690437337
bias2,550,14.199820978644057,0.18567599963387713
bias2,551,14.054559846920565,0.16605375699687167
bias2,552,13.979750883979287,0.1840822657850777
bias2,553,13.845263980258277,0.1627063126718256
bias2,554,14.091540847062394,0.19005193011870536
bias2,555,14.346922593991012,0.1692169273644865
bias2,556,14.144708513202486,0.18522219014299038
bias2,557,13.92619201732288,0.16366622997384273
bias2,558,13.920821620117165,0.1848068576026476
bias2,559,13.87435769490956,0.16267024713479225
bias2,560,13.600572728321097,0.178222235623164
bias2,561,13.635564113612567,0.16334444060311692
bias2,562,13.582668785713098,0.1768654554017274
bias2,563,13.212010464056672,0.15436973131484463
bias2,564,13.26842124448113,0.17817193080513843
bias2,565,13.447364371981738,0.15866261084094643
bias2,566,13.345871978142814,0.175621127230181
bias2,567,13.270893632920036,0.1572367457498967
bias2,568,13.132967584395594,0.17177151885942238
bias2,569,13.707951778887248,0.1716545141846846
bias2,570,14.047914320803278,0.18024613971376885
bias2,571,14.104386118760823,0.17294355547270182
bias2,572,14.252016719936808,0.18392657966323198
bias2,573,13.933387525417965,0.16497096786805757
bias2,574,13.604889374905373,0.17570443317936188
bias2,575,13.391348211948982,0.15968516161417357
bias2,576,13.026944054227123,0.1665158922208901
bias2,577,12.929441960217577,0.15704498272178177
bias2,578,13.0164929963671,0.16883596221618133
bias2,579,13.412787988607661,0.16690252181020987
bias2,580,13.26766677058563,0.16549781286526946
bias2,581,13.039850727735733,0.16119876107360018
bias2,582,13.0766795436197,0.16643928766860783
bias2,583,13.01302744715561,0.15940488823385582
bias2,584,12.788133485391295,0.16102341842090975
bias2,585,12.812029522156477,0.15990295115219075
bias2,586,12.808283515146762,0.16072278714107516
bias2,587,12.676048625901275,0.15661473132893391
bias2,588,12.459917212377926,0.15559993598915894
bias2,589,12.40975073347565,0.15498187268087296
bias2,590,12.297023642068005,0.15308174267451813
bias2,591,12.195878171895359,0.15250778845255758
bias2,592,12.49658973436591,0.16045099845781466
bias2,593,12.601130302996449,0.15504579538723637
bias2,594,12.621222231365811,0.16101953837789393
bias2,595,12.438262926860007,0.15040862312048048
bias2,596,12.232416864512048,0.15579189745598682
bias2,597,12.19895077908596,0.14960353254523118
bias2,598,12.115248655045287,0.15365210721546843
bias2,599,12.140706653691813,0.1502921225163759
bias2,600,12.125128509322812,0.15312920742579395
bias2,601,11.838213521520924,0.1434207444754231
bias2,602,11.846730466860315,0.1532155982047852
bias2,603,11.711300381154178,0.13966264221183372
bias2,604,11.58032650083097,0.15003728505957176
bias2,605,11.64214325800289,0.1416575861095102
bias2,606,11.587818700426416,0.14857939279294624
bias2,607,11.538036691148045,0.1405896226796753
bias2,608,11.530648674447471,0.14819009188249105
bias2,609,11.581330333105504,0.14178454924756365
bias2,610,11.427795347273557,0.1443723430560416
bias2,611,11.556570343589057,0.1451072270006678
bias2,612,11.66831185486201,0.1469563109195793
bias2,613,11.619156842730249,0.14372349848135707
bias2,614,11.514699456305483,0.14460943260425446
bias2,615,11.52208066925479,0.14402329884356832
bias2,616,11.524487770430822,0.14458917139090913
bias2,617,11.576184615171263,0.14533584706393418
bias2,618,11.453680649033855,0.14143244376452965
bias2,619,11.230937797070387,0.1399860504224204
bias2,620,11.19981856345791,0.14058634215479754
bias2,621,11.314117259306121,0.14265281375253336
bias2,622,11.19589269488579,0.13791151046643485
bias2,623,11.037142071878229,0.13841222051645885
bias2,624,10.891624521212199,0.13420269735014065
bias2,625,10.666664041402298,0.13283484755994818
bias2,626,10.614565251419947,0.1329401473417434
bias2,627,10.562646964840534,0.13167747373351854
bias2,628,10.642736139893238,0.1348028028028417
bias2,629,10.69685331965101,0.1329980322572592
bias2,630,10.503999777855602,0.12991664588259033
bias2,631,10.584576827191851,0.1350218008188993
bias2,632,10.39657489735207,0.12518155116295887
bias2,633,10.283063565289751,0.13222603165167623
bias2,634,10.32300915475985,0.12629864523070966
bias2,635,10.20836025829769,0.1293385892057843
bias2,636,9.980394149513685,0.12056482680531662
bias2,637,9.95091297024136,0.12872395180152657
bias2,638,9.963969118424655,0.12095098242328295
bias2,639,9.770272935690521,0.12387708622471441
bias2,640,9.703153818690135,0.11927504829692069
bias2,641,9.658646949457053,0.12262731557808747
bias2,642,9.541768919375485,0.11636122130328197
bias2,643,9.271852034832886,0.11600559534061874
bias2,644,9.168935582953134,0.11378268738164142
bias2,645,9.250391027743918,0.11767760211756637
bias2,646,9.416066707909092,0.11802367150639904
bias2,647,9.653965166480614,0.12395782210477302
bias2,648,9.561151272157236,0.11538697250609294
bias2,649,9.369874012331818,0.11925858089216769
bias2,650,9.423544084172182,0.11682246926062924
bias2,651,9.377382810631351,0.11797143434183109
bias2,652,9.281753161306423,0.11483216692771817
bias2,653,9.377115454020473,0.12011551237553751
bias2,654,9.320386131862485,0.11328907317666442
bias2,655,9.433775429274696,0.12288926393741387
bias2,656,9.35758016711644,0.11134859068636306
bias2,657,9.40255108180016,0.12430152562795456
bias2,658,9.518909341891383,0.11401765547847167
bias2,659,9.27580663243669,0.11824033976726107
bias2,660,9.290852154792523,0.11452833217390881
bias2,661,9.193023356911814,0.11559909514661704
bias2,662,9.112053833380607,0.11252336638657225
bias2,663,8.911944569246163,0.11064306775672053
bias2,664,8.77917451455189,0.10920224404419246
bias2,665,8.843024505132624,0.11224208628346172
bias2,666,8.798697292549747,0.10801006778604769
bias2,667,8.520434129280288,0.10552288159476601
bias2,668,8.413217697220572,0.10519898908512863
bias2,669,8.185941385800454,0.09971407193660985
bias2,670,8.229160290295384,0.10645501607770384
bias2,671,8.275797093448254,0.1006409779462707
bias2,672,8.284014251524578,0.10688108729897121
bias2,673,8.409415228731309,0.10374740153307736
bias2,674,8.338250300949714,0.10503743048063484
bias2,675,8.26472274315835,0.10187725222999774
bias2,676,8.28620910636741,0.10555404923468681
bias2,677,8.091401727603799,0.09714084579167796
bias2,678,8.006753002422323,0.10343568726425142
bias2,679,7.947352902814511,0.09547428091622724
bias2,680,7.842789161835424,0.10092472362394142
bias2,681,7.838941679037058,0.09523367423872917
bias2,682,7.868737653969954,0.10175432206876583
bias2,683,7.674771443716909,0.09032151096186539
bias2,684,7.520521714112488,0.09800999968031279
bias2,685,7.565994939200683,0.09158583578083941
bias2,686,7.645435464615579,0.09987453947583384
bias2,687,7.721634071924937,0.09347161103959169
bias2,688,7.662014921532283,0.09838580714240265
bias2,689,7.60956977958469,0.09231853442121134
bias2,690,7.484359191787133,0.09515102947497558
bias2,691,7.459362649072074,0.09158381511408435
bias2,692,7.411302392387695,0.09418071542081537
bias2,693,7.468697192152101,0.09290867148697543
bias2,694,7.379336571352947,0.09192055895520337
bias2,695,7.372569179652159,0.09269693850621424
bias2,696,7.294409325958109,0.09001285504718091
bias2,697,7.22407553918566,0.09091648381859968
bias2,698,7.283494820542961,0.09152534793863559
bias2,699,7.1550523903142915,0.08776031519950579
bias2,700,7.0960752868798185,0.08980299375226714
bias2,701,6.890937199699961,0.08282831709546983
bias2,702,6.785735280372114,0.0872263860741405
bias2,703,6.7635723498637494,0.08217701474849681
bias2,704,6.706691126770481,0.0858187320900178
bias2,705,6.699035969444077,0.08189014740290065
bias2,706,6.763388733271176,0.0875255503860198
bias2,707,6.802160490406398,0.0828411606355403
bias2,708,6.605427215394379,0.08261797443410847
bias2,709,6.541996553641767,0.08110002806921546
bias2,710,6.408953895944156,0.0794815399294789
bias2,711,6.137748724334418,0.07421967336106303
bias2,712,6.070250269254227,0.07765752998494685
bias2,713,6.013593198233363,0.07281598996907485
bias2,714,6.020004655682797,0.07787083507516213
bias2,715,5.980022242280072,0.07185530675045818
bias2,716,5.940769638018438,0.07681663757107393
bias2,717,5.785465452886358,0.06820734073866003
bias2,718,5.828724657629198,0.07768848135001821
bias2,719,5.760825343337781,0.06664825534259441
bias2,720,5.726462267826413,0.07683411420623608
bias2,721,5.69456170807224,0.06573504041726491
bias2,722,5.632779288111175,0.07530965430810534
bias2,723,5.643816352686271,0.06607687632273847
bias2,724,5.596511592807526,0.0741063368267377
bias2,725,5.598902084952029,0.06601051647780257
bias2,726,5.625781162782684,0.07488369589785109
bias2,727,5.553073374026308,0.06412551874038006
bias2,728,5.414593276478559,0.07151248793000181
bias2,729,5.442451270141375,0.06471281538183302
bias2,730,5.3950809914258535,0.07035826776664078
bias2,731,5.326753793540414,0.06306964058427962
bias2,732,5.261032053873028,0.06868968475786162
bias2,733,5.226801850246754,0.062218530051223374
bias2,734,5.23610149434987,0.06895698786408329
bias2,735,5.202434052392778,0.061386966872624564
bias2,736,5.108599019420332,0.06654129781568205
bias2,737,5.074825197086625,0.06064174028498997
bias2,738,5.070197945298688,0.06646235232626639
bias2,739,4.934999600883721,0.05715928873049112
bias2,740,4.914091398210178,0.06595405727699492
bias2,741,4.954369257829371,0.05806205035046371
bias2,742,4.912912772553263,0.06503281221073579
bias2,743,4.850569915712402,0.05634425562682044
bias2,744,4.7221490222025695,0.06183074667168355
bias2,745,4.703961936925108,0.0560478041031549
bias2,746,4.69998190474655,0.06160040335386932
bias2,747,4.679728997895265,0.05557647759635849
bias2,748,4.670381261784901,0.06133967340753728
bias2,749,4.646865828673064,0.05495149073209702
bias2,750,4.556589016029841,0.05907727909355137
bias2,751,4.5684689743064375,0.05519765783759373
bias2,752,4.530016020231235,0.05817284195267025
bias2,753,4.455973896392335,0.05336529640350366
bias2,754,4.393012159232001,0.056611964843672924
bias2,755,4.272124978811058,0.05029947428389053
bias2,756,4.265759317234032,0.05652793099773993
bias2,757,4.174266498303256,0.04797326047328263
bias2,758,4.139581229784025,0.055652133386895015
bias2,759,4.107705391287262,0.04720701175142502
bias2,760,4.087704976187198,0.05515711474640259
bias2,761,4.072151622638821,0.046866058528248565
bias2,762,3.975942170294059,0.05265106471825515
bias2,763,3.896068139252573,0.04491099585335454
bias2,764,3.8063989841012984,0.05046653312380722
bias2,765,3.7573624703907917,0.043562575761299925
bias2,766,3.728570537094778,0.04981771149492692
bias2,767,3.7040651249497305,0.04298502391742712
bias2,768,3.614542621855062,0.047620724207882215
bias2,769,3.559772460904889,0.04149242100248291
bias2,770,3.575738512452144,0.04808802791456179
bias2,771,3.5380151379843174,0.040453258357401795
bias2,772,3.478737747956685,0.04661568400728527
bias2,773,3.4157584546460162,0.03895513763514654
bias2,774,3.414728309912348,0.04657970155483923
bias2,775,3.356639319325769,0.037463750462099786
bias2,776,3.354536908877388,0.046484273925423474
bias2,777,3.3126483139751364,0.036535893039643184
bias2,778,3.2801802798544704,0.04558523801240926
bias2,779,3.2924221570908854,0.03686587932509798
bias2,780,3.2462409653845996,0.04437095480384371
bias2,781,3.2424297755804616,0.03679256088438805
bias2,782,3.2460644379822763,0.04450369940126202
bias2,783,3.2526779299691064,0.03697862254527351
bias2,784,3.260548483587443,0.04476115183329941
bias2,785,3.2662957887318207,0.03701442612644114
bias2,786,3.2745155736881664,0.04492980417128831
bias2,787,3.258954596146057,0.036610392256343514
bias2,788,3.202889762836606,0.04359416800084679
bias2,789,3.1387006817031597,0.03498544456333354
bias2,790,3.111003144271853,0.042891732573947954
bias2,791,3.0991177077986767,0.03471344557101864
bias2,792,3.0876195966884747,0.04259205638317673
bias2,793,3.065012641395494,0.03415815652518784
bias2,794,2.9814355173227987,0.04046864470569733
bias2,795,2.9970371697375278,0.03460428262675397
bias2,796,2.987852058193439,0.04020081936513953
bias2,797,2.9580686569661148,0.033797581376005546
bias2,798,2.9209553165852844,0.03931279695513861
bias2,799,2.883229690330111,0.032827327400653285
bias2,800,2.8356125905812006,0.038107468921823845
bias2,801,2.809639375042539,0.03221007588176748
bias2,802,2.7985692182868176,0.03782429978963171
bias2,803,2.8059143534455746,0.03239346527506259
bias2,804,2.753316821045508,0.036527464286303636
bias2,805,2.7471790795150466,0.03223630443341852
bias2,806,2.709283614245705,0.03552882001439646
bias2,807,2.6594472949536563,0.031012342289123085
bias2,808,2.6611322012620686,0.03562755484922428
bias2,809,2.6428077606341236,0.03055208997182329
bias2,810,2.6295183241324143,0.03525492321838049
bias2,811,2.5819795468403153,0.02934348090401237
bias2,812,2.5406170312255343,0.0342670693510947
bias2,813,2.48980776798886,0.028043228861031846
bias2,814,2.4563424500719866,0.03346089795840156
bias2,815,2.416140740039174,0.027033912919259894
bias2,816,2.4056630747006755,0.03319072770824508
bias2,817,2.3614456569734132,0.025971872882571783
bias2,818,2.373832323619784,0.03346653107222389
bias2,819,2.384651888090642,0.02622957545215055
bias2,820,2.35746063423224,0.03277084317684129
bias2,821,2.329994272914231,0.025551688627793844
bias2,822,2.2842312278620307,0.03163947564611914
bias2,823,2.295117700985081,0.025778824861076664
bias2,824,2.2706225953545016,0.031047125398720284
bias2,825,2.270394146397033,0.025782633081704066
bias2,826,2.2438444041913086,0.030386849516257215
bias2,827,2.23147451937019,0.025483803596108665
bias2,828,2.211240961629903,0.029890689286406393
bias2,829,2.168359597563957,0.02441053515915571
bias2,830,2.138914341166325,0.02914800623347811
bias2,831,2.115509764392304,0.023840486306678448
bias2,832,2.0758985263929115,0.028140785494845333
bias2,833,2.097465260468573,0.024376848719125037
bias2,834,2.0831176781696277,0.027778405784525003
bias2,835,2.0655167700767447,0.023929188711149085
bias2,836,2.0443840539412785,0.027261952785497482
bias2,837,2.0208455335257245,0.02334881031037663
bias2,838,2.0049757096176837,0.02684354954304015
bias2,839,2.0038696015746127,0.02334769237412579
bias2,840,1.972231463601726,0.026053305882487037
bias2,841,1.9484772082011872,0.022732664608549398
bias2,842,1.948806267185039,0.026060535526040148
bias2,843,1.94175799429659,0.02255370653288271
bias2,844,1.9105486439669945,0.025275559137120217
bias2,845,1.8934345115120552,0.02212656648119565
bias2,846,1.8508717692061083,0.024226207500168993
bias2,847,1.8178446351004178,0.021299618433280633
bias2,848,1.7972832443550593,0.023700719259078035
bias2,849,1.7769778186090366,0.020775275246348545
bias2,850,1.745819087488107,0.022922291895745822
bias2,851,1.7209844688033702,0.020155628799859663
bias2,852,1.7192612121920738,0.022867493385123835
bias2,853,1.7118993218957235,0.019971951694914038
bias2,854,1.6942337995744619,0.022430466817384566
bias2,855,1.6727602893983595,0.01946519167578291
bias2,856,1.6415647266473865,0.021632699970835015
bias2,857,1.6150027984825228,0.018817588025710066
bias2,858,1.5809587116305728,0.020790420520427535
bias2,859,1.5592335822318348,0.01825098667225071
bias2,860,1.552333134443044,0.020624124498925783
bias2,861,1.551195832328167,0.018223380123569114
bias2,862,1.5440919885502886,0.020429835010650026
bias2,863,1.5278204660924755,0.01782577553696522
bias2,864,1.4976667548052134,0.01967707586358818
bias2,865,1.472677910589602,0.017186865573168696
bias2,866,1.464576067563005,0.019473856560827143
bias2,867,1.4430545464516127,0.016651582031418328
bias2,868,1.4275851500674817,0.019089936234438245
bias2,869,1.4203702083210272,0.01646878330613726
bias2,870,1.3942176110909381,0.018431204789955132
bias2,871,1.3915398290898278,0.01639642467600489
bias2,872,1.3824851752851135,0.018206570506933445
bias2,873,1.3729624634456687,0.016163544028604367
bias2,874,1.3458538219183604,0.017531488719746097
bias2,875,1.3418465636006982,0.016068136834607356
bias2,876,1.319383680367983,0.01695802463177703
bias2,877,1.3197770355518603,0.016088644338607128
bias2,878,1.307410073062341,0.0166525620363716
bias2,879,1.2965572959545197,0.015819839596744975
bias2,880,1.2703894241079388,0.016005715813630673
bias2,881,1.2645019159301427,0.015676957667000432
bias2,882,1.245982182514477,0.015537517276868862
bias2,883,1.2336989400808922,0.015366277682786356
bias2,884,1.2214578575728907,0.015241449094505108
bias2,885,1.2000553591588445,0.01482766271729352
bias2,886,1.1825056546274786,0.014782164458238963
bias2,887,1.1685295994462945,0.014476347830205192
bias2,888,1.146589517797229,0.014236202094122189
bias2,889,1.1256410231006466,0.013957793565660924
bias2,890,1.1068874144953011,0.013773174041855005
bias2,891,1.0990046638027677,0.01376932270853056
bias2,892,1.0888100631609507,0.013509676432903928
bias2,893,1.0852553879923,0.013672792476811515
bias2,894,1.071118275092115,0.0131340526185409
bias2,895,1.0566043795136526,0.013321442595238216
bias2,896,1.0545157569658468,0.013077411920696115
bias2,897,1.0341197758829028,0.012809247283013619
bias2,898,1.011339402765568,0.012510606150027902
bias2,899,1.0025321732962356,0.012589972281015107
bias2,900,0.9891474325236268,0.012175720686356646
bias2,901,0.9707508567196135,0.012126973108651991
bias2,902,0.9647411765913961,0.012022705243453006
bias2,903,0.9541306052204896,0.011866717912461315
bias2,904,0.9354023061930055,0.011558794176501208
bias2,905,0.9174378805260153,0.011408071187143973
bias2,906,0.9170267293148737,0.011561301309767694
bias2,907,0.9149338888866545,0.011349914239685658
bias2,908,0.895571486085959,0.011075858156122895
bias2,909,0.884894280852457,0.011080960027464743
bias2,910,0.8695074932564494,0.01069353325726915
bias2,911,0.858511604283914,0.010818436008367537
bias2,912,0.8495547046326399,0.010459075946672254
bias2,913,0.8490613354609013,0.010815253252213141
bias2,914,0.8355971819296704,0.010131910869502232
bias2,915,0.8341251368806315,0.010762161556663359
bias2,916,0.8322498273452045,0.010103080142819824
bias2,917,0.8186492586381352,0.010417354516839748
bias2,918,0.8136461686138274,0.00996493742097137
bias2,919,0.8152119531766953,0.010469677438258738
bias2,920,0.8056102155194604,0.009723884694416185
bias2,921,0.7993132551019959,0.010309322148521274
bias2,922,0.7890990292512785,0.009462705517178935
bias2,923,0.7838370096496509,0.01018525702207691
bias2,924,0.784684930256897,0.009480852087969411
bias2,925,0.776239176831302,0.009972708152935612
bias2,926,0.7702968786639421,0.009327635540700117
bias2,927,0.7654600146388069,0.009849524812507414
bias2,928,0.7582282487378805,0.009139502176590935
bias2,929,0.7431598068071061,0.00947300992055712
bias2,930,0.7325064834450982,0.008888744029371958
bias2,931,0.7232134333879212,0.00922546892433401
bias2,932,0.7146534806430581,0.008683433247472559
bias2,933,0.6981110610946268,0.00880987240670988
bias2,934,0.6883609911776616,0.008438576250550682
bias2,935,0.6765498974036296,0.008509670341608551
bias2,936,0.6714726189564999,0.00830786876464375
bias2,937,0.6644600700540692,0.008333900660115402
bias2,938,0.6527928373155197,0.00801184232814066
bias2,939,0.6458949688275165,0.008163967705153737
bias2,940,0.6396182046652581,0.007856775201936913
bias2,941,0.6330304411000939,0.007995670724633107
bias2,942,0.6275754820972741,0.007725241598574811
bias2,943,0.6202306252029752,0.007809282772279443
bias2,944,0.6120237492215491,0.007516300893360479
bias2,945,0.6086523426123466,0.007737658700155868
bias2,946,0.6050637112788264,0.00742414797232705
bias2,947,0.6039218148767254,0.0076989840971428206
bias2,948,0.5976357202138419,0.007267014987010121
bias2,949,0.5888502906688324,0.0074763660743508665
bias2,950,0.5794128452747387,0.007039251298467849
bias2,951,0.5741161062764744,0.0073479304245682945
bias2,952,0.5684323906097682,0.006897888130481621
bias2,953,0.5603495935484966,0.007138992369893035
bias2,954,0.5524300696500452,0.006692344902690038
bias2,955,0.5451297087344528,0.006964316121694447
bias2,956,0.5323753906730754,0.006373707782111736
bias2,957,0.5262156578310313,0.0068024975837667435
bias2,958,0.5222711610140843,0.00627749148844813
bias2,959,0.5109936360048004,0.00652275358433028
bias2,960,0.5064387650500578,0.006158185335367941
bias2,961,0.5010252233788169,0.006385130035608221
bias2,962,0.49283583922804364,0.005952467787489287
bias2,963,0.48562219729676315,0.006206502914459134
conv2,0,8.028167849855974,1.2584819774551812
conv2,1,8.515431727012537,1.131726683840389
conv2,2,7.099031510502858,1.0278713108402506
conv2,3,5.80580864065336,0.950373155682854
conv2,4,5.883056949493943,0.8694890861832206
conv2,5,5.1344473362647935,0.8028440495777062
conv2,6,4.173186200208259,0.7507722289706507
conv2,7,3.475332263505689,0.7093620724914937
conv2,8,3.9325626936504556,0.6576840049288972
conv2,9,3.6356680933044885,0.6140358796354894
conv2,10,3.3518869354897913,0.5744575075825215
conv2,11,3.0110393486274614,0.5328018518684475
conv2,12,3.432017436352053,0.48474524811879943
conv2,13,3.1304297675949706,0.4380621356293385
conv2,14,2.927556068410766,0.3948857206420429
conv2,15,2.631628731062886,0.36749253993080727
conv2,16,2.4915527521799348,0.33990333658752525
conv2,17,2.4148056722455578,0.3101333559778103
conv2,18,2.1880118469762593,0.2939476781587948
conv2,19,2.203825605617312,0.2761306393495887
conv2,20,2.218372777258754,0.2494760816242826
conv2,21,2.1984839364579196,0.2293206752684041
conv2,22,1.7100800408024113,0.21086266080643729
conv2,23,1.8987694376661142,0.18855637672110342
conv2,24,1.6173852991914222,0.17126800463337594
conv2,25,1.691936463744633,0.15290887670277006
conv2,26,1.7439919005290994,0.1273175928005255
conv2,27,1.315628602194758,0.11607851527150512
conv2,28,1.430913753959065,0.10037672468672183
conv2,29,1.232815384521647,0.08555051997777044
conv2,30,1.3601065436423216,0.07373793205454016
conv2,31,1.1577066324874754,0.0644154207156147
conv2,32,1.0419519930584873,0.055228956470786746
conv2,33,0.8931313529270491,0.05337763087110469
conv2,34,0.9414943268153347,0.04953578722472491
conv2,35,1.0132773042854566,0.051498665931967225
conv2,36,1.0610476714797301,0.04660524991780524
conv2,37,0.8925392656134239,0.049362687567786445
conv2,38,0.9995680331184559,0.04742937803839957
conv2,39,1.1219566209472944,0.05236147971652216
conv2,40,1.1572058382190002,0.04773398978865827
conv2,41,1.0897476971083968,0.050286044789314595
conv2,42,1.0657429765401765,0.04724957845095339
conv2,43,1.025847772481721,0.04936107683474351
conv2,44,1.1453356521890858,0.046115800295414566
conv2,45,1.1921032332191777,0.047514413046033446
conv2,46,1.1016589238896273,0.04753591323924715
conv2,47,1.2896975637161636,0.04929306934999663
conv2,48,1.3305005511263266,0.04663838277969689
conv2,49,1.2656256022575987,0.04991811970034716
conv2,50,1.3193763626596358,0.04696384616671956
conv2,51,1.1975587486815789,0.04851258044566922
conv2,52,1.2937836692416655,0.04784528515616484
conv2,53,1.2301150953272693,0.04845702021774577
conv2,54,1.3568908173487229,0.048523831056208326
conv2,55,1.3775951558104547,0.047202377829046384
conv2,56,1.400109001703257,0.04941563775228557
conv2,57,1.4537665946202305,0.046438051417695546
conv2,58,1.4082675507619258,0.04851565710767565
conv2,59,1.4443468978423644,0.047448604609860445
conv2,60,1.420620827176365,0.04804070925828349
conv2,61,1.3211175742382144,0.048105560955805204
conv2,62,1.300789970016955,0.04793670230447142
conv2,63,1.2877034454314464,0.04740112698045557
conv2,64,1.3074618340400221,0.0469888788728698
conv2,65,1.355564140047604,0.0479864369662732
conv2,66,1.3331279546856596,0.0479245252316517
conv2,67,1.4001746642955986,0.0488925709907866
conv2,68,1.3583873103932844,0.047484558897339345
conv2,69,1.4622088466137415,0.04893272639379291
conv2,70,1.529232516698653,0.04832104112267342
conv2,71,1.514677872684075,0.04969605253252496
conv2,72,1.4488106647557017,0.046425024317155825
conv2,73,1.3910086785923002,0.047700130954615505
conv2,74,1.3732477791026094,0.047824304521500396
conv2,75,1.34900653274754,0.049011955996686875
conv2,76,1.3712623183770327,0.04760332106411471
conv2,77,1.4465703498493028,0.05051612965636506
conv2,78,1.388290982476318,0.04687571821353641
conv2,79,1.3612622212291627,0.050026649635334736
conv2,80,1.2995454943501101,0.04756162179428857
conv2,81,1.239629496890943,0.05031466051900357
conv2,82,1.2228543321616385,0.046085904753294556
conv2,83,1.3075479861146977,0.05130385460544247
conv2,84,1.2406010342607523,0.04711666233857449
conv2,85,1.3100032893198388,0.051504913850377324
conv2,86,1.3075188169447216,0.048913849326939644
conv2,87,1.4640358854015016,0.055284929671057796
conv2,88,1.4961931639125976,0.04800795943209969
conv2,89,1.4818193359735505,0.05420157080064948
conv2,90,1.7146440568467702,0.0514250725551336
conv2,91,1.5845800945259136,0.051823446246743496
conv2,92,1.5165943696982025,0.05023444350148916
conv2,93,1.6455468498635795,0.05392580052168958
conv2,94,1.6986370609893693,0.05027421279725269
conv2,95,1.5944413537684927,0.052717360218914634
conv2,96,1.5350677958897667,0.0491670002999528
conv2,97,1.5025288982088327,0.05223871568894816
conv2,98,1.4713489978253487,0.0478625960973698
conv2,99,1.5453576920711511,0.05359992109286838
conv2,100,1.5726568812911694,0.04903864233296334
conv2,101,1.585867764806447,0.05200461082470218
conv2,102,1.6196490140501418,0.048564179138927126
conv2,103,1.6807613538151616,0.054457263156291326
conv2,104,1.660168075796892,0.04870303829587755
conv2,105,1.629855737883049,0.05488495844719319
conv2,106,1.5958431860052718,0.04854867588827952
conv2,107,1.4885749543845168,0.05312811917012028
conv2,108,1.4495196357485398,0.04920613893482955
conv2,109,1.5381936198117152,0.05456493289968545
conv2,110,1.5594297763961023,0.04760531535932463
conv2,111,1.5082864607757698,0.054593958411787366
conv2,112,1.45552340458467,0.049014416841850796
conv2,113,1.4820194645339604,0.0545385317748846
conv2,114,1.4932604968295478,0.04825573539445589
conv2,115,1.4532017016248346,0.05400191045158225
conv2,116,1.4504103880673924,0.04832900028925731
conv2,117,1.5395315273067713,0.052748880623309666
conv2,118,1.6572347872945472,0.04857152987314202
conv2,119,1.6634555557402617,0.05281401798566721
conv2,120,1.6250832067763858,0.048297141420251564
conv2,121,1.632483987559098,0.052207737236566056
conv2,122,1.6351220415276464,0.04806230312941207
conv2,123,1.6103830350714685,0.05297242082805874
conv2,124,1.5050140680224142,0.04834552913089595
conv2,125,1.5449637068223612,0.05377300264532253
conv2,126,1.5316181687477284,0.049143935997091666
conv2,127,1.524291380103197,0.055328474139962495
conv2,128,1.566999965991046,0.05013531722738168
conv2,129,1.6622698106068845,0.05719606082564201
conv2,130,1.5811615078534627,0.05102070117049933
conv2,131,1.622745779624276,0.057923516101666635
conv2,132,1.6193655041944957,0.05130577296943654
conv2,133,1.5709460392261259,0.058460483497374864
conv2,134,1.565738620138425,0.05189680390048809
conv2,135,1.5623278567871337,0.05961407917388715
conv2,136,1.6021710108309004,0.05401297340400715
conv2,137,1.747428145184019,0.06210417282255055
conv2,138,1.7115610474649858,0.05387146345039368
conv2,139,1.6106100692581797,0.060579067450486135
conv2,140,1.704616386701499,0.05485570299642772
conv2,141,1.7157242403329747,0.06063607588742782
conv2,142,1.6658586717493609,0.05531071130753921
conv2,143,1.703992795159437,0.06132281746406137
conv2,144,1.8305081900242886,0.05667558823473978
conv2,145,1.8182115621038069,0.06043391535274943
conv2,146,1.7087787737094966,0.055692145043290855
conv2,147,1.6778494886873538,0.06185163231645159
conv2,148,1.8597590714894752,0.0570872462502766
conv2,149,1.8410803831526015,0.061387635334964816
conv2,150,1.8160975730777584,0.05658841743837096
conv2,151,1.8251467335249034,0.06249491970340691
conv2,152,1.8087798078106552,0.056694708038119525
conv2,153,1.8824133433090382,0.06256259667289209
conv2,154,1.9380541145249692,0.055821700730307636
conv2,155,1.8797441695270198,0.061803882883258325
conv2,156,1.8043177371948478,0.05552747796952433
conv2,157,1.801330311085064,0.0626767785057687
conv2,158,1.8326458524061462,0.05484137391259456
conv2,159,1.9009794927327264,0.0628058305807404
conv2,160,1.9948496971573193,0.055801005511721076
conv2,161,1.906787096958273,0.06208384914173554
conv2,162,1.858801127061104,0.05645280585604789
conv2,163,1.819795519956644,0.06180213307743945
conv2,164,1.8602670524713096,0.05653282451516837
conv2,165,1.8918267130806592,0.062068150666410055
conv2,166,1.9028729085313003,0.05627510011728064
conv2,167,1.9577539559269619,0.06200054444461398
conv2,168,1.9377841359301862,0.057331248768749
conv2,169,2.0248770831460066,0.0626966417860555
conv2,170,2.028611286419804,0.058449951220092104
conv2,171,2.0149971576005656,0.06231050417828475
conv2,172,1.955509478929585,0.057976800446094365
conv2,173,1.8542067549224992,0.061158205391702254
conv2,174,1.8372668754710413,0.05836225242963444
conv2,175,1.7718369395936364,0.06039753231589724
conv2,176,1.76727628600794,0.05879815421693361
conv2,177,1.7551185493889652,0.06106290318057589
conv2,178,1.6740634303775273,0.05793109960556979
conv2,179,1.6908067477337483,0.060877791065798804
conv2,180,1.84274126164339,0.05923938942001904
conv2,181,1.8019703736924146,0.05973161305732802
conv2,182,1.6992618399861306,0.05746328001142281
conv2,183,1.7157656260683496,0.05967947492914563
conv2,184,1.7556871588791105,0.058859767304459375
conv2,185,1.746303548654213,0.05921031972810461
conv2,186,1.8370149303590597,0.05883151111263008
conv2,187,1.9043691460249241,0.05942502842004921
conv2,188,1.8307839302799134,0.056840512805196884
conv2,189,1.8474342554157812,0.06085176983977427
conv2,190,1.7571610228954346,0.055057737173739206
conv2,191,1.707702727748552,0.061005367316453056
conv2,192,1.6498458604261874,0.05417788581358452
conv2,193,1.6303520974069925,0.05981659900036026
conv2,194,1.607829147587026,0.05356168589548958
conv2,195,1.6021671150788215,0.059219520857718304
conv2,196,1.7641696587806892,0.056562158821938706
conv2,197,1.8618463375288945,0.05884904676351303
conv2,198,1.9814644120791847,0.05719352066875532
conv2,199,2.0397214352543642,0.06122406378498104
conv2,200,2.0318984576414,0.05676663493233595
conv2,201,1.9687984990883125,0.06027181500996542
conv2,202,2.0515181137362632,0.057360823244681114
conv2,203,2.10194519151237,0.06098245902183192
conv2,204,2.058550708397732,0.0577773642785264
conv2,205,2.0639591233451466,0.05913211927738136
conv2,206,2.056970287540278,0.0583656790758659
conv2,207,2.1490225500497373,0.060963589169738645
conv2,208,2.2459033297363384,0.061355483409084435
conv2,209,2.1524043098317,0.058652845232638674
conv2,210,2.0668698526568408,0.06167248189115126
conv2,211,2.0876448714722113,0.05926305732875011
conv2,212,2.09898835065444,0.06249116672144359
conv2,213,2.0824443814812503,0.05831959964803074
conv2,214,2.1432300809106257,0.06167684826284867
conv2,215,2.2063789424254256,0.060133748240556846
conv2,216,2.2925560605171365,0.06175937026405762
conv2,217,2.252551619839147,0.05963543481388951
conv2,218,2.2732386180710082,0.06186950677837963
conv2,219,2.2312009469099614,0.058355550325385835
conv2,220,2.1662511583076673,0.060901284361112286
conv2,221,2.147241708001893,0.060234955089664616
conv2,222,2.087600541464066,0.05977588678962402
conv2,223,2.0322290913404357,0.05921966631230453
conv2,224,2.030114799631396,0.05914867799290766
conv2,225,2.051228028786186,0.06105359938753619
conv2,226,2.0745124119102574,0.05958305723842625
conv2,227,2.134546214273044,0.06223185743195902
conv2,228,2.226569009586007,0.0609467387703281
conv2,229,2.1793015354554943,0.06206644106390114
conv2,230,2.1468107826525062,0.06064157138404687
conv2,231,2.1708585234482616,0.06194265122908076
conv2,232,2.181850541286997,0.06264030558386044
conv2,233,2.1336029673706225,0.061776644537679816
conv2,234,2.1561616293650565,0.06320028131581495
conv2,235,2.1535350213149558,0.06105503734621046
conv2,236,2.2111686523144813,0.06465113356073483
conv2,237,2.2133646983420716,0.060696297936063986
conv2,238,2.168006034382819,0.06251512161997878
conv2,239,2.159609353534872,0.060934260414116495
conv2,240,2.1791328354192006,0.06231137888396655
conv2,241,2.099581683302214,0.06020978554820316
conv2,242,1.9851010245661915,0.06107613867105034
conv2,243,1.9853472035922468,0.058754141542931605
conv2,244,1.9927592999617578,0.059339004773224256
conv2,245,1.986676054457169,0.060737785532765376
conv2,246,1.9447427435581837,0.057467183129200905
conv2,247,1.874215547484287,0.05976771206116792
conv2,248,1.9070575143288109,0.05715724699622265
conv2,249,1.8479607955401356,0.059058488569475105
conv2,250,1.901240628371843,0.05798958045684274
conv2,251,1.8730409102454817,0.0574081630532542
conv2,252,2.0613405836775365,0.06085079966993534
conv2,253,2.141796941744105,0.05871722971641261
conv2,254,2.072333433408263,0.05979222026457278
conv2,255,2.052461827249587,0.058257389761626595
conv2,256,2.067740691000205,0.0592807691046161
conv2,257,2.1789945777302746,0.05886680705882681
conv2,258,2.25621430421564,0.05991723811665816
conv2,259,2.2927880769563016,0.059866918557793386
conv2,260,2.346095801986859,0.061403854799302486
conv2,261,2.370535771766684,0.06015045043261488
conv2,262,2.354880451233448,0.06067250705356601
conv2,263,2.321312166298834,0.060672408812336924
conv2,264,2.372335333706452,0.0601339164567016
conv2,265,2.319608396628032,0.05972642282216796
conv2,266,2.275844954348726,0.058849428705783635
conv2,267,2.310306536175251,0.06044861361790609
conv2,268,2.320958771694196,0.05903341427469117
conv2,269,2.3721809412310644,0.061821639594320986
conv2,270,2.3921755185969586,0.05805044838224285
conv2,271,2.3755897848528846,0.06221329950448925
conv2,272,2.309032414656443,0.05707383221199049
conv2,273,2.2798985848699673,0.06195867840458915
conv2,274,2.3234881643909735,0.056397887438240354
conv2,275,2.359843990182729,0.06206352222191147
conv2,276,2.3644492828255954,0.05632415185866569
conv2,277,2.2886760824017496,0.06028402762223356
conv2,278,2.3277618753824347,0.05672839946936797
conv2,279,2.3921482383140225,0.06102159467588536
conv2,280,2.348055209516447,0.05653319129580902
conv2,281,2.3790715345942965,0.060417263805543776
conv2,282,2.3819789672889287,0.05628470735009015
conv2,283,2.322225744366,0.05946624840784209
conv2,284,2.2178601094625234,0.05609162830576697
conv2,285,2.1759588612910252,0.058120290222055435
conv2,286,2.2225173582283353,0.056436776661032986
conv2,287,2.236046718025997,0.05823233885375267
conv2,288,2.189207825058206,0.056859393899055005
conv2,289,2.244298265361168,0.05809477114016958
conv2,290,2.3151113925870472,0.05725675630863587
conv2,291,2.212216049327863,0.05714286196387547
conv2,292,2.1704102398412757,0.05528454456351544
conv2,293,2.1041661010502932,0.055970006955422216
conv2,294,2.0951342781141618,0.05557518141109972
conv2,295,2.0234277845413926,0.05494628683787276
conv2,296,2.008775890216674,0.05566577829419438
conv2,297,2.0993638149121536,0.05569808580422644
conv2,298,2.151620776618554,0.055496119947392265
conv2,299,2.154165073224015,0.05622801121569306
conv2,300,2.1272081926580615,0.05542836835855287
conv2,301,2.076106369211512,0.0560779939933446
conv2,302,2.051593276926892,0.054938160341499405
conv2,303,2.130847341428118,0.056712646061290055
conv2,304,2.1048012797244975,0.05397605689630143
conv2,305,2.1200310220678467,0.05857388193690704
conv2,306,2.147892850447069,0.05429555911204656
conv2,307,2.0946815346689784,0.05705614377023851
conv2,308,2.071679148408935,0.05322411866721212
conv2,309,2.026182832609498,0.05693564427650962
conv2,310,2.082404710411694,0.05322067494115216
conv2,311,2.07375004601313,0.05674653754236241
conv2,312,2.1447988767907047,0.05465885617038826
conv2,313,2.1314574040933376,0.056368592701953005
conv2,314,2.1701068284626777,0.05631408329080944
conv2,315,2.140257302940693,0.0575997195602661
conv2,316,2.164184436297986,0.05707684625508717
conv2,317,2.2381738764073296,0.05844817194878584
conv2,318,2.167364215388089,0.05655987496127627
conv2,319,2.194106136932706,0.05968642382205331
conv2,320,2.3030471500421714,0.058593484279661406
conv2,321,2.3740790692132494,0.06119814541288861
conv2,322,2.3408942422747816,0.058425181804819475
conv2,323,2.338675626860017,0.06110181952012494
conv2,324,2.2931719204945726,0.05783800734633215
conv2,325,2.302428056177353,0.06165705714908371
conv2,326,2.3299071275540317,0.05669031167126102
conv2,327,2.3228537510456753,0.061655440632554036
conv2,328,2.4383066092986865,0.05836500784840532
conv2,329,2.3359155990427696,0.060911776969914073
conv2,330,2.300893608377501,0.0579013847819943
conv2,331,2.248773608955321,0.0603600075087623
conv2,332,2.1462701429773325,0.05552371362132031
conv2,333,2.153817750242202,0.05980579939281744
conv2,334,2.259935018826394,0.05723624940122951
conv2,335,2.3928454352285997,0.06133110350600414
conv2,336,2.4082303335595143,0.056916805325016674
conv2,337,2.493544418660164,0.06261290123914368
conv2,338,2.5485923201572023,0.058724847755896155
conv2,339,2.5359679794854872,0.06224317212232621
conv2,340,2.4297247259345616,0.05834449683837046
conv2,341,2.4400666142982286,0.06253873799948434
conv2,342,2.485241627886069,0.059125680187605834
conv2,343,2.538173617296911,0.062046675186423365
conv2,344,2.5608374828322837,0.05953888998645221
conv2,345,2.5313852122351514,0.06299283393407097
conv2,346,2.538491263580944,0.060364471230450766
conv2,347,2.5161169161293007,0.06239101282695218
conv2,348,2.4973143767700745,0.06068197703518621
conv2,349,2.3962856902704863,0.0599982587235709
conv2,350,2.3074313327235334,0.060147516530112126
conv2,351,2.280921141483672,0.05967244392361456
conv2,352,2.3522072798366365,0.06031403418832837
conv2,353,2.3777991699931773,0.059594995889884955
conv2,354,2.4557625836715355,0.0610077449309727
conv2,355,2.556425006395089,0.06053849617232413
conv2,356,2.6587113576852808,0.06213670851980588
conv2,357,2.7019492493083797,0.061779192080643634
conv2,358,2.634643445265299,0.06047190799350381
conv2,359,2.7334218234056267,0.06383965471221005
conv2,360,2.7272319592022805,0.06064924323097286
conv2,361,2.6836009417856017,0.06248593763202758
conv2,362,2.7039038296900255,0.06086353392405649
conv2,363,2.6538195012622103,0.060874396791203274
conv2,364,2.6537001950963868,0.061949215314742616
conv2,365,2.6031468510753517,0.05980406740472217
conv2,366,2.6258553890731013,0.060564216668177975
conv2,367,2.6342660382141125,0.06030013577529393
conv2,368,2.6554068602629006,0.061101897410321515
conv2,369,2.5862611899306653,0.05955701972025716
conv2,370,2.5792238008661243,0.060500985507460386
conv2,371,2.6075435028800378,0.05957935770553043
conv2,372,2.6326661499126973,0.06097032395776977
conv2,373,2.5905640119773117,0.05962149374035717
conv2,374,2.597953544294618,0.06096932583550302
conv2,375,2.608874388238836,0.06044686003280645
conv2,376,2.593886513579685,0.060674256627926845
conv2,377,2.602852627815807,0.05984237061849328
conv2,378,2.6358062326346454,0.06039550551825888
conv2,379,2.696420390243241,0.059801452391675676
conv2,380,2.7324453062634806,0.05967061290517131
conv2,381,2.6960814174628154,0.05913958025125022
conv2,382,2.7286573278570265,0.060731355103120756
conv2,383,2.7294153722132353,0.05874401246341246
conv2,384,2.757329310701044,0.060381952391089504
conv2,385,2.7898712846468348,0.05951374555965965
conv2,386,2.7654757992230445,0.06031732148124351
conv2,387,2.832726052940569,0.05985844958968201
conv2,388,2.8339432216647125,0.06080289235456117
conv2,389,2.7194874828997744,0.05832174084801695
conv2,390,2.678015470858829,0.059394483154676825
conv2,391,2.6812461409472594,0.05810084727866131
conv2,392,2.70243857047501,0.05978453194578521
conv2,393,2.766509395790346,0.05882587912103544
conv2,394,2.774431725767908,0.059061151647298825
conv2,395,2.7491397127209103,0.05820450959748557
conv2,396,2.755727372300984,0.05823191103707702
conv2,397,2.777832417217729,0.05891632453373392
conv2,398,2.760619815927857,0.057633719174514986
conv2,399,2.8499962298030983,0.060689962777332476
conv2,400,2.8555312823124317,0.057453143683753205
conv2,401,2.8872925118716135,0.06100189231719634
conv2,402,2.9151522497796134,0.05750695649135343
conv2,403,2.872018342678779,0.059573223174218606
conv2,404,2.76776786994663,0.05614653654314399
conv2,405,2.7561755331356714,0.058592385154194015
conv2,406,2.778519081270761,0.05576803343701541
conv2,407,2.7741898808976084,0.05832635929088403
conv2,408,2.7584136930881558,0.056274518630945854
conv2,409,2.7762164236379947,0.058524128887039756
conv2,410,2.824325231401317,0.05691508465481987
conv2,411,2.825106510954244,0.05828190816515361
conv2,412,2.807510486875238,0.05505031378586619
conv2,413,2.8124964668346233,0.0585625290829687
conv2,414,2.8012651704923144,0.05423858507635189
conv2,415,2.8499631258115317,0.05937711233935713
conv2,416,2.8681394268995213,0.054702531383583775
conv2,417,2.819621750175284,0.058956877823673585
conv2,418,2.7645921600146695,0.05492062047827541
conv2,419,2.740970252385818,0.05846844503084643
conv2,420,2.6700523838982546,0.0543722905368602
conv2,421,2.5563490990579583,0.05622169726927308
conv2,422,2.6284898324471597,0.054970708199935506
conv2,423,2.553033722754481,0.05500218216240114
conv2,424,2.554208361349107,0.054253235994274306
conv2,425,2.5777671253834247,0.05577197846277297
conv2,426,2.5980459817795736,0.05398690725702394
conv2,427,2.626895663245624,0.056279819490446935
conv2,428,2.612288593085194,0.05406365164416911
conv2,429,2.626897824313201,0.05649570433401428
conv2,430,2.5867485732103943,0.0532962822047974
conv2,431,2.6246962461381904,0.05730881217980255
conv2,432,2.687743533654022,0.05391569134765099
conv2,433,2.631846302494806,0.055936820928247116
conv2,434,2.669953916708142,0.05452423744683615
conv2,435,2.6454737515814117,0.05517356239753307
conv2,436,2.684742372803926,0.05476378616019002
conv2,437,2.7244704900568184,0.05603768825184316
conv2,438,2.7599889384060714,0.05493264508365156
conv2,439,2.7655822722985444,0.05655618978489687
conv2,440,2.737764064618332,0.05482237090883753
conv2,441,2.6819515158757206,0.0558405055706691
conv2,442,2.6221764901340485,0.05503257800368847
conv2,443,2.6048390631006555,0.05553470134960212
conv2,444,2.5326305799672815,0.053903984108052166
conv2,445,2.501781668105202,0.055222556592467754
conv2,446,2.5635606790553114,0.05466458141678908
conv2,447,2.639756198074698,0.05573285293238185
conv2,448,2.678089901257278,0.054293227655499515
conv2,449,2.755356904437597,0.05698762498628324
conv2,450,2.8052641169352426,0.054188369761906545
conv2,451,2.791875284957476,0.05677847720086942
conv2,452,2.7706628423222335,0.05412197538120039
conv2,453,2.742966307522317,0.05548341260267052
conv2,454,2.729266835974942,0.05451875219529398
conv2,455,2.725334770482441,0.05545835329213567
conv2,456,2.6978695021260206,0.05432248738680652
conv2,457,2.6998498473526844,0.05607899866749396
conv2,458,2.7487748471807447,0.054261777264471414
conv2,459,2.6931117544028624,0.055379159470454666
conv2,460,2.67498304695147,0.054222170251633575
conv2,461,2.683338476491322,0.05604011160893542
conv2,462,2.675471314148079,0.05452082906123507
conv2,463,2.724845743199723,0.05656621601838567
conv2,464,2.788496138907798,0.05517792657473225
conv2,465,2.813262893028647,0.05709296722623685
conv2,466,2.894264397148598,0.05590654320465119
conv2,467,2.905345338742244,0.05762206415142057
conv2,468,2.9089603909546633,0.05700850479223347
conv2,469,2.900336284251788,0.05707714503937778
conv2,470,2.8030179294048194,0.05438080183641772
conv2,471,2.802569961322043,0.05749876362899954
conv2,472,2.8129130078602236,0.05493648452734838
conv2,473,2.8427005516407426,0.057674334083676226
conv2,474,2.834965006661065,0.05532902112925959
conv2,475,2.8223856226444695,0.05674687386421085
conv2,476,2.7763127321198455,0.054842661488622685
conv2,477,2.7785802613149997,0.057163761361048955
conv2,478,2.7733462486235916,0.053785806320661135
conv2,479,2.839990070447575,0.05761777992229379
conv2,480,2.8868149674673687,0.05400465581901482
conv2,481,2.8009005425497033,0.05598329694375835
conv2,482,2.8097143951845376,0.053221683273569236
conv2,483,2.762365427605932,0.054566805341828076
conv2,484,2.7765451509492713,0.05342810539138107
conv2,485,2.753663593028216,0.05365243872397919
conv2,486,2.7666234603642064,0.05355296042550897
conv2,487,2.6879663493439216,0.05145713243715175
conv2,488,2.6619185089590083,0.053387166751596965
conv2,489,2.6755944454279943,0.05264824964142291
conv2,490,2.635166966764119,0.05290563070284167
conv2,491,2.5785335292099854,0.05132355679457102
conv2,492,2.634141640695287,0.05253676856198146
conv2,493,2.7084689151028476,0.05195286370683446
conv2,494,2.673541664544574,0.0524927384317595
conv2,495,2.624176026982163,0.051776242082084326
conv2,496,2.5375641243170612,0.05033555650281581
conv2,497,2.5468167545181646,0.05241128505395658
conv2,498,2.6252923150709924,0.051715959860970225
conv2,499,2.6252494189278144,0.05210684268993008
conv2,500,2.620849937189749,0.05146000900102721
conv2,501,2.6037355437913097,0.05162951369121751
conv2,502,2.666334991479029,0.0526413265350307
conv2,503,2.7069027151129643,0.05245499626707443
conv2,504,2.6660821064213844,0.05142673762136317
conv2,505,2.6775757651079877,0.05397545107621691
conv2,506,2.6142677421737583,0.050159994529301734
conv2,507,2.6627969900802744,0.05450840773016754
conv2,508,2.6658440304344126,0.0505349785891198
conv2,509,2.6280016128871986,0.053289435963528704
conv2,510,2.656203565148022,0.05139440459263252
conv2,511,2.6016763578228734,0.05213739388996521
conv2,512,2.6186032339039387,0.05168654714586756
conv2,513,2.623479220512215,0.05151797374462668
conv2,514,2.676083179636201,0.051360173301372575
conv2,515,2.720923377070161,0.05228617831721506
conv2,516,2.719194387664959,0.05081884371336805
conv2,517,2.7460133853839115,0.05284873458600601
conv2,518,2.7747629275439674,0.0509154146053882
conv2,519,2.7964743390846967,0.052858962997419684
conv2,520,2.7697311920395067,0.049947025457537944
conv2,521,2.7725957646133748,0.052342065851984206
conv2,522,2.702219282867856,0.04841534874467025
conv2,523,2.658989154091857,0.051192050344860095
conv2,524,2.699838584043162,0.04887509645586655
conv2,525,2.691738812782726,0.050589603490134964
conv2,526,2.698823223730413,0.049028515969629864
conv2,527,2.7268843626352477,0.05054328196249176
conv2,528,2.70780659665027,0.047983945955349244
conv2,529,2.68369756591435,0.05016817587525912
conv2,530,2.6876341670812782,0.047307780157542285
conv2,531,2.6698118554280525,0.049372920190911856
conv2,532,2.6237388897339415,0.047156130673636464
conv2,533,2.5631335156305903,0.04872197687820949
conv2,534,2.5496066448826546,0.046650678082881335
conv2,535,2.5553445773258754,0.04891527410979372
conv2,536,2.5481132762433023,0.04588735302720287
conv2,537,2.5449460106322785,0.04823399813052857
conv2,538,2.5700405179083337,0.04719462436206259
conv2,539,2.5964009014652336,0.048837870348336955
conv2,540,2.5675823697925626,0.04654531677135939
conv2,541,2.5879433946054546,0.048804864487391644
conv2,542,2.5119018967424926,0.04468680037133607
conv2,543,2.4581742610147193,0.04815089768824831
conv2,544,2.535062411147492,0.04607286979552699
conv2,545,2.577483457768968,0.048028015073363614
conv2,546,2.578117131495588,0.046334570141173176
conv2,547,2.544220179971233,0.04817983423593273
conv2,548,2.5529660427970944,0.04649389305589881
conv2,549,2.5867343501993423,0.047978934328715736
conv2,550,2.5820675737397587,0.04617324807651389
conv2,551,2.5655176429720767,0.047446351837697485
conv2,552,2.5097416116364544,0.0448434745979505
conv2,553,2.479441785882983,0.04676060009513712
conv2,554,2.5045326390467597,0.04565324617477247
conv2,555,2.522183384324897,0.04679742121712567
conv2,556,2.5161191538633707,0.045524990433561646
conv2,557,2.499758194094241,0.0460132767329807
conv2,558,2.4849456382229156,0.04496212547837201
conv2,559,2.4668882894172484,0.04585520636603085
conv2,560,2.445057991221234,0.044067174081967045
conv2,561,2.4554185643977564,0.0463755115683499
conv2,562,2.451189267519888,0.04388263454746079
conv2,563,2.404410912851794,0.04517208566028694
conv2,564,2.4322495560887134,0.044290172153237904
conv2,565,2.462876353434081,0.04556301989408768
conv2,566,2.4196150332286206,0.04341253342205196
conv2,567,2.3933179157648703,0.044904216843352045
conv2,568,2.3751848698845794,0.0431443711066835
conv2,569,2.4588935452016765,0.04599803929528485
conv2,570,2.489606228967729,0.0437637714905338
conv2,571,2.514503360092195,0.04654334706690389
conv2,572,2.5585274370540705,0.04412881994526462
conv2,573,2.504368731867298,0.04510478947806081
conv2,574,2.455651973027927,0.043093985913372046
conv2,575,2.462273390299247,0.04443947862891499
conv2,576,2.4299452411485833,0.042427716534143116
conv2,577,2.427879645739255,0.04415660061320641
conv2,578,2.439634774007409,0.04257445384236427
conv2,579,2.4544871289753325,0.04482894581108468
conv2,580,2.405299178039578,0.04164042456237769
conv2,581,2.371737757168613,0.04378898964888942
conv2,582,2.411965083930317,0.0420562815020309
conv2,583,2.412744202408252,0.04374216633950815
conv2,584,2.3683482312082154,0.04079246651065196
conv2,585,2.388194799744093,0.04392520198966403
conv2,586,2.4117660853206706,0.04119627572626479
conv2,587,2.4068146166787137,0.04349889165706924
conv2,588,2.3851860872530466,0.04003710782894041
conv2,589,2.393268593328887,0.04294727414493239
conv2,590,2.369837898160486,0.039578465417805984
conv2,591,2.3567426613436164,0.04244535565088993
conv2,592,2.3886900763456427,0.039934064563124066
conv2,593,2.4135974363279558,0.04301977483698422
conv2,594,2.4121655055556657,0.03933473174585524
conv2,595,2.403541977407615,0.04243990137779013
conv2,596,2.3695164645591955,0.03829974624794361
conv2,597,2.3632410993295623,0.04212734568600449
conv2,598,2.3414330693020746,0.03768281180023948
conv2,599,2.3372033769113845,0.041662609944946485
conv2,600,2.3360103211771333,0.037373930395726264
conv2,601,2.3125729109852045,0.040915190043195875
conv2,602,2.3235681588999153,0.03756333440236784
conv2,603,2.2950476008638065,0.04020295732378263
conv2,604,2.2683727367488076,0.03694737975438494
conv2,605,2.294801217808669,0.04032439575446881
conv2,606,2.296625956325289,0.03655416208291069
conv2,607,2.2941605963675653,0.04032747057033901
conv2,608,2.2780910990669945,0.036104670875622365
conv2,609,2.2620384755766283,0.03975545721244656
conv2,610,2.257416650286155,0.03579357575007646
conv2,611,2.288064640104658,0.04059081939804733
conv2,612,2.282750637472497,0.03561014306585625
conv2,613,2.270843951048603,0.04040657973551944
conv2,614,2.245392768706522,0.034846833571017796
conv2,615,2.24344921009902,0.040035416758147924
conv2,616,2.230360792555192,0.03445753296814039
conv2,617,2.2365050797602857,0.03991426772579391
conv2,618,2.2347169025719733,0.03435914473354075
conv2,619,2.205644529396474,0.039110641831646115
conv2,620,2.2202769075488735,0.03472668857819621
conv2,621,2.219408670295404,0.038834766423321114
conv2,622,2.2093968296788615,0.03425005886681585
conv2,623,2.1861927935786074,0.03803337875557711
conv2,624,2.1342837355888147,0.0331946309158655
conv2,625,2.1082447757512544,0.037364118220510036
conv2,626,2.1017815767647647,0.03277198021687166
conv2,627,2.0901183681429307,0.03691161796161258
conv2,628,2.1063630723886764,0.03314603389559508
conv2,629,2.1313779801084536,0.03732213066319669
conv2,630,2.108414398939612,0.032396155991816285
conv2,631,2.1167358221672123,0.03747631103920873
conv2,632,2.075889201492143,0.03144063247490419
conv2,633,2.0391497797745965,0.0366373861675593
conv2,634,2.0405976914749013,0.03138085523725563
conv2,635,2.0287942773594665,0.03635389794734433
conv2,636,1.9923263032947385,0.03038925903062386
conv2,637,1.977459003173097,0.035866458092745516
conv2,638,1.9774406237345432,0.030032657267034545
conv2,639,1.9579518381972267,0.03533732386802978
conv2,640,1.9539652504140619,0.029866368521505877
conv2,641,1.9464142199450825,0.03473482957106045
conv2,642,1.9496515445079265,0.0298249045435195
conv2,643,1.9148230903799224,0.03374445707392254
conv2,644,1.9025590568812718,0.029245385334477663
conv2,645,1.9111848939981908,0.03376091203257974
conv2,646,1.929411764038236,0.029522773835054247
conv2,647,1.959739901324446,0.034289494140309316
conv2,648,1.951275156289094,0.029109521350596097
conv2,649,1.921164440303216,0.03366831761398544
conv2,650,1.9328959727231108,0.02949586125343356
conv2,651,1.9002900090046613,0.03290428387519535
conv2,652,1.8835099248593234,0.029302923328035697
conv2,653,1.8933842914604375,0.03316499864670413
conv2,654,1.8922608705796196,0.029163591809052865
conv2,655,1.902326282433862,0.03352402182697541
conv2,656,1.88199419227166,0.02854510113298012
conv2,657,1.8907081381019966,0.03350978263550882
conv2,658,1.8885600153650481,0.02850570925618976
conv2,659,1.8575756737059355,0.032784898177761215
conv2,660,1.8670559966006028,0.028682817043976894
conv2,661,1.8538750569688727,0.03236476983621944
conv2,662,1.8461659813559441,0.028033803189852286
conv2,663,1.8108471422107972,0.03164403621301602
conv2,664,1.7912133252877478,0.027606851898110293
conv2,665,1.8108050444706185,0.03195160907721103
conv2,666,1.7989004128471153,0.02719113251456857
conv2,667,1.7671188503924207,0.030893341749700744
conv2,668,1.7630141221609572,0.02700369067672336
conv2,669,1.7217484003785166,0.029698055223854273
conv2,670,1.738047272102314,0.027026342333598043
conv2,671,1.73397569851599,0.029731447778902183
conv2,672,1.71416380230613,0.027083130035739797
conv2,673,1.713939078275085,0.030011697596948564
conv2,674,1.7169471348878378,0.02667509556987762
conv2,675,1.7061088051206788,0.029849127156184003
conv2,676,1.699814081438031,0.02651560502742568
conv2,677,1.6630349228449655,0.02900412656496811
conv2,678,1.6420215508082947,0.02600223138806683
conv2,679,1.6326663158111816,0.028776527376463745
conv2,680,1.6218562034479114,0.025888928951663646
conv2,681,1.625336991763381,0.028797753959997178
conv2,682,1.6265561419984116,0.025861867037320223
conv2,683,1.614416073403866,0.028229660616442245
conv2,684,1.607595920331615,0.025570087665400518
conv2,685,1.5920105174797576,0.028102633822320863
conv2,686,1.5828000550601773,0.02525320910738795
conv2,687,1.597442964744515,0.028217772220088005
conv2,688,1.593871341030203,0.02496737605521949
conv2,689,1.575404661233332,0.027688278417637418
conv2,690,1.5493285335963725,0.02419737222046719
conv2,691,1.5431524655730793,0.02747769878859463
conv2,692,1.5586413047139343,0.02423813743127728
conv2,693,1.5841769586020324,0.027979624139878288
conv2,694,1.5665753116461612,0.02393647059712123
conv2,695,1.556862616852638,0.027767483975735512
conv2,696,1.5470097554754336,0.023439478683871206
conv2,697,1.5308173319220417,0.027118750445670383
conv2,698,1.532759605347351,0.023138065049661795
conv2,699,1.5074739842782807,0.026439314744237236
conv2,700,1.5083336958857982,0.02287756745062429
conv2,701,1.475888008457977,0.025632338975544993
conv2,702,1.4633861144330047,0.022775855435892105
conv2,703,1.4520100670070748,0.025342161423423357
conv2,704,1.4486722580388645,0.02236828819260102
conv2,705,1.4468530508227757,0.025268846291273142
conv2,706,1.4541257486650503,0.022531699290136892
conv2,707,1.4534121441029395,0.025327332333175214
conv2,708,1.4050258183812538,0.021518815798827206
conv2,709,1.3914831441764253,0.025025167216546473
conv2,710,1.3904205638225662,0.021229522651036985
conv2,711,1.3538118189789519,0.023898409728297904
conv2,712,1.3240170315974122,0.020626094095824905
conv2,713,1.3284851501653494,0.0238089031042434
conv2,714,1.3326437445839956,0.020549422054137234
conv2,715,1.3211259967240616,0.023399079943518412
conv2,716,1.3029715761754541,0.020042398225239833
conv2,717,1.2851130211455921,0.02282306241078589
conv2,718,1.2928169208042526,0.020046602495796224
conv2,719,1.2745203510892258,0.022195047484546346
conv2,720,1.268548955169326,0.01986372935078516
conv2,721,1.2531009527699253,0.02172783939432071
conv2,722,1.2468504644096943,0.019624254361009952
conv2,723,1.2482670680306973,0.021651652257732436
conv2,724,1.2349591642920683,0.019257021147087272
conv2,725,1.2276876987338206,0.021177885304484487
conv2,726,1.2412626088006213,0.019274936050678593
conv2,727,1.2303990922524357,0.02092014929654031
conv2,728,1.214079462515218,0.018674386879881415
conv2,729,1.2130241650116678,0.02082615820362024
conv2,730,1.1966654658747118,0.018325993546837567
conv2,731,1.1860556071881956,0.020435778228692223
conv2,732,1.1770378037639802,0.01799198323361842
conv2,733,1.1636905683436203,0.020030051220141936
conv2,734,1.1669307624428518,0.017861250806154604
conv2,735,1.1541548494119134,0.019634062052753
conv2,736,1.1419488380818712,0.01751603557699675
conv2,737,1.1327511033490765,0.019476177901594078
conv2,738,1.1408146018610108,0.017507419660363652
conv2,739,1.1248190225605232,0.018962210466131106
conv2,740,1.1259679512148504,0.017481048760299753
conv2,741,1.1368323343952955,0.01914562096676527
conv2,742,1.12612335187572,0.017435760513508976
conv2,743,1.116685551321562,0.018944568080836183
conv2,744,1.095198115936675,0.016868640975961868
conv2,745,1.0820465125435836,0.01844259074297497
conv2,746,1.0912562756689466,0.016797643016530986
conv2,747,1.0858265950510302,0.018300471214907015
conv2,748,1.0799595773175794,0.01661013591198434
conv2,749,1.0852022019809267,0.01826256283177261
conv2,750,1.0725435854720442,0.016105320885414488
conv2,751,1.0690782804930523,0.018168918792392633
conv2,752,1.0564181582552408,0.015916420987684678
conv2,753,1.04087907729754,0.017755983993766773
conv2,754,1.0379399546190156,0.015609434574806009
conv2,755,1.0142639638117075,0.017108048599825877
conv2,756,1.0076497818056123,0.015458534337290627
conv2,757,0.988547775225306,0.01661576657687315
conv2,758,0.9916286740807042,0.015219085265066164
conv2,759,0.9934409657506599,0.01648770192173232
conv2,760,0.9884836759617777,0.015122943264452633
conv2,761,0.9888112676145283,0.0164075450850293
conv2,762,0.9779402163075951,0.01467672830874446
conv2,763,0.9598281386468709,0.015951342855881546
conv2,764,0.9407298702868625,0.014155888098460098
conv2,765,0.9319243782712028,0.01572786293776817
conv2,766,0.9264586487094374,0.014049465738590726
conv2,767,0.9178216845742637,0.015455694041132473
conv2,768,0.9042374549399039,0.013609795055263755
conv2,769,0.8800918642189405,0.014890910957525717
conv2,770,0.886830445384208,0.013678230966671057
conv2,771,0.8793074261877177,0.014667447572421576
conv2,772,0.8655826468196622,0.01337173595172765
conv2,773,0.8515248299576055,0.014305379756460342
conv2,774,0.8599775612838779,0.013313419842538891
conv2,775,0.8427211208405136,0.013937798947578515
conv2,776,0.8377618672745092,0.013200554765985044
conv2,777,0.8411397568903805,0.013904292633594424
conv2,778,0.8382631140326969,0.013004250518888597
conv2,779,0.8319234014157116,0.013657601123263736
conv2,780,0.8160433170649007,0.01253077095060792
conv2,781,0.8146658896782017,0.013536722223952658
conv2,782,0.815094230070529,0.012433418981108103
conv2,783,0.813128793519671,0.01340681581678
conv2,784,0.8148399694487855,0.012344268763833462
conv2,785,0.8100168498021754,0.013226926106114123
conv2,786,0.8059392406003091,0.012200291533787214
conv2,787,0.7945910564250136,0.012949087969645246
conv2,788,0.7864531508649731,0.01197516389495551
conv2,789,0.7792236470113735,0.012676861629012959
conv2,790,0.7695301796403878,0.011664454603693477
conv2,791,0.7645388704506265,0.012461412903602333
conv2,792,0.7636669756493233,0.011572518756724057
conv2,793,0.7561395878241375,0.012268046651584636
conv2,794,0.7413271076349764,0.011114898246273574
conv2,795,0.7390545323873635,0.012143279015578316
conv2,796,0.7387632810614274,0.010946265592072263
conv2,797,0.7287467263627111,0.01190439928281935
conv2,798,0.7208861622864422,0.01075317891261283
conv2,799,0.7099654127421958,0.011669235476716423
conv2,800,0.6991602772596806,0.010443622258843826
conv2,801,0.6916755240213306,0.011401731770679149
conv2,802,0.6885519827712621,0.01033044843441946
conv2,803,0.689238548004064,0.011405400405055562
conv2,804,0.6819464320123867,0.010132684191515763
conv2,805,0.6775996210886529,0.01122824633732628
conv2,806,0.664493297286509,0.009730136806389879
conv2,807,0.6526843267383305,0.010888946481868852
conv2,808,0.6630388550913255,0.009839680944801867
conv2,809,0.6599879027735154,0.01077438692270994
conv2,810,0.6506929262639428,0.009604716928315271
conv2,811,0.6377480760772687,0.010398518301473498
conv2,812,0.6346647163518293,0.009448463844332814
conv2,813,0.6245298508170704,0.010088060723413006
conv2,814,0.6156152375478491,0.009179025992650913
conv2,815,0.608690262589282,0.009847159028916516
conv2,816,0.6131682645870266,0.009184869148743793
conv2,817,0.6024116664562605,0.009548372658372448
conv2,818,0.597924976537061,0.009053734871749044
conv2,819,0.5969857861781928,0.009465177781414667
conv2,820,0.5948227442536743,0.008929049201545202
conv2,821,0.5880780684779692,0.009256079076692751
conv2,822,0.5794624629372127,0.008591199626240024
conv2,823,0.5825044784204008,0.009263649392982022
conv2,824,0.5772881133331291,0.008450859239106497
conv2,825,0.5748448641872765,0.009131406161145024
conv2,826,0.5703830658806266,0.00827170539518
conv2,827,0.5684402293512602,0.009060465529501837
conv2,828,0.5632469620451184,0.008137540223974345
conv2,829,0.5518009999132862,0.008767102392474906
conv2,830,0.5447548206442957,0.007930290113646201
conv2,831,0.5383324681541909,0.00860475194749219
conv2,832,0.5312023042057277,0.007749393665929338
conv2,833,0.5334384427838599,0.008663408630694588
conv2,834,0.5290079764054817,0.00756837588308599
conv2,835,0.5240926293180032,0.008450130008450752
conv2,836,0.5177770618603647,0.007414773811303477
conv2,837,0.5099451464286882,0.008211815900793056
conv2,838,0.5073445016465894,0.00727347773078653
conv2,839,0.5052775882264688,0.008123138342267421
conv2,840,0.4986331518467808,0.00708374343516477
conv2,841,0.4933731732801958,0.007953787877076445
conv2,842,0.4956119191164196,0.0070688172196888424
conv2,843,0.48793748636676115,0.007764333089067534
conv2,844,0.4796755732459027,0.006879078454511567
conv2,845,0.475329752420477,0.007626811217218818
conv2,846,0.46931002841257013,0.006697054471481493
conv2,847,0.4654049758972378,0.0075143595900726105
conv2,848,0.4651409174974487,0.006642755614361374
conv2,849,0.45997716082096507,0.007318209487015701
conv2,850,0.4550119699501095,0.006487010275847346
conv2,851,0.44751291489159883,0.007110618213858549
conv2,852,0.4446174514812601,0.00638351099098073
conv2,853,0.43939985353276284,0.006975239168819418
conv2,854,0.4364412678602035,0.00627751967194199
conv2,855,0.4286156300301478,0.006773893077865942
conv2,856,0.42065536368812473,0.006028677357484305
conv2,857,0.4137023571229958,0.006584837148352834
conv2,858,0.4055959534898183,0.005770030231567592
conv2,859,0.403026061981115,0.006454963592702762
conv2,860,0.4038483142023804,0.0057393884634266
conv2,861,0.4006722643285098,0.006356584986178964
conv2,862,0.40030914383644933,0.005668309091559448
conv2,863,0.39730075298018586,0.0062452189118628095
conv2,864,0.39190920568181153,0.005514360795860226
conv2,865,0.3856945061285865,0.00606928959458319
conv2,866,0.38504330537284315,0.0054794657296114
conv2,867,0.3786703191989817,0.005892006948528356
conv2,868,0.37641465375479577,0.00540036522419161
conv2,869,0.37322105713545334,0.005779821389651088
conv2,870,0.36612392838121477,0.005211223686237741
conv2,871,0.36559725544266486,0.005733884402846126
conv2,872,0.3641562948809959,0.005148884660943149
conv2,873,0.3608912924781569,0.00562049527300322
conv2,874,0.3569425611656873,0.005006550020226183
conv2,875,0.35446559624401996,0.005562936555221386
conv2,876,0.3498810650489665,0.004849937693305884
conv2,877,0.347064550391954,0.005489265155624593
conv2,878,0.34599632172270683,0.004768757813710755
conv2,879,0.34236193262472836,0.005378285977705844
conv2,880,0.337654691050217,0.004643517645327319
conv2,881,0.3365004725983067,0.005307399061694929
conv2,882,0.33484339887411624,0.0045936549411993745
conv2,883,0.3317150585600735,0.005234230508017813
conv2,884,0.32812157905782674,0.004489406478352234
conv2,885,0.32286620843865227,0.0051199914685908406
conv2,886,0.3189668924494001,0.004365709015681603
conv2,887,0.3148133523283331,0.005001718687117157
conv2,888,0.31046051425004617,0.004223714479996783
conv2,889,0.30680758081812615,0.0048890962596285685
conv2,890,0.30185910485174017,0.00411146761216095
conv2,891,0.29896661202117963,0.004794028304292493
conv2,892,0.29768680670074316,0.004064228948079216
conv2,893,0.2948937073193916,0.004731657449894466
conv2,894,0.2906775796997663,0.003957634246805064
conv2,895,0.28692993265064515,0.004620819313191909
conv2,896,0.2859356822626227,0.003896400357306975
conv2,897,0.2812626039746079,0.004499933869365528
conv2,898,0.27710076070311696,0.0037726914113843054
conv2,899,0.274061060007895,0.004400105806168368
conv2,900,0.2723853046476013,0.0036995123611452845
conv2,901,0.269210205017207,0.0043037889501886094
conv2,902,0.26782680985899127,0.003653087570539497
conv2,903,0.2642988755471873,0.004199909798938929
conv2,904,0.25973713565943923,0.003528905537507202
conv2,905,0.25556171096104835,0.004085421270885976
conv2,906,0.25713350038092125,0.0035366046947970546
conv2,907,0.25579477295737835,0.0040323299264876655
conv2,908,0.24947185365609462,0.0033859213699747215
conv2,909,0.2478814156964772,0.003986046014976342
conv2,910,0.2453349745719382,0.0033106234412161287
conv2,911,0.2404680314429354,0.0038655868055955675
conv2,912,0.23926418031746102,0.003262848344387951
conv2,913,0.23804299900271245,0.0038324900074770776
conv2,914,0.23530540099821232,0.003191934812484557
conv2,915,0.23426389316695334,0.00379408865429155
conv2,916,0.23429857421617256,0.003164930543367803
conv2,917,0.230810084272141,0.003692632831892195
conv2,918,0.22855479221554562,0.003094267176197366
conv2,919,0.22644873429970022,0.003643834083611686
conv2,920,0.22414322367236164,0.003013423343754044
conv2,921,0.22189601601276315,0.0035810108728609913
conv2,922,0.21984777613306386,0.00294592749548365
conv2,923,0.21763791710272376,0.0035172630379908428
conv2,924,0.21743282599638,0.00294122572136291
conv2,925,0.21513023025649647,0.0034508877485164295
conv2,926,0.21435999054556976,0.0028910201731906227
conv2,927,0.2125230405195171,0.0033931271353645717
conv2,928,0.2104455151079787,0.0028223505953061975
conv2,929,0.20700862315009236,0.0032886688810801236
conv2,930,0.20542315712042933,0.0027756190763052395
conv2,931,0.20260587400723518,0.003200393222053106
conv2,932,0.20033034873967598,0.0027289779743252533
conv2,933,0.196598323446956,0.003092289346285226
conv2,934,0.19353863591625836,0.002628597850302351
conv2,935,0.18988738581746617,0.0030041582162403306
conv2,936,0.1890880876511275,0.002594855068808968
conv2,937,0.1871198973806799,0.002962884154804082
conv2,938,0.1837326622153477,0.0025007110643001816
conv2,939,0.1816036696377715,0.0028961691594999598
conv2,940,0.17968461537290747,0.002458457934236657
conv2,941,0.17746883044153897,0.0028279468104041696
conv2,942,0.17519677756736576,0.0023895571901211598
conv2,943,0.17293112723447843,0.0027593832372036693
conv2,944,0.17194219160237345,0.0023430016472323623
conv2,945,0.17083448590164238,0.002719867611383038
conv2,946,0.16972164906234558,0.002316855773901503
conv2,947,0.1690081075041203,0.002691098998783304
conv2,948,0.1682433026744372,0.0022912646110929153
conv2,949,0.16570844041142155,0.0026255483972434453
conv2,950,0.16220604999326893,0.0022051489470285377
conv2,951,0.160395831196554,0.002571564718065845
conv2,952,0.15898057832798368,0.0021449075121241154
conv2,953,0.15698535205090036,0.0025152612271640232
conv2,954,0.15512615201506752,0.0020926721840251127
conv2,955,0.1537697843039047,0.002468967840107145
conv2,956,0.1520584913249943,0.002037400753450306
conv2,957,0.15059437794030764,0.0024263449151327044
conv2,958,0.14848520502093623,0.001985474721333739
conv2,959,0.14583270587033229,0.0023515140324749007
conv2,960,0.145298031435209,0.0019470947379141021
conv2,961,0.14419375393676176,0.0023199829808769746
conv2,962,0.14303885789365403,0.0018953953349990058
conv2,963,0.14121852832195525,0.0022631806435618636
conv2,964,0.13831000381774922,0.0018339619900648674
conv2,965,0.13518458684822687,0.0021871177432370706
conv2,966,0.13385907159883503,0.0017976152068708486
conv2,967,0.13190403348202384,0.00213387916238778
conv2,968,0.13081065285543234,0.0017545620734071795
conv2,969,0.12809243974445184,0.0020578036725619597
conv2,970,0.12666735316821812,0.001713784155216846
conv2,971,0.12457099176781178,0.0019969239214637563
conv2,972,0.12359304896136591,0.0016743147073770344
conv2,973,0.1218186896609095,0.0019428847447397455
conv2,974,0.12149227791860212,0.0016519467518254223
conv2,975,0.11901806711936815,0.0018821360233775499
conv2,976,0.11795472174335525,0.0016098338303512155
conv2,977,0.11626062513506778,0.0018246859823728145
conv2,978,0.11472184758139652,0.0015767821241873317
conv2,979,0.11348643104623804,0.0017819703245034397
conv2,980,0.11291730925030188,0.0015543388238801878
conv2,981,0.11131823658511235,0.0017332626880209182
conv2,982,0.11054453423197387,0.001519018896369549
conv2,983,0.10942750179900652,0.0016959743294881115
conv2,984,0.1079797222181355,0.001478957962278618
conv2,985,0.10673707610009514,0.0016615497932533118
conv2,986,0.10556289758482476,0.0014358985282871474
conv2,987,0.1045086146652416,0.0016277107924115998
conv2,988,0.10310634382333653,0.0013973813165939451
conv2,989,0.10183217170982145,0.001587919986988831
head,0,1.7373467366984776,0.2122279503533862
head,1,1.5479272237862607,0.17940259382674328
head,2,1.3148113568393585,0.15251040250427558
head,3,1.1123283636721486,0.13026715174758646
head,4,0.9282004145314648,0.11216019652573905
head,5,0.7410144508289431,0.09772885621575705
head,6,0.6065787901618226,0.08587220669702121
head,7,0.49591395039147346,0.07611653961484792
head,8,0.40755028834227136,0.06791610405978647
head,9,0.3345288174693134,0.060893010934369815
head,10,0.2972663486821433,0.054647091103123796
head,11,0.26587240214597385,0.049153981293995314
head,12,0.23667867537443366,0.044257464784333976
head,13,0.2020381047438335,0.04001475543929828
head,14,0.1788568092737174,0.03626887333682543
head,15,0.16177714292811624,0.03288999982893906
head,16,0.15274267246845147,0.029803461004613428
head,17,0.14054765394641083,0.027017235090868556
head,18,0.12595107123111263,0.024460239757099548
head,19,0.11642691625415459,0.022124948944291158
head,20,0.10477188341202923,0.020010955713032283
head,21,0.0948247818848328,0.018069605284048076
head,22,0.08810483236076014,0.016269949388783025
head,23,0.08403218692614794,0.01456601214659501
head,24,0.07582235661712074,0.013019523935815628
head,25,0.07139786871084657,0.011568182013422613
head,26,0.06504764547120226,0.010275177035413422
head,27,0.057668030598322935,0.009130725483430585
head,28,0.05070534581624969,0.008115488916905937
head,29,0.04651493467775696,0.007190561871934282
head,30,0.04295361111573276,0.0063438830843940515
head,31,0.03793865000388735,0.005583003879898681
head,32,0.031173209251590697,0.005034407160019387
head,33,0.02827520811449991,0.004503159358558401
head,34,0.02215853802154376,0.004167377998937803
head,35,0.018812250281774787,0.004111064394764486
head,36,0.021607075648589213,0.003973679098117349
head,37,0.020068648379461568,0.004278556256900646
head,38,0.020273645611028127,0.004053047004266109
head,39,0.021042463160624157,0.004299285740599304
head,40,0.02098508035601771,0.004068974956250265
head,41,0.02381726767290795,0.004455810613640392
head,42,0.024038834802131773,0.004106187959622656
head,43,0.023913064892236685,0.004349273615688131
head,44,0.027904577280850065,0.004154738815542323
head,45,0.029389720582495296,0.004226558020537324
head,46,0.029105407919837442,0.0043586821598162115
head,47,0.03028773157570219,0.0043633103629866655
head,48,0.030750193028779137,0.004219027818976377
head,49,0.028671502397178406,0.004409549272734558
head,50,0.0299583568151423,0.004337150003300003
head,51,0.030320047485930604,0.004384301326655179
head,52,0.031962717023707066,0.004448153621046451
head,53,0.029815206023379004,0.004344102411639117
head,54,0.03071228832734669,0.004562928671215327
head,55,0.030248425484687577,0.004325968669588733
head,56,0.03120553277272553,0.00464172871120381
head,57,0.031162684936846072,0.004337512542495228
head,58,0.030186880655593742,0.0045063743871350415
head,59,0.029194100355093778,0.004420806747847208
head,60,0.029433473566333933,0.004584449255538643
head,61,0.028874014747764003,0.004610369182423834
head,62,0.02892419441924451,0.004596885271762174
head,63,0.03101506398712311,0.004609928547926119
head,64,0.031619419572208006,0.004730723430861997
head,65,0.032310043693176284,0.004528092678646328
head,66,0.03214575971586185,0.00476338005922789
head,67,0.03188211302427672,0.004566118108135607
head,68,0.03247829105505879,0.004814476024884181
head,69,0.03295232230408386,0.004667403044664318
head,70,0.03382256108966026,0.0049028003785100025
head,71,0.03368536530590184,0.004631567913557028
head,72,0.03410667872293122,0.004938631386535312
head,73,0.03327797117898341,0.004655141198757321
head,74,0.03377518996643379,0.0050065066204945975
head,75,0.03324295106977327,0.0046474787011770696
head,76,0.03451004210121019,0.005026335748415274
head,77,0.034087946645514726,0.004703320339424943
head,78,0.03443631913071008,0.005085345112459335
head,79,0.034297931270636677,0.004741127510227415
head,80,0.034450114844560294,0.005244208483146589
head,81,0.03355533965502892,0.004774424036441885
head,82,0.03438957209475914,0.005219753555260839
head,83,0.03517658766345248,0.004904543479671028
head,84,0.0335941409160369,0.005293973202082699
head,85,0.03436774198734716,0.004928930125734096
head,86,0.03349869442567291,0.0054548333476497676
head,87,0.03562457938584574,0.0050860091097828415
head,88,0.036669434667249125,0.005307411788733317
head,89,0.037618487197396085,0.0052441771139413226
head,90,0.0399227067584107,0.005471875301495583
head,91,0.0395998460428716,0.005259719480941206
head,92,0.03705190588566242,0.005400033435325177
head,93,0.03868890011996309,0.005240612621146083
head,94,0.03936753426046189,0.005497214322724431
head,95,0.03910182754270392,0.005254673365472874
head,96,0.039734288561657484,0.005594319897732236
head,97,0.039803706822037176,0.005304944849361819
head,98,0.039978555197008984,0.0056935925805151315
head,99,0.0400088120084736,0.005368406337597877
head,100,0.04085479583224061,0.005659426679310359
head,101,0.039755435791225924,0.005398652383477535
head,102,0.038830063818481544,0.005788799358165431
head,103,0.03930436979652788,0.005432051264317371
head,104,0.041172130245820344,0.005805995231200954
head,105,0.04044956140631104,0.005478137161381703
head,106,0.04093739489199507,0.005785208191620267
head,107,0.03982912615033897,0.005480041870156597
head,108,0.04045141228336224,0.0058982019479802885
head,109,0.040508803248520756,0.0055122523368392245
head,110,0.041043766456147227,0.005872644117933494
head,111,0.041244410738702685,0.005578760121891364
head,112,0.04114578884713357,0.005989142384085704
head,113,0.04105758930295057,0.005611567684704994
head,114,0.04145628322823679,0.005959711043789056
head,115,0.04164285125763162,0.005655494076858027
head,116,0.04194927120240208,0.005958375371066532
head,117,0.04212207184531514,0.005719292962357237
head,118,0.04192056677025045,0.005872120514953713
head,119,0.04259238136620255,0.005854571921822639
head,120,0.04246552276790135,0.0059457982185186315
head,121,0.04316588601111958,0.005834573632029901
head,122,0.042954903279698725,0.005999081080472511
head,123,0.04314763298983216,0.0058051420191821855
head,124,0.042059216914145,0.006041466352578944
head,125,0.042453209852943326,0.005790024429774023
head,126,0.04271366995572775,0.006104115233255677
head,127,0.04298081270955188,0.005871198131659548
head,128,0.043636482590739385,0.006149345737722686
head,129,0.04364962884390353,0.005897847490897484
head,130,0.04380261873756303,0.006166121007939209
head,131,0.043347710519168914,0.005976947008925232
head,132,0.04401520311991166,0.0062908084866736165
head,133,0.04350680881596774,0.006006357289121624
head,134,0.04437559822638757,0.006330283460045788
head,135,0.04540827153143,0.006081124173180437
head,136,0.04468821991875506,0.006280613437314956
head,137,0.04532178273526463,0.006193979434613917
head,138,0.043932365149555286,0.006223964156109719
head,139,0.044608142952665,0.006347491309112886
head,140,0.04709686780389191,0.0064033535330218485
head,141,0.04641465928779878,0.00623817233126088
head,142,0.04585608182251679,0.0064043827520341955
head,143,0.04684138494651737,0.006324073160519564
head,144,0.047324916207001175,0.006442872321179599
head,145,0.04758371012503849,0.006357150886120686
head,146,0.047747019411791415,0.006449610153013974
head,147,0.04667399959349094,0.006507799133780166
head,148,0.051045450349266774,0.006596981444949135
head,149,0.050085506077842866,0.006412816794457235
head,150,0.050719363048256784,0.006629274295852889
head,151,0.05121802460856585,0.006473236166075833
head,152,0.052053118206524356,0.0066743071143361135
head,153,0.05242082304190726,0.006514144914860532
head,154,0.055141681762388255,0.006787002412700608
head,155,0.05495662194355476,0.006440719515349193
head,156,0.055147356157122705,0.006774450415184562
head,157,0.054388989813450445,0.006467014667379043
head,158,0.054900473600909834,0.00679260491871858
head,159,0.05575120885276216,0.006494554831618335
head,160,0.055378961744586744,0.006793615215951181
head,161,0.055499899126487395,0.0065446973233539985
head,162,0.05755717156450495,0.0068943509909151985
head,163,0.05704995349905825,0.006556217045555665
head,164,0.057579131409498066,0.006981707767755153
head,165,0.057882087187623006,0.006621816597562354
head,166,0.05945261810038693,0.0070343223593782684
head,167,0.05967336439565592,0.006646517930072337
head,168,0.05918081756416178,0.0070342647644628204
head,169,0.058855461734083035,0.006713485053490283
head,170,0.061700525689290936,0.007119921107947739
head,171,0.061172025762401695,0.006766796024876578
head,172,0.06223902543157378,0.0071377417024941665
head,173,0.060402869487686583,0.006846233864312974
head,174,0.06194826760041462,0.00722547615297783
head,175,0.0609082319480569,0.006898488182085025
head,176,0.06198481873168884,0.007319194098703037
head,177,0.06123529515012809,0.006930427408182235
head,178,0.06409214108706332,0.007423417402936323
head,179,0.06392311810566319,0.006971210123854827
head,180,0.06518732011866787,0.007449165352929273
head,181,0.06424356453475659,0.007061664552620417
head,182,0.06480081050638849,0.0074930907526641576
head,183,0.06606111323422674,0.007078222872142072
head,184,0.06768132694803126,0.007572670542688398
head,185,0.06624673148827867,0.007084846794108711
head,186,0.06689239809218397,0.0075994173079056565
head,187,0.06631906842273828,0.007178239493676256
head,188,0.06805844010414328,0.007627002815224983
head,189,0.06579910430828537,0.007238895817630734
head,190,0.06866844486400253,0.007767445748245594
head,191,0.06620085208911562,0.007255752319168304
head,192,0.06685633248374269,0.007825279694863463
head,193,0.06367703476603596,0.0072829840836978466
head,194,0.06393565043849146,0.007891808983125094
head,195,0.06528145592619462,0.007296726509158265
head,196,0.07111353269744035,0.007949783775438791
head,197,0.07281845863064115,0.007431849342679639
head,198,0.07632590037763634,0.007961780594208287
head,199,0.07429947533817886,0.007516770726793857
head,200,0.07691994338763772,0.008048229784189623
head,201,0.07582224310376655,0.007552977033805558
head,202,0.07712112220983697,0.008085220867881236
head,203,0.0755754646762082,0.007563471797060398
head,204,0.07606534412739648,0.008107339446784736
head,205,0.0762557470030211,0.007667349126097099
head,206,0.07408624074294773,0.008030815702556662
head,207,0.07337999058620143,0.007735832343313348
head,208,0.0747612168296872,0.00809402024651217
head,209,0.0717872083323637,0.00784580574533893
head,210,0.07003766058133892,0.008100236691291606
head,211,0.06902113223525186,0.007862304030205316
head,212,0.0741012185391205,0.008248050533629064
head,213,0.07323479220963208,0.00787562515991275
head,214,0.07653061675965007,0.008322590240347628
head,215,0.0754281098254238,0.007868536498471985
head,216,0.08132675574278833,0.008433088518708075
head,217,0.07960424768308824,0.007946368151568357
head,218,0.08017126702672348,0.008413121151746028
head,219,0.07922047366902317,0.007966005939477806
head,220,0.08299340286329553,0.008503254457004127
head,221,0.07967021664518825,0.008087559735800578
head,222,0.08002591124045551,0.008518330166711665
head,223,0.07970454088005842,0.008081896044580227
head,224,0.08714207265881009,0.008742962949105863
head,225,0.08606105156558871,0.008110964906778819
head,226,0.09165401311171896,0.008890180913431895
head,227,0.08771412050989935,0.008250912046317992
head,228,0.09012038360320336,0.00894566120264995
head,229,0.08939598291095995,0.008307164834591567
head,230,0.09139777861987253,0.008997864967553865
head,231,0.08854694424604216,0.008394745632681192
head,232,0.08495729178478716,0.008979199021656649
head,233,0.08073031941779647,0.008439832627285732
head,234,0.08371250786012878,0.009063572311409175
head,235,0.08416767835050169,0.008435920441144776
head,236,0.08418347411437191,0.009089611557375381
head,237,0.08429084532287759,0.00848039243935237
head,238,0.08936440935069188,0.009155895465224892
head,239,0.08754070511921318,0.008546176154774524
head,240,0.09327032362692235,0.009270877925144423
head,241,0.09115125810728915,0.008560048613269367
head,242,0.0984880453373783,0.009458400875020133
head,243,0.0962215664631573,0.008623711251993953
head,244,0.09580051683899461,0.009415741167627383
head,245,0.09317315330228636,0.008705381476364047
head,246,0.09426522514772463,0.00946487014662218
head,247,0.0936228746608846,0.008689318031573329
head,248,0.09790329791521954,0.00959102562855402
head,249,0.09401600319842393,0.008720259072641406
head,250,0.0981089550525823,0.009671763349116867
head,251,0.10160192647357624,0.008739826653564795
head,252,0.09355082683338892,0.009548731416251757
head,253,0.09279151816294745,0.00890967529548329
head,254,0.09456945865639571,0.009571464728531728
head,255,0.09023313981276546,0.008949720642435315
head,256,0.08116108287476022,0.009450225246441504
head,257,0.08725855079320645,0.008891442138320008
head,258,0.09582910168742706,0.009611141909734038
head,259,0.09571646251478619,0.008942128886505068
head,260,0.09502395084782146,0.009609754699335714
head,261,0.0942984022140027,0.008980684240814163
head,262,0.09700150968803893,0.009644087445987456
head,263,0.09760485868218594,0.00899514670728767
head,264,0.10337888797674984,0.009766724323694027
head,265,0.10457685239888037,0.008938933101447907
head,266,0.10398689840155502,0.009782636736925511
head,267,0.10314755856491925,0.008978170489686929
head,268,0.106069501672415,0.009836493077896434
head,269,0.10538864979212571,0.009031270882441165
head,270,0.10736390996940337,0.009876427612992227
head,271,0.10617328930476576,0.009073916801809499
head,272,0.10528751547674133,0.009857339073749666
head,273,0.10444979018818332,0.009115859915671046
head,274,0.1091318627324549,0.00996209790379082
head,275,0.11138907326787241,0.009082483842576974
head,276,0.11478796405801903,0.010039208870257658
head,277,0.11475927720859896,0.009088373731191717
head,278,0.11394106892649697,0.010072098682294538
head,279,0.11595408235998607,0.009096576048457879
head,280,0.11516801819698672,0.010074992917106023
head,281,0.1170876955776722,0.009154700312879176
head,282,0.11574852849726264,0.010068723888186047
head,283,0.11586731598925432,0.009164685234460984
head,284,0.11810559008153276,0.010080874334898769
head,285,0.11510140435092152,0.009201518007856228
head,286,0.11676191101417699,0.010100957868210646
head,287,0.11710162934025717,0.009188164023329443
head,288,0.11975409528763387,0.01019764276109507
head,289,0.12334094958891197,0.009179274862275606
head,290,0.13038381690978815,0.010305338249111482
head,291,0.1282296463322391,0.009188701361777664
head,292,0.1309992321570317,0.010389939812847733
head,293,0.12755728544613193,0.009199322766039528
head,294,0.12901723417056674,0.01041868999134511
head,295,0.12664358217534574,0.009254240087582737
head,296,0.12455973816957401,0.010359476843864167
head,297,0.12051386967088834,0.009368580592693715
head,298,0.119200138896899,0.010329304618945778
head,299,0.12007780322377097,0.009348313250833504
head,300,0.1261152338647057,0.01049693857223081
head,301,0.1286187124331268,0.009314466054454426
head,302,0.1324195289595056,0.010646246009642592
head,303,0.13251594019126636,0.009308358490900956
head,304,0.1321184663559431,0.010652490820676371
head,305,0.1336199523744829,0.009338853656620233
head,306,0.13703714757453178,0.010705480673059079
head,307,0.13233950129802166,0.009403422514652178
head,308,0.13263465762877052,0.010704268162887066
head,309,0.12788463636186573,0.009459139291701887
head,310,0.12995627571816315,0.010752203547907884
head,311,0.12993485607164312,0.009510426828070755
head,312,0.1317949636092582,0.010782242556494773
head,313,0.13364935256374044,0.009553759696105361
head,314,0.1342005293497633,0.010816178894573997
head,315,0.13468868664602937,0.009592093551099955
head,316,0.1339270136719248,0.010849215720200476
head,317,0.13681267118636042,0.009563241603062215
head,318,0.13776384080723938,0.010895842612013176
head,319,0.13918602144470393,0.009583961738385783
head,320,0.13828422203718893,0.010912529927502763
head,321,0.139213951319412,0.009623410034406955
head,322,0.13880780242718124,0.010927489913229258
head,323,0.13860002267736565,0.009668678023030031
head,324,0.13496808726222864,0.010898918457652423
head,325,0.1363994062426551,0.009701528193602961
head,326,0.13740624944377666,0.010944502493206436
head,327,0.14033202173957618,0.00967457059176785
head,328,0.14290816576409116,0.010999398294967119
head,329,0.13883883857118157,0.009743724468541458
head,330,0.1374362839609692,0.011050689521178606
head,331,0.1368584368087174,0.009762414539199286
head,332,0.13436883635659289,0.01103795824103338
head,333,0.13661078321508843,0.00974162015934203
head,334,0.13669855558995078,0.01103144333945305
head,335,0.14416865096364814,0.009701839306514118
head,336,0.146194885842735,0.011077661361217147
head,337,0.14875616537568406,0.009713402544751924
head,338,0.14755979546219786,0.011071303734951668
head,339,0.14959198263443896,0.009734475721770311
head,340,0.149513811777572,0.011096554006627417
head,341,0.14789789642994788,0.009767342835981527
head,342,0.14970369909986272,0.011109870637682564
head,343,0.14909852883322924,0.009792399840917346
head,344,0.1500603160778201,0.011108316615310669
head,345,0.1483384937985361,0.00983020620498162
head,346,0.1503221007148557,0.01117426997307307
head,347,0.15238010674732122,0.0098649647534804
head,348,0.1551510538863676,0.011237832478913481
head,349,0.15111165940744775,0.009874167251561742
head,350,0.14987048727201016,0.01123855052379148
head,351,0.14791652071642372,0.009920927878258011
head,352,0.1511492639574878,0.011294465153056717
head,353,0.15070921858097824,0.009947827420678143
head,354,0.154289929262595,0.011383782742059886
head,355,0.15833368143777427,0.009926127451872591
head,356,0.1582724294227836,0.011363213055306057
head,357,0.16165292504939976,0.009952521998575289
head,358,0.16103344013756327,0.011388399899378112
head,359,0.16281087608351805,0.00999585204326729
head,360,0.16060530118141247,0.011328317472011164
head,361,0.1620904969729686,0.009970178209671146
head,362,0.16429107950930205,0.011405028707362923
head,363,0.1620189477359552,0.00997042107739018
head,364,0.16270936411606718,0.01142135318876931
head,365,0.15934380308484747,0.010013569476575326
head,366,0.16173412313757893,0.011429593529519977
head,367,0.16377473445282623,0.010020252870509835
head,368,0.165980741402606,0.011474459534052414
head,369,0.16638006691499677,0.01002623789570101
head,370,0.1673640796171162,0.011494790157126712
head,371,0.1662957891877704,0.010057309425286466
head,372,0.16828577244070397,0.011535924984714674
head,373,0.1677751294323314,0.010066161325965368
head,374,0.17099264108058498,0.011616431683637721
head,375,0.1704127671220822,0.010115495036478739
head,376,0.17368603226244292,0.011717071958169241
head,377,0.1756356131238688,0.010114064713982957
head,378,0.1745384680428045,0.01169531977954718
head,379,0.17726671838577282,0.010105331977706529
head,380,0.1760050376992722,0.01164065038049736
head,381,0.176010920616215,0.010137968828132794
head,382,0.1786763587430499,0.01170372298589941
head,383,0.1810187249660743,0.010127303366622617
head,384,0.1815622401480054,0.011711356130537502
head,385,0.18505177886598223,0.010123306596103174
head,386,0.18352591588495318,0.011711340265501243
head,387,0.18789774345928104,0.010120596505578764
head,388,0.18590874036823463,0.011671942959763641
head,389,0.185364190319031,0.01012735349040983
head,390,0.1823236757339747,0.011638868816177228
head,391,0.1836357800921533,0.010098508884806425
head,392,0.18196894414616055,0.011611552231797979
head,393,0.18613953824623464,0.0101066848372619
head,394,0.18695109644729774,0.011604241126101715
head,395,0.18996993315330657,0.01008476194054251
head,396,0.1904166113964255,0.01160968827745771
head,397,0.19458515178766111,0.01008074121620537
head,398,0.19206998942612047,0.011571130463342825
head,399,0.19509025868782892,0.010056498111426289
head,400,0.19318795086703108,0.01156258989278665
head,401,0.19635864941433095,0.010057135776659322
head,402,0.1937514553944074,0.011537977110806357
head,403,0.1984119795187175,0.010055013859298051
head,404,0.19562031339565927,0.011482696813316559
head,405,0.1927407860861504,0.010049983730000774
head,406,0.19194898589107967,0.011475377869616958
head,407,0.19183554741372294,0.0100413973251557
head,408,0.1910843082011997,0.011466217250053597
head,409,0.19335261674938586,0.01001332730762612
head,410,0.19472928532592285,0.011481786117141062
head,411,0.1969453456301009,0.010012845096818676
head,412,0.19869437296692088,0.011496509917422026
head,413,0.20091073202269055,0.00996956109436393
head,414,0.2022752392118913,0.01149655269863848
head,415,0.20573410718755653,0.009954442661981486
head,416,0.20554358140983506,0.01149243080812936
head,417,0.20578133949373062,0.009946608589195867
head,418,0.20375691013864672,0.011458648390665217
head,419,0.20173192751128796,0.009954138674868745
head,420,0.2006388241594054,0.01143448575835356
head,421,0.1933381398922556,0.009977326164491098
head,422,0.19352115867960035,0.011416985778247034
head,423,0.19507491391745593,0.009948723188061885
head,424,0.19649231804960587,0.011445654659598467
head,425,0.2037282986412747,0.009937671336484207
head,426,0.20648868349249297,0.011425048548066086
head,427,0.21017392427905202,0.009928684442254011
head,428,0.21131821818247631,0.011462454762247094
head,429,0.2127838143665658,0.009913874539397858
head,430,0.2139351975995874,0.011466517412199805
head,431,0.213573044087732,0.009917561334689916
head,432,0.21243191806793438,0.011425115408926564
head,433,0.21109078354467226,0.009896579674501289
head,434,0.21194674778057285,0.01143648932172591
head,435,0.21028618384082343,0.009886704268656827
head,436,0.21021789465465474,0.011400827042953244
head,437,0.21324278855567927,0.00990604198280515
head,438,0.21305320763999916,0.011395918189931896
head,439,0.21660879703525854,0.009887391477269743
head,440,0.2156678665010127,0.011383139047422953
head,441,0.21629268518466221,0.009845493373808684
head,442,0.21508679379826398,0.01136544356685796
head,443,0.21473793769622238,0.00985506865531867
head,444,0.20803748473663994,0.011239450103220567
head,445,0.2045123105577293,0.00986531730664929
head,446,0.20599851824169463,0.011254994903523725
head,447,0.2139221610929601,0.009832105254464117
head,448,0.21640998975338194,0.011272921793577766
head,449,0.21571351813499479,0.009832242250278353
head,450,0.21788918233242924,0.011300021668144469
head,451,0.22013211685263773,0.009815616506018752
head,452,0.22065966756066835,0.011278027120698308
head,453,0.21735747006855954,0.009819027951696853
head,454,0.21617798467238308,0.0112347889951729
head,455,0.21312785657314848,0.009800169871187635
head,456,0.21120533358993787,0.011196048422908151
head,457,0.2074233291419469,0.009790254069277696
head,458,0.2029763748562768,0.011110685602878555
head,459,0.20133004576259117,0.009747313333805492
head,460,0.20304924228916463,0.011115151180326712
head,461,0.20474207278591552,0.009745899656155545
head,462,0.2076247954709017,0.011117928355960592
head,463,0.20866531815176156,0.009714894718537025
head,464,0.21524860978205226,0.011190493289000028
head,465,0.2176922033427223,0.009701431951064038
head,466,0.22063756218369115,0.01120357585600463
head,467,0.22334901611284197,0.009645551115507831
head,468,0.22153860102259063,0.011155300020659904
head,469,0.21972991129694744,0.009640380040280803
head,470,0.21827082306677,0.01111564134144815
head,471,0.22003376926289991,0.009629332857968612
head,472,0.22052437038413372,0.011100561717421008
head,473,0.21938083349038195,0.009618726275530651
head,474,0.21860202600029105,0.011069473986249682
head,475,0.21666157166665959,0.009577933306054456
head,476,0.21538373153350054,0.01102053019162711
head,477,0.2137461815408012,0.009546063397871094
head,478,0.21560375370907064,0.010989070623949037
head,479,0.2178996323146135,0.009512495278905462
head,480,0.22120851181527965,0.010990630607429212
head,481,0.2201472970479362,0.009475971948348202
head,482,0.22338648748642592,0.011003193405335695
head,483,0.22615198622699667,0.009443439214879529
head,484,0.22785232447036569,0.010996127483088184
head,485,0.22628413455422194,0.00941275150658608
head,486,0.22131469506186963,0.010888671008460745
head,487,0.2213041709245077,0.009374613937662308
head,488,0.21874741730824948,0.010822119885027216
head,489,0.21283316715038209,0.009361494020127207
head,490,0.21047360170370438,0.010765201275775568
head,491,0.21076913469332664,0.00931843956244154
head,492,0.2158088854348341,0.010780096544737725
head,493,0.2217493091737477,0.009285278615589759
head,494,0.22845715041014739,0.010848747189347708
head,495,0.22720755521457361,0.0092679014878002
head,496,0.22826163453255685,0.01083090175403641
head,497,0.22950794410862832,0.009245726049539806
head,498,0.2290763588859373,0.0107822145360839
head,499,0.22753433240012558,0.009208461391899122
head,500,0.22277865002985536,0.010688578407104977
head,501,0.22330754057393762,0.009166884547824937
head,502,0.22762391192028275,0.01071073107198818
head,503,0.22968814620417746,0.009132748654778582
head,504,0.23111093308696176,0.010694685278064749
head,505,0.2338261096276881,0.00910400927336724
head,506,0.2344853005390959,0.010661852985923143
head,507,0.23401367032226636,0.009086294883080569
head,508,0.2359587398125348,0.010654403219872289
head,509,0.2361893695573319,0.009047785823939065
head,510,0.23811335684944618,0.010641953234983993
head,511,0.236983378376408,0.009012197881679717
head,512,0.23628610926652835,0.010597309120441017
head,513,0.23725224891916588,0.008963459229992522
head,514,0.2363792648003257,0.01054814608341338
head,515,0.24152831691149473,0.008902147409592094
head,516,0.24173799489884962,0.01052824680603078
head,517,0.24448168468920004,0.00885943044162651
head,518,0.24173135966741677,0.010453184052934201
head,519,0.24464334864258477,0.008805260419373703
head,520,0.23996374529995243,0.010338188461943914
head,521,0.24029732198758424,0.008753150224544207
head,522,0.2370948638559588,0.010253460664867466
head,523,0.23388035955150724,0.00871719520591702
head,524,0.23392401269325688,0.010220022159402296
head,525,0.23261541556508766,0.008673693157097977
head,526,0.23547840853055654,0.010224102506419983
head,527,0.2384151188015447,0.0086244504887022
head,528,0.24115735267747715,0.010227707307412763
head,529,0.2408860153481956,0.008600328295058551
head,530,0.23947583748515186,0.010162942515805767
head,531,0.239740382262322,0.008558032813058919
head,532,0.23727684802501625,0.010101315360925468
head,533,0.23241738277633012,0.008528681211041994
head,534,0.23771604925893555,0.010148051410751353
head,535,0.2372810364047954,0.008492159976055125
head,536,0.23883592168434584,0.010134017847087439
head,537,0.24247124011812782,0.008448226111885742
head,538,0.24544677516105687,0.010153461478729774
head,539,0.2490658701203026,0.008400498451016836
head,540,0.24647983822185845,0.010083012964279289
head,541,0.24740488161744376,0.00836060930764337
head,542,0.2449599970120704,0.010000902393349692
head,543,0.2353586373156546,0.008340497299727818
head,544,0.2386269871718163,0.010002493065806216
head,545,0.23993360383083562,0.008298336878474668
head,546,0.24201644986579937,0.010010679275256583
head,547,0.24048454389340612,0.008263571308960825
head,548,0.24096598532258934,0.00998607815581173
head,549,0.2438720168500025,0.008221955618125134
head,550,0.24191088342588732,0.009916121256356396
head,551,0.2442235601628376,0.00815261955280375
head,552,0.24366465139390864,0.009868788300366804
head,553,0.2450920127707146,0.008109886303949912
head,554,0.24468039074723816,0.009827406287612894
head,555,0.245391813365357,0.00807939849015866
head,556,0.2422659550651346,0.009742394127209472
head,557,0.24190210082590533,0.008026931452557007
head,558,0.24114483184147217,0.009695942995611868
head,559,0.24034892358131696,0.007991722655884277
head,560,0.23983502281217423,0.009646655515017208
head,561,0.23831713049386438,0.007956260931580895
head,562,0.24123424614384514,0.009657691095124956
head,563,0.24125718309274113,0.007892387160873225
head,564,0.24298566277784978,0.00964420213248307
head,565,0.24827598103898488,0.007832504418321031
head,566,0.24569851620560107,0.009561719757364128
head,567,0.2464073963224786,0.007784321461529447
head,568,0.24211710402764441,0.009459467955421694
head,569,0.2439900743147832,0.007732232614405954
head,570,0.2436492783591016,0.009416899297308219
head,571,0.24619648427932228,0.007682919518605823
head,572,0.24536419122401995,0.009362881822873254
head,573,0.2465495691746496,0.0076157808428804884
head,574,0.24374284886509962,0.009278109583314244
head,575,0.2445317658064129,0.007570124176029893
head,576,0.24314264851011166,0.009207274618647336
head,577,0.246136878272976,0.007504091021232919
head,578,0.24427828933832788,0.009146472176698874
head,579,0.24617834722019463,0.007459301011364195
head,580,0.24232567477665357,0.009038910065489255
head,581,0.2386539278373447,0.007429035999486414
head,582,0.24220100683317816,0.00907156445285171
head,583,0.24301329939593405,0.007376097364406312
head,584,0.24190955745034365,0.00901289638315974
head,585,0.24228280093115884,0.007330231914960596
head,586,0.2422245779476343,0.008974630503625108
head,587,0.24333152896935978,0.007277881843791899
head,588,0.24305248277686928,0.008933714116179442
head,589,0.2449016282483243,0.007214375267128235
head,590,0.2432238239318976,0.008870446806664494
head,591,0.2433635315647505,0.007172424031634531
head,592,0.2424504476906257,0.008809442476472681
head,593,0.24462637097684983,0.007122119479640381
head,594,0.24456837547466645,0.008771593860845792
head,595,0.24581804495263443,0.007066530345632359
head,596,0.24330796010904346,0.008692548636973555
head,597,0.24461897802619686,0.007007915420903877
head,598,0.2425958245641919,0.008613963752410969
head,599,0.2437331348286801,0.006948797095123231
head,600,0.24208431834835525,0.008553607873232701
head,601,0.24411640780274027,0.006903914623084091
head,602,0.2418481558078008,0.00847011446107468
head,603,0.2443571201731281,0.006846164569672655
head,604,0.24454205173439134,0.00844168514070975
head,605,0.24606386665540575,0.006796917418530813
head,606,0.24181930302015553,0.008325353932462634
head,607,0.2434385772719628,0.0067539752429080745
head,608,0.2411127096425702,0.008244510444887578
head,609,0.2418327493422566,0.00669798885644359
head,610,0.23969405372607136,0.008184750208724952
head,611,0.24204553154233102,0.006666157243201656
head,612,0.24121778274105585,0.008124037781986757
head,613,0.2437052165041588,0.006600795884310323
head,614,0.24203867272462246,0.008058906187452019
head,615,0.24342107950656772,0.0065667461908793506
head,616,0.23988414519015056,0.007972958305494191
head,617,0.24042782961464212,0.00653021575249922
head,618,0.23923568339818307,0.007916342926983212
head,619,0.23934484775982492,0.006495005003465974
head,620,0.2383824475437023,0.007869446402994813
head,621,0.24081576061159987,0.0064512413945166285
head,622,0.24037109151330424,0.00782656547687182
head,623,0.23997529459432465,0.006400517515919176
head,624,0.23828713271011084,0.0077641848623185294
head,625,0.23891224445082226,0.006348421570981631
head,626,0.2361218759929514,0.007690667427516747
head,627,0.23397869059017656,0.0063011005372292095
head,628,0.23493042525025468,0.007659263380151469
head,629,0.2372613697362253,0.006253770916353572
head,630,0.23383533805151255,0.007564903366124315
head,631,0.2353229378934287,0.006206262941029554
head,632,0.23276570390289297,0.007464029153462468
head,633,0.2330085855529678,0.006153130841955513
head,634,0.23209801584816192,0.007405639229230824
head,635,0.2321195300743844,0.006096486400833181
head,636,0.22892044642653073,0.00730356305349742
head,637,0.2303198981506235,0.006042308820363214
head,638,0.2282691788841143,0.007227902407447064
head,639,0.22772633915280904,0.005988679767326783
head,640,0.22677399412063382,0.0071648324415504215
head,641,0.22658143447969417,0.005930182096686849
head,642,0.22548575173771399,0.00709781718094293
head,643,0.22328196254364546,0.005873353875508132
head,644,0.2215915809776115,0.00701645257441091
head,645,0.22110351757949137,0.005809143327004531
head,646,0.2218795079371145,0.006977847575961738
head,647,0.22241670167226466,0.005756093941889324
head,648,0.2224816977385788,0.006926552309239748
head,649,0.21913462393110777,0.005689763102765758
head,650,0.21920395180356814,0.006880669857990511
head,651,0.21848104586374964,0.0056350459752533095
head,652,0.22056405545851923,0.006859926005295908
head,653,0.22128792082882068,0.005586670453272438
head,654,0.22119673111685223,0.0068173408606437575
head,655,0.22359968214606293,0.005541847054016609
head,656,0.2208143020496406,0.006721469017386383
head,657,0.21949393785054117,0.0054801098008181465
head,658,0.2182902196775892,0.006651448105449496
head,659,0.2180454560705484,0.005425110700768869
head,660,0.2176939623086527,0.00660138243524717
head,661,0.21914396908606332,0.005379637063966789
head,662,0.21623759819487648,0.006506579888494251
head,663,0.21728014807776228,0.005329678424615145
head,664,0.21348476085005488,0.006400524522638864
head,665,0.21366576497109155,0.005281763401019236
head,666,0.2109668917930614,0.006313092668154998
head,667,0.20627330214852127,0.005200707399796244
head,668,0.20356690612494,0.00622201899593986
head,669,0.2003850068155981,0.005133670983873088
head,670,0.20286806667501991,0.006217033062783552
head,671,0.2040383325133174,0.0050750657539205355
head,672,0.20481100792472648,0.006186130140317093
head,673,0.20589728120135065,0.005021824771926687
head,674,0.20569258115520292,0.006135307033881892
head,675,0.20488083071933122,0.004965536887991345
head,676,0.203494478705446,0.006070217722788258
head,677,0.20115315293738134,0.004896096735746414
head,678,0.20183340061623747,0.006028675401419119
head,679,0.20257138509418054,0.004839260711805512
head,680,0.20210867447602474,0.005975530550080166
head,681,0.20359479529426866,0.004793820235671277
head,682,0.2021370059727372,0.0059046065216939204
head,683,0.20271102359870627,0.004734377612113304
head,684,0.20190878433698828,0.005841253906822976
head,685,0.20232655218722762,0.004686079127006156
head,686,0.1994452488317589,0.005743728246580694
head,687,0.19975163954989855,0.004634258458822533
head,688,0.19570364240156807,0.005633066144004771
head,689,0.19472556262715607,0.004577016704517592
head,690,0.19195369338422277,0.005542151940395613
head,691,0.19311127555847118,0.004522370794816103
head,692,0.19299293916645402,0.005505070947904079
head,693,0.19744926931408907,0.004490139366103863
head,694,0.19628904119960072,0.005438218270279069
head,695,0.19758729407673442,0.004442320379614656
head,696,0.19465358571148086,0.005348372369226925
head,697,0.19257344711056046,0.004377414021439666
head,698,0.19054455956102756,0.005269533225145382
head,699,0.1860987951448793,0.0042930838115234965
head,700,0.18502485360790977,0.005206370776755989
head,701,0.18229753646283256,0.004227159196410179
head,702,0.18214182163675693,0.005163054232486638
head,703,0.18195741326397116,0.004167039670593247
head,704,0.18247535121932934,0.005131866782859472
head,705,0.1841494614716531,0.004116656110663189
head,706,0.1856962939888773,0.005117390745285489
head,707,0.18794773974047402,0.004069602922231075
head,708,0.18580083563246907,0.0050387845817326145
head,709,0.18742240108393277,0.004017678107237384
head,710,0.1857882969295039,0.004972549275193202
head,711,0.1861770334549859,0.00396185315167944
head,712,0.18290155571502087,0.004873343337278544
head,713,0.18275374698191554,0.003905897987027248
head,714,0.18091214730083335,0.004800556452775504
head,715,0.18031317265986818,0.0038469553843308163
head,716,0.1786036833641016,0.004728164206089521
head,717,0.17697061461901714,0.003782006294045379
head,718,0.17494213453278698,0.004651313992073156
head,719,0.17200615490916646,0.0037154906239887883
head,720,0.17101030869705472,0.0045963896176183265
head,721,0.17216569427180506,0.003664527907862903
head,722,0.17131553781410172,0.004539078901590228
head,723,0.17136607631920886,0.0036101304081147087
head,724,0.1705394624834971,0.004481119826314383
head,725,0.17121315048819102,0.003566019056148736
head,726,0.17053784807879543,0.004429474274292908
head,727,0.17056265078399263,0.0035150622033374903
head,728,0.16853064763485356,0.004357626051469636
head,729,0.16884152499940522,0.0034692777981487764
head,730,0.16746202131892496,0.004297968078603466
head,731,0.1675532047719536,0.0034237682688789527
head,732,0.16494751720752665,0.004214230835712306
head,733,0.16402827324942812,0.0033703522278756806
head,734,0.16297714494194232,0.004157359274200675
head,735,0.16255236350551894,0.0033211400249393464
head,736,0.16063506537146552,0.004089169713175811
head,737,0.15938737598364128,0.0032655671218965406
head,738,0.15722263243174764,0.0040117093703677725
head,739,0.15603564895143449,0.003211222379681391
head,740,0.15619419079250912,0.0039759036083312806
head,741,0.15875721773552545,0.003190448760852668
head,742,0.15834857404948585,0.003931201796821804
head,743,0.15820863551349926,0.003149333972056232
head,744,0.15675321103790865,0.003867323623950281
head,745,0.15654975046140843,0.0031037311193472805
head,746,0.15527756077652718,0.0038152788104073854
head,747,0.15473666598877286,0.0030589809082822894
head,748,0.15283273012767862,0.003749092902783611
head,749,0.1525992280245275,0.0030114238397499727
head,750,0.1509058277708039,0.0036863027825395404
head,751,0.15132034228394783,0.0029771035057266425
head,752,0.1502842267611631,0.0036303346437101297
head,753,0.14962798473834024,0.0029253089045173483
head,754,0.14826969110247046,0.0035715754694837926
head,755,0.14679133205287492,0.0028720012680765747
head,756,0.14606611616947898,0.003525909586666575
head,757,0.1460364358209304,0.0028314291446815487
head,758,0.14411931240431436,0.003459005207356097
head,759,0.14414327617155998,0.0027899576916442883
head,760,0.14256893056350992,0.003401073776672687
head,761,0.14221998915232176,0.002748371224216738
head,762,0.1401069789452013,0.0033360477174575525
head,763,0.13966531799721565,0.002704522735590368
head,764,0.13764999744108455,0.0032707529828444235
head,765,0.1380875891846656,0.002670913736232305
head,766,0.13727048096932695,0.0032220931320605848
head,767,0.13648447236779976,0.002624727476508216
head,768,0.13505387703019292,0.003166207178679681
head,769,0.13425746684574336,0.0025794560523358895
head,770,0.13421419043272634,0.00312363623348645
head,771,0.13341238740933775,0.0025349139539747084
head,772,0.13205158366945713,0.0030655086598667548
head,773,0.1297913225821497,0.00247471060987181
head,774,0.1293174647016547,0.0030309570930899584
head,775,0.12810851511844726,0.0024262614143398947
head,776,0.12716828508534467,0.0029876600401164658
head,777,0.12688315226055316,0.0023841597280442207
head,778,0.12551707774982918,0.0029410373503125187
head,779,0.12550774543392706,0.002351425978005053
head,780,0.12355635033462264,0.00288000965910764
head,781,0.12371970400033203,0.0023173484540217094
head,782,0.12290438683976183,0.00283611161103774
head,783,0.12185460917931705,0.00227243763831928
head,784,0.1215412925728472,0.0028019599015373614
head,785,0.12072591331673795,0.0022318059058253886
head,786,0.12029463154472601,0.0027676591614334387
head,787,0.11910343486070797,0.0021876263139614374
head,788,0.118011223277889,0.0027179041156769872
head,789,0.11773846092748905,0.0021525413478841963
head,790,0.11637081949448612,0.0026658475934170354
head,791,0.1158668822357029,0.0021156309480046534
head,792,0.11484299228304201,0.002624306154890337
head,793,0.11468069666399063,0.0020837584311991864
head,794,0.11323427863692445,0.0025792735703141557
head,795,0.11198252783295132,0.002039425174652958
head,796,0.1114469413187853,0.002546913387357647
head,797,0.11111782245517818,0.0020081126652147217
head,798,0.10997042536691541,0.00249919603126443
head,799,0.10948469616651187,0.0019734891627818476
head,800,0.10822145372745048,0.0024534067271847065
head,801,0.10782290133832872,0.0019399217566466785
head,802,0.10677533395885322,0.0024126499269051505
head,803,0.1069083989794748,0.0019146550233024857
head,804,0.10509790560224958,0.0023587243184816386
head,805,0.10533810206874776,0.0018899475461936438
head,806,0.1041741189571892,0.0023160628761804886
head,807,0.1028309014558942,0.001845121008559884
head,808,0.10265957092345906,0.002290007777259214
head,809,0.10203545296003079,0.0018124670836829342
head,810,0.10157889249637139,0.0022600060991467452
head,811,0.10027146816056783,0.0017673151858785625
head,812,0.09960148307261198,0.0022233059137335377
head,813,0.09884175832661282,0.0017324076678289875
head,814,0.09842019306826216,0.002191360122164865
head,815,0.09723553555379248,0.0016923731566816512
head,816,0.09681623289796719,0.0021622550224575177
head,817,0.09554915240601207,0.0016502069334466262
head,818,0.09528096146244344,0.0021377668310516838
head,819,0.09544074482630419,0.001626827395184023
head,820,0.09385854070759181,0.0020920655106106975
head,821,0.09363923299386075,0.0015979295262179992
head,822,0.0923020715910085,0.002047469420311743
head,823,0.09247381046858116,0.0015769652706127204
head,824,0.09130304962847084,0.0020031320234900427
head,825,0.09103824957128669,0.001549811056355962
head,826,0.08997633148200436,0.0019627217577884177
head,827,0.08884193170913085,0.0015125055747104666
head,828,0.08865806136697442,0.0019396086129971392
head,829,0.08810165581880246,0.0014832186740838904
head,830,0.08701189327888374,0.0019012108760118676
head,831,0.08669738750173506,0.0014566113569504638
head,832,0.08575252937704475,0.0018657572917037367
head,833,0.08561157449523815,0.0014327623596461381
head,834,0.08426508513272707,0.0018231790495966936
head,835,0.08389653501347277,0.0014058879932391756
head,836,0.08309715839212778,0.001790435920299119
head,837,0.08220807892298518,0.00137280271485341
head,838,0.08136101690237205,0.001757328023544347
head,839,0.08114462232546017,0.0013482831594040926
head,840,0.08008589501665109,0.0017198664958514942
head,841,0.07925807849373846,0.001315922184099715
head,842,0.07874443736997457,0.0016942259586245935
head,843,0.07858850428780581,0.0012946355020696876
head,844,0.07754087367727812,0.0016591935500964042
head,845,0.07703245650101036,0.0012683880070536247
head,846,0.07585279319244613,0.001622000926899948
head,847,0.07514543241699337,0.0012389794654830374
head,848,0.07440413036583603,0.0015908237381156288
head,849,0.07397231070380818,0.0012133958374056979
head,850,0.07324491013251229,0.001560397419117936
head,851,0.0726224540780992,0.0011858125311497779
head,852,0.07213770450739095,0.0015384181586227076
head,853,0.07141771454799574,0.0011592742213039772
head,854,0.07064164403690186,0.0015101312557043059
head,855,0.06979511936516829,0.0011316308862357473
head,856,0.06876614422241856,0.0014769348093598967
head,857,0.06866052747321798,0.001112197864748205
head,858,0.06737055137904599,0.0014379993750270256
head,859,0.06707332240652893,0.0010909752405183647
head,860,0.06672730723015614,0.0014175273633650555
head,861,0.06637806306671648,0.001069738011695303
head,862,0.06600656666943656,0.0013977239781314808
head,863,0.06585576527554311,0.0010516178464600853
head,864,0.0652073904163766,0.0013723518606762264
head,865,0.06488389490464591,0.0010322598560960797
head,866,0.06432617409333201,0.0013487866759016838
head,867,0.06379555676384113,0.0010108162559774162
head,868,0.06332960277761829,0.0013280443188926619
head,869,0.06312193444441806,0.0009940870720901724
head,870,0.06212437726564397,0.001296448284386247
head,871,0.06216618309190543,0.0009805346051114413
head,872,0.0613061370802024,0.0012693348339171742
head,873,0.06096038877302933,0.0009622203443516725
head,874,0.06013961322276806,0.0012427951712204112
head,875,0.0598221893011614,0.0009443870410175893
head,876,0.059044588961364684,0.0012181685270033532
head,877,0.05862415469426707,0.0009248121088732324
head,878,0.05793358506899813,0.0011947671703017272
head,879,0.05777334686935656,0.0009092109315539593
head,880,0.05697500662684996,0.0011693863845445647
head,881,0.05686581295589907,0.0008947329569423394
head,882,0.056220574477534944,0.0011465831421374503
head,883,0.05590397841361332,0.0008783041218887902
head,884,0.055163344262163794,0.0011225665617350241
head,885,0.054842316439598256,0.0008621034671713264
head,886,0.053958084540686437,0.0010959514860064525
head,887,0.053633114113477626,0.0008447394857347116
head,888,0.05283770284232444,0.0010712727402531828
head,889,0.05264575137900365,0.00082980309992149
head,890,0.05195079554369194,0.0010482873778046113
head,891,0.05140414045642047,0.0008087861301897016
head,892,0.050994222994106934,0.0010307580385337627
head,893,0.05076090918945585,0.0007939341277794107
head,894,0.049895884436457066,0.0010047387592498783
head,895,0.04947676614727869,0.000775621369845341
head,896,0.04891638363851888,0.000984537814102419
head,897,0.04853153047191722,0.0007595161613593768
head,898,0.047691283331515906,0.0009594800775054087
head,899,0.047207991593305264,0.0007410652959969079
head,900,0.046820646311812764,0.0009429040081193634
head,901,0.046450369645045717,0.0007249562553589607
head,902,0.045924355277563854,0.0009238421647081079
head,903,0.045517681621563194,0.0007093334112800557
head,904,0.04489572162473891,0.0009030121022024089
head,905,0.044328128845328274,0.0006901915774984688
head,906,0.044139221714833345,0.0008911845984224161
head,907,0.04400769642923712,0.0006788977517651957
head,908,0.043089669805787226,0.0008650485088754597
head,909,0.043098317737404926,0.0006688909837012495
head,910,0.042427451174197627,0.0008440864858014956
head,911,0.04192633201766873,0.000651371950137586
head,912,0.041574531449388046,0.0008289705942031256
head,913,0.04139567779470476,0.0006397934982731746
head,914,0.04067185168859534,0.0008073241703953575
head,915,0.04046452272294172,0.0006275822459725271
head,916,0.04019808929794777,0.0007945604542097053
head,917,0.039773665887188586,0.0006119219426749051
head,918,0.0394324059672597,0.0007802638458699549
head,919,0.03909838742577781,0.0005986979033937032
head,920,0.038571111664647745,0.0007626897849982874
head,921,0.038322535764607826,0.0005860426647233298
head,922,0.03781572628863078,0.000745868866749963
head,923,0.037559950494681395,0.0005740403579215059
head,924,0.03732190515127508,0.0007343811871876548
head,925,0.03695450353301491,0.0005603336190766878
head,926,0.03656605492404626,0.0007202642455998976
head,927,0.0363356542074303,0.0005486616244870522
head,928,0.0359383778885646,0.000705823254762917
head,929,0.035447255889044016,0.0005337279954117473
head,930,0.035147597235141936,0.00069356674618283
head,931,0.034995430733518386,0.0005227591728756443
head,932,0.03456688902751213,0.0006787236364139597
head,933,0.03398407147845714,0.0005049093340712776
head,934,0.033817591125286414,0.0006692284065459797
head,935,0.033456816648824196,0.0004929835274209542
head,936,0.03294234130376794,0.0006534677792982513
head,937,0.032797106094933956,0.00048419806514045914
head,938,0.03228862926808278,0.0006373908577040235
head,939,0.032091076412640654,0.0004739120215349335
head,940,0.031720556209241656,0.0006248262683096066
head,941,0.031376745457010705,0.00046163500899172794
head,942,0.031063165237837007,0.0006133146301365556
head,943,0.030899403643676847,0.000452406492267348
head,944,0.030262889715972116,0.0005947203849601403
head,945,0.03014062837217283,0.00044423650188746066
head,946,0.02981102353549517,0.0005828251453071945
head,947,0.029639789470400524,0.0004351016490189694
head,948,0.02921504009106296,0.0005694689124039563
head,949,0.029018848498260277,0.0004259102040530963
head,950,0.02860131108195392,0.000556214390535317
head,951,0.028472519958675058,0.0004177398733768613
head,952,0.028038897697222773,0.0005430191853101168
head,953,0.027856788194182247,0.000408933255588209
head,954,0.02736813870387415,0.0005282531546687729
head,955,0.027312175788897806,0.00040215019574590943
head,956,0.026906352203948648,0.000515921413747311
head,957,0.026735118204615594,0.00039381551490347993
head,958,0.026509899491791052,0.0005071099376943552
head,959,0.026174545387928995,0.00038327162365781465
head,960,0.0257971455014028,0.000494973235426187
head,961,0.02560503141224054,0.00037533167815861196
head,962,0.025265497284555637,0.00048368619062956686
head,963,0.02507916822607929,0.00036728872102506773
head,964,0.024714452282661382,0.00047238712546473203
head,965,0.024461883866788513,0.0003579965031066271
head,966,0.024288109560051778,0.0004651464908390496
head,967,0.023984996285267103,0.00034802727841157347
head,968,0.023682561645007726,0.00045485726693246086
head,969,0.023513271264886584,0.0003399643474319651
head,970,0.023224704598516215,0.00044523869501296117
head,971,0.022996552629758332,0.0003310020858481798
head,972,0.022727385683619393,0.00043590815067773677
head,973,0.022511803600825882,0.0003226998778400818
head,974,0.022265250239674853,0.0004269881850712993
head,975,0.02203837011268015,0.00031435584759535967
head,976,0.02174060694955067,0.00041693753773578595
head,977,0.02163926993059062,0.00030798690893985546
head,978,0.02134928146157915,0.00040766041174676647
head,979,0.02126713918364109,0.00030190089343811626
head,980,0.020979945487209235,0.00039844709586999414
head,981,0.02087449444549545,0.0002958238792280646
head,982,0.020517127456634168,0.00038782239663932123
head,983,0.02037005745189073,0.0002895552491318802
head,984,0.02002770986178055,0.0003775294505073696
head,985,0.019923925233035333,0.00028372960757898233
head,986,0.019629591127160978,0.0003681914176153697
head,987,0.019453513133529398,0.000276878885118416
head,988,0.01915054952828998,0.000358872945625112
head,989,0.018965489317907258,0.0002699268639053719
head,990,0.01870506183449791,0.00035051089926503896
head,991,0.01846581445168852,0.0002624758367167513
head,992,0.018197848916577386,0.00034204744682776213
head,993,0.018057606256439967,0.00025642065791790943
head,994,0.017829804869497545,0.000334423914164661
