step,matrix,layer_group,Lhat,gnorm
0,E,embed_output,1.1848457732999382,0.42429268053909613
1,E,embed_output,1.1892026126847997,0.4370030852092241
2,E,embed_output,1.1717752515919075,0.40352958186355375
3,E,embed_output,1.2902327292544662,0.44012250052100993
4,E,embed_output,1.29137365189874,0.41586211358057246
5,E,embed_output,1.1989225000700536,0.37652914860960346
6,E,embed_output,1.1659387742824372,0.4111510390237281
7,E,embed_output,1.2154694950690386,0.3849037024127599
8,E,embed_output,1.136896552702756,0.44345073657454953
9,E,embed_output,1.3364563902688371,0.4593385763882753
10,E,embed_output,1.3872606411474053,0.4465906465385872
11,E,embed_output,1.243469186387856,0.4063221452861147
12,E,embed_output,1.2207166429127851,0.39590741252321937
13,E,embed_output,1.2084163421752538,0.37188862476706164
14,E,embed_output,1.098595327447753,0.42233125592458265
15,E,embed_output,1.3271452703693827,0.44183400455039773
16,E,embed_output,1.3205586849766384,0.4634351178155802
17,E,embed_output,1.454521079139404,0.4827629185547637
18,E,embed_output,1.2903005513318857,0.4915852430664194
19,E,embed_output,1.460854995561077,0.4978396148242196
20,E,embed_output,1.4680465566838656,0.5014772239547743
21,E,embed_output,1.3815911776406609,0.5029739454833728
22,E,embed_output,1.350691422745757,0.5129743357102342
23,E,embed_output,1.5024457115029326,0.5374567391119559
24,E,embed_output,1.495957104406038,0.519463635641905
25,E,embed_output,1.402534529418807,0.5113342863284925
26,E,embed_output,1.4538426141492653,0.544545480214989
27,E,embed_output,1.5595865358689613,0.531974682076478
28,E,embed_output,1.4937359178037666,0.5016994720421746
29,E,embed_output,1.4461774751104766,0.5068510003011224
30,E,embed_output,1.4385313150114902,0.5200740089725694
31,E,embed_output,1.526996802447566,0.5327715943950058
32,E,embed_output,1.7637239200506216,0.6379129296514326
33,E,embed_output,1.9434853880186058,0.5843539644004169
34,E,embed_output,1.785554108460309,0.5734699233350261
35,E,embed_output,1.626130819316847,0.5020713385702921
36,E,embed_output,1.553084425869506,0.5370551536255254
37,E,embed_output,1.6560563899986676,0.5478727831498273
38,E,embed_output,1.7010230738236298,0.5880686845698075
39,E,embed_output,1.602764097218264,0.5073856757666649
40,E,embed_output,1.5593912919816368,0.537503009282672
41,E,embed_output,1.6462459637940534,0.5475374349420576
42,E,embed_output,1.4552438269142767,0.4774353367822237
43,E,embed_output,1.5413765351635247,0.5726094524440074
44,E,embed_output,1.7435847659916128,0.5704285883352798
45,E,embed_output,1.7757720048166352,0.5359633540537955
46,E,embed_output,1.6477919312697722,0.557257892625831
47,E,embed_output,1.6403992133544292,0.518286482998528
48,E,embed_output,1.6189948630141175,0.5240691060219652
49,E,embed_output,1.68574626844543,0.5459584427912879
50,E,embed_output,1.6513249152233989,0.5242217853831378
51,E,embed_output,1.5912640723721707,0.5082857725960109
52,E,embed_output,1.4449692508954486,0.5002724117429619
53,E,embed_output,1.3598927819149726,0.44587349001264204
54,E,embed_output,1.3278920136391426,0.49477426230893107
55,E,embed_output,1.6000920574309885,0.5755604077308399
56,E,embed_output,1.7918963944836002,0.5417325545823025
57,E,embed_output,1.5624515955577785,0.4856337923902687
58,E,embed_output,1.6539383436407444,0.5155576182848199
59,E,embed_output,1.5383751902463338,0.4988571019528987
60,E,embed_output,1.6440977084816164,0.5609239971824683
61,E,embed_output,1.564889152551182,0.4557779230916257
62,E,embed_output,1.3485858236062835,0.47353525157661797
63,E,embed_output,1.516132829324933,0.49760793103379813
64,E,embed_output,1.5855578927044724,0.5173587103491747
65,E,embed_output,1.5765573899392997,0.48582154496449137
66,E,embed_output,1.5632502430370656,0.5050750026926277
67,E,embed_output,1.6333014879887808,0.5549565006723106
68,E,embed_output,1.597478787500109,0.4895703351746585
69,E,embed_output,1.4509541230075964,0.5042039665960257
70,E,embed_output,1.7101448069815555,0.5557031153345111
71,E,embed_output,1.5210451796365403,0.45209629711268834
72,E,embed_output,1.3900341824512303,0.49577329675171256
73,E,embed_output,1.408069367073442,0.44396304547713106
74,E,embed_output,1.5222781294761558,0.511089058277303
75,E,embed_output,1.520383895990643,0.476481127474716
76,E,embed_output,1.4915246671011306,0.49280549145903657
77,E,embed_output,1.4596267936259577,0.4813381808167107
78,E,embed_output,1.4556797161991897,0.4617919253754605
79,E,embed_output,1.4212658353621728,0.48062551466170683
80,E,embed_output,1.4007772555659408,0.48973936465359785
81,E,embed_output,1.441381374212477,0.4494135221134501
82,E,embed_output,1.377037686816458,0.46942350400030225
83,E,embed_output,1.4027633766079264,0.4597039632772142
84,E,embed_output,1.5155220528407016,0.49396197544813486
85,E,embed_output,1.5014976688464887,0.45550827713281045
86,E,embed_output,1.6149327701921985,0.543311930820371
87,E,embed_output,1.7035529693258369,0.5034224965744295
88,E,embed_output,1.573186582042842,0.48894538253580483
89,E,embed_output,1.6050418025700708,0.5014093804600516
90,E,embed_output,1.713237184331647,0.5586024470690988
91,E,embed_output,1.7732702808913434,0.4984952631743258
92,E,embed_output,1.6448862859282343,0.5350669613015643
93,E,embed_output,1.6822162455520553,0.5479258390986582
94,E,embed_output,1.5134884507262123,0.4531471829554979
95,E,embed_output,1.4319814373052104,0.4661556529454103
96,E,embed_output,1.5169716562864533,0.47885448845849465
97,E,embed_output,1.3825102523862989,0.4599394515525947
98,E,embed_output,1.5471863878339482,0.501509593067583
99,E,embed_output,1.5040999437778397,0.4755832235846132
100,E,embed_output,1.4648851914562337,0.47069942888961896
101,E,embed_output,1.341434841884647,0.41038785556734614
102,E,embed_output,1.3481616789416322,0.4803972308162141
103,E,embed_output,1.4198999767741842,0.4499978607163739
104,E,embed_output,1.346178992470079,0.4408845142309692
105,E,embed_output,1.4274134250839858,0.46027849706969287
106,E,embed_output,1.4561108106938745,0.49225625079209046
107,E,embed_output,1.618706478841875,0.5012089935953857
108,E,embed_output,1.6970338904142317,0.5307743536542416
109,E,embed_output,1.5796630866775807,0.5223407942072313
110,E,embed_output,1.6369102746668431,0.5051466010281479
111,E,embed_output,1.5924605876817015,0.5027255762540084
112,E,embed_output,1.5679880573219176,0.462279064709485
113,E,embed_output,1.479354577442347,0.5154370440323862
114,E,embed_output,1.7150264129456831,0.5243803501875408
115,E,embed_output,1.7274755756302131,0.5178441321458762
116,E,embed_output,1.6763226973740255,0.5368067783795055
117,E,embed_output,1.579159841507214,0.4603293147483812
118,E,embed_output,1.4414093373038197,0.4929941627409042
119,E,embed_output,1.4889771619610475,0.49514411723782326
120,E,embed_output,1.6443961300716308,0.5162640660681592
121,E,embed_output,1.5979944345248789,0.4755218834487491
122,E,embed_output,1.541073661885578,0.49694138804944504
123,E,embed_output,1.5718582256680227,0.47241404129968084
124,E,embed_output,1.4361176686024755,0.4082640021601076
125,E,embed_output,1.4136344421863893,0.46432330050148685
126,E,embed_output,1.5066191179589696,0.46902141061922903
127,E,embed_output,1.4516194015337442,0.4348019251569724
128,E,embed_output,1.4409243950545296,0.5078634264353042
129,E,embed_output,1.6566339456311672,0.5077014626485538
130,E,embed_output,1.4627172405209048,0.4243110362363643
131,E,embed_output,1.4275221164155723,0.46766116547729314
132,E,embed_output,1.5332313503955073,0.4936547933118202
133,E,embed_output,1.592435372951488,0.47726260631027967
134,E,embed_output,1.4853121631542063,0.44872160180558146
135,E,embed_output,1.2679702070525838,0.4350757103506629
136,E,embed_output,1.530966479580309,0.47990786310257066
137,E,embed_output,1.5801448239468914,0.5243092909784138
138,E,embed_output,1.6055124224976978,0.4479184093251232
139,E,embed_output,1.3705412685738394,0.42060507908729794
140,E,embed_output,1.3269691984621916,0.4409904892741363
141,E,embed_output,1.4559953907488028,0.45989218174645546
142,E,embed_output,1.4619498229131898,0.43863817942962174
143,E,embed_output,1.448019933642489,0.5074294902165027
144,E,embed_output,1.55277429884641,0.4994717545775537
145,E,embed_output,1.5642944917449122,0.4592634735723096
146,E,embed_output,1.2439884285408576,0.4305336393625782
147,E,embed_output,1.416802339747137,0.4225915966236468
148,E,embed_output,1.3755811091152321,0.4888072030593726
149,E,embed_output,1.5128079608146752,0.49833988161925385
150,E,embed_output,1.646354367011737,0.5003390284575937
151,E,embed_output,1.6425513456515677,0.5035838696326209
152,E,embed_output,1.5310947456669706,0.45070255729737835
153,E,embed_output,1.5296927222856278,0.48834388884507557
154,E,embed_output,1.5677620303718551,0.49896386031166423
155,E,embed_output,1.5612917905453065,0.4751036441410972
156,E,embed_output,1.67851203459308,0.5237556365810074
157,E,embed_output,1.6218047461185097,0.4823452948209865
158,E,embed_output,1.584703700393904,0.4827016914179125
159,E,embed_output,1.5458787998381924,0.45821776413095705
160,E,embed_output,1.5105775182150822,0.4778546355820483
161,E,embed_output,1.4676054102494336,0.43768869006275274
162,E,embed_output,1.4472053958102185,0.4783777050134482
163,E,embed_output,1.7010532398615614,0.5291773912371643
164,E,embed_output,1.6418746310922951,0.49430240561939565
165,E,embed_output,1.591141766308784,0.5028530852966335
166,E,embed_output,1.6522548417567342,0.47785528893071666
167,E,embed_output,1.5314456238028058,0.4949708633654737
168,E,embed_output,1.5816687604332755,0.5004446500161566
169,E,embed_output,1.5556341632577892,0.503096060221792
170,E,embed_output,1.5674573421619509,0.4698027917780401
171,E,embed_output,1.502698886832416,0.4846219646419776
172,E,embed_output,1.4357356842405855,0.41280913041182726
173,E,embed_output,1.5073706441281436,0.5000167601867515
174,E,embed_output,1.426480280893242,0.3856320776688156
175,E,embed_output,1.4406968277115846,0.4821084080810612
176,E,embed_output,1.5121235132742241,0.41399092888594496
177,E,embed_output,1.579191824766085,0.5450039202205513
178,E,embed_output,1.5294865147273067,0.4584782307656193
179,E,embed_output,1.486995472739707,0.4739217884729398
180,E,embed_output,1.577150164311212,0.47839081224212626
181,E,embed_output,1.3752107862972753,0.41503057181894554
182,E,embed_output,1.571739939054784,0.5077784134244424
183,E,embed_output,1.6097545493618428,0.47469025192920045
184,E,embed_output,1.5068098556670557,0.4785112906205035
185,E,embed_output,1.4155830531931344,0.44938467015459754
186,E,embed_output,1.4125191792707086,0.45121500881261084
187,E,embed_output,1.4149765929129536,0.4114805606494621
188,E,embed_output,1.4036982743828492,0.4591935988645111
189,E,embed_output,1.6505916458666912,0.5368681851419761
190,E,embed_output,1.6435989886009184,0.4835075575325795
191,E,embed_output,1.5727316426171751,0.46289919614281727
192,E,embed_output,1.649536130902313,0.49803081790520437
193,E,embed_output,1.4453162680312923,0.4233092472154283
194,E,embed_output,1.47199715479055,0.5045966506403093
195,E,embed_output,1.61044634734691,0.48238381730495333
196,E,embed_output,1.509814276638127,0.4588532821872608
197,E,embed_output,1.3321304551187176,0.408392221549378
198,E,embed_output,1.3419131349586728,0.3999503182710796
199,E,embed_output,1.4409251818615063,0.4698196593934114
200,E,embed_output,1.3773044213604744,0.41603484434363586
201,E,embed_output,1.235032150112943,0.39712327487415244
202,E,embed_output,1.3857716914815934,0.4764105510872119
203,E,embed_output,1.417633667255517,0.44404658352926596
204,E,embed_output,1.4354206760152242,0.502201305994694
205,E,embed_output,1.577609516662137,0.4828135302086975
206,E,embed_output,1.3753565849753886,0.44614572103105576
207,E,embed_output,1.468593973309856,0.4763576813370398
208,E,embed_output,1.629152017148982,0.5104888564305355
209,E,embed_output,1.4558602546303634,0.4283920145497662
210,E,embed_output,1.428818461610166,0.4872466845292727
211,E,embed_output,1.4551475815046826,0.44666195995462726
212,E,embed_output,1.4737647325324283,0.47268196070888874
213,E,embed_output,1.4134085173049988,0.47958567226334203
214,E,embed_output,1.4976138957437193,0.5202686560686889
215,E,embed_output,1.4823846917265442,0.475137641973063
216,E,embed_output,1.571656974538866,0.5036636420594068
217,E,embed_output,1.493715359925799,0.45496294206370963
218,E,embed_output,1.361136177095042,0.46038769075702457
219,E,embed_output,1.541543911926506,0.5287295381019209
220,E,embed_output,1.569480873771059,0.44481391216637417
221,E,embed_output,1.5712740129227716,0.5246722725502734
222,E,embed_output,1.6143635730863402,0.4699622423406898
223,E,embed_output,1.468187053565573,0.4546170814240704
224,E,embed_output,1.4273080728747023,0.42079987798815793
225,E,embed_output,1.3093376490071227,0.42830656762960917
226,E,embed_output,1.5645074945634394,0.5360936019276915
227,E,embed_output,1.6229675224719289,0.4745182012137184
228,E,embed_output,1.4625570438567133,0.45092371404388604
229,E,embed_output,1.4719070428738907,0.4932491361550711
230,E,embed_output,1.4161629938592926,0.4540059115718244
231,E,embed_output,1.6122895673968702,0.514899446038419
232,E,embed_output,1.5231177950510764,0.4654038958040955
233,E,embed_output,1.4961733070231757,0.4194584687205414
234,E,embed_output,1.4596450446071099,0.5056109291860205
235,E,embed_output,1.6362235346247498,0.46811226664496647
236,E,embed_output,1.5206722167101103,0.47595913848119165
237,E,embed_output,1.4357656588768555,0.43800420411521185
238,E,embed_output,1.5250367077381457,0.4581339260902621
239,E,embed_output,1.439713070187916,0.467891206512824
240,E,embed_output,1.4602077693128572,0.443351351690386
241,E,embed_output,1.487298588993957,0.5242428507505882
242,E,embed_output,1.6660598854985496,0.480172363199072
243,E,embed_output,1.6454012569732397,0.5726992738837898
244,E,embed_output,1.6736167360268828,0.4546234644624551
245,E,embed_output,1.351830748131892,0.44040992131318385
246,E,embed_output,1.340448390226528,0.4238038869843173
247,E,embed_output,1.45750035056811,0.4554790770590882
248,E,embed_output,1.381235861190174,0.42687166323645415
249,E,embed_output,1.4261021483650702,0.45629359632836564
250,E,embed_output,1.4337804956155669,0.43213499821823476
251,E,embed_output,1.4034023986255093,0.45176401814857553
252,E,embed_output,1.2825314851343235,0.40817153071793283
253,E,embed_output,1.3832565080693606,0.4464467762903999
254,E,embed_output,1.3801056805404288,0.4388292600446813
255,E,embed_output,1.467956028246541,0.4711236271376021
256,E,embed_output,1.3911863242173201,0.410864179535185
257,E,embed_output,1.453770586208574,0.48305246035742117
258,E,embed_output,1.661437334476839,0.5288888493248182
259,E,embed_output,1.5037229552815363,0.4552872327746767
260,E,embed_output,1.5411781002468279,0.48422057752625736
261,E,embed_output,1.3494536081369504,0.4050144938938873
262,E,embed_output,1.4523145086442015,0.47549203518158784
263,E,embed_output,1.4977558528563437,0.4662314465432001
264,E,embed_output,1.5483161691221914,0.4556969022820397
265,E,embed_output,1.5147035104184354,0.4796122613339889
266,E,embed_output,1.476499723680883,0.46037590945444334
267,E,embed_output,1.6120570996999053,0.5165090096952766
268,E,embed_output,1.5267929607118056,0.4733892535973967
269,E,embed_output,1.301840265428101,0.4235562923528497
270,E,embed_output,1.3786399452461033,0.4342239584191135
271,E,embed_output,1.6930428475399573,0.5784826036620224
272,E,embed_output,1.6759207406286403,0.46697390107236725
273,E,embed_output,1.450955872697202,0.4258104271796655
274,E,embed_output,1.602957960925761,0.5264489406095906
275,E,embed_output,1.419334925137399,0.42866480557250847
276,E,embed_output,1.333582316364668,0.4283540841116282
277,E,embed_output,1.6220465866225577,0.5165821051872688
278,E,embed_output,1.4505451966114205,0.45316023518305654
279,E,embed_output,1.4699630439405782,0.4623123877851291
280,E,embed_output,1.4696271801650242,0.4575144567894096
281,E,embed_output,1.5442916107288662,0.48064403725926935
282,E,embed_output,1.5516520873046453,0.4575625349695871
283,E,embed_output,1.4253031034519719,0.4621949481839061
284,E,embed_output,1.3677141493072895,0.46582584270134264
285,E,embed_output,1.4833789572057154,0.44141048836293567
286,E,embed_output,1.4419493541348947,0.48196740183488024
287,E,embed_output,1.555393100818689,0.4720742444047911
288,E,embed_output,1.426800578810631,0.42757444520013826
289,E,embed_output,1.4633040264627029,0.47424674378277104
290,E,embed_output,1.551804491250164,0.48577227972907977
291,E,embed_output,1.4553003147795176,0.427566544803968
292,E,embed_output,1.4785313734994654,0.49609021209955984
293,E,embed_output,1.598604347381233,0.47170368342705293
294,E,embed_output,1.4148353711074269,0.4078456215198849
295,E,embed_output,1.568366276464669,0.5214625851154637
296,E,embed_output,1.31518708054397,0.3866391442583363
297,E,embed_output,1.2396126238589917,0.40239195876900774
298,E,embed_output,1.3460390478052333,0.4051371843312626
299,E,embed_output,1.4397869025401187,0.5060771127308278
300,E,embed_output,1.3677725853239364,0.3939703068308152
301,E,embed_output,1.2873292400149334,0.4156238095910149
302,E,embed_output,1.4152267215710774,0.5052322514481057
303,E,embed_output,1.560328482353821,0.4414650451255319
304,E,embed_output,1.44731018125263,0.4720555866826202
305,E,embed_output,1.4924126183704276,0.44175920488102216
306,E,embed_output,1.4642091005930824,0.4713465359513571
307,E,embed_output,1.4698336218638948,0.4179044721729474
308,E,embed_output,1.3488466628350047,0.4172201158867391
309,E,embed_output,1.5194505139818597,0.5165884663925527
310,E,embed_output,1.4968160097467307,0.4315220223039897
311,E,embed_output,1.413072688651565,0.45592665411395683
312,E,embed_output,1.5513336374930675,0.49093389023876677
313,E,embed_output,1.4573386832974498,0.43171369178861724
314,E,embed_output,1.5066148006269093,0.4827485050624833
315,E,embed_output,1.5309915331053061,0.4821614399406431
316,E,embed_output,1.4370677570621029,0.4383772269522555
317,E,embed_output,1.4042678956217884,0.4444409783265773
318,E,embed_output,1.524452497828304,0.48454750057172574
319,E,embed_output,1.5990004131825406,0.5372591329345566
320,E,embed_output,1.4454571874591604,0.39557469488223146
321,E,embed_output,1.3187170885856232,0.43497816029655073
322,E,embed_output,1.3915817778612478,0.4247313052548722
323,E,embed_output,1.4873682435251163,0.4678536292640496
324,E,embed_output,1.5581541736642441,0.5196500108979825
325,E,embed_output,1.7129069388093439,0.5105368023352566
326,E,embed_output,1.456107256952931,0.41902001504193986
327,E,embed_output,1.4143162131126445,0.47351067947702524
328,E,embed_output,1.4062965369582572,0.434904644326995
329,E,embed_output,1.531549033180957,0.4734744403947159
330,E,embed_output,1.430376848105189,0.43309202351096987
331,E,embed_output,1.519960566246079,0.5070668232469555
332,E,embed_output,1.5084676145781224,0.46037300468054715
333,E,embed_output,1.3506296035861913,0.42037350982436833
334,E,embed_output,1.5370861438047554,0.5290434271985659
335,E,embed_output,1.5019918152352225,0.401333864659377
336,E,embed_output,1.4631267638327048,0.4468570737888111
337,E,embed_output,1.3468710073350771,0.43593030678579475
338,E,embed_output,1.4541013071552025,0.46193119103695907
339,E,embed_output,1.4923085060850783,0.4196848720963939
340,E,embed_output,1.4611067185045965,0.5112468437289529
341,E,embed_output,1.7070066612504953,0.49626442557669465
342,E,embed_output,1.545585613108053,0.4679540126453023
343,E,embed_output,1.4736913240131104,0.46171465543675666
344,E,embed_output,1.4046812418786025,0.43031642835575995
345,E,embed_output,1.3749092208761307,0.44132771708990015
346,E,embed_output,1.3640335346934656,0.43905057442446865
347,E,embed_output,1.467772384065392,0.42958474578534706
348,E,embed_output,1.452848163154716,0.46758805868981107
349,E,embed_output,1.476680501784026,0.4625878478275461
350,E,embed_output,1.4509232837225217,0.42818615115912184
351,E,embed_output,1.412203424835099,0.45056401211408587
352,E,embed_output,1.4459079036708034,0.4320213968410204
353,E,embed_output,1.4209872335577516,0.46213731416632714
354,E,embed_output,1.466511728121539,0.45328111938621557
355,E,embed_output,1.5195321897737273,0.45757520769281096
356,E,embed_output,1.4494833743231121,0.40546589478577055
357,E,embed_output,1.4153232173150272,0.4569234157920414
358,E,embed_output,1.39293211244083,0.43174008782927925
359,E,embed_output,1.399810746933197,0.48131534221488464
360,E,embed_output,1.438942631320739,0.42932189716269725
361,E,embed_output,1.476967609506299,0.4577736909171935
362,E,embed_output,1.4838236237152793,0.4866677883038297
363,E,embed_output,1.5350074816224053,0.443527366066065
364,E,embed_output,1.417249793177183,0.44456142180667674
365,E,embed_output,1.434697909352959,0.47638620542117094
366,E,embed_output,1.3094316264212151,0.41940824753135625
367,E,embed_output,1.436256076129363,0.4602466160743557
368,E,embed_output,1.3900090081351415,0.40085476657140484
369,E,embed_output,1.2998009449370949,0.40557846896425837
370,E,embed_output,1.3509213080015545,0.43100832803979294
371,E,embed_output,1.3692115290438949,0.46449222154199116
372,E,embed_output,1.5270676448474416,0.4444354891248919
373,E,embed_output,1.4895249238959323,0.4460106549186764
374,E,embed_output,1.2513932121635891,0.37415340622469095
375,E,embed_output,1.419202279909351,0.483246274599439
376,E,embed_output,1.392747884152482,0.4195179752548513
377,E,embed_output,1.415942667506974,0.44931219369529
378,E,embed_output,1.4242173671740694,0.4736075669558139
379,E,embed_output,1.4569437323676204,0.44016739874036254
380,E,embed_output,1.4406207266681754,0.5135766555434876
381,E,embed_output,1.3845261723160223,0.37226163260066886
382,E,embed_output,1.2442849583599336,0.4384301196592752
383,E,embed_output,1.3911727797344744,0.44552449915501807
384,E,embed_output,1.450172362508612,0.44736480306803905
385,E,embed_output,1.5671126208955761,0.47626303459719055
386,E,embed_output,1.4199473004186842,0.4473403314936306
387,E,embed_output,1.4318710334250329,0.41390895573108644
388,E,embed_output,1.577719090097057,0.5146102193204839
389,E,embed_output,1.5285335694765474,0.4360091610801517
390,E,embed_output,1.465828237260177,0.46260757148835313
391,E,embed_output,1.368042211725915,0.41652900343435156
392,E,embed_output,1.268891503385702,0.3790571235539453
393,E,embed_output,1.1849803831036272,0.3936254135361954
394,E,embed_output,1.373361199206196,0.520448532498427
395,E,embed_output,1.6213161559973215,0.44630618470285843
396,E,embed_output,1.3626358098167763,0.4446204135519037
397,E,embed_output,1.3445127975277258,0.402161591363488
398,E,embed_output,1.3522926748125945,0.4552773780142238
399,E,embed_output,1.4691565419891026,0.45383674152997827
400,E,embed_output,1.4738850502376837,0.47454160305661147
401,E,embed_output,1.561118640296164,0.4771857319677821
402,E,embed_output,1.3881010719454594,0.4106863205122256
403,E,embed_output,1.3809375094716092,0.4218551544744655
404,E,embed_output,1.4120409186676555,0.47339077908422694
405,E,embed_output,1.4676212533908766,0.44964364370477444
406,E,embed_output,1.3927170205541275,0.44731592857391256
407,E,embed_output,1.5783586761271458,0.46206211231553523
408,E,embed_output,1.4418890913864104,0.46408854208703554
409,E,embed_output,1.49814980691809,0.44958841881709444
410,E,embed_output,1.5319039958832983,0.4647546696278983
411,E,embed_output,1.5281975980697615,0.4804731453664098
412,E,embed_output,1.4784404001919305,0.46463859479420316
413,E,embed_output,1.5498650995251302,0.45205069111200685
414,E,embed_output,1.3964845845652523,0.41622265241947526
415,E,embed_output,1.3642442741644847,0.4667419812169497
416,E,embed_output,1.5232306657277812,0.42967947330521045
417,E,embed_output,1.4283149499359702,0.42325070672876325
418,E,embed_output,1.415680409353103,0.4452847051526012
419,E,embed_output,1.3351306866637018,0.41464327634456694
420,E,embed_output,1.3982786063340875,0.47207596874459257
421,E,embed_output,1.4822483502579151,0.4468334945263159
422,E,embed_output,1.3584583133551735,0.42132708173889927
423,E,embed_output,1.321997629375785,0.42645217707988253
424,E,embed_output,1.4061964632661401,0.45839347856996254
425,E,embed_output,1.3724378938015678,0.41938703213605416
426,E,embed_output,1.3960555463866369,0.46084262174589635
427,E,embed_output,1.5465844095251315,0.4726503065512004
428,E,embed_output,1.5052504956120754,0.482976231878701
429,E,embed_output,1.385007764214346,0.4203832496367945
430,E,embed_output,1.3430928927044765,0.41491019433301046
431,E,embed_output,1.4073769452344003,0.4552433105586466
432,E,embed_output,1.4318616614874253,0.4503642527386762
433,E,embed_output,1.6885149658313499,0.5677671102713956
434,E,embed_output,1.687759760536988,0.4618699509927227
435,E,embed_output,1.4277350319864506,0.4234416790624655
436,E,embed_output,1.2959839576455876,0.40929202787207936
437,E,embed_output,1.4410476939030816,0.469124205952959
438,E,embed_output,1.4172012171440835,0.4099509899853246
439,E,embed_output,1.4561447919701467,0.4561106196131928
440,E,embed_output,1.4414121999500347,0.4514897841946488
441,E,embed_output,1.376840563958209,0.44381249848579235
442,E,embed_output,1.5307914976258885,0.4947659212707231
443,E,embed_output,1.5319323586737672,0.45271376628704757
444,E,embed_output,1.443264147558956,0.4618413928298626
445,E,embed_output,1.6116596958110665,0.5047857929094998
446,E,embed_output,1.327485484588201,0.4146744672605857
447,E,embed_output,1.4779851468944063,0.45921284226146836
448,E,embed_output,1.3454206858463984,0.3975788252824124
449,E,embed_output,1.4108674036019047,0.4307164513409079
450,E,embed_output,1.3144803705042556,0.40953398337960084
451,E,embed_output,1.387783890906681,0.417483586281552
452,E,embed_output,1.4397789665148013,0.4875215217651953
453,E,embed_output,1.499079112249242,0.4600000237058674
454,E,embed_output,1.6040427619392008,0.5039043702270791
455,E,embed_output,1.647212171409891,0.4800963707865393
456,E,embed_output,1.4152316771064393,0.40814819406883246
457,E,embed_output,1.4403085863905203,0.5142555312604137
458,E,embed_output,1.5800116992570539,0.4369208976387486
459,E,embed_output,1.556763692792683,0.4620622181551015
460,E,embed_output,1.2877182032375283,0.44082591119602577
461,E,embed_output,1.487758059041143,0.5081253605066941
462,E,embed_output,1.6179899766526464,0.5399471502762904
463,E,embed_output,1.445714133548021,0.4370101104220532
464,E,embed_output,1.436982891327716,0.42376875098015404
465,E,embed_output,1.295518646238619,0.440234976263913
466,E,embed_output,1.4263188686420494,0.45040795340839684
467,E,embed_output,1.5593360637226092,0.48361906426246654
468,E,embed_output,1.6108726100885684,0.49504209221719936
469,E,embed_output,1.529633068953925,0.4350698806610976
470,E,embed_output,1.3792074889142016,0.3968925114870445
471,E,embed_output,1.3752706445624485,0.4647506452185725
472,E,embed_output,1.4937854197913998,0.44413404327422107
473,E,embed_output,1.425164041793439,0.47580493405747176
474,E,embed_output,1.415151853308662,0.4557664890483528
475,E,embed_output,1.5518528500701665,0.47023117234473294
476,E,embed_output,1.4307020488484619,0.4629066074019734
477,E,embed_output,1.4066168662062664,0.4050518974308928
478,E,embed_output,1.2516205700429823,0.45262999743734444
479,E,embed_output,1.482205230604742,0.4639942147446327
480,E,embed_output,1.3374483521013538,0.39413769006832206
481,E,embed_output,1.539898432398247,0.5515280175921533
482,E,embed_output,1.772135925662978,0.48595908450817965
483,E,embed_output,1.5451485571882158,0.4570629742051222
484,E,embed_output,1.4509907369577315,0.43769982700376825
485,E,embed_output,1.384966957561343,0.44156522313734375
486,E,embed_output,1.4295542112723059,0.43374914771637935
487,E,embed_output,1.4529766448866084,0.4656522171499035
488,E,embed_output,1.4135536983629575,0.41339015004915974
489,E,embed_output,1.4195131249358401,0.43186010021464977
490,E,embed_output,1.4174903771299197,0.4431089428970179
491,E,embed_output,1.4660290898551052,0.46769138552658635
492,E,embed_output,1.359247249123737,0.4032248593766316
493,E,embed_output,1.2653933182873374,0.40454239186781077
494,E,embed_output,1.2694981298693968,0.4164237254900994
495,E,embed_output,1.3630598833949927,0.4573080440595611
496,E,embed_output,1.4012152834646625,0.4907425276331248
497,E,embed_output,1.6163324295379515,0.4711817061574455
498,E,embed_output,1.5868043410211445,0.5018876115666664
499,E,embed_output,1.554387717762115,0.43317554108579026
500,E,embed_output,1.318844621949505,0.4389792944752226
501,E,embed_output,1.396279429745615,0.45396519182770834
502,E,embed_output,1.5844321498159935,0.4801832225120326
503,E,embed_output,1.5170576378284488,0.47748517463663953
504,E,embed_output,1.383334642429714,0.41333556921287445
505,E,embed_output,1.4190227282953878,0.457369423175777
506,E,embed_output,1.3857996715589476,0.4071124117979252
507,E,embed_output,1.3651314648959834,0.42114573474979305
508,E,embed_output,1.4203918565197422,0.44565250949455454
509,E,embed_output,1.4419118644666724,0.45712349545542263
510,E,embed_output,1.3960299837234829,0.4784534736233858
511,E,embed_output,1.42831677650952,0.4232249452428
512,E,embed_output,1.401706136098717,0.4433867981130279
513,E,embed_output,1.4991479443977302,0.4562352235253777
514,E,embed_output,1.5026580994961558,0.46723724300135744
515,E,embed_output,1.482019260848532,0.46150704872397447
516,E,embed_output,1.3948537680780373,0.43305199250992404
517,E,embed_output,1.5237952376973014,0.47360653605138264
518,E,embed_output,1.6290141568553778,0.4561902878425681
519,E,embed_output,1.3947171833964314,0.4809311564707824
520,E,embed_output,1.4694935112502863,0.3938714880231989
521,E,embed_output,1.4575905106217313,0.509478034165903
522,E,embed_output,1.4860758578952415,0.41991488053334164
523,E,embed_output,1.2826991058188901,0.38936203616567705
524,E,embed_output,1.4483386814571206,0.48809498304722415
525,E,embed_output,1.4887724493982413,0.441739329461248
526,E,embed_output,1.2869906601732672,0.37851724583376395
527,E,embed_output,1.2861311387866938,0.4157426778606377
528,E,embed_output,1.552991083773212,0.5458682301618849
529,E,embed_output,1.5923202129744087,0.4223831499177624
530,E,embed_output,1.375479207049438,0.4157089453321472
531,E,embed_output,1.3466946902399912,0.444539594374509
532,E,embed_output,1.3613878804023838,0.43101231077649405
533,E,embed_output,1.4780249768418452,0.503478295245576
534,E,embed_output,1.4815063169938985,0.41680859646486584
535,E,embed_output,1.3913334413896283,0.4422645787914563
536,E,embed_output,1.4155509359974663,0.4546117769968148
537,E,embed_output,1.5033088621443176,0.4538050201014716
538,E,embed_output,1.353321103730757,0.43406389048402844
539,E,embed_output,1.454868451950504,0.4588111402514647
540,E,embed_output,1.4559847935800931,0.47237300002636157
541,E,embed_output,1.3795004963679833,0.39685851614227863
542,E,embed_output,1.3840321159465596,0.44623407238440455
543,E,embed_output,1.387539933532284,0.44705524980516803
544,E,embed_output,1.4671627800419105,0.4392018040783527
545,E,embed_output,1.3383712584160858,0.413797513456363
546,E,embed_output,1.4314967602068125,0.4619685274738678
547,E,embed_output,1.3616192563685634,0.3949547093480115
548,E,embed_output,1.2746903039376323,0.420001384773971
549,E,embed_output,1.4083425381257986,0.4342132054348535
550,E,embed_output,1.347035102372502,0.41573313202388157
551,E,embed_output,1.4955337179181638,0.5197109808926268
552,E,embed_output,1.4904807967098772,0.4191932205511093
553,E,embed_output,1.3479194909119139,0.4308457351363355
554,E,embed_output,1.2548276568586856,0.43921346034996556
555,E,embed_output,1.5166916943680346,0.5090374065149481
556,E,embed_output,1.5629331219515659,0.45053854445574865
557,E,embed_output,1.6491221981421873,0.47077644514152256
558,E,embed_output,1.4216256793015192,0.40703212348829004
559,E,embed_output,1.2682940817548467,0.4030422986629274
560,E,embed_output,1.503736765790424,0.49014755859415926
561,E,embed_output,1.6100015109555463,0.4727841388905321
562,E,embed_output,1.4348373738348528,0.4438605368993495
563,E,embed_output,1.3849010916564304,0.4154191660308834
564,E,embed_output,1.377125444410631,0.4475048244319601
565,E,embed_output,1.5134973648418237,0.4760132611553523
566,E,embed_output,1.5299837909578413,0.47450167413597216
567,E,embed_output,1.5274885818078259,0.43880683424659156
568,E,embed_output,1.3731454257580726,0.4250594725253618
569,E,embed_output,1.4917665890551488,0.4723479311171199
570,E,embed_output,1.4724842206724302,0.4359215099629963
571,E,embed_output,1.3844108111972668,0.4220850330481804
572,E,embed_output,1.5708358213808278,0.5218339801603195
573,E,embed_output,1.3765560957762446,0.4163308945546511
574,E,embed_output,1.4047676648719707,0.413204987642979
575,E,embed_output,1.3317937321992348,0.44840515477252935
576,E,embed_output,1.4203794754657904,0.47652148180073145
577,E,embed_output,1.505343972014253,0.4552129747014903
578,E,embed_output,1.410451737233437,0.42051908136966754
579,E,embed_output,1.518998199296471,0.5093234972287755
580,E,embed_output,1.6276920390735252,0.5073072418329924
581,E,embed_output,1.5372388638915337,0.41798916706571476
582,E,embed_output,1.2973473951375127,0.45025515915553455
583,E,embed_output,1.5016275363140166,0.44103060418088313
584,E,embed_output,1.4612114979262243,0.4470034519583579
585,E,embed_output,1.3410441190889677,0.4174194893661403
586,E,embed_output,1.5075811850475647,0.4782372755927353
587,E,embed_output,1.5570598921401062,0.4563553588546168
588,E,embed_output,1.458264310067891,0.42261736167500574
589,E,embed_output,1.2152006398121824,0.38232157596291283
590,E,embed_output,1.532712340001077,0.559713924727605
591,E,embed_output,1.4818123498304177,0.4517474220945381
592,E,embed_output,1.362347161303187,0.3945372533812718
593,E,embed_output,1.371320184143503,0.4601137766662009
594,E,embed_output,1.4388584161173528,0.4539937098931546
595,E,embed_output,1.5097647855109992,0.4783409814698902
596,E,embed_output,1.5167538337785684,0.47546840317141476
597,E,embed_output,1.4850598028312627,0.47319187431699694
598,E,embed_output,1.564135847282828,0.5037744149865323
599,E,embed_output,1.475375433360391,0.39390032091083355
600,E,embed_output,1.4020367873690862,0.46059453211039053
601,E,embed_output,1.360572995691258,0.4464678705791682
602,E,embed_output,1.372155203534624,0.4032910752154364
603,E,embed_output,1.3270122467612135,0.4669453999161351
604,E,embed_output,1.3993395455725262,0.38334620089114063
605,E,embed_output,1.3800104930258243,0.4787664357025516
606,E,embed_output,1.4066763461945122,0.4120110784414613
607,E,embed_output,1.3810101319776875,0.4736106430212017
608,E,embed_output,1.4048064934660776,0.44262118253393545
609,E,embed_output,1.4998379575062701,0.4848940701003985
610,E,embed_output,1.4343686404044782,0.4478508810489315
611,E,embed_output,1.4401552442129093,0.43443141197038143
612,E,embed_output,1.2370018795460134,0.3698934378945855
613,E,embed_output,1.3629088067621322,0.4695349194092675
614,E,embed_output,1.5347607276264943,0.4833764500735853
615,E,embed_output,1.5021128239294421,0.42172431482678685
616,E,embed_output,1.523736186151125,0.48510201876260856
617,E,embed_output,1.3477043293921476,0.39050742873351485
618,E,embed_output,1.4798343428116665,0.49223330572422586
619,E,embed_output,1.511711418131705,0.4699260085907679
620,E,embed_output,1.3652070435732124,0.38466436337601134
621,E,embed_output,1.3441498027114005,0.4362090045163048
622,E,embed_output,1.573496950948694,0.49325993936653595
623,E,embed_output,1.4788390545444516,0.42897547334400804
624,E,embed_output,1.447154307331929,0.5075923634756044
625,E,embed_output,1.4400359266510951,0.44041215087814356
626,E,embed_output,1.4050017040838894,0.4359818042280466
627,E,embed_output,1.4396302093943143,0.45542180888338785
628,E,embed_output,1.448652759772781,0.44118220019776205
629,E,embed_output,1.316820889468549,0.39886436959733745
630,E,embed_output,1.3377368946525952,0.40804821084751497
631,E,embed_output,1.0722462130046337,0.32180630107584934
632,E,embed_output,1.1631137925959343,0.406771491928773
633,E,embed_output,1.333026161236058,0.42307617419482524
634,E,embed_output,1.3394365857131225,0.4667561153237189
635,E,embed_output,1.4617557700313017,0.41936769840037086
636,E,embed_output,1.3623596545044467,0.4180848651670854
637,E,embed_output,1.482588430539934,0.46278166358135203
638,E,embed_output,1.3358024227099343,0.383854318172482
639,E,embed_output,1.4330221466166668,0.48065832813842074
640,E,embed_output,1.5556720530958599,0.4670073182283227
641,E,embed_output,1.4479802652790976,0.459353121300946
642,E,embed_output,1.549009282215132,0.4606254483157299
643,E,embed_output,1.4100027958498247,0.42747790304140815
644,E,embed_output,1.450741984639836,0.45809403102469765
645,E,embed_output,1.4546016225990854,0.4385409312580882
646,E,embed_output,1.357313281301056,0.4256348784076895
647,E,embed_output,1.3312032535392415,0.40023188708172314
648,E,embed_output,1.2922130947746813,0.41321186930533266
649,E,embed_output,1.5654862159991834,0.5582190357447211
650,E,embed_output,1.6321078736076888,0.4349764944450733
651,E,embed_output,1.2584712273910217,0.40616287230713377
652,E,embed_output,1.288312770977308,0.4074705664063969
653,E,embed_output,1.3523203024030253,0.4438290231214855
654,E,embed_output,1.4879346088369927,0.48409200731685864
655,E,embed_output,1.4733006681641247,0.443535279924325
656,E,embed_output,1.3744374066863845,0.41958907055411254
657,E,embed_output,1.4313065355959824,0.44624540443650734
658,E,embed_output,1.5275457076557248,0.46442887785415055
659,E,embed_output,1.4490749543459416,0.4619810293402398
660,E,embed_output,1.5250688436645523,0.4464530623746388
661,E,embed_output,1.588565864338277,0.48016978403694077
662,E,embed_output,1.5447256014832051,0.49400831718462296
663,E,embed_output,1.6475445583985961,0.47198760909109866
664,E,embed_output,1.5329750546340677,0.4983663036713146
665,E,embed_output,1.5276111410560695,0.4527181598711721
666,E,embed_output,1.484015747658107,0.4732584547204086
667,E,embed_output,1.4890877103911728,0.44778991805472795
668,E,embed_output,1.4116129701007667,0.4665642505174783
669,E,embed_output,1.3530765455143183,0.3989776220212565
670,E,embed_output,1.388290048646434,0.42057429679975983
671,E,embed_output,1.3780019310398484,0.4922382880593584
672,E,embed_output,1.499725320382751,0.4626563083591219
673,E,embed_output,1.4646675729263814,0.4235812882240815
674,E,embed_output,1.3835641748766467,0.45850929854104744
675,E,embed_output,1.3845965524322708,0.43795723706199324
676,E,embed_output,1.4795477669471067,0.4310264327176765
677,E,embed_output,1.527856970879351,0.48325371566633885
678,E,embed_output,1.5272605647635282,0.4222272835978808
679,E,embed_output,1.4636812397877776,0.44409369394922654
680,E,embed_output,1.4719625395744425,0.43014820516182156
681,E,embed_output,1.3434408606508157,0.3974240413736583
682,E,embed_output,1.3140258877339974,0.4290248231797779
683,E,embed_output,1.3370370192401726,0.42514609662071573
684,E,embed_output,1.4116834700005598,0.47727491331347033
685,E,embed_output,1.5483085348476093,0.45832434544380024
686,E,embed_output,1.574169561504761,0.4649204129944813
687,E,embed_output,1.410734327449114,0.39840226461365663
688,E,embed_output,1.3441926023620188,0.42346093424265163
689,E,embed_output,1.3764791285881932,0.4518517571845951
690,E,embed_output,1.4875232543642918,0.4645919584638561
691,E,embed_output,1.4156506393772368,0.42027564194547473
692,E,embed_output,1.4726460830727623,0.47528861058067867
693,E,embed_output,1.4348075730597487,0.4255047523886084
694,E,embed_output,1.3905790539618608,0.4658690377608256
695,E,embed_output,1.4612603763748468,0.3852665059311436
696,E,embed_output,1.3579433980357862,0.4601344331475037
697,E,embed_output,1.4374419777663303,0.40618457703963423
698,E,embed_output,1.3634495528631474,0.43389559029726216
0,block0.Wq,transformer_block,0.7500176012834925,0.007244907970000317
1,block0.Wq,transformer_block,1.0858097749542563,0.018569028476567533
2,block0.Wq,transformer_block,0.8236737005518592,0.009185750669304814
3,block0.Wq,transformer_block,0.7256576847227351,0.012990630262881851
4,block0.Wq,transformer_block,1.075333937244787,0.012731159522746416
5,block0.Wq,transformer_block,1.261985668175874,0.01817850956412291
6,block0.Wq,transformer_block,1.750885328442641,0.030943782759705725
7,block0.Wq,transformer_block,1.9446446853877448,0.011755096158932079
8,block0.Wq,transformer_block,1.333734719970606,0.02222212467038094
9,block0.Wq,transformer_block,2.6737741872812717,0.036482437548628247
10,block0.Wq,transformer_block,3.0670170913595274,0.03363117631898885
11,block0.Wq,transformer_block,2.593248337615825,0.036527745755325004
12,block0.Wq,transformer_block,2.505610964507625,0.031680178477387924
13,block0.Wq,transformer_block,3.158705323488443,0.047105880897685984
14,block0.Wq,transformer_block,3.201739173780284,0.04259832495095952
15,block0.Wq,transformer_block,3.9420512168141912,0.0533850291130039
16,block0.Wq,transformer_block,3.8512134466316716,0.069945541451705
17,block0.Wq,transformer_block,5.56247251758501,0.0829373858152102
18,block0.Wq,transformer_block,4.803691129316116,0.04875246805361588
19,block0.Wq,transformer_block,6.045044484332642,0.10949610407610029
20,block0.Wq,transformer_block,10.336062164642183,0.18198936608907168
21,block0.Wq,transformer_block,10.658446723807215,0.10095610718795467
22,block0.Wq,transformer_block,7.026302828915014,0.13166197691213163
23,block0.Wq,transformer_block,6.904292856435037,0.14099377489543116
24,block0.Wq,transformer_block,9.336764377198568,0.1899557506223522
25,block0.Wq,transformer_block,13.47587319873301,0.23882066273683855
26,block0.Wq,transformer_block,16.138177841534272,0.23455324424273383
27,block0.Wq,transformer_block,14.473113684034162,0.16362341201431416
28,block0.Wq,transformer_block,16.980888718546705,0.2803550797153707
29,block0.Wq,transformer_block,13.88951349077074,0.1874178053827374
30,block0.Wq,transformer_block,13.930635603046266,0.2527909163617843
31,block0.Wq,transformer_block,20.41829121787496,0.27132053262318867
32,block0.Wq,transformer_block,23.97424344810417,0.3332712457227641
33,block0.Wq,transformer_block,34.764268654146136,0.48564248447735614
34,block0.Wq,transformer_block,31.01728575079069,0.2708189435141657
35,block0.Wq,transformer_block,25.705827778450843,0.36135698246824727
36,block0.Wq,transformer_block,26.148532931646166,0.28291708715108377
37,block0.Wq,transformer_block,24.311262564942965,0.3413475055892843
38,block0.Wq,transformer_block,25.73867337050995,0.28672594214762115
39,block0.Wq,transformer_block,22.571565964479735,0.25857387158065503
40,block0.Wq,transformer_block,24.518372062526343,0.35345346376847914
41,block0.Wq,transformer_block,25.93957044433887,0.3415732576969072
42,block0.Wq,transformer_block,23.672304805145664,0.28425833925836713
43,block0.Wq,transformer_block,22.615560185586595,0.3264411724221801
44,block0.Wq,transformer_block,24.957308831596947,0.33611561800388673
45,block0.Wq,transformer_block,23.82408522622606,0.26829327118232166
46,block0.Wq,transformer_block,19.309486664741126,0.2518191264275159
47,block0.Wq,transformer_block,23.659903976507014,0.3266305813113666
48,block0.Wq,transformer_block,24.785277832157558,0.2703050894303107
49,block0.Wq,transformer_block,25.02485415075493,0.32832402928584686
50,block0.Wq,transformer_block,26.469066131641583,0.35490170662381687
51,block0.Wq,transformer_block,24.72551861128014,0.2679275630058943
52,block0.Wq,transformer_block,18.60977539070174,0.21899357670382047
53,block0.Wq,transformer_block,19.346230077058834,0.2828418179322564
54,block0.Wq,transformer_block,21.157616265524062,0.28224272243709303
55,block0.Wq,transformer_block,25.038056906954406,0.3426639923484704
56,block0.Wq,transformer_block,25.74374809051367,0.2591887510052555
57,block0.Wq,transformer_block,19.627253964414077,0.25873527954922376
58,block0.Wq,transformer_block,18.69540622093302,0.2530299173382319
59,block0.Wq,transformer_block,17.625984820661586,0.22843972509646931
60,block0.Wq,transformer_block,19.177538436490394,0.27574586691538855
61,block0.Wq,transformer_block,18.270202601714125,0.25302448288611523
62,block0.Wq,transformer_block,18.36379683974029,0.21236978300997886
63,block0.Wq,transformer_block,14.836842449386754,0.20595502150051087
64,block0.Wq,transformer_block,16.18530443124423,0.25084710280775047
65,block0.Wq,transformer_block,16.188750506008077,0.2142276652810659
66,block0.Wq,transformer_block,16.73783402233295,0.24863008728919359
67,block0.Wq,transformer_block,18.51495935950754,0.25586195513314175
68,block0.Wq,transformer_block,17.981267479322366,0.24438894718987958
69,block0.Wq,transformer_block,18.163370498238642,0.2573252377180842
70,block0.Wq,transformer_block,21.151155324478886,0.25612587972380546
71,block0.Wq,transformer_block,16.287106202481638,0.2181444186841681
72,block0.Wq,transformer_block,16.85638722819927,0.2284407531827411
73,block0.Wq,transformer_block,15.403119451810774,0.18842212529418217
74,block0.Wq,transformer_block,20.657460364107333,0.3250996626575957
75,block0.Wq,transformer_block,23.14768236613939,0.2173856604371513
76,block0.Wq,transformer_block,19.563861525667093,0.2786483261996989
77,block0.Wq,transformer_block,14.121753359173526,0.1780857646185575
78,block0.Wq,transformer_block,12.945078379467645,0.19680606726221722
79,block0.Wq,transformer_block,14.04406075851827,0.19485092910720872
80,block0.Wq,transformer_block,14.313409946067175,0.21508117411499422
81,block0.Wq,transformer_block,15.424538541085134,0.18961020309193127
82,block0.Wq,transformer_block,17.25415512154412,0.2422897924306197
83,block0.Wq,transformer_block,18.229628408580616,0.19267692490313015
84,block0.Wq,transformer_block,13.955414661300274,0.16009038113886398
85,block0.Wq,transformer_block,13.188567331482867,0.1971216263127057
86,block0.Wq,transformer_block,15.177672661548325,0.19732158335656164
87,block0.Wq,transformer_block,13.711372551054017,0.1905529675034476
88,block0.Wq,transformer_block,15.82461270461508,0.20561014238938974
89,block0.Wq,transformer_block,17.790642812601906,0.2296919603612288
90,block0.Wq,transformer_block,16.31714667953499,0.21823079957183716
91,block0.Wq,transformer_block,18.430057929753023,0.23481676833983248
92,block0.Wq,transformer_block,19.582383139221452,0.2911512139754108
93,block0.Wq,transformer_block,21.997966402629373,0.20810803275665807
94,block0.Wq,transformer_block,17.756874844433582,0.2315196294139435
95,block0.Wq,transformer_block,15.982235613350726,0.16585481716168907
96,block0.Wq,transformer_block,14.096647845230551,0.19482033423171174
97,block0.Wq,transformer_block,15.10502841392515,0.21354402780513987
98,block0.Wq,transformer_block,13.534929223769469,0.16382416057417243
99,block0.Wq,transformer_block,10.992647246797103,0.16246086929160636
100,block0.Wq,transformer_block,15.252610213865657,0.2185818705802307
101,block0.Wq,transformer_block,12.947109573828168,0.1387183637190913
102,block0.Wq,transformer_block,11.79589270360295,0.1951474119782121
103,block0.Wq,transformer_block,13.743626400318206,0.18727810990491492
104,block0.Wq,transformer_block,13.986643611431353,0.19708135963373033
105,block0.Wq,transformer_block,14.075464658446972,0.22137473908109792
106,block0.Wq,transformer_block,16.857014562353353,0.2279545130337483
107,block0.Wq,transformer_block,16.54974196344745,0.1906688387333777
108,block0.Wq,transformer_block,14.260118553366125,0.2030428495161158
109,block0.Wq,transformer_block,15.515743174961285,0.21046582560099208
110,block0.Wq,transformer_block,14.658142526172655,0.16596527788480886
111,block0.Wq,transformer_block,13.534506430918487,0.19108491241802283
112,block0.Wq,transformer_block,14.837647520343237,0.1955280416365321
113,block0.Wq,transformer_block,12.978260574966423,0.1637179112475152
114,block0.Wq,transformer_block,13.135804933229116,0.19313002519273342
115,block0.Wq,transformer_block,14.651826063860488,0.21754901006512187
116,block0.Wq,transformer_block,14.474058099644159,0.20107914041700686
117,block0.Wq,transformer_block,13.820668792396994,0.1683950782976943
118,block0.Wq,transformer_block,15.000698273678404,0.2026402457866599
119,block0.Wq,transformer_block,16.316189514091842,0.20517909732356615
120,block0.Wq,transformer_block,14.948722349759503,0.1876050001815623
121,block0.Wq,transformer_block,12.845968820769405,0.1650543189125001
122,block0.Wq,transformer_block,12.117592856124276,0.17537687664012722
123,block0.Wq,transformer_block,13.794444438716518,0.20218959364453393
124,block0.Wq,transformer_block,13.90634255285221,0.17351182735559426
125,block0.Wq,transformer_block,12.608060895051626,0.14381320198353462
126,block0.Wq,transformer_block,11.57883636386386,0.1725366109515182
127,block0.Wq,transformer_block,12.719946720394823,0.17574276246499287
128,block0.Wq,transformer_block,12.703947030767868,0.14993489712848637
129,block0.Wq,transformer_block,13.836150654481585,0.20150294937988544
130,block0.Wq,transformer_block,12.508782040903043,0.14227200634646298
131,block0.Wq,transformer_block,12.154518664694923,0.17582095164007477
132,block0.Wq,transformer_block,14.142600351614346,0.17953682407856889
133,block0.Wq,transformer_block,10.599688953895566,0.14694221946772396
134,block0.Wq,transformer_block,12.069301796028224,0.16719401373508092
135,block0.Wq,transformer_block,10.926190681265513,0.1558416785884339
136,block0.Wq,transformer_block,13.907848531828423,0.1972121701284818
137,block0.Wq,transformer_block,15.289559172118292,0.17513637568194623
138,block0.Wq,transformer_block,11.490971524020852,0.14695151366598055
139,block0.Wq,transformer_block,11.560989128677411,0.1489606299823351
140,block0.Wq,transformer_block,10.93837285067125,0.1520236443521546
141,block0.Wq,transformer_block,11.08437943796611,0.14958984766065525
142,block0.Wq,transformer_block,11.482608120882109,0.14846951352773685
143,block0.Wq,transformer_block,9.244243975182622,0.15273663692997663
144,block0.Wq,transformer_block,10.420200148752556,0.14016097024729174
145,block0.Wq,transformer_block,10.081383441592461,0.13017540988991594
146,block0.Wq,transformer_block,10.90052796797362,0.15785886582331193
147,block0.Wq,transformer_block,11.201446645804454,0.14302588888562667
148,block0.Wq,transformer_block,11.544877706946114,0.14742200871438635
149,block0.Wq,transformer_block,10.973431647694914,0.15786254885978174
150,block0.Wq,transformer_block,12.56076295078718,0.16189311981322368
151,block0.Wq,transformer_block,13.000649983141205,0.156523971405336
152,block0.Wq,transformer_block,10.289427795833765,0.12499847753689328
153,block0.Wq,transformer_block,10.370681268544013,0.1535992984008894
154,block0.Wq,transformer_block,12.0738058739681,0.16488901889466112
155,block0.Wq,transformer_block,11.261092659007737,0.1436662856096843
156,block0.Wq,transformer_block,14.039234504614091,0.19811089565573262
157,block0.Wq,transformer_block,13.90828217870734,0.17204110729291372
158,block0.Wq,transformer_block,11.703729383690597,0.11977609400361271
159,block0.Wq,transformer_block,9.231725855234698,0.12676660132766704
160,block0.Wq,transformer_block,8.731442839020508,0.12366318081018753
161,block0.Wq,transformer_block,9.0472186356584,0.13177224735033824
162,block0.Wq,transformer_block,9.254482460311706,0.12773854454776606
163,block0.Wq,transformer_block,9.988094726450118,0.14746435036142627
164,block0.Wq,transformer_block,9.827760703001447,0.13360977187278658
165,block0.Wq,transformer_block,12.01887530164567,0.162456812608407
166,block0.Wq,transformer_block,12.193304003248922,0.1625358347081713
167,block0.Wq,transformer_block,11.094834626373483,0.15138853392924576
168,block0.Wq,transformer_block,12.263192931248305,0.15116845115507893
169,block0.Wq,transformer_block,11.583704430761285,0.176598016583728
170,block0.Wq,transformer_block,12.132126019974784,0.1404293717821512
171,block0.Wq,transformer_block,9.625896076335312,0.12502266437611093
172,block0.Wq,transformer_block,9.973839063343096,0.13012483582490442
173,block0.Wq,transformer_block,10.985049203242797,0.15797382624733428
174,block0.Wq,transformer_block,9.056053510691385,0.10523839116853553
175,block0.Wq,transformer_block,10.13333370279199,0.1509367365341031
176,block0.Wq,transformer_block,10.303370165834345,0.11576948508680987
177,block0.Wq,transformer_block,9.538999009798355,0.15111359579781308
178,block0.Wq,transformer_block,10.576304516136325,0.13855678524710913
179,block0.Wq,transformer_block,10.717495424319358,0.14908726384643556
180,block0.Wq,transformer_block,11.425157966607436,0.15382877816181545
181,block0.Wq,transformer_block,10.10411573707434,0.12362662498756098
182,block0.Wq,transformer_block,9.818883733171154,0.13880081612327547
183,block0.Wq,transformer_block,10.052038663407568,0.1405952003819801
184,block0.Wq,transformer_block,11.145741932028685,0.14598201325167715
185,block0.Wq,transformer_block,9.751275526602763,0.11573095823432923
186,block0.Wq,transformer_block,9.339137398365043,0.13671681745159237
187,block0.Wq,transformer_block,8.307133700436191,0.1141647138011119
188,block0.Wq,transformer_block,9.024650744729382,0.1262956164409133
189,block0.Wq,transformer_block,10.86710902023273,0.1487609650950284
190,block0.Wq,transformer_block,10.416550289494108,0.1404144270814663
191,block0.Wq,transformer_block,11.08441429259541,0.15208089363920957
192,block0.Wq,transformer_block,10.819908937851729,0.12649260445946528
193,block0.Wq,transformer_block,9.751730353800642,0.12837297422473615
194,block0.Wq,transformer_block,9.86792347880923,0.1332260321511285
195,block0.Wq,transformer_block,8.57762661151952,0.13334143069908516
196,block0.Wq,transformer_block,9.704058489445794,0.12939429607295577
197,block0.Wq,transformer_block,9.642041802584016,0.11995511705727549
198,block0.Wq,transformer_block,9.199621007656477,0.11557808814863302
199,block0.Wq,transformer_block,8.848099103261784,0.11675354138148053
200,block0.Wq,transformer_block,9.202073394544893,0.13259763060537846
201,block0.Wq,transformer_block,10.008136250030903,0.12604343380693983
202,block0.Wq,transformer_block,10.348093075605687,0.13756993826641759
203,block0.Wq,transformer_block,9.857174030794605,0.13508405810396756
204,block0.Wq,transformer_block,11.038127500509592,0.1485928507418044
205,block0.Wq,transformer_block,10.877757812587992,0.14244250002315587
206,block0.Wq,transformer_block,8.683947874751732,0.11927489939867794
207,block0.Wq,transformer_block,7.711364356673105,0.09458234929615202
208,block0.Wq,transformer_block,8.001482355995645,0.12332639173444147
209,block0.Wq,transformer_block,10.195712163541378,0.1439167957626424
210,block0.Wq,transformer_block,9.23631268892626,0.10350197921001163
211,block0.Wq,transformer_block,7.682133022468495,0.1043850898261809
212,block0.Wq,transformer_block,8.60886239241701,0.1301691152607653
213,block0.Wq,transformer_block,9.162835055180263,0.11720770416182706
214,block0.Wq,transformer_block,10.053065898456774,0.14871395225866174
215,block0.Wq,transformer_block,9.852122053032762,0.1290559552957778
216,block0.Wq,transformer_block,10.216236190140535,0.13509879120460527
217,block0.Wq,transformer_block,8.34712655195334,0.1062677064698487
218,block0.Wq,transformer_block,8.80404795348122,0.11565675569916432
219,block0.Wq,transformer_block,8.214221303388278,0.1240919761431705
220,block0.Wq,transformer_block,9.925398296014778,0.12668563345843398
221,block0.Wq,transformer_block,8.388127100074541,0.09405877662001887
222,block0.Wq,transformer_block,6.936205773373776,0.1040012363473896
223,block0.Wq,transformer_block,8.300516101768487,0.12472835066736417
224,block0.Wq,transformer_block,8.746458455402113,0.11109512392388918
225,block0.Wq,transformer_block,8.490680285628478,0.12573616813841149
226,block0.Wq,transformer_block,10.797283017695422,0.15153031860859834
227,block0.Wq,transformer_block,9.994910984165633,0.14555512267693177
228,block0.Wq,transformer_block,11.597252129317148,0.1452437127297729
229,block0.Wq,transformer_block,11.713040421121306,0.15758807547278203
230,block0.Wq,transformer_block,9.900164875866587,0.11176440830232082
231,block0.Wq,transformer_block,8.272674609817502,0.1252374012194118
232,block0.Wq,transformer_block,8.836693845159298,0.12136634372035607
233,block0.Wq,transformer_block,8.320819909908677,0.10288108619872144
234,block0.Wq,transformer_block,7.931676786913033,0.1084782320348026
235,block0.Wq,transformer_block,9.607631131949512,0.1383274494742444
236,block0.Wq,transformer_block,10.403293366247157,0.1312603698985018
237,block0.Wq,transformer_block,8.4161284804859,0.08801972457849008
238,block0.Wq,transformer_block,8.41947375207736,0.13410606025506278
239,block0.Wq,transformer_block,9.532475022269734,0.10758418694292654
240,block0.Wq,transformer_block,8.251822151031448,0.09502531583622664
241,block0.Wq,transformer_block,7.91789040358092,0.1145686900489984
242,block0.Wq,transformer_block,9.105438746893014,0.1296112666914058
243,block0.Wq,transformer_block,8.983654372376085,0.1160540846786437
244,block0.Wq,transformer_block,8.638665635421514,0.12045229433430961
245,block0.Wq,transformer_block,8.235390878638675,0.09786697344623788
246,block0.Wq,transformer_block,7.316417457912217,0.09733650404341054
247,block0.Wq,transformer_block,7.369006690780252,0.1027058671687135
248,block0.Wq,transformer_block,6.965452125045371,0.09254081864138033
249,block0.Wq,transformer_block,7.195728426903131,0.10007258458317847
250,block0.Wq,transformer_block,7.850879507964782,0.1093537876525614
251,block0.Wq,transformer_block,7.961965913207243,0.11314245347154207
252,block0.Wq,transformer_block,7.252778850262857,0.09481799078674648
253,block0.Wq,transformer_block,9.229382169603806,0.15035079329885434
254,block0.Wq,transformer_block,8.958985167971013,0.12543290851143707
255,block0.Wq,transformer_block,8.244157017480559,0.10254846896390171
256,block0.Wq,transformer_block,7.0258171885867045,0.10126484848697509
257,block0.Wq,transformer_block,8.17887550899116,0.11834083828342373
258,block0.Wq,transformer_block,9.083118213077034,0.12100989287939024
259,block0.Wq,transformer_block,8.109207313745435,0.10142636205409042
260,block0.Wq,transformer_block,7.234883904815242,0.09845803833973071
261,block0.Wq,transformer_block,6.819054713946394,0.09228102743790123
262,block0.Wq,transformer_block,7.141154094475403,0.11237310929451991
263,block0.Wq,transformer_block,8.7026589388287,0.11259994911248328
264,block0.Wq,transformer_block,8.58224336617592,0.10742347631899549
265,block0.Wq,transformer_block,8.561226011810504,0.12455718213975889
266,block0.Wq,transformer_block,8.923375911435723,0.1061593477509448
267,block0.Wq,transformer_block,8.908167283513903,0.12127754284760715
268,block0.Wq,transformer_block,10.159752320180253,0.12749565724543221
269,block0.Wq,transformer_block,8.262202976425948,0.09575675627121039
270,block0.Wq,transformer_block,7.9022269044727045,0.11626381050403341
271,block0.Wq,transformer_block,9.492832019585935,0.12168638942662952
272,block0.Wq,transformer_block,8.754013928846453,0.11765097358493892
273,block0.Wq,transformer_block,8.252770695132375,0.08753881663878689
274,block0.Wq,transformer_block,8.333979209178764,0.11907211664258519
275,block0.Wq,transformer_block,7.627515658347262,0.09103268843239468
276,block0.Wq,transformer_block,6.815683728426722,0.08462118327007934
277,block0.Wq,transformer_block,8.141660234250999,0.12216345053894703
278,block0.Wq,transformer_block,9.965146469035567,0.13030114748088512
279,block0.Wq,transformer_block,9.228419984143216,0.10601788055237
280,block0.Wq,transformer_block,7.054753234083596,0.08964871620392371
281,block0.Wq,transformer_block,7.643049848673124,0.1034547624658964
282,block0.Wq,transformer_block,8.706920450935128,0.141757762296584
283,block0.Wq,transformer_block,9.139720454056764,0.10863915169224551
284,block0.Wq,transformer_block,8.834242401343472,0.11975472665500539
285,block0.Wq,transformer_block,8.220175683228787,0.09157015793670675
286,block0.Wq,transformer_block,7.487685545871518,0.10043070547057428
287,block0.Wq,transformer_block,7.326881883134039,0.09969010182807092
288,block0.Wq,transformer_block,8.553090312632529,0.11024688921111106
289,block0.Wq,transformer_block,7.65489959322659,0.09483265302548333
290,block0.Wq,transformer_block,7.475230872290523,0.09008496283841963
291,block0.Wq,transformer_block,6.466898097888354,0.08366464114864827
292,block0.Wq,transformer_block,5.8958226791190445,0.08698533613799558
293,block0.Wq,transformer_block,6.999638517469784,0.09935755401873844
294,block0.Wq,transformer_block,6.706461263577454,0.09437856060351309
295,block0.Wq,transformer_block,7.663225414217955,0.09738824940170708
296,block0.Wq,transformer_block,6.667702530215827,0.07699436781086105
297,block0.Wq,transformer_block,6.5007996253341425,0.09635061204605679
298,block0.Wq,transformer_block,6.450988528037807,0.09769265305160299
299,block0.Wq,transformer_block,7.097966622620182,0.09815524160722969
300,block0.Wq,transformer_block,6.801472170219407,0.08026388088030847
301,block0.Wq,transformer_block,6.741341470109509,0.09700593770549698
302,block0.Wq,transformer_block,7.529125711033395,0.10268424605965365
303,block0.Wq,transformer_block,7.352799743428024,0.09738682588952473
304,block0.Wq,transformer_block,6.713945630058582,0.08083611428455993
305,block0.Wq,transformer_block,6.335036982095758,0.08931556449311855
306,block0.Wq,transformer_block,7.84268837942979,0.10931490395478168
307,block0.Wq,transformer_block,8.369567000114023,0.10620096112000194
308,block0.Wq,transformer_block,7.9010722369093065,0.09691641370599197
309,block0.Wq,transformer_block,7.023943451567398,0.0919581760136294
310,block0.Wq,transformer_block,8.160708791154928,0.12619504632133274
311,block0.Wq,transformer_block,9.001014028825884,0.10331235091002465
312,block0.Wq,transformer_block,7.180072012129506,0.08662427632965869
313,block0.Wq,transformer_block,6.111163458631677,0.08693065456461217
314,block0.Wq,transformer_block,7.299487700431846,0.10377361356689477
315,block0.Wq,transformer_block,8.318035467142156,0.12050983967708069
316,block0.Wq,transformer_block,8.453172608406184,0.09729793346288346
317,block0.Wq,transformer_block,7.508352141563369,0.09989324553092618
318,block0.Wq,transformer_block,7.424843744127933,0.10263672301552429
319,block0.Wq,transformer_block,8.8569640557067,0.12358982618998088
320,block0.Wq,transformer_block,8.796503705017356,0.10032932067606416
321,block0.Wq,transformer_block,6.996847288164454,0.08907107589775798
322,block0.Wq,transformer_block,6.558626811289374,0.0875605775693549
323,block0.Wq,transformer_block,7.114609207809736,0.09489233361505053
324,block0.Wq,transformer_block,6.887597158663755,0.09053619328500985
325,block0.Wq,transformer_block,7.24502515691159,0.09325627775094084
326,block0.Wq,transformer_block,6.820722563035505,0.09468618951926125
327,block0.Wq,transformer_block,6.904887508398696,0.08926404420086573
328,block0.Wq,transformer_block,6.593837196999642,0.08078216549270052
329,block0.Wq,transformer_block,7.276647505503416,0.10242851801309809
330,block0.Wq,transformer_block,8.114494784077683,0.10444428942016556
331,block0.Wq,transformer_block,8.052182935413366,0.11121134356369981
332,block0.Wq,transformer_block,6.671477582820554,0.07773967440640231
333,block0.Wq,transformer_block,6.449292569412825,0.09460012384550628
334,block0.Wq,transformer_block,7.420379823409069,0.09348709262459848
335,block0.Wq,transformer_block,6.490077839254916,0.08150404901543161
336,block0.Wq,transformer_block,7.2504012659984625,0.10059947430465184
337,block0.Wq,transformer_block,7.289202226032375,0.09262755486414352
338,block0.Wq,transformer_block,6.778009014846189,0.09233301738652538
339,block0.Wq,transformer_block,6.640439750031448,0.08872469760456674
340,block0.Wq,transformer_block,6.828570498551167,0.09502262756862846
341,block0.Wq,transformer_block,7.953729802589647,0.10852567994996695
342,block0.Wq,transformer_block,7.916376584096932,0.09819900079533361
343,block0.Wq,transformer_block,6.605623390033934,0.08684937730197866
344,block0.Wq,transformer_block,6.081017414492515,0.07920448820903389
345,block0.Wq,transformer_block,6.989459202824247,0.09876965085869648
346,block0.Wq,transformer_block,7.0667404216311525,0.10538203136347932
347,block0.Wq,transformer_block,7.356205778836335,0.09547035714119977
348,block0.Wq,transformer_block,8.091036873786472,0.12013364772761181
349,block0.Wq,transformer_block,8.195194275775053,0.10059944103381689
350,block0.Wq,transformer_block,6.883771915845713,0.08502873777896197
351,block0.Wq,transformer_block,6.688924390655831,0.09581274494190813
352,block0.Wq,transformer_block,7.386435316092378,0.09104568550984218
353,block0.Wq,transformer_block,8.02818911358626,0.10811577710889365
354,block0.Wq,transformer_block,8.338498088044728,0.1084324658024696
355,block0.Wq,transformer_block,7.979065641657233,0.09944440106493019
356,block0.Wq,transformer_block,7.920238505108778,0.10646215617380242
357,block0.Wq,transformer_block,7.486013166475259,0.08988252575434386
358,block0.Wq,transformer_block,6.371194780351388,0.07979676698488661
359,block0.Wq,transformer_block,6.483463263250603,0.10824238323067294
360,block0.Wq,transformer_block,7.055989344388798,0.08538531649274084
361,block0.Wq,transformer_block,7.429138306886646,0.10566676027901545
362,block0.Wq,transformer_block,7.329018307433481,0.08830319558240635
363,block0.Wq,transformer_block,6.124888444947824,0.0828156112633294
364,block0.Wq,transformer_block,5.843974499521667,0.07530349986220428
365,block0.Wq,transformer_block,7.091395769425136,0.10505729521080324
366,block0.Wq,transformer_block,6.758993648000325,0.07451313724066916
367,block0.Wq,transformer_block,6.541829734244983,0.0946579036044817
368,block0.Wq,transformer_block,6.1899817978973575,0.07284768500861966
369,block0.Wq,transformer_block,5.617395466296585,0.07868110844477888
370,block0.Wq,transformer_block,5.856024187737541,0.07842733590569179
371,block0.Wq,transformer_block,5.707823738343287,0.07098438459634557
372,block0.Wq,transformer_block,5.316858356293601,0.07127519976145702
373,block0.Wq,transformer_block,5.809198786053011,0.08953838195256854
374,block0.Wq,transformer_block,7.06947458588341,0.10123828843332056
375,block0.Wq,transformer_block,7.085978692521794,0.08754460224602531
376,block0.Wq,transformer_block,6.829899763767547,0.09484540019027772
377,block0.Wq,transformer_block,6.984598061113852,0.09989935367805874
378,block0.Wq,transformer_block,6.720343031554968,0.08636269571341625
379,block0.Wq,transformer_block,6.308993338503412,0.08501565050644014
380,block0.Wq,transformer_block,7.603571350816495,0.11460774707325735
381,block0.Wq,transformer_block,7.686638343392004,0.09940961635364759
382,block0.Wq,transformer_block,7.5927881186296,0.09145204355248063
383,block0.Wq,transformer_block,7.432268586597684,0.10548484062036596
384,block0.Wq,transformer_block,7.840698510363454,0.10585344536985784
385,block0.Wq,transformer_block,7.711829158018586,0.10100544195805664
386,block0.Wq,transformer_block,8.13511594352603,0.11331784536249709
387,block0.Wq,transformer_block,7.37728447540058,0.0898412141974764
388,block0.Wq,transformer_block,7.418982710421944,0.10663391034234357
389,block0.Wq,transformer_block,8.566587041441473,0.11187735423783264
390,block0.Wq,transformer_block,7.647423977363556,0.08665060018481982
391,block0.Wq,transformer_block,5.96500809372197,0.0621299093185944
392,block0.Wq,transformer_block,5.194027133487541,0.0800953930916104
393,block0.Wq,transformer_block,5.498788489666474,0.06266079042594608
394,block0.Wq,transformer_block,6.363057559619007,0.10842515634761893
395,block0.Wq,transformer_block,6.888650415121118,0.08116260431215955
396,block0.Wq,transformer_block,5.69808413183554,0.07867532403988564
397,block0.Wq,transformer_block,5.6157198925052105,0.07255890607641148
398,block0.Wq,transformer_block,6.07830749290331,0.08372646031472816
399,block0.Wq,transformer_block,5.796466418533389,0.07288692540824811
400,block0.Wq,transformer_block,5.45693770922787,0.07038854710242037
401,block0.Wq,transformer_block,7.822638424376854,0.12210353889286271
402,block0.Wq,transformer_block,7.9874748010540975,0.07836947798739896
403,block0.Wq,transformer_block,6.487493781832555,0.09106667663593548
404,block0.Wq,transformer_block,7.001606099330174,0.08713179425556575
405,block0.Wq,transformer_block,7.231371490581299,0.10016784927351746
406,block0.Wq,transformer_block,7.283268412000886,0.08939638469266906
407,block0.Wq,transformer_block,7.026692733718381,0.09046618015653349
408,block0.Wq,transformer_block,6.731537324748014,0.09259011365351527
409,block0.Wq,transformer_block,6.672680779655946,0.08192330226174976
410,block0.Wq,transformer_block,5.47144896115505,0.060669167323325
411,block0.Wq,transformer_block,5.169607077987222,0.0747393779151806
412,block0.Wq,transformer_block,5.338212423313723,0.0730200345257344
413,block0.Wq,transformer_block,6.021405045220958,0.08826917741688266
414,block0.Wq,transformer_block,6.089469686685489,0.07307750605846028
415,block0.Wq,transformer_block,5.739571214498915,0.07161170464664131
416,block0.Wq,transformer_block,5.985244856086467,0.08694716960613698
417,block0.Wq,transformer_block,5.925016062342829,0.06405524553190994
418,block0.Wq,transformer_block,4.731103463074472,0.06607617232374709
419,block0.Wq,transformer_block,4.955730976144346,0.06641015890452613
420,block0.Wq,transformer_block,6.0278092721299625,0.09208302168945784
421,block0.Wq,transformer_block,6.695744533509394,0.09359794029600754
422,block0.Wq,transformer_block,6.351110936614257,0.07144002724448392
423,block0.Wq,transformer_block,4.971979256518177,0.07172314891430963
424,block0.Wq,transformer_block,5.542368120953978,0.08698251566311181
425,block0.Wq,transformer_block,6.072201257333797,0.08398508318327587
426,block0.Wq,transformer_block,6.5168284062947315,0.0861799534879135
427,block0.Wq,transformer_block,5.829285149670222,0.06273102369523624
428,block0.Wq,transformer_block,4.758745677387393,0.06605097260556728
429,block0.Wq,transformer_block,5.365893389881658,0.07351810221559348
430,block0.Wq,transformer_block,6.361585578908448,0.09204584633446106
431,block0.Wq,transformer_block,6.242020194017034,0.07405944322994705
432,block0.Wq,transformer_block,5.7399443251994,0.08136046702587249
433,block0.Wq,transformer_block,7.019702658872579,0.1030218350200012
434,block0.Wq,transformer_block,6.546104648987054,0.0759388391767904
435,block0.Wq,transformer_block,5.350946873389729,0.06433202075547269
436,block0.Wq,transformer_block,5.358608502692703,0.08471644925077024
437,block0.Wq,transformer_block,7.455102269595896,0.10841924172226229
438,block0.Wq,transformer_block,6.485285170698479,0.06456753954920826
439,block0.Wq,transformer_block,6.028528844226727,0.08889229390247509
440,block0.Wq,transformer_block,5.812302026469862,0.05902009112528594
441,block0.Wq,transformer_block,4.673528143343031,0.07622316638333175
442,block0.Wq,transformer_block,5.916039952296789,0.082047576860051
443,block0.Wq,transformer_block,6.26362182454057,0.07404733069067629
444,block0.Wq,transformer_block,5.819490949903671,0.08790068159758202
445,block0.Wq,transformer_block,7.761124760655775,0.10881787798633612
446,block0.Wq,transformer_block,6.865186253130085,0.07180239639117197
447,block0.Wq,transformer_block,5.918803618583106,0.07827567792332696
448,block0.Wq,transformer_block,5.616316967186195,0.06919770289694599
449,block0.Wq,transformer_block,5.68269962172362,0.07522926410440198
450,block0.Wq,transformer_block,6.3023130214553875,0.0818316335185505
451,block0.Wq,transformer_block,6.526538022507836,0.09037235995261379
452,block0.Wq,transformer_block,7.6157224142221995,0.10549229835575867
453,block0.Wq,transformer_block,7.318185131372731,0.08439252494059349
454,block0.Wq,transformer_block,6.570776272603123,0.09130308034181414
455,block0.Wq,transformer_block,7.57581816541592,0.09265342022345185
456,block0.Wq,transformer_block,6.2881387760890455,0.07035802620866785
457,block0.Wq,transformer_block,6.489415202294042,0.10271695876517598
458,block0.Wq,transformer_block,7.32241434896002,0.08690251817003289
459,block0.Wq,transformer_block,7.4241502685445715,0.09925244346869125
460,block0.Wq,transformer_block,6.797997432383665,0.10167755347782373
461,block0.Wq,transformer_block,8.058251853815266,0.10855170542655117
462,block0.Wq,transformer_block,6.784500382720615,0.0917826159484719
463,block0.Wq,transformer_block,6.390281174573329,0.07777981699328375
464,block0.Wq,transformer_block,5.237566899929489,0.05917779975512831
465,block0.Wq,transformer_block,4.8709132479636965,0.07629640180210209
466,block0.Wq,transformer_block,7.106468689685556,0.09991149417883546
467,block0.Wq,transformer_block,6.950370507949018,0.0848372195774621
468,block0.Wq,transformer_block,7.409627758061504,0.10940828356027835
469,block0.Wq,transformer_block,6.750607513325443,0.06452088199112735
470,block0.Wq,transformer_block,5.389354655545649,0.07306995560668494
471,block0.Wq,transformer_block,5.191505158365377,0.08034535820102592
472,block0.Wq,transformer_block,6.497025187854091,0.0856372995159233
473,block0.Wq,transformer_block,8.313569797348478,0.12273171013220514
474,block0.Wq,transformer_block,7.156729917444928,0.06424442226026375
475,block0.Wq,transformer_block,5.210610566681691,0.07764722633635124
476,block0.Wq,transformer_block,6.15448637951805,0.07809540680583686
477,block0.Wq,transformer_block,4.970278468824205,0.06265139579469839
478,block0.Wq,transformer_block,5.902186355124585,0.0849950049744995
479,block0.Wq,transformer_block,6.005348010028667,0.055814525911056234
480,block0.Wq,transformer_block,5.037489457864192,0.07475772254323879
481,block0.Wq,transformer_block,6.022943890533139,0.08946793017439864
482,block0.Wq,transformer_block,6.414304555638218,0.07126547336124586
483,block0.Wq,transformer_block,6.127430747778013,0.08719842337706905
484,block0.Wq,transformer_block,6.770775486342606,0.10520435916681783
485,block0.Wq,transformer_block,8.16207676196016,0.11927928558459719
486,block0.Wq,transformer_block,8.784537859222596,0.09863148676101174
487,block0.Wq,transformer_block,6.928566573648244,0.07570492484225283
488,block0.Wq,transformer_block,5.62619489960197,0.06764792667355363
489,block0.Wq,transformer_block,5.608134473046201,0.08476476279525502
490,block0.Wq,transformer_block,6.972008836501502,0.08921404353180014
491,block0.Wq,transformer_block,6.584599024402147,0.08101575287716468
492,block0.Wq,transformer_block,5.166882981497409,0.06547512538268811
493,block0.Wq,transformer_block,5.273681705135674,0.06407711152528395
494,block0.Wq,transformer_block,5.392425073175058,0.07035364501010119
495,block0.Wq,transformer_block,4.856687429522368,0.07668002227332087
496,block0.Wq,transformer_block,5.165826055229411,0.058745904173366864
497,block0.Wq,transformer_block,6.127168853820757,0.0910287863478456
498,block0.Wq,transformer_block,6.742588185663419,0.085034619247573
499,block0.Wq,transformer_block,5.999628578635578,0.08007738245999804
500,block0.Wq,transformer_block,5.6562767870771555,0.06544449716411876
501,block0.Wq,transformer_block,5.720264639810881,0.08430204466336033
502,block0.Wq,transformer_block,6.530545201247425,0.08495796969450561
503,block0.Wq,transformer_block,6.725333398601768,0.09184292082625142
504,block0.Wq,transformer_block,6.775137114796749,0.08847736047447823
505,block0.Wq,transformer_block,7.0529341327012505,0.08463830897768687
506,block0.Wq,transformer_block,5.580186976273019,0.06387828596528665
507,block0.Wq,transformer_block,7.516034200271256,0.11739588311275079
508,block0.Wq,transformer_block,7.720415937348597,0.08041258569968372
509,block0.Wq,transformer_block,5.249931433027362,0.06590302299539184
510,block0.Wq,transformer_block,4.82667437380599,0.06257874813545172
511,block0.Wq,transformer_block,4.904793909717411,0.06864285754409322
512,block0.Wq,transformer_block,5.690278095511821,0.07824781678765938
513,block0.Wq,transformer_block,5.903456312587814,0.07721500098956413
514,block0.Wq,transformer_block,5.497437704812316,0.06378397510249051
515,block0.Wq,transformer_block,4.605363250885507,0.06972349091985408
516,block0.Wq,transformer_block,5.52709956626899,0.07916618704418356
517,block0.Wq,transformer_block,6.805683640163501,0.09099478528931597
518,block0.Wq,transformer_block,6.269830018686412,0.06289248128617758
519,block0.Wq,transformer_block,4.373557335098317,0.059925585871722
520,block0.Wq,transformer_block,4.360599256757321,0.06318968364076641
521,block0.Wq,transformer_block,4.998624929841193,0.07013203165378443
522,block0.Wq,transformer_block,6.156984358529181,0.08705212401524512
523,block0.Wq,transformer_block,6.013228004263832,0.06131577106785002
524,block0.Wq,transformer_block,5.75990427720189,0.09070950678848305
525,block0.Wq,transformer_block,6.198346316625403,0.0596751514775164
526,block0.Wq,transformer_block,4.729212379505537,0.06882006377885702
527,block0.Wq,transformer_block,5.722984002092153,0.07992625221315527
528,block0.Wq,transformer_block,5.3156381078229575,0.07288232695270982
529,block0.Wq,transformer_block,5.261008241242026,0.07015885425569975
530,block0.Wq,transformer_block,5.46564185731469,0.07023735227574521
531,block0.Wq,transformer_block,4.801408881436475,0.06148701123641288
532,block0.Wq,transformer_block,4.896954170651417,0.06897325732905893
533,block0.Wq,transformer_block,5.087068473270769,0.06196082201152567
534,block0.Wq,transformer_block,6.342288026526819,0.0938512712338526
535,block0.Wq,transformer_block,7.156867474980409,0.08084483390720995
536,block0.Wq,transformer_block,6.2199232302062795,0.0768864612168885
537,block0.Wq,transformer_block,5.2794385002315085,0.05939074418517115
538,block0.Wq,transformer_block,5.1847267660179455,0.08445099709092
539,block0.Wq,transformer_block,5.934276820898661,0.07633056574344513
540,block0.Wq,transformer_block,5.293554741795311,0.07300407509734302
541,block0.Wq,transformer_block,4.782564030884663,0.06420162868678628
542,block0.Wq,transformer_block,5.464918489945627,0.07082197370783058
543,block0.Wq,transformer_block,5.168823469000403,0.07198312019947185
544,block0.Wq,transformer_block,5.405533590041228,0.07147467550845482
545,block0.Wq,transformer_block,5.437010195341431,0.07075568905058291
546,block0.Wq,transformer_block,5.170866503642599,0.0627281202676893
547,block0.Wq,transformer_block,5.800798291376411,0.0826985909165091
548,block0.Wq,transformer_block,5.643630685981928,0.06671739370871343
549,block0.Wq,transformer_block,5.631164212036504,0.08442953234733763
550,block0.Wq,transformer_block,7.079996091740822,0.0942762843727321
551,block0.Wq,transformer_block,7.278266951511049,0.09256278576317843
552,block0.Wq,transformer_block,5.668929106255634,0.059038355669146475
553,block0.Wq,transformer_block,4.174853422894728,0.05474829101415159
554,block0.Wq,transformer_block,4.588806505695604,0.0676504285387249
555,block0.Wq,transformer_block,5.950852513559623,0.09262833956299155
556,block0.Wq,transformer_block,6.090580781935184,0.06447191406695349
557,block0.Wq,transformer_block,5.744530510998316,0.07756670878855013
558,block0.Wq,transformer_block,5.701112758811652,0.07184178756916124
559,block0.Wq,transformer_block,4.6535019222990845,0.05508916571331072
560,block0.Wq,transformer_block,4.710417257980011,0.07641202358850392
561,block0.Wq,transformer_block,5.859292429173004,0.07390501075263983
562,block0.Wq,transformer_block,5.970023986375527,0.08950564617072511
563,block0.Wq,transformer_block,6.0482206296624055,0.06948049235850018
564,block0.Wq,transformer_block,6.412783871096715,0.09398932365192164
565,block0.Wq,transformer_block,6.718822824841056,0.07825685467992025
566,block0.Wq,transformer_block,4.954035939366035,0.054340360113720634
567,block0.Wq,transformer_block,4.922738462577695,0.07940467173163239
568,block0.Wq,transformer_block,4.704507482943528,0.04732815606718667
569,block0.Wq,transformer_block,4.686200080296236,0.06521313378638142
570,block0.Wq,transformer_block,5.555816646339407,0.0724950615017853
571,block0.Wq,transformer_block,5.959725213727217,0.09073938078373613
572,block0.Wq,transformer_block,5.778023171121374,0.054315263145974006
573,block0.Wq,transformer_block,4.2715635147612305,0.07080320847048961
574,block0.Wq,transformer_block,4.855467987784492,0.05622546621768111
575,block0.Wq,transformer_block,4.8586585681750325,0.07200520715094888
576,block0.Wq,transformer_block,4.943567166770305,0.059860542348965005
577,block0.Wq,transformer_block,4.611564618533583,0.06212678036737033
578,block0.Wq,transformer_block,4.897073334928793,0.06466775060598293
579,block0.Wq,transformer_block,5.446644532042073,0.08122207862492346
580,block0.Wq,transformer_block,6.077468665373528,0.07103491384040783
581,block0.Wq,transformer_block,5.523888738066409,0.07743146021407987
582,block0.Wq,transformer_block,5.785651700390749,0.07704457876092789
583,block0.Wq,transformer_block,5.342462896844502,0.06319718936236146
584,block0.Wq,transformer_block,5.871470425094367,0.09018339155008925
585,block0.Wq,transformer_block,6.045620076475459,0.06950388044572407
586,block0.Wq,transformer_block,4.916061294052273,0.063849063676459
587,block0.Wq,transformer_block,4.890458723534793,0.05677025913644491
588,block0.Wq,transformer_block,5.422223453342478,0.0832884811347778
589,block0.Wq,transformer_block,5.184475876590028,0.06148658203633957
590,block0.Wq,transformer_block,5.998563663576932,0.09232156931935698
591,block0.Wq,transformer_block,6.086888806476937,0.0692378574423647
592,block0.Wq,transformer_block,5.20121920208267,0.06801572693163016
593,block0.Wq,transformer_block,4.58297527173051,0.0585429483267342
594,block0.Wq,transformer_block,4.844558550891084,0.06764250833064793
595,block0.Wq,transformer_block,4.992457084168306,0.07295185597541853
596,block0.Wq,transformer_block,4.998728749190625,0.06359020133513199
597,block0.Wq,transformer_block,5.588854267641115,0.07826769532513629
598,block0.Wq,transformer_block,5.470296373124506,0.07229276446068603
599,block0.Wq,transformer_block,4.890890398105635,0.06069905154128364
600,block0.Wq,transformer_block,5.369680946134212,0.08068915530568573
601,block0.Wq,transformer_block,5.486774956585923,0.07022767259806276
602,block0.Wq,transformer_block,5.107691341649213,0.06762303950052125
603,block0.Wq,transformer_block,5.7999666236696195,0.0912643021483224
604,block0.Wq,transformer_block,6.2684623998934805,0.06521240622405272
605,block0.Wq,transformer_block,5.564474217071734,0.07566755179721321
606,block0.Wq,transformer_block,5.16794047095793,0.06359701923900547
607,block0.Wq,transformer_block,6.378175745530961,0.09417807007907647
608,block0.Wq,transformer_block,6.34342412878587,0.07161509213214862
609,block0.Wq,transformer_block,5.338127695462399,0.06479460090813324
610,block0.Wq,transformer_block,5.125523383700163,0.0673155114043191
611,block0.Wq,transformer_block,4.393033841896522,0.05720224117860247
612,block0.Wq,transformer_block,4.854784623349298,0.08175058564450266
613,block0.Wq,transformer_block,5.74568442454737,0.06447247293465969
614,block0.Wq,transformer_block,5.26625727770627,0.07288304944543333
615,block0.Wq,transformer_block,6.107879726351841,0.09465760406479852
616,block0.Wq,transformer_block,6.206956239540423,0.06442557232200014
617,block0.Wq,transformer_block,5.409682268903897,0.07890533601707882
618,block0.Wq,transformer_block,4.806401937942911,0.056917228603226906
619,block0.Wq,transformer_block,5.2702842256967575,0.07687513424751422
620,block0.Wq,transformer_block,4.994064869082072,0.05966109437722667
621,block0.Wq,transformer_block,4.495405237753855,0.06790252053106702
622,block0.Wq,transformer_block,6.074294640614421,0.08713794751494856
623,block0.Wq,transformer_block,5.647988515833371,0.05926725922330763
624,block0.Wq,transformer_block,5.251799531673164,0.07578824556009145
625,block0.Wq,transformer_block,5.738116141451124,0.08069633947952931
626,block0.Wq,transformer_block,5.518697964900768,0.07089643139907628
627,block0.Wq,transformer_block,4.7049506074905,0.06373983443364593
628,block0.Wq,transformer_block,4.878227020033327,0.06813599611086024
629,block0.Wq,transformer_block,5.044908412287869,0.061246300593661096
630,block0.Wq,transformer_block,5.2995048120544155,0.07059147627916834
631,block0.Wq,transformer_block,4.9034934863249395,0.05844676812697145
632,block0.Wq,transformer_block,4.53605925348842,0.08345887759718973
633,block0.Wq,transformer_block,5.269528615550941,0.06273438665957005
634,block0.Wq,transformer_block,4.762776277365616,0.059255417793885976
635,block0.Wq,transformer_block,4.977226997959557,0.07066215606773538
636,block0.Wq,transformer_block,5.119794841669515,0.06013012160167387
637,block0.Wq,transformer_block,5.355857617194608,0.08183616458542473
638,block0.Wq,transformer_block,5.611227444070085,0.06539685444776146
639,block0.Wq,transformer_block,5.012099300119513,0.06117404450810829
640,block0.Wq,transformer_block,4.382229215109598,0.06475290232084976
641,block0.Wq,transformer_block,6.475211548418201,0.09491326838525348
642,block0.Wq,transformer_block,5.908981877858796,0.06444900123266536
643,block0.Wq,transformer_block,4.670498812179095,0.061066246376970994
644,block0.Wq,transformer_block,4.413892024804234,0.05932085330609557
645,block0.Wq,transformer_block,4.6973720148695515,0.06730879941234126
646,block0.Wq,transformer_block,5.290755598337961,0.06867695359635546
647,block0.Wq,transformer_block,4.797690933936262,0.046915578139647834
648,block0.Wq,transformer_block,4.990146564746586,0.08266870277843744
649,block0.Wq,transformer_block,5.452777404317231,0.05822134281480158
650,block0.Wq,transformer_block,4.278413482476753,0.056306641566586116
651,block0.Wq,transformer_block,4.241654474159009,0.05997644358807812
652,block0.Wq,transformer_block,4.133296182734357,0.049367590237972
653,block0.Wq,transformer_block,4.934691651840125,0.07879814454475093
654,block0.Wq,transformer_block,5.545683120664828,0.07236164320630742
655,block0.Wq,transformer_block,6.153515084284844,0.07872677551224831
656,block0.Wq,transformer_block,5.385028792634231,0.06555547274395918
657,block0.Wq,transformer_block,4.914829068662532,0.06413805980001637
658,block0.Wq,transformer_block,5.014598839709466,0.07493230655826284
659,block0.Wq,transformer_block,5.162988975333802,0.05883711868373863
660,block0.Wq,transformer_block,4.400402857320203,0.05756252412737216
661,block0.Wq,transformer_block,4.805350982255129,0.06806824063468683
662,block0.Wq,transformer_block,5.102774737236844,0.07230178418858324
663,block0.Wq,transformer_block,5.911332682914206,0.07203855541482464
664,block0.Wq,transformer_block,4.725417946402775,0.06005284496190676
665,block0.Wq,transformer_block,5.156916346234847,0.07347259145789652
666,block0.Wq,transformer_block,5.539274841245625,0.0750528971667481
667,block0.Wq,transformer_block,5.626795052392663,0.07090860284608813
668,block0.Wq,transformer_block,4.953945502575624,0.06454346275010564
669,block0.Wq,transformer_block,5.180380633409509,0.06992980325998091
670,block0.Wq,transformer_block,5.750821688601364,0.07334383516318958
671,block0.Wq,transformer_block,5.860642047767947,0.07092241759974288
672,block0.Wq,transformer_block,5.044831386549956,0.061663565196775544
673,block0.Wq,transformer_block,5.3539624566330435,0.07021890729500188
674,block0.Wq,transformer_block,5.567319478327911,0.08687463832479411
675,block0.Wq,transformer_block,5.7649485748107,0.06342186289754093
676,block0.Wq,transformer_block,4.806775861916362,0.06398670538797233
677,block0.Wq,transformer_block,5.927830324776633,0.08945331113140877
678,block0.Wq,transformer_block,6.974603416879853,0.07940612993068849
679,block0.Wq,transformer_block,5.552346290889673,0.05897146201547729
680,block0.Wq,transformer_block,6.022950861068648,0.08922395698346941
681,block0.Wq,transformer_block,6.173157400481965,0.06683992058873442
682,block0.Wq,transformer_block,4.541812793828354,0.04732955734081365
683,block0.Wq,transformer_block,4.439537298552826,0.07160089443292711
684,block0.Wq,transformer_block,6.318076731300173,0.0892968979293026
685,block0.Wq,transformer_block,6.436689418993916,0.07164762120662405
686,block0.Wq,transformer_block,5.55751213162545,0.08085402854180693
687,block0.Wq,transformer_block,6.048760797306278,0.07337020485991647
688,block0.Wq,transformer_block,4.942470846887197,0.07042363742130418
689,block0.Wq,transformer_block,4.696902509946913,0.07056918794553492
690,block0.Wq,transformer_block,6.836358617099509,0.09822903242444965
691,block0.Wq,transformer_block,6.777748765270706,0.06964140250682632
692,block0.Wq,transformer_block,5.185083803986813,0.0644393709504884
693,block0.Wq,transformer_block,6.615809600395841,0.10583757306252692
694,block0.Wq,transformer_block,6.664453110159351,0.06669195753276588
695,block0.Wq,transformer_block,5.401487423443558,0.07226684209467135
696,block0.Wq,transformer_block,4.664283237610102,0.046625433759990224
697,block0.Wq,transformer_block,3.277430860474704,0.044085689290154245
698,block0.Wq,transformer_block,4.3574276057131485,0.06514958970891356
0,block0.Wk,transformer_block,0.920523194736584,0.009078616537360615
1,block0.Wk,transformer_block,1.2928583642224523,0.021596714612697843
2,block0.Wk,transformer_block,0.9492064806710411,0.010782911413406928
3,block0.Wk,transformer_block,0.8338795909239708,0.01615703459729065
4,block0.Wk,transformer_block,1.3343721153339236,0.016848309581923227
5,block0.Wk,transformer_block,1.6844640973085696,0.022301786860003173
6,block0.Wk,transformer_block,2.289202519507481,0.039195328725213974
7,block0.Wk,transformer_block,2.4788373854141335,0.014559183180765146
8,block0.Wk,transformer_block,1.6829434701997226,0.028277257607564322
9,block0.Wk,transformer_block,3.3620010578042945,0.046923580302640606
10,block0.Wk,transformer_block,3.939978843320905,0.041221957383424004
11,block0.Wk,transformer_block,3.1634577556433894,0.042218200760185225
12,block0.Wk,transformer_block,3.0551968192950665,0.03948000065698673
13,block0.Wk,transformer_block,3.8013167000095702,0.05664743757871028
14,block0.Wk,transformer_block,4.089026362999422,0.049338881425422025
15,block0.Wk,transformer_block,4.810417276647437,0.061922216918517826
16,block0.Wk,transformer_block,4.756147572174152,0.08445812483182452
17,block0.Wk,transformer_block,6.790391382164019,0.09929792832451986
18,block0.Wk,transformer_block,5.3405547886301745,0.05781864319903794
19,block0.Wk,transformer_block,6.975261487971022,0.12428072390469844
20,block0.Wk,transformer_block,13.033293281297201,0.22672392140286599
21,block0.Wk,transformer_block,14.14434856871733,0.12283619170425956
22,block0.Wk,transformer_block,8.766367582912824,0.14232071332473142
23,block0.Wk,transformer_block,8.52819139877351,0.17270627173658612
24,block0.Wk,transformer_block,11.851940900022116,0.22347815111346617
25,block0.Wk,transformer_block,15.188068555547446,0.25956570704100634
26,block0.Wk,transformer_block,17.8993807450145,0.25773594391793675
27,block0.Wk,transformer_block,16.61139724350319,0.19623639629804057
28,block0.Wk,transformer_block,18.8486392865013,0.30390533259050284
29,block0.Wk,transformer_block,15.71351141783259,0.2143376567341807
30,block0.Wk,transformer_block,17.31284438850965,0.2924727659106515
31,block0.Wk,transformer_block,24.422183267285956,0.32299954602905934
32,block0.Wk,transformer_block,30.410921018021703,0.41127522514919296
33,block0.Wk,transformer_block,43.695021226571555,0.5700145366576782
34,block0.Wk,transformer_block,38.587415495225706,0.336475144447639
35,block0.Wk,transformer_block,31.461584596185816,0.4297580574269902
36,block0.Wk,transformer_block,30.64374525699455,0.31724877826949216
37,block0.Wk,transformer_block,30.52942485895975,0.4282037259462082
38,block0.Wk,transformer_block,32.66863909199941,0.325273193822346
39,block0.Wk,transformer_block,26.46987774933061,0.30040805079344773
40,block0.Wk,transformer_block,28.900131253132805,0.4066682968929483
41,block0.Wk,transformer_block,32.387670402920996,0.4253868317256857
42,block0.Wk,transformer_block,28.322253083797232,0.31456860986774093
43,block0.Wk,transformer_block,25.660357806375416,0.38857479363296926
44,block0.Wk,transformer_block,31.03125567898068,0.3997396283459902
45,block0.Wk,transformer_block,28.696747353171325,0.29094362712024446
46,block0.Wk,transformer_block,21.88248493776466,0.2733781048811064
47,block0.Wk,transformer_block,24.465117437972566,0.3342128010144527
48,block0.Wk,transformer_block,27.329959290675237,0.30188459918354243
49,block0.Wk,transformer_block,28.351667339010614,0.36842953570713116
50,block0.Wk,transformer_block,27.94833046837599,0.37126197902670616
51,block0.Wk,transformer_block,25.84963815561614,0.3013117293700964
52,block0.Wk,transformer_block,20.45028532106041,0.22646186957419906
53,block0.Wk,transformer_block,20.475865680170628,0.30570145403237947
54,block0.Wk,transformer_block,24.02926165509681,0.32030653763722217
55,block0.Wk,transformer_block,28.499604462033655,0.3841309138532607
56,block0.Wk,transformer_block,29.74969299253248,0.31033666036946944
57,block0.Wk,transformer_block,22.92559033970067,0.26480262520862674
58,block0.Wk,transformer_block,19.13462967729108,0.24920324107952743
59,block0.Wk,transformer_block,17.76787476358814,0.2498687806045753
60,block0.Wk,transformer_block,21.055735546153198,0.3115897928878624
61,block0.Wk,transformer_block,20.885325648789994,0.26657760365753486
62,block0.Wk,transformer_block,19.690550997334444,0.231339483244118
63,block0.Wk,transformer_block,16.912876572361856,0.22357533888415201
64,block0.Wk,transformer_block,17.160046871466363,0.2717605485055932
65,block0.Wk,transformer_block,16.486607563709534,0.2174103552852256
66,block0.Wk,transformer_block,17.63786187588529,0.27315563217711347
67,block0.Wk,transformer_block,20.883167220646467,0.2848593433671027
68,block0.Wk,transformer_block,18.93916076805727,0.260063875694049
69,block0.Wk,transformer_block,18.443609649191444,0.2505401656925813
70,block0.Wk,transformer_block,20.740245570457308,0.2684108849570356
71,block0.Wk,transformer_block,16.53765072118618,0.21886136010421056
72,block0.Wk,transformer_block,17.13731692156273,0.23773454479620387
73,block0.Wk,transformer_block,15.842985351815702,0.19920430197277972
74,block0.Wk,transformer_block,22.693551751060465,0.36582148263394465
75,block0.Wk,transformer_block,25.9872731582011,0.2453055486504314
76,block0.Wk,transformer_block,21.200679414500353,0.2902070046677145
77,block0.Wk,transformer_block,15.017061711278663,0.1949104239653377
78,block0.Wk,transformer_block,14.52197718623796,0.21487179956287122
79,block0.Wk,transformer_block,14.934348352438063,0.20899407566421271
80,block0.Wk,transformer_block,15.034711923005801,0.21664897660796792
81,block0.Wk,transformer_block,15.08691521399012,0.19356105834130655
82,block0.Wk,transformer_block,17.946155884595264,0.26657561674296065
83,block0.Wk,transformer_block,20.018786739961058,0.21301946524692636
84,block0.Wk,transformer_block,15.92282583427014,0.17976468773112764
85,block0.Wk,transformer_block,13.862054508980329,0.21449564645866495
86,block0.Wk,transformer_block,16.63130184160198,0.21507516383472414
87,block0.Wk,transformer_block,15.363842719729693,0.20566119744290956
88,block0.Wk,transformer_block,16.62814876547664,0.21132292581842443
89,block0.Wk,transformer_block,18.74614781120863,0.25093165173413773
90,block0.Wk,transformer_block,18.537926331073585,0.24424005491796943
91,block0.Wk,transformer_block,19.18668257764803,0.23524578763349474
92,block0.Wk,transformer_block,20.380192711881463,0.305858606529843
93,block0.Wk,transformer_block,22.888519936033457,0.21995582240101888
94,block0.Wk,transformer_block,18.396794068886646,0.23497923869485982
95,block0.Wk,transformer_block,16.008598303003986,0.177666167384664
96,block0.Wk,transformer_block,14.66255367471123,0.19799783924587622
97,block0.Wk,transformer_block,15.29104154057997,0.22791817489810925
98,block0.Wk,transformer_block,14.475160443189171,0.17044108996680357
99,block0.Wk,transformer_block,11.743013507738942,0.17424325842603539
100,block0.Wk,transformer_block,15.589335085596339,0.21329541382765282
101,block0.Wk,transformer_block,13.438120002727034,0.1505911438318099
102,block0.Wk,transformer_block,12.412286633490572,0.20497262741324232
103,block0.Wk,transformer_block,14.70869546723867,0.20099360240222186
104,block0.Wk,transformer_block,14.692452168103491,0.208393244964021
105,block0.Wk,transformer_block,14.539843146427552,0.2239737949522253
106,block0.Wk,transformer_block,17.39771693149348,0.24551991854226857
107,block0.Wk,transformer_block,17.468106774089048,0.2083597459069712
108,block0.Wk,transformer_block,15.673384930575606,0.2226728680744512
109,block0.Wk,transformer_block,16.025603495938796,0.21447195219178306
110,block0.Wk,transformer_block,15.237653212497092,0.1910467448106571
111,block0.Wk,transformer_block,15.149122437524824,0.20296487587341935
112,block0.Wk,transformer_block,17.380695005239627,0.22817152425026177
113,block0.Wk,transformer_block,14.867448440696188,0.17489267347938597
114,block0.Wk,transformer_block,13.474039459980961,0.19527895988840957
115,block0.Wk,transformer_block,15.035341480438161,0.2370943259822516
116,block0.Wk,transformer_block,16.342970252199716,0.21706913831709956
117,block0.Wk,transformer_block,14.695096710045068,0.17944948589250287
118,block0.Wk,transformer_block,15.88846132624824,0.21818819915402787
119,block0.Wk,transformer_block,17.64778230373987,0.21631514435096916
120,block0.Wk,transformer_block,15.872636616759008,0.2004557492801759
121,block0.Wk,transformer_block,13.600780536623311,0.1763574791675378
122,block0.Wk,transformer_block,13.199214285128358,0.18771535993336969
123,block0.Wk,transformer_block,14.086835200811118,0.20091431607583093
124,block0.Wk,transformer_block,14.302029376072957,0.19857314311537316
125,block0.Wk,transformer_block,14.481162330423155,0.15774102002698015
126,block0.Wk,transformer_block,12.324574959606274,0.1795845289899599
127,block0.Wk,transformer_block,13.629493334221042,0.19565118332416087
128,block0.Wk,transformer_block,13.70506861022482,0.1620366993166451
129,block0.Wk,transformer_block,14.580260254589602,0.21542832688213004
130,block0.Wk,transformer_block,13.574407272351827,0.1439412203690542
131,block0.Wk,transformer_block,12.989995738721493,0.19048827993525375
132,block0.Wk,transformer_block,14.251329893984131,0.182852050878215
133,block0.Wk,transformer_block,11.27016334478705,0.16125746737941962
134,block0.Wk,transformer_block,13.276494654473703,0.1799959620737449
135,block0.Wk,transformer_block,11.734079181266727,0.16501073175418987
136,block0.Wk,transformer_block,14.59501508839145,0.2031319868568535
137,block0.Wk,transformer_block,16.390595471766687,0.18785862508049797
138,block0.Wk,transformer_block,12.791150319038529,0.16932211095405086
139,block0.Wk,transformer_block,12.747021872448254,0.16233592348229278
140,block0.Wk,transformer_block,11.924382414080066,0.17099372648163985
141,block0.Wk,transformer_block,12.678077751095746,0.1619625070978813
142,block0.Wk,transformer_block,12.50234542356391,0.16121041820730342
143,block0.Wk,transformer_block,10.136819486260968,0.16090631018539467
144,block0.Wk,transformer_block,11.330031538803361,0.15421412349335822
145,block0.Wk,transformer_block,10.985940039775699,0.13871504911387025
146,block0.Wk,transformer_block,11.47142905226718,0.16185557988604937
147,block0.Wk,transformer_block,12.040800843119037,0.15944951011513894
148,block0.Wk,transformer_block,11.942338865647343,0.15010537384190306
149,block0.Wk,transformer_block,11.70076437704573,0.16594879109210747
150,block0.Wk,transformer_block,13.402510184652666,0.17452766760865712
151,block0.Wk,transformer_block,13.636292151938811,0.17145743946298242
152,block0.Wk,transformer_block,11.183024032980564,0.1356586578535883
153,block0.Wk,transformer_block,10.857335689561221,0.16319730572348273
154,block0.Wk,transformer_block,12.729443652831424,0.1786628353375261
155,block0.Wk,transformer_block,11.878749684267262,0.15144365032289908
156,block0.Wk,transformer_block,14.654888531752137,0.21095830758659834
157,block0.Wk,transformer_block,15.474930727235712,0.19040271037277656
158,block0.Wk,transformer_block,12.680870043220358,0.1286720058802997
159,block0.Wk,transformer_block,10.133253822025464,0.13654088685857513
160,block0.Wk,transformer_block,9.91187084565336,0.13743294186479266
161,block0.Wk,transformer_block,10.230342264808993,0.15045679693371183
162,block0.Wk,transformer_block,10.222576481111403,0.13675852579476128
163,block0.Wk,transformer_block,10.686673232670769,0.16032256813747345
164,block0.Wk,transformer_block,10.486771929837477,0.1441266960326454
165,block0.Wk,transformer_block,12.981058965961294,0.17755799390641358
166,block0.Wk,transformer_block,13.028157819841,0.1716873190261553
167,block0.Wk,transformer_block,11.417179138846066,0.15424687819232444
168,block0.Wk,transformer_block,12.345905882329014,0.15177664863601198
169,block0.Wk,transformer_block,11.257184492215039,0.17594351439177175
170,block0.Wk,transformer_block,13.048941452153185,0.15949876382322448
171,block0.Wk,transformer_block,10.303967216346763,0.1342712467657332
172,block0.Wk,transformer_block,10.586676702097503,0.1376618774820892
173,block0.Wk,transformer_block,11.385736546658704,0.1659412403264891
174,block0.Wk,transformer_block,9.494811610896326,0.11160245200436314
175,block0.Wk,transformer_block,10.480162344506072,0.15457733203751206
176,block0.Wk,transformer_block,10.991866999867746,0.12208556793462345
177,block0.Wk,transformer_block,10.073488954861421,0.16277615277703394
178,block0.Wk,transformer_block,11.237891083393684,0.14308813439021523
179,block0.Wk,transformer_block,11.023374717722701,0.15705151204853385
180,block0.Wk,transformer_block,11.963234383541831,0.16324263063877967
181,block0.Wk,transformer_block,10.610546542153022,0.12378220996393602
182,block0.Wk,transformer_block,10.119876978297114,0.14351618020759246
183,block0.Wk,transformer_block,10.580715133624054,0.15357003735325478
184,block0.Wk,transformer_block,12.120652332435117,0.15854141263580862
185,block0.Wk,transformer_block,10.841631762588761,0.12628417293009486
186,block0.Wk,transformer_block,9.677406662185486,0.13654594848579993
187,block0.Wk,transformer_block,8.622506385871983,0.11732678796226051
188,block0.Wk,transformer_block,9.306858182474043,0.13259952009493367
189,block0.Wk,transformer_block,11.052118434845838,0.15741040607056866
190,block0.Wk,transformer_block,10.796511625295716,0.13676882773816462
191,block0.Wk,transformer_block,10.864796891691672,0.16418683584014757
192,block0.Wk,transformer_block,11.33432029717481,0.13206989559649612
193,block0.Wk,transformer_block,10.130847899957587,0.13660917925918142
194,block0.Wk,transformer_block,10.595207038486018,0.14826868801879364
195,block0.Wk,transformer_block,9.489386384997477,0.14330113094297564
196,block0.Wk,transformer_block,10.220352911168026,0.13434734938084775
197,block0.Wk,transformer_block,10.334946789221993,0.1301661999235846
198,block0.Wk,transformer_block,9.968154248752084,0.128860501640365
199,block0.Wk,transformer_block,9.881106459193122,0.12656046718245845
200,block0.Wk,transformer_block,9.83244005135519,0.14028630129759254
201,block0.Wk,transformer_block,10.69200623794236,0.13737012608778706
202,block0.Wk,transformer_block,11.036703760660219,0.1441043242337959
203,block0.Wk,transformer_block,9.971521457462467,0.1403784227844182
204,block0.Wk,transformer_block,11.202680117328695,0.14962618032849614
205,block0.Wk,transformer_block,10.945386262722597,0.14574199571836094
206,block0.Wk,transformer_block,9.30753783864863,0.1297041132785524
207,block0.Wk,transformer_block,8.078714858938092,0.09678735105240953
208,block0.Wk,transformer_block,8.355202903644567,0.12811840391023058
209,block0.Wk,transformer_block,10.526460309308348,0.1535293357818651
210,block0.Wk,transformer_block,10.010747516843422,0.10344976778803103
211,block0.Wk,transformer_block,8.19980271248162,0.11376824007522598
212,block0.Wk,transformer_block,9.025422754006474,0.13692196068943668
213,block0.Wk,transformer_block,9.667236020351204,0.12079712331780176
214,block0.Wk,transformer_block,10.619188157335437,0.15916856234974575
215,block0.Wk,transformer_block,10.932358559026547,0.14209883096766443
216,block0.Wk,transformer_block,10.782709350236896,0.1409776069125554
217,block0.Wk,transformer_block,8.871027606369175,0.11250678268372934
218,block0.Wk,transformer_block,8.901420961670937,0.1223994557044103
219,block0.Wk,transformer_block,8.52499183499264,0.12702477135459067
220,block0.Wk,transformer_block,10.037518438316473,0.13354356670545792
221,block0.Wk,transformer_block,9.02291790512583,0.10167577196602871
222,block0.Wk,transformer_block,7.513612860352014,0.10835107545891876
223,block0.Wk,transformer_block,8.678311760684489,0.13291462500983764
224,block0.Wk,transformer_block,9.571021833359957,0.11937381317469814
225,block0.Wk,transformer_block,8.88150050966358,0.13806277069282397
226,block0.Wk,transformer_block,11.434650652771223,0.16304617193672588
227,block0.Wk,transformer_block,10.892126817877758,0.1502622259837027
228,block0.Wk,transformer_block,11.663218417814653,0.1485107978241766
229,block0.Wk,transformer_block,11.71295381904354,0.1630579489952928
230,block0.Wk,transformer_block,9.92079406173171,0.11629058343692514
231,block0.Wk,transformer_block,8.85280915146673,0.12854642891078705
232,block0.Wk,transformer_block,8.945672861433923,0.1281727138855201
233,block0.Wk,transformer_block,9.182484249442995,0.11029566716755118
234,block0.Wk,transformer_block,8.563324583306262,0.11405584300115076
235,block0.Wk,transformer_block,10.319808319756588,0.14794851343500937
236,block0.Wk,transformer_block,11.280737413439663,0.13910636954774724
237,block0.Wk,transformer_block,9.006358985604518,0.09170369533594369
238,block0.Wk,transformer_block,9.114180636817938,0.14538209159331592
239,block0.Wk,transformer_block,9.820417152824144,0.11159898439048073
240,block0.Wk,transformer_block,8.34906966328131,0.10046206950596069
241,block0.Wk,transformer_block,8.281954534147504,0.1235100787332476
242,block0.Wk,transformer_block,9.402821390420426,0.13644170999273245
243,block0.Wk,transformer_block,9.168196662363032,0.11863571108578189
244,block0.Wk,transformer_block,9.04793414533384,0.13001569411358557
245,block0.Wk,transformer_block,8.514210931062681,0.1021568183748077
246,block0.Wk,transformer_block,7.730523896878222,0.10083231693292229
247,block0.Wk,transformer_block,7.811768967359262,0.11653528024105178
248,block0.Wk,transformer_block,7.768412518638813,0.09863544808633737
249,block0.Wk,transformer_block,7.2295329641807315,0.0997040431315784
250,block0.Wk,transformer_block,8.223408315525464,0.1135771172722817
251,block0.Wk,transformer_block,8.384005953187113,0.12068115468314593
252,block0.Wk,transformer_block,7.876263400773556,0.09904107732527927
253,block0.Wk,transformer_block,9.469153352030645,0.15627031871626368
254,block0.Wk,transformer_block,8.938986652713231,0.12351187367939168
255,block0.Wk,transformer_block,8.248090685465396,0.10685849453599243
256,block0.Wk,transformer_block,7.4076951190261635,0.10180859919053474
257,block0.Wk,transformer_block,8.383969899206251,0.125783967624867
258,block0.Wk,transformer_block,9.791743874746638,0.1325589609176395
259,block0.Wk,transformer_block,8.77065091133845,0.10933624144191685
260,block0.Wk,transformer_block,7.300899833443702,0.09729639592036808
261,block0.Wk,transformer_block,7.087935521153003,0.09733150658119494
262,block0.Wk,transformer_block,7.663664369878178,0.11615739556778641
263,block0.Wk,transformer_block,9.244320945805672,0.1164930073033387
264,block0.Wk,transformer_block,8.97331621070835,0.11420926807156623
265,block0.Wk,transformer_block,8.89797393394199,0.12956598835421815
266,block0.Wk,transformer_block,9.34471231389407,0.11406912717731266
267,block0.Wk,transformer_block,9.653659828767683,0.13267495654295558
268,block0.Wk,transformer_block,9.988680495230037,0.11931179571288601
269,block0.Wk,transformer_block,8.287599911974855,0.10577826425540712
270,block0.Wk,transformer_block,8.584574466360506,0.12145961317316462
271,block0.Wk,transformer_block,10.14337898543721,0.12859888497014363
272,block0.Wk,transformer_block,9.144523515810922,0.12690282812205003
273,block0.Wk,transformer_block,8.88056446786798,0.0951874946369008
274,block0.Wk,transformer_block,8.13187932402501,0.11460541453473522
275,block0.Wk,transformer_block,7.624050495067197,0.09774524687259459
276,block0.Wk,transformer_block,7.0735743880555875,0.08651030222053709
277,block0.Wk,transformer_block,8.21327738194293,0.12434463068183221
278,block0.Wk,transformer_block,10.27234059055114,0.1369206481199935
279,block0.Wk,transformer_block,9.399722947025461,0.10865584992576477
280,block0.Wk,transformer_block,7.32871804335853,0.09296776334899094
281,block0.Wk,transformer_block,8.471794865240387,0.12019506608374285
282,block0.Wk,transformer_block,10.043322791868764,0.15026336903717413
283,block0.Wk,transformer_block,9.700443080214155,0.11363911821681734
284,block0.Wk,transformer_block,9.250729111936803,0.12192949004103144
285,block0.Wk,transformer_block,8.758922052501266,0.10020674407625639
286,block0.Wk,transformer_block,8.238686685230336,0.10836776433168094
287,block0.Wk,transformer_block,7.673501957369204,0.10302867906232138
288,block0.Wk,transformer_block,8.870103675462133,0.11380946661097023
289,block0.Wk,transformer_block,7.974778560070077,0.0986813697684018
290,block0.Wk,transformer_block,7.532839585968215,0.0932656841338563
291,block0.Wk,transformer_block,6.7671544858331965,0.08836975908121064
292,block0.Wk,transformer_block,6.513093298075792,0.09176428753831671
293,block0.Wk,transformer_block,7.625314874747783,0.10667838093869919
294,block0.Wk,transformer_block,7.232254209704469,0.09997572402528526
295,block0.Wk,transformer_block,7.981906305300766,0.10164561868980711
296,block0.Wk,transformer_block,7.011503130699537,0.08126089432245458
297,block0.Wk,transformer_block,6.897710757367775,0.10326621327188347
298,block0.Wk,transformer_block,6.98843812368089,0.09522631088104304
299,block0.Wk,transformer_block,7.1985887864719205,0.10382921700610308
300,block0.Wk,transformer_block,7.102004754110991,0.0816350824700307
301,block0.Wk,transformer_block,7.062743537892344,0.10224539877903564
302,block0.Wk,transformer_block,7.456171422692774,0.09751550441365049
303,block0.Wk,transformer_block,7.137428786783164,0.0971158821097628
304,block0.Wk,transformer_block,6.941819932525528,0.08551613196738055
305,block0.Wk,transformer_block,6.505040501797629,0.09001597865620868
306,block0.Wk,transformer_block,7.6510521181590425,0.1093900099788111
307,block0.Wk,transformer_block,8.484552016367754,0.11353505497663251
308,block0.Wk,transformer_block,8.142579467102742,0.100975046104059
309,block0.Wk,transformer_block,7.37496474608083,0.10000539883288977
310,block0.Wk,transformer_block,8.413489615883307,0.13373056134040096
311,block0.Wk,transformer_block,9.073856161652179,0.10443869820361601
312,block0.Wk,transformer_block,7.18195131131432,0.08579444001746511
313,block0.Wk,transformer_block,6.049049183833031,0.0895478737280006
314,block0.Wk,transformer_block,7.428792046049612,0.11127642300664206
315,block0.Wk,transformer_block,9.06130427948574,0.128562163846543
316,block0.Wk,transformer_block,8.888393370168917,0.10349996391307144
317,block0.Wk,transformer_block,8.118408547939024,0.10480673935543025
318,block0.Wk,transformer_block,7.723723221545923,0.10906000715299755
319,block0.Wk,transformer_block,9.429275611138172,0.12974592541806704
320,block0.Wk,transformer_block,9.246742666347988,0.10586807110371212
321,block0.Wk,transformer_block,7.371783951991361,0.09439586390966438
322,block0.Wk,transformer_block,6.83121124389245,0.08897762708965846
323,block0.Wk,transformer_block,7.219648989740084,0.10039648558140274
324,block0.Wk,transformer_block,7.102630734136854,0.09748127778909636
325,block0.Wk,transformer_block,7.7125869830023195,0.09702582528199508
326,block0.Wk,transformer_block,7.110420717490753,0.09664551739971895
327,block0.Wk,transformer_block,7.324609458277086,0.09347909218468035
328,block0.Wk,transformer_block,6.759426645381804,0.08433117832679927
329,block0.Wk,transformer_block,7.203895926970241,0.10097274005943666
330,block0.Wk,transformer_block,8.004126941065932,0.10559226736311308
331,block0.Wk,transformer_block,8.110619359932873,0.11551501495367117
332,block0.Wk,transformer_block,6.853878703734895,0.07896994183326977
333,block0.Wk,transformer_block,6.573175612390745,0.09802130293859204
334,block0.Wk,transformer_block,7.632020117118851,0.10133590180239588
335,block0.Wk,transformer_block,6.779745685488623,0.0843531268271353
336,block0.Wk,transformer_block,7.725448901990314,0.10823719998781992
337,block0.Wk,transformer_block,7.508556104396192,0.09993119064643247
338,block0.Wk,transformer_block,7.2252312783795,0.09747580902208015
339,block0.Wk,transformer_block,6.926518193468607,0.08920937377072502
340,block0.Wk,transformer_block,7.164401689505923,0.10369903456679631
341,block0.Wk,transformer_block,8.207855765942984,0.11019264772259178
342,block0.Wk,transformer_block,8.356344782658166,0.107197303419861
343,block0.Wk,transformer_block,7.5946466167166795,0.09741964608123577
344,block0.Wk,transformer_block,6.749112963086154,0.08376995762570873
345,block0.Wk,transformer_block,7.410863974197014,0.10458515802202173
346,block0.Wk,transformer_block,7.211629758828651,0.1073057348661655
347,block0.Wk,transformer_block,7.525447325808299,0.09445649951182769
348,block0.Wk,transformer_block,8.20209319456555,0.12621498672533288
349,block0.Wk,transformer_block,8.435314363418348,0.10323793148826502
350,block0.Wk,transformer_block,7.070396916873037,0.08463066870455718
351,block0.Wk,transformer_block,6.787295155916496,0.10170875879386983
352,block0.Wk,transformer_block,7.853239686405836,0.09462312598693513
353,block0.Wk,transformer_block,8.142244842342198,0.11221940004738239
354,block0.Wk,transformer_block,8.329046626087283,0.10951589360315502
355,block0.Wk,transformer_block,8.374490811967458,0.1081743523783639
356,block0.Wk,transformer_block,8.4062619918627,0.11169418558899226
357,block0.Wk,transformer_block,7.631288623472845,0.09133702484489895
358,block0.Wk,transformer_block,6.5996419801310315,0.08361218201904483
359,block0.Wk,transformer_block,7.0306095807022375,0.11737816297376756
360,block0.Wk,transformer_block,7.956994786505615,0.09683909913648836
361,block0.Wk,transformer_block,7.9034858080739445,0.1039859064781585
362,block0.Wk,transformer_block,7.62677263602671,0.09262763238348357
363,block0.Wk,transformer_block,6.614116914015924,0.08660927446298039
364,block0.Wk,transformer_block,5.9774593509189895,0.07878305638250817
365,block0.Wk,transformer_block,7.148380834020412,0.1069654666235004
366,block0.Wk,transformer_block,6.914787636321123,0.07573886408051603
367,block0.Wk,transformer_block,6.732995476944528,0.09919639340464227
368,block0.Wk,transformer_block,6.600674038132207,0.0767441049847358
369,block0.Wk,transformer_block,5.683604872937361,0.07996892955218166
370,block0.Wk,transformer_block,6.232978383344994,0.08584193879633772
371,block0.Wk,transformer_block,6.15118083753953,0.074113293191903
372,block0.Wk,transformer_block,5.707370315647521,0.07531224494595992
373,block0.Wk,transformer_block,5.932999673934406,0.08618465308889424
374,block0.Wk,transformer_block,6.936875283406243,0.1049235697322545
375,block0.Wk,transformer_block,7.358833850332512,0.08873355530250694
376,block0.Wk,transformer_block,7.228410622206314,0.09923980155757982
377,block0.Wk,transformer_block,7.566451603812751,0.10731011931551832
378,block0.Wk,transformer_block,7.344789783770094,0.08988563546028339
379,block0.Wk,transformer_block,6.493982680745055,0.09257248661206197
380,block0.Wk,transformer_block,8.074433221162623,0.12306538419587205
381,block0.Wk,transformer_block,7.754805761099984,0.09927924112351025
382,block0.Wk,transformer_block,7.7003796836126295,0.0928817665969481
383,block0.Wk,transformer_block,7.929873938513829,0.11126503268908608
384,block0.Wk,transformer_block,8.211104181186732,0.1112065968261211
385,block0.Wk,transformer_block,8.363200525264803,0.10813762942686336
386,block0.Wk,transformer_block,7.9692758623437925,0.11241330263957798
387,block0.Wk,transformer_block,7.619079802403381,0.09153395650876314
388,block0.Wk,transformer_block,7.564010834544272,0.10698238452277967
389,block0.Wk,transformer_block,8.738025057298762,0.11781870811869298
390,block0.Wk,transformer_block,7.960294039759821,0.09070255107048421
391,block0.Wk,transformer_block,6.195994030991274,0.061742195312193146
392,block0.Wk,transformer_block,5.470881145332299,0.08703371829974149
393,block0.Wk,transformer_block,5.768941947217125,0.062101951769235296
394,block0.Wk,transformer_block,6.178159134733199,0.10810906272449439
395,block0.Wk,transformer_block,6.733737928616261,0.08617631653658528
396,block0.Wk,transformer_block,5.63125706473973,0.0754160312333244
397,block0.Wk,transformer_block,5.3297357030749115,0.07424632729272077
398,block0.Wk,transformer_block,5.925612384220505,0.08033949258239305
399,block0.Wk,transformer_block,6.306320955847057,0.08147821416269083
400,block0.Wk,transformer_block,6.2469267386160805,0.07662281564289833
401,block0.Wk,transformer_block,8.145995107798718,0.1287679906348035
402,block0.Wk,transformer_block,8.419032580332944,0.07729605486564427
403,block0.Wk,transformer_block,6.5926857337236315,0.0918637057354913
404,block0.Wk,transformer_block,7.201866388842505,0.09018571799369376
405,block0.Wk,transformer_block,7.396590202703791,0.1011248260722609
406,block0.Wk,transformer_block,7.164351471340539,0.09115107509142858
407,block0.Wk,transformer_block,7.626417073484464,0.09878079789351449
408,block0.Wk,transformer_block,7.198031531257625,0.09379379582784275
409,block0.Wk,transformer_block,7.0153066298399285,0.08715502937820258
410,block0.Wk,transformer_block,5.852237134090358,0.06537635413011941
411,block0.Wk,transformer_block,5.381551496886801,0.07387218604647842
412,block0.Wk,transformer_block,5.593555595621654,0.07737982737969233
413,block0.Wk,transformer_block,6.3523251195420665,0.08656251667426862
414,block0.Wk,transformer_block,6.137242954033141,0.07217120280560854
415,block0.Wk,transformer_block,5.799955575226263,0.07303449650605416
416,block0.Wk,transformer_block,6.176053018451267,0.08944081945619416
417,block0.Wk,transformer_block,6.179242260648338,0.06597736609729182
418,block0.Wk,transformer_block,5.067555930181891,0.06858773371179912
419,block0.Wk,transformer_block,5.193026292558571,0.06973936418723814
420,block0.Wk,transformer_block,6.070080465622841,0.09069498127163515
421,block0.Wk,transformer_block,7.024801057201419,0.10543444628042123
422,block0.Wk,transformer_block,6.7626049067359455,0.07193738934977872
423,block0.Wk,transformer_block,5.1159186143260635,0.07479348625626969
424,block0.Wk,transformer_block,5.900242522760432,0.08725615139230206
425,block0.Wk,transformer_block,5.71583920624388,0.08239913554993142
426,block0.Wk,transformer_block,6.384741813747427,0.08901906779761215
427,block0.Wk,transformer_block,6.06897428937391,0.06577112854948222
428,block0.Wk,transformer_block,5.149764745385571,0.07030012947534581
429,block0.Wk,transformer_block,5.4920342436870655,0.07588554485414782
430,block0.Wk,transformer_block,6.396973517329499,0.09273885434909016
431,block0.Wk,transformer_block,6.283713421457902,0.07499128626277629
432,block0.Wk,transformer_block,5.9141935233855385,0.08606414440247112
433,block0.Wk,transformer_block,6.871786439985757,0.09686263774567332
434,block0.Wk,transformer_block,6.346010309138682,0.0770712466466931
435,block0.Wk,transformer_block,5.62201556539171,0.06720283848749607
436,block0.Wk,transformer_block,5.450625547419199,0.08326409397762968
437,block0.Wk,transformer_block,7.76261578165629,0.11360385377102197
438,block0.Wk,transformer_block,6.933534770014802,0.06584273288997715
439,block0.Wk,transformer_block,6.09447417466462,0.09129478681677247
440,block0.Wk,transformer_block,5.93753573022135,0.06482869526945055
441,block0.Wk,transformer_block,4.994701223470257,0.08340762995245501
442,block0.Wk,transformer_block,6.440874551027642,0.08715373133351759
443,block0.Wk,transformer_block,6.452362656630102,0.07379319626702724
444,block0.Wk,transformer_block,5.792641209710147,0.08959777787197176
445,block0.Wk,transformer_block,8.099876005911646,0.11189532018101231
446,block0.Wk,transformer_block,7.133341669051922,0.07600764513601045
447,block0.Wk,transformer_block,6.026046687343906,0.07663026060019737
448,block0.Wk,transformer_block,5.416648246875807,0.06625004571031537
449,block0.Wk,transformer_block,5.506118078647036,0.07498659366066299
450,block0.Wk,transformer_block,6.351053798918328,0.08421241984815211
451,block0.Wk,transformer_block,6.610814021003427,0.09030051681133405
452,block0.Wk,transformer_block,7.601132048405865,0.1030319946273503
453,block0.Wk,transformer_block,7.3086261181025005,0.08854017268348277
454,block0.Wk,transformer_block,7.00861063484491,0.09505317516648443
455,block0.Wk,transformer_block,7.52134660134791,0.09226686339956962
456,block0.Wk,transformer_block,6.470818517307666,0.07200902354966679
457,block0.Wk,transformer_block,6.57937964412107,0.10480971671756083
458,block0.Wk,transformer_block,7.441125798693162,0.08567939113612277
459,block0.Wk,transformer_block,7.5333312856304335,0.10170712913343513
460,block0.Wk,transformer_block,6.7216418095045904,0.10149967397393542
461,block0.Wk,transformer_block,8.355191257768325,0.11577918886381675
462,block0.Wk,transformer_block,7.353041665205437,0.10040991794676335
463,block0.Wk,transformer_block,6.894421206703993,0.07994022336406922
464,block0.Wk,transformer_block,5.2803849262275335,0.05895305357156362
465,block0.Wk,transformer_block,5.045974723622885,0.07972700485959001
466,block0.Wk,transformer_block,7.2274686854329975,0.1026271229781221
467,block0.Wk,transformer_block,7.314139685700318,0.08823180412716834
468,block0.Wk,transformer_block,7.526531908368295,0.11044481663857088
469,block0.Wk,transformer_block,6.523160535268436,0.06323474769876304
470,block0.Wk,transformer_block,5.220160696483599,0.07390539169562454
471,block0.Wk,transformer_block,5.380036351110965,0.0813207336575758
472,block0.Wk,transformer_block,6.584218705001429,0.08599514892195853
473,block0.Wk,transformer_block,8.003689638922658,0.12285986609233501
474,block0.Wk,transformer_block,6.921846347647988,0.06906735238693384
475,block0.Wk,transformer_block,5.623317260942803,0.08076952972478546
476,block0.Wk,transformer_block,6.326542214315042,0.078079791343449
477,block0.Wk,transformer_block,5.504002073823018,0.07119467408458119
478,block0.Wk,transformer_block,6.118878591221609,0.08353041825743157
479,block0.Wk,transformer_block,5.825857801465451,0.05450135873902158
480,block0.Wk,transformer_block,5.127022431665494,0.07641082873265333
481,block0.Wk,transformer_block,6.021376424748039,0.09039946150769058
482,block0.Wk,transformer_block,6.4338906353553735,0.07240540815306186
483,block0.Wk,transformer_block,6.1975624456077165,0.09015167974921089
484,block0.Wk,transformer_block,6.654271408572099,0.10553410911722749
485,block0.Wk,transformer_block,9.191272190721405,0.1357223112128415
486,block0.Wk,transformer_block,9.708660711251138,0.10522904781403547
487,block0.Wk,transformer_block,7.349586040025082,0.07586499642207452
488,block0.Wk,transformer_block,5.731603118259857,0.06720247660933237
489,block0.Wk,transformer_block,5.191379913823929,0.07855033281055443
490,block0.Wk,transformer_block,6.935236527608954,0.09633049326697042
491,block0.Wk,transformer_block,7.3389730814880965,0.08406010479084478
492,block0.Wk,transformer_block,5.524176002125148,0.06831358599824866
493,block0.Wk,transformer_block,5.27134398614512,0.06591612238020614
494,block0.Wk,transformer_block,5.41640859353064,0.07094365794962791
495,block0.Wk,transformer_block,5.337749588024761,0.07935948554131105
496,block0.Wk,transformer_block,5.364850292432969,0.06142515190675765
497,block0.Wk,transformer_block,6.426921147731974,0.09232931989784754
498,block0.Wk,transformer_block,6.8578981857733465,0.08448211305538521
499,block0.Wk,transformer_block,6.0096758755277255,0.08212434159688548
500,block0.Wk,transformer_block,5.82634334753593,0.06762304950117778
501,block0.Wk,transformer_block,5.429635559836164,0.08245093453133502
502,block0.Wk,transformer_block,6.552198787643355,0.08512201463931147
503,block0.Wk,transformer_block,7.131495912133889,0.09557664343974986
504,block0.Wk,transformer_block,7.072167858709029,0.08799350480413744
505,block0.Wk,transformer_block,6.86113711104941,0.08077446900764071
506,block0.Wk,transformer_block,5.539674136736359,0.06655834246711481
507,block0.Wk,transformer_block,7.738351053578915,0.11923660416660473
508,block0.Wk,transformer_block,8.057641943330857,0.09030893679853104
509,block0.Wk,transformer_block,5.589098865768736,0.06697204256615237
510,block0.Wk,transformer_block,4.915785258197345,0.06300147899744288
511,block0.Wk,transformer_block,5.151567375078425,0.07549068495170666
512,block0.Wk,transformer_block,5.835524555056219,0.07779414144130198
513,block0.Wk,transformer_block,6.231044347594933,0.08538828255891824
514,block0.Wk,transformer_block,6.035093523334876,0.06516615553153562
515,block0.Wk,transformer_block,4.633342156656384,0.06987804715753268
516,block0.Wk,transformer_block,5.831035737804933,0.08445106930104486
517,block0.Wk,transformer_block,7.333017354604849,0.09727303354021635
518,block0.Wk,transformer_block,6.905812057391915,0.06856313306716076
519,block0.Wk,transformer_block,4.667977598292556,0.06480966168067707
520,block0.Wk,transformer_block,4.721101641467164,0.06666975578312395
521,block0.Wk,transformer_block,5.375772977625562,0.07222004032667609
522,block0.Wk,transformer_block,6.657389584080963,0.09304146677624564
523,block0.Wk,transformer_block,6.616864574086886,0.06804641170885031
524,block0.Wk,transformer_block,5.884670353666652,0.08803196377534682
525,block0.Wk,transformer_block,6.109540043087372,0.06125567424078773
526,block0.Wk,transformer_block,4.971183031594096,0.0748391278619962
527,block0.Wk,transformer_block,6.229968455792013,0.08175133350729422
528,block0.Wk,transformer_block,5.469553362186507,0.07482026872805675
529,block0.Wk,transformer_block,5.256058150801852,0.06870148083965666
530,block0.Wk,transformer_block,5.559450517005183,0.07437374613649028
531,block0.Wk,transformer_block,4.8366925157987595,0.06410074161066692
532,block0.Wk,transformer_block,4.892238718310402,0.0662931912249159
533,block0.Wk,transformer_block,5.002014984368467,0.06564689154603964
534,block0.Wk,transformer_block,6.004906570213411,0.0881184812747384
535,block0.Wk,transformer_block,6.94702032406883,0.08084935697128051
536,block0.Wk,transformer_block,6.4223117720141465,0.08352038842394274
537,block0.Wk,transformer_block,5.593440563991904,0.06044242220110094
538,block0.Wk,transformer_block,5.0510005796537945,0.08641225123022903
539,block0.Wk,transformer_block,6.288643849882593,0.08206943713409075
540,block0.Wk,transformer_block,5.550214755263831,0.07462704092857979
541,block0.Wk,transformer_block,4.979764033323638,0.06824533196675639
542,block0.Wk,transformer_block,5.552645693570535,0.07310766228204624
543,block0.Wk,transformer_block,5.086230196098187,0.07168753417086449
544,block0.Wk,transformer_block,5.459339197578927,0.0700520960777294
545,block0.Wk,transformer_block,5.52813356426097,0.07626135982421078
546,block0.Wk,transformer_block,5.305530906734449,0.06343530231389032
547,block0.Wk,transformer_block,5.769750225668577,0.08254883701465567
548,block0.Wk,transformer_block,5.668432218744752,0.06873425718105539
549,block0.Wk,transformer_block,5.800198609112502,0.08466901045843575
550,block0.Wk,transformer_block,7.083108378149187,0.08980940280993749
551,block0.Wk,transformer_block,7.323286884374376,0.09884700671843477
552,block0.Wk,transformer_block,6.029442467637461,0.0611549186416038
553,block0.Wk,transformer_block,4.439936150262644,0.05661651007741063
554,block0.Wk,transformer_block,4.672920320406165,0.0701532767576643
555,block0.Wk,transformer_block,6.113012374730402,0.09537317316902087
556,block0.Wk,transformer_block,6.43920503338859,0.06716999058274678
557,block0.Wk,transformer_block,5.725281015058784,0.07556370477763465
558,block0.Wk,transformer_block,5.655111282223328,0.07558525973298841
559,block0.Wk,transformer_block,4.976824426074949,0.05983374274897626
560,block0.Wk,transformer_block,4.988835578604658,0.08021193028416321
561,block0.Wk,transformer_block,5.754840359008754,0.07101267100559858
562,block0.Wk,transformer_block,6.113451738232428,0.09290275355434222
563,block0.Wk,transformer_block,6.473853475343739,0.07163509609986254
564,block0.Wk,transformer_block,6.225713079860018,0.09113961599284934
565,block0.Wk,transformer_block,6.411500285854694,0.07554336773474915
566,block0.Wk,transformer_block,4.960952545478107,0.05692108643918157
567,block0.Wk,transformer_block,4.889003757999249,0.07490803483607422
568,block0.Wk,transformer_block,4.5444753404773595,0.04774509882357837
569,block0.Wk,transformer_block,4.6473067441298435,0.06332110593863188
570,block0.Wk,transformer_block,5.337383871941545,0.07173290073668186
571,block0.Wk,transformer_block,6.1595261374432555,0.09182707275401966
572,block0.Wk,transformer_block,5.865278996477218,0.05541280370347122
573,block0.Wk,transformer_block,4.444901320391534,0.0714780438621873
574,block0.Wk,transformer_block,4.978914673821475,0.059822706294706623
575,block0.Wk,transformer_block,5.156427105175501,0.0743494488996695
576,block0.Wk,transformer_block,4.995886036781623,0.059209849650747104
577,block0.Wk,transformer_block,4.6438098600752555,0.06417902155970809
578,block0.Wk,transformer_block,4.860060627354863,0.0665032265244455
579,block0.Wk,transformer_block,5.6228467825210275,0.08017936106827693
580,block0.Wk,transformer_block,6.1159857821882575,0.07344859727488016
581,block0.Wk,transformer_block,5.678611572190583,0.07426534827851174
582,block0.Wk,transformer_block,6.013780348751124,0.08008747858330083
583,block0.Wk,transformer_block,5.7873534322870395,0.0673117427132465
584,block0.Wk,transformer_block,6.065461876406377,0.09092033303205241
585,block0.Wk,transformer_block,6.1988482530947,0.07161730037467959
586,block0.Wk,transformer_block,5.0367508991721754,0.06569595206057775
587,block0.Wk,transformer_block,4.906186331202823,0.05714360604135339
588,block0.Wk,transformer_block,5.129813279021034,0.08060173311724622
589,block0.Wk,transformer_block,5.0880561006210065,0.06260131574491537
590,block0.Wk,transformer_block,6.377888867288868,0.09906406267296643
591,block0.Wk,transformer_block,6.271518103430474,0.06928564053727655
592,block0.Wk,transformer_block,5.139059413384883,0.07042844549434193
593,block0.Wk,transformer_block,4.691598396900531,0.06066723729902197
594,block0.Wk,transformer_block,5.158889332035349,0.06911997766833532
595,block0.Wk,transformer_block,5.03333545441524,0.0764503123439228
596,block0.Wk,transformer_block,5.373581210421484,0.06966553501777259
597,block0.Wk,transformer_block,6.065770216941402,0.0827536953358628
598,block0.Wk,transformer_block,5.796323597683501,0.08052630050091267
599,block0.Wk,transformer_block,5.69918372322881,0.06486251835970669
600,block0.Wk,transformer_block,5.668203747009327,0.08226089779539268
601,block0.Wk,transformer_block,5.58804828636422,0.07097659863322636
602,block0.Wk,transformer_block,5.153781360830348,0.06918256630478548
603,block0.Wk,transformer_block,6.486740174791019,0.10159799110024899
604,block0.Wk,transformer_block,6.97129596804068,0.0691022104441046
605,block0.Wk,transformer_block,5.69518538071941,0.0755519993833253
606,block0.Wk,transformer_block,5.2662182148678305,0.06624750620168851
607,block0.Wk,transformer_block,6.658257126236161,0.09997524309280037
608,block0.Wk,transformer_block,7.0605497411636575,0.0796892484501672
609,block0.Wk,transformer_block,6.000583900709158,0.06871453144826603
610,block0.Wk,transformer_block,5.38240064027667,0.06974406851432674
611,block0.Wk,transformer_block,4.888172147027004,0.061770867930806425
612,block0.Wk,transformer_block,5.163526353470238,0.08178613984570779
613,block0.Wk,transformer_block,5.885048561835755,0.06603415828214523
614,block0.Wk,transformer_block,5.522722734558971,0.07473928922321667
615,block0.Wk,transformer_block,6.52016433349624,0.09833993626161514
616,block0.Wk,transformer_block,6.668116804757378,0.06439980199597642
617,block0.Wk,transformer_block,5.502366859436086,0.08353732602679571
618,block0.Wk,transformer_block,5.016785218660492,0.06243245276815017
619,block0.Wk,transformer_block,5.493840130092313,0.08046245831659148
620,block0.Wk,transformer_block,5.227499671226319,0.06202968069104899
621,block0.Wk,transformer_block,4.5814295738141935,0.06898809093869446
622,block0.Wk,transformer_block,6.421692708880311,0.09349876228591458
623,block0.Wk,transformer_block,6.1967278768593,0.06281353312845447
624,block0.Wk,transformer_block,5.320644759766434,0.07612688289478808
625,block0.Wk,transformer_block,6.1825544534457215,0.08992252944421983
626,block0.Wk,transformer_block,5.764885931353984,0.069290518774717
627,block0.Wk,transformer_block,4.68811131470896,0.06134569399034856
628,block0.Wk,transformer_block,5.067328754236012,0.07471871674466299
629,block0.Wk,transformer_block,5.685827533745988,0.06658877889964952
630,block0.Wk,transformer_block,5.571727432215561,0.072564605536394
631,block0.Wk,transformer_block,4.97544473981652,0.0618524295899808
632,block0.Wk,transformer_block,4.613121940642395,0.08232631221745637
633,block0.Wk,transformer_block,5.225315943612591,0.061200342839630176
634,block0.Wk,transformer_block,4.899325390809372,0.06316630861980436
635,block0.Wk,transformer_block,5.272141907704181,0.07292486148243944
636,block0.Wk,transformer_block,5.271100063627775,0.06344477332720559
637,block0.Wk,transformer_block,5.550092251757664,0.08451303659555343
638,block0.Wk,transformer_block,5.975456986143159,0.07027311114976123
639,block0.Wk,transformer_block,5.123095830189729,0.0621576625363123
640,block0.Wk,transformer_block,4.434606445963281,0.06849142929121996
641,block0.Wk,transformer_block,6.9327888275065686,0.10178555179016563
642,block0.Wk,transformer_block,6.28686644962989,0.0702879693350205
643,block0.Wk,transformer_block,5.092826755971153,0.06476109272868519
644,block0.Wk,transformer_block,4.541070859934814,0.0590160755594582
645,block0.Wk,transformer_block,4.81580986078758,0.06790931889723288
646,block0.Wk,transformer_block,5.469129414158232,0.07339215252511322
647,block0.Wk,transformer_block,4.960600763094245,0.045772881469300766
648,block0.Wk,transformer_block,5.060293998809383,0.08605212884747036
649,block0.Wk,transformer_block,5.790027308318071,0.06266803313241763
650,block0.Wk,transformer_block,4.5697309500643275,0.05807316897107979
651,block0.Wk,transformer_block,4.441585363977332,0.06234750672452401
652,block0.Wk,transformer_block,4.1682978366032994,0.049910619892112075
653,block0.Wk,transformer_block,5.13404652318322,0.08422718122056017
654,block0.Wk,transformer_block,5.499928589823097,0.06985607949551362
655,block0.Wk,transformer_block,5.903099615530967,0.07567155559842202
656,block0.Wk,transformer_block,5.414018104478949,0.06786217565475341
657,block0.Wk,transformer_block,5.126143944093693,0.06606133216197388
658,block0.Wk,transformer_block,5.002973364927955,0.0708134193091475
659,block0.Wk,transformer_block,5.165342930805189,0.0645154063993782
660,block0.Wk,transformer_block,4.570263979096596,0.05981983479659359
661,block0.Wk,transformer_block,4.861035462462712,0.07054365574329177
662,block0.Wk,transformer_block,5.309123105848903,0.07484822093847726
663,block0.Wk,transformer_block,5.614135837042395,0.06823512840044581
664,block0.Wk,transformer_block,4.743283632645643,0.061595537302382666
665,block0.Wk,transformer_block,5.45457012847422,0.0766051005546117
666,block0.Wk,transformer_block,5.774241842090664,0.0766330659823629
667,block0.Wk,transformer_block,5.67194551943359,0.07107071425479722
668,block0.Wk,transformer_block,4.909884664323259,0.06452273513576756
669,block0.Wk,transformer_block,5.182943194153867,0.07163431521253355
670,block0.Wk,transformer_block,5.685142187800839,0.07195171925907548
671,block0.Wk,transformer_block,5.852112967908062,0.0727026109664319
672,block0.Wk,transformer_block,5.149378026926712,0.06316135543846448
673,block0.Wk,transformer_block,5.368432760092154,0.07035022736631705
674,block0.Wk,transformer_block,5.65678518598866,0.08714789859917464
675,block0.Wk,transformer_block,5.665308905371834,0.06314680009245965
676,block0.Wk,transformer_block,5.075970796498141,0.06541445829553644
677,block0.Wk,transformer_block,6.556194532281978,0.1006047010132968
678,block0.Wk,transformer_block,7.7509403589504675,0.08766538208268965
679,block0.Wk,transformer_block,6.118579006720428,0.062406870828984946
680,block0.Wk,transformer_block,5.886862174100102,0.08371443560016063
681,block0.Wk,transformer_block,6.067716248155538,0.06873122889310641
682,block0.Wk,transformer_block,4.616784594918296,0.047793909293234293
683,block0.Wk,transformer_block,4.525542286312896,0.07074266831971973
684,block0.Wk,transformer_block,6.209296238713354,0.08828399722167335
685,block0.Wk,transformer_block,6.272369820571753,0.07054077131845701
686,block0.Wk,transformer_block,5.3658283051622515,0.07687166514038979
687,block0.Wk,transformer_block,5.690883712392053,0.07144082223656126
688,block0.Wk,transformer_block,4.80938855982007,0.06858643103041272
689,block0.Wk,transformer_block,4.86681280557,0.07412006482535985
690,block0.Wk,transformer_block,6.941382002795324,0.09906132264897928
691,block0.Wk,transformer_block,7.040208149870462,0.07652099978264074
692,block0.Wk,transformer_block,5.2835403125132405,0.06825831202328882
693,block0.Wk,transformer_block,6.559597513683038,0.1062194746897985
694,block0.Wk,transformer_block,6.895834583669329,0.07139818712380215
695,block0.Wk,transformer_block,5.314904973425408,0.06751178329546054
696,block0.Wk,transformer_block,4.4249641731229135,0.04805510106905197
697,block0.Wk,transformer_block,3.361282184075487,0.04527249074737785
698,block0.Wk,transformer_block,4.2553628872211435,0.06327848626811976
0,block0.Wv,transformer_block,8.089723481169754,0.15382496088258452
1,block0.Wv,transformer_block,8.205023700695032,0.2119773772105563
2,block0.Wv,transformer_block,12.551212455707983,0.0948392057500396
3,block0.Wv,transformer_block,11.662971937084908,0.20561141597351285
4,block0.Wv,transformer_block,13.242425125635451,0.1987557191758402
5,block0.Wv,transformer_block,16.073667528005945,0.1769411103032491
6,block0.Wv,transformer_block,16.686737968316447,0.30456552510442025
7,block0.Wv,transformer_block,21.794928328127714,0.22209017762784272
8,block0.Wv,transformer_block,22.342196408520632,0.4332584151459969
9,block0.Wv,transformer_block,27.24635510236052,0.26836891934433327
10,block0.Wv,transformer_block,26.919744970640533,0.4416727150906559
11,block0.Wv,transformer_block,32.40317788825766,0.37841199708638973
12,block0.Wv,transformer_block,29.534766759264155,0.3371931343671561
13,block0.Wv,transformer_block,36.253691620668306,0.5222204006029497
14,block0.Wv,transformer_block,35.21619132232814,0.4937790882665744
15,block0.Wv,transformer_block,39.367572230491284,0.6139725084744125
16,block0.Wv,transformer_block,65.3518077625581,0.9522697331393118
17,block0.Wv,transformer_block,85.06883343506337,0.996001445910317
18,block0.Wv,transformer_block,68.21173590509572,0.9059030203347254
19,block0.Wv,transformer_block,69.21150962284885,0.9534010363185265
20,block0.Wv,transformer_block,90.92682947889752,1.1310796834862398
21,block0.Wv,transformer_block,101.46816452907441,1.3237764891860164
22,block0.Wv,transformer_block,109.70696714032525,1.327585202346925
23,block0.Wv,transformer_block,130.7381009877214,1.69676448496297
24,block0.Wv,transformer_block,159.36562476832432,2.0857682604531287
25,block0.Wv,transformer_block,177.41044505837922,2.0302711528278774
26,block0.Wv,transformer_block,167.29671267580207,1.756817783407862
27,block0.Wv,transformer_block,148.71584728343655,1.9619759173710798
28,block0.Wv,transformer_block,178.3067721288703,2.133648856086627
29,block0.Wv,transformer_block,183.90339060908343,2.1577369303466005
30,block0.Wv,transformer_block,188.62710457713447,2.291547844739772
31,block0.Wv,transformer_block,206.3022696959207,2.3700676765319217
32,block0.Wv,transformer_block,288.49681701797715,3.970632884297486
33,block0.Wv,transformer_block,344.3813582078948,3.4469965919669816
34,block0.Wv,transformer_block,289.0872345337764,2.732855108252099
35,block0.Wv,transformer_block,219.5817550989293,2.1198420419537265
36,block0.Wv,transformer_block,212.53622247353292,2.6026870351687155
37,block0.Wv,transformer_block,237.9842990256352,2.548850337194074
38,block0.Wv,transformer_block,257.7326594950827,3.131839321644763
39,block0.Wv,transformer_block,227.26846018146816,1.9977450725460022
40,block0.Wv,transformer_block,237.20465528718574,3.2521548633383346
41,block0.Wv,transformer_block,285.7627304444727,2.9016460820124035
42,block0.Wv,transformer_block,227.6643914128253,2.0730932522370287
43,block0.Wv,transformer_block,223.99504099242645,2.8510701401003837
44,block0.Wv,transformer_block,307.5672982993099,3.678386322276157
45,block0.Wv,transformer_block,269.83185896745886,2.388341034007805
46,block0.Wv,transformer_block,213.92594320367513,2.60890598275377
47,block0.Wv,transformer_block,237.92024000513626,2.6631500103629717
48,block0.Wv,transformer_block,243.24899166833404,2.7258803579600253
49,block0.Wv,transformer_block,234.32835486047986,2.378943022985596
50,block0.Wv,transformer_block,203.9374824046681,2.2908186865150117
51,block0.Wv,transformer_block,222.5944410794479,2.5889054164555434
52,block0.Wv,transformer_block,192.21218314940825,1.9115944338834907
53,block0.Wv,transformer_block,170.88286043590608,1.952924515635602
54,block0.Wv,transformer_block,183.99153245960102,2.3599175594085517
55,block0.Wv,transformer_block,230.0201871673697,2.821185740867775
56,block0.Wv,transformer_block,233.21014582173882,2.506208586595333
57,block0.Wv,transformer_block,203.44610699734133,2.077931146439238
58,block0.Wv,transformer_block,190.3294661778943,2.2460759782500515
59,block0.Wv,transformer_block,177.08437390072172,2.0110962351001787
60,block0.Wv,transformer_block,182.42267786916364,2.4391362563391352
61,block0.Wv,transformer_block,192.1294784453159,2.024443989197981
62,block0.Wv,transformer_block,158.12251980523763,1.8932929682798618
63,block0.Wv,transformer_block,163.86167198130357,1.9746352232112772
64,block0.Wv,transformer_block,191.45034500961444,2.3995616680429
65,block0.Wv,transformer_block,188.25916085270674,1.9328252588533568
66,block0.Wv,transformer_block,180.03365315700796,2.2450262995519674
67,block0.Wv,transformer_block,194.52777647780724,2.275470956211692
68,block0.Wv,transformer_block,184.7094615523899,2.0116420389350576
69,block0.Wv,transformer_block,183.62527725250052,2.3271077373172293
70,block0.Wv,transformer_block,210.79374133844823,2.4461915244607186
71,block0.Wv,transformer_block,159.04070087609364,1.630863583358826
72,block0.Wv,transformer_block,140.7902494150931,1.8117459316555726
73,block0.Wv,transformer_block,137.5785958993996,1.6209427733302486
74,block0.Wv,transformer_block,155.75188368574672,2.08596403793669
75,block0.Wv,transformer_block,178.75480247946862,2.0469193987216143
76,block0.Wv,transformer_block,169.65072125862852,2.0339015720494307
77,block0.Wv,transformer_block,161.12307505981974,1.8698864286007204
78,block0.Wv,transformer_block,126.24200219031056,1.5006055516938155
79,block0.Wv,transformer_block,135.45774157476023,1.8623717485554834
80,block0.Wv,transformer_block,147.20125900664917,2.1950803770029337
81,block0.Wv,transformer_block,169.66560025530538,1.7397361384213736
82,block0.Wv,transformer_block,135.5397698377301,1.8319624990148018
83,block0.Wv,transformer_block,168.77081652771844,2.157367257001643
84,block0.Wv,transformer_block,147.41000806579655,1.7000477273139427
85,block0.Wv,transformer_block,135.88887181297721,1.682331069776085
86,block0.Wv,transformer_block,186.39801650702265,2.6314562790583595
87,block0.Wv,transformer_block,182.06075241243462,1.8454287463398171
88,block0.Wv,transformer_block,147.2924747222413,1.7378601657950656
89,block0.Wv,transformer_block,158.485124142166,1.9052137617414597
90,block0.Wv,transformer_block,148.87388843189956,1.7975960140809342
91,block0.Wv,transformer_block,132.24011166634094,1.680843391459094
92,block0.Wv,transformer_block,172.65121642774247,2.525693366438706
93,block0.Wv,transformer_block,191.14023552547707,2.100284848086508
94,block0.Wv,transformer_block,165.41273514691576,2.0191176777090076
95,block0.Wv,transformer_block,149.2406963505614,1.6733275910700902
96,block0.Wv,transformer_block,128.87378415347868,1.7476076465495733
97,block0.Wv,transformer_block,126.9185985350787,1.688616360259208
98,block0.Wv,transformer_block,163.68900433914865,2.3182164834188015
99,block0.Wv,transformer_block,155.93238155639946,1.732296141515409
100,block0.Wv,transformer_block,150.66360590130085,1.8253717909863263
101,block0.Wv,transformer_block,128.75661038430974,1.4036986797121855
102,block0.Wv,transformer_block,119.17679747594555,1.7530084737298601
103,block0.Wv,transformer_block,140.82472388574453,1.6444245117559484
104,block0.Wv,transformer_block,126.0723638581997,1.6492128559959243
105,block0.Wv,transformer_block,145.75334932728646,1.848122199727486
106,block0.Wv,transformer_block,137.56639787698361,1.628092362132131
107,block0.Wv,transformer_block,136.9968119269466,1.791873834981719
108,block0.Wv,transformer_block,155.22784741120782,1.9641484067703856
109,block0.Wv,transformer_block,144.1008971664816,1.9394378504051621
110,block0.Wv,transformer_block,161.14220390753576,1.9073550794948197
111,block0.Wv,transformer_block,163.37487230306795,2.027410524199626
112,block0.Wv,transformer_block,139.59166880562617,1.5492435663842885
113,block0.Wv,transformer_block,122.38031972088217,1.7792634039058957
114,block0.Wv,transformer_block,144.8540880109729,1.8319577049774172
115,block0.Wv,transformer_block,149.447540436676,1.8324468105246212
116,block0.Wv,transformer_block,139.63635043578515,1.9352365671333602
117,block0.Wv,transformer_block,138.5514380508252,1.4610010205187516
118,block0.Wv,transformer_block,132.50493451646412,1.9475004278902572
119,block0.Wv,transformer_block,188.39553320727686,2.373754378261317
120,block0.Wv,transformer_block,183.913455838911,1.9638619485101683
121,block0.Wv,transformer_block,150.01877127360012,1.7527388852285257
122,block0.Wv,transformer_block,136.34950040583252,1.7158285548284247
123,block0.Wv,transformer_block,128.80628496150797,1.4927239761690942
124,block0.Wv,transformer_block,129.63884179134453,1.7044923099514109
125,block0.Wv,transformer_block,136.7043577582191,1.6265534051860957
126,block0.Wv,transformer_block,123.9841001816167,1.5737016107324742
127,block0.Wv,transformer_block,131.92413726680297,1.6685872212170132
128,block0.Wv,transformer_block,136.42530988295255,1.8181427535239518
129,block0.Wv,transformer_block,143.20788545222493,1.8309863373251358
130,block0.Wv,transformer_block,140.9479313699892,1.5848274066142194
131,block0.Wv,transformer_block,143.3985474409528,1.7882813652926606
132,block0.Wv,transformer_block,156.14894739738085,1.9605594906664559
133,block0.Wv,transformer_block,138.98587550894655,1.6921582637140005
134,block0.Wv,transformer_block,136.17025357200967,1.8652203167553023
135,block0.Wv,transformer_block,122.41052814798088,1.5229045374927541
136,block0.Wv,transformer_block,138.14546287599663,1.8162617124827012
137,block0.Wv,transformer_block,143.58700740209486,1.8731363553025933
138,block0.Wv,transformer_block,147.56259037912284,1.6782476966328606
139,block0.Wv,transformer_block,129.86978421835147,1.790478031458377
140,block0.Wv,transformer_block,143.86467382275498,1.8554739509797034
141,block0.Wv,transformer_block,149.4345632835013,1.6639291718794034
142,block0.Wv,transformer_block,126.10724854201925,1.5280887403119088
143,block0.Wv,transformer_block,131.40949791320278,1.8956597801163109
144,block0.Wv,transformer_block,152.7072619338665,1.9740325690270781
145,block0.Wv,transformer_block,149.90428232126627,1.6455657212068129
146,block0.Wv,transformer_block,113.0376859276672,1.3726110842038866
147,block0.Wv,transformer_block,116.77631734534162,1.5939946754813759
148,block0.Wv,transformer_block,131.63642612190193,1.7443485932360157
149,block0.Wv,transformer_block,135.68006114038042,1.7869242062877204
150,block0.Wv,transformer_block,159.01439317608444,1.992745436903145
151,block0.Wv,transformer_block,150.13142988967832,1.751753261289641
152,block0.Wv,transformer_block,133.243471814195,1.4858135918704336
153,block0.Wv,transformer_block,121.18980673070794,1.5788297091757848
154,block0.Wv,transformer_block,130.30361385663983,1.6172344788592437
155,block0.Wv,transformer_block,128.61499845857682,1.720336750923353
156,block0.Wv,transformer_block,144.0947890142558,1.7984306598325066
157,block0.Wv,transformer_block,147.67693940444784,1.75519221721103
158,block0.Wv,transformer_block,129.42809348108037,1.5786228648157496
159,block0.Wv,transformer_block,123.74911457762154,1.5681819742232996
160,block0.Wv,transformer_block,135.4745280760493,1.8399632924183762
161,block0.Wv,transformer_block,139.7143887357865,1.5055781539922188
162,block0.Wv,transformer_block,124.32918370011397,1.6359388349179826
163,block0.Wv,transformer_block,147.57761845292754,1.8927961450875257
164,block0.Wv,transformer_block,138.6933399178696,1.7773115352643907
165,block0.Wv,transformer_block,149.84148604697074,1.7277756762949095
166,block0.Wv,transformer_block,135.94755438681958,1.5837715094644171
167,block0.Wv,transformer_block,129.7832461238989,1.7177860055819374
168,block0.Wv,transformer_block,134.62541497815934,1.8402871702470287
169,block0.Wv,transformer_block,146.7710750782669,1.8178677610613372
170,block0.Wv,transformer_block,145.4385499847378,1.783679352699364
171,block0.Wv,transformer_block,141.3221034444147,1.7402624541996667
172,block0.Wv,transformer_block,108.73527598463018,1.387535288224933
173,block0.Wv,transformer_block,130.83964937624648,1.8410416089811883
174,block0.Wv,transformer_block,115.39112949285057,1.3133094216720271
175,block0.Wv,transformer_block,122.44592494703339,1.6476949257715465
176,block0.Wv,transformer_block,126.71874185211102,1.474667338362925
177,block0.Wv,transformer_block,141.49309837170742,2.266806859851911
178,block0.Wv,transformer_block,154.57966876744135,1.5337855751251073
179,block0.Wv,transformer_block,126.72492452264979,1.6229163199667394
180,block0.Wv,transformer_block,135.0662022720211,1.660677498113129
181,block0.Wv,transformer_block,121.39257511404564,1.5010704568729083
182,block0.Wv,transformer_block,131.42233401766768,1.718015016926374
183,block0.Wv,transformer_block,141.8817739932784,1.7669142497839683
184,block0.Wv,transformer_block,130.26480216319428,1.5009927592639913
185,block0.Wv,transformer_block,122.22239066247923,1.5152016621795077
186,block0.Wv,transformer_block,119.51014890856267,1.5521183534879703
187,block0.Wv,transformer_block,132.412423891821,1.5743498542919654
188,block0.Wv,transformer_block,126.8972309270987,1.4724725085246155
189,block0.Wv,transformer_block,150.7908434308588,2.172236660498465
190,block0.Wv,transformer_block,150.51238444666052,1.6407661259655915
191,block0.Wv,transformer_block,149.07157348339152,1.9015217137580063
192,block0.Wv,transformer_block,132.98258506271867,1.6394790516912792
193,block0.Wv,transformer_block,125.87886943993551,1.4560355147670598
194,block0.Wv,transformer_block,137.84937639808427,1.891349240545807
195,block0.Wv,transformer_block,140.159660441506,1.641623224255052
196,block0.Wv,transformer_block,129.50836701759863,1.717256013813619
197,block0.Wv,transformer_block,123.98236844685718,1.5414015985549003
198,block0.Wv,transformer_block,116.12648036540477,1.4817862234931203
199,block0.Wv,transformer_block,121.78170244371327,1.5196872061829323
200,block0.Wv,transformer_block,115.06637876505582,1.4287745214949035
201,block0.Wv,transformer_block,123.05582687987109,1.5410410875297798
202,block0.Wv,transformer_block,134.35263246093893,1.7189754022879953
203,block0.Wv,transformer_block,129.2044326928971,1.7465516017540734
204,block0.Wv,transformer_block,135.62520953765502,1.8168750946116408
205,block0.Wv,transformer_block,135.4626720884859,1.6483932578757754
206,block0.Wv,transformer_block,121.03307700168969,1.422845839091944
207,block0.Wv,transformer_block,105.22961902601338,1.3378869638472142
208,block0.Wv,transformer_block,121.19917584548676,1.7840230242491741
209,block0.Wv,transformer_block,135.1658428298582,1.6277242732892647
210,block0.Wv,transformer_block,123.15988163438483,1.554612565547013
211,block0.Wv,transformer_block,110.14679480041507,1.4238732460544383
212,block0.Wv,transformer_block,122.02062732357852,1.5447048402017234
213,block0.Wv,transformer_block,124.84351834617671,1.7030336531264227
214,block0.Wv,transformer_block,126.15869880311908,1.7146009609861679
215,block0.Wv,transformer_block,135.85811764756943,1.7253295067752277
216,block0.Wv,transformer_block,125.65924133617858,1.6114943769423076
217,block0.Wv,transformer_block,114.07031366233866,1.496856725863374
218,block0.Wv,transformer_block,116.75743299950875,1.6004659982581062
219,block0.Wv,transformer_block,125.65248260622874,1.7212762207955572
220,block0.Wv,transformer_block,121.20079890523688,1.3110222028537697
221,block0.Wv,transformer_block,119.03393095052145,1.9728347753716207
222,block0.Wv,transformer_block,151.69745069763226,1.7401665640315152
223,block0.Wv,transformer_block,132.7169687959828,1.6252629964440373
224,block0.Wv,transformer_block,127.38038550257471,1.577323390722395
225,block0.Wv,transformer_block,117.50632192382335,1.5881364482335163
226,block0.Wv,transformer_block,141.3487145514492,1.934361840971775
227,block0.Wv,transformer_block,146.40376089024613,1.8609406849209638
228,block0.Wv,transformer_block,137.59769603360965,1.4460084379950375
229,block0.Wv,transformer_block,111.91093949130244,1.5249135703725913
230,block0.Wv,transformer_block,108.59978897489944,1.4601372024532604
231,block0.Wv,transformer_block,127.44179911588724,1.7286378525317403
232,block0.Wv,transformer_block,129.81906075908034,1.531747502612994
233,block0.Wv,transformer_block,117.450547717602,1.4658140398640709
234,block0.Wv,transformer_block,130.7350300424755,1.8384848992734848
235,block0.Wv,transformer_block,141.626238805249,1.578631383481928
236,block0.Wv,transformer_block,135.6254886466941,1.7458823330459703
237,block0.Wv,transformer_block,120.602482963084,1.3455963950653271
238,block0.Wv,transformer_block,120.00627030319518,1.6470968572542606
239,block0.Wv,transformer_block,127.31679424548719,1.5929875472851098
240,block0.Wv,transformer_block,123.28962785382534,1.470372185939829
241,block0.Wv,transformer_block,123.78713726245776,1.6725875776455694
242,block0.Wv,transformer_block,138.80304706013362,1.8554166514061077
243,block0.Wv,transformer_block,141.22815521936198,1.8863920533013745
244,block0.Wv,transformer_block,140.6529907071259,1.5452211742296864
245,block0.Wv,transformer_block,114.65933553384166,1.538484072570289
246,block0.Wv,transformer_block,109.88958226523499,1.4385759037857955
247,block0.Wv,transformer_block,124.98843887674558,1.6518100310880381
248,block0.Wv,transformer_block,113.56022647765748,1.4727433277183444
249,block0.Wv,transformer_block,113.00695591350318,1.4547735765908574
250,block0.Wv,transformer_block,112.07602008760118,1.357873793131021
251,block0.Wv,transformer_block,113.5056598278681,1.51140843311039
252,block0.Wv,transformer_block,108.49770212408073,1.2568800139580318
253,block0.Wv,transformer_block,106.53898044400097,1.496912386971164
254,block0.Wv,transformer_block,113.27807629540588,1.4007145784856168
255,block0.Wv,transformer_block,122.83957632283791,1.6260582227261784
256,block0.Wv,transformer_block,121.27814368517427,1.5133125796860152
257,block0.Wv,transformer_block,119.12253428932763,1.540275808189264
258,block0.Wv,transformer_block,134.66774955713902,1.9683747080509084
259,block0.Wv,transformer_block,139.14157878454768,1.61878443001604
260,block0.Wv,transformer_block,136.3968872208504,1.6884282040580794
261,block0.Wv,transformer_block,112.69115319083456,1.2895329973831378
262,block0.Wv,transformer_block,123.07926597547542,1.7429725337348805
263,block0.Wv,transformer_block,122.66667891600036,1.4745320046849517
264,block0.Wv,transformer_block,117.09600221188883,1.4694270721508407
265,block0.Wv,transformer_block,120.44810081920086,1.6071225729056395
266,block0.Wv,transformer_block,125.9733467895573,1.6481471247280437
267,block0.Wv,transformer_block,122.71710317281617,1.5017106919194145
268,block0.Wv,transformer_block,115.6641107841327,1.5945598303331003
269,block0.Wv,transformer_block,116.5025568468863,1.444709639420277
270,block0.Wv,transformer_block,109.89170034470476,1.3292778920861283
271,block0.Wv,transformer_block,127.2419332543192,1.9710425666854272
272,block0.Wv,transformer_block,148.37991298192077,1.6604436628129
273,block0.Wv,transformer_block,118.63705502027831,1.4463542027341791
274,block0.Wv,transformer_block,139.71190269648915,1.8436568460862333
275,block0.Wv,transformer_block,131.85604096698484,1.5772005000314095
276,block0.Wv,transformer_block,122.61299325358671,1.49356066682348
277,block0.Wv,transformer_block,136.39209080606602,1.8200344235932469
278,block0.Wv,transformer_block,127.13061043563137,1.4323242822916347
279,block0.Wv,transformer_block,113.66141421970934,1.5752023543093665
280,block0.Wv,transformer_block,119.73520064417092,1.5111935893594937
281,block0.Wv,transformer_block,124.78115329770374,1.5132591070926318
282,block0.Wv,transformer_block,112.94227295907795,1.4930091151984524
283,block0.Wv,transformer_block,114.29212197970142,1.4997627647000311
284,block0.Wv,transformer_block,118.11437220577126,1.6407102663444644
285,block0.Wv,transformer_block,134.27903558145738,1.6449371562053954
286,block0.Wv,transformer_block,125.9434083845152,1.6100331759801496
287,block0.Wv,transformer_block,119.29358913353714,1.4769351786442906
288,block0.Wv,transformer_block,117.19215163394989,1.5401157842508675
289,block0.Wv,transformer_block,128.14354657451767,1.795894198013251
290,block0.Wv,transformer_block,132.22690684763097,1.562748003194152
291,block0.Wv,transformer_block,122.04848029861391,1.4809930768380482
292,block0.Wv,transformer_block,124.51107271582231,1.6192922596943982
293,block0.Wv,transformer_block,118.56258197694645,1.5332817875121065
294,block0.Wv,transformer_block,127.10186859012956,1.659847353532459
295,block0.Wv,transformer_block,138.88492926374983,1.6735159329339613
296,block0.Wv,transformer_block,104.36570479654188,1.320146834208484
297,block0.Wv,transformer_block,110.09127409968161,1.3958732609101716
298,block0.Wv,transformer_block,111.60767440065105,1.4039593761637628
299,block0.Wv,transformer_block,127.04333612144198,1.7402961881216001
300,block0.Wv,transformer_block,105.99921051265109,1.1523020959307784
301,block0.Wv,transformer_block,96.5711339890197,1.2869219522682231
302,block0.Wv,transformer_block,117.77313852670925,1.7889140488511537
303,block0.Wv,transformer_block,128.36007970091472,1.544636930166811
304,block0.Wv,transformer_block,122.54716488670007,1.4942127134980825
305,block0.Wv,transformer_block,110.83676689547661,1.4669180232607726
306,block0.Wv,transformer_block,121.35665958168299,1.7020053118232226
307,block0.Wv,transformer_block,122.7711158687528,1.4086279546133886
308,block0.Wv,transformer_block,110.29202500706384,1.425629484991664
309,block0.Wv,transformer_block,123.43610225565497,1.64542216330644
310,block0.Wv,transformer_block,105.8689702015893,1.3777272359950203
311,block0.Wv,transformer_block,113.79210291243932,1.506945892042525
312,block0.Wv,transformer_block,126.14685408532237,1.650053097411614
313,block0.Wv,transformer_block,112.86088776236073,1.5218420975134008
314,block0.Wv,transformer_block,131.47071378686513,1.7260856234782638
315,block0.Wv,transformer_block,130.44143900009382,1.6114698564015741
316,block0.Wv,transformer_block,122.80451153716481,1.5439496850696968
317,block0.Wv,transformer_block,121.80504520160405,1.627125572910359
318,block0.Wv,transformer_block,128.94160271587785,1.6339926451951534
319,block0.Wv,transformer_block,130.68726947782804,1.8593245174003172
320,block0.Wv,transformer_block,134.2017130344836,1.4684168368294905
321,block0.Wv,transformer_block,118.92144420713612,1.5025455066262445
322,block0.Wv,transformer_block,120.10334877745336,1.55945603416414
323,block0.Wv,transformer_block,120.08241776808666,1.574760207781598
324,block0.Wv,transformer_block,138.12643023191868,2.048220063365964
325,block0.Wv,transformer_block,161.96209278801132,1.93280558031871
326,block0.Wv,transformer_block,133.8071755006124,1.4310700373342566
327,block0.Wv,transformer_block,118.921490565606,1.5048044123191162
328,block0.Wv,transformer_block,110.27681149676012,1.4672896323369131
329,block0.Wv,transformer_block,122.55455279321374,1.49105135140575
330,block0.Wv,transformer_block,106.31780090656498,1.3499489837543697
331,block0.Wv,transformer_block,121.64911871438358,1.7515956334802951
332,block0.Wv,transformer_block,126.58647299826995,1.440160538289156
333,block0.Wv,transformer_block,116.67528576835399,1.5142693497496718
334,block0.Wv,transformer_block,128.10270890193493,1.684002270012681
335,block0.Wv,transformer_block,112.20114426330863,1.2215811856137373
336,block0.Wv,transformer_block,107.64351715008698,1.3704993393593474
337,block0.Wv,transformer_block,112.9634110025933,1.5725076395768185
338,block0.Wv,transformer_block,125.92282144025616,1.4925836071677052
339,block0.Wv,transformer_block,106.69764601442573,1.4273487512542407
340,block0.Wv,transformer_block,121.66007705019086,1.5964487789546935
341,block0.Wv,transformer_block,130.10638697113063,1.6327648748855912
342,block0.Wv,transformer_block,123.05499119309067,1.463522139972363
343,block0.Wv,transformer_block,115.7803926780218,1.4390519573485179
344,block0.Wv,transformer_block,110.68881350150725,1.4138917385513952
345,block0.Wv,transformer_block,111.92239815442636,1.4261649348809804
346,block0.Wv,transformer_block,103.80782916079997,1.3683414412841972
347,block0.Wv,transformer_block,122.43082256970656,1.5427924998776459
348,block0.Wv,transformer_block,112.04070875313387,1.6032229558882676
349,block0.Wv,transformer_block,123.58351715312146,1.558306326616484
350,block0.Wv,transformer_block,120.34511659850331,1.5517083675611154
351,block0.Wv,transformer_block,118.47877390700178,1.421351307692885
352,block0.Wv,transformer_block,110.4626733153682,1.4234868902143378
353,block0.Wv,transformer_block,115.62142290364098,1.5568708911531854
354,block0.Wv,transformer_block,117.78399480770285,1.4599301560636837
355,block0.Wv,transformer_block,121.34553175320929,1.4813484057922224
356,block0.Wv,transformer_block,120.17464217599812,1.336494129678325
357,block0.Wv,transformer_block,116.79725613566077,1.5339233812789033
358,block0.Wv,transformer_block,115.29983290675696,1.4562775148298432
359,block0.Wv,transformer_block,122.06778848650535,1.6713897437923144
360,block0.Wv,transformer_block,121.73171226147015,1.4673968354266196
361,block0.Wv,transformer_block,120.49366529351525,1.6562998088222058
362,block0.Wv,transformer_block,131.3102694986734,1.6129642851710813
363,block0.Wv,transformer_block,123.17794372053413,1.492819805218668
364,block0.Wv,transformer_block,107.43464135666821,1.2932809109889183
365,block0.Wv,transformer_block,106.6597224564372,1.4614547217346436
366,block0.Wv,transformer_block,102.48732039051676,1.3461656832762425
367,block0.Wv,transformer_block,111.55921021497767,1.5148443531396634
368,block0.Wv,transformer_block,111.6878666270146,1.3468844784345055
369,block0.Wv,transformer_block,109.44557566961039,1.3800941015203636
370,block0.Wv,transformer_block,113.87775886110981,1.4871710630768553
371,block0.Wv,transformer_block,112.20607813834077,1.623415670903335
372,block0.Wv,transformer_block,129.2008893997583,1.4790804212242108
373,block0.Wv,transformer_block,129.57207278581515,1.6904560625214309
374,block0.Wv,transformer_block,108.744391139731,1.1878009505091212
375,block0.Wv,transformer_block,111.96548134124659,1.6884764916180144
376,block0.Wv,transformer_block,121.72479013878574,1.5329298993414129
377,block0.Wv,transformer_block,116.7046943952841,1.5760033144084873
378,block0.Wv,transformer_block,122.04103064068659,1.6113122204124806
379,block0.Wv,transformer_block,121.51292676891538,1.5063059865821808
380,block0.Wv,transformer_block,127.43375668335028,1.8474987336260122
381,block0.Wv,transformer_block,124.78877282338452,1.442471547595275
382,block0.Wv,transformer_block,115.43886821816078,1.5433526703791993
383,block0.Wv,transformer_block,119.5764581892525,1.396656095340896
384,block0.Wv,transformer_block,113.42862889514832,1.423396943040739
385,block0.Wv,transformer_block,125.9827296641462,1.6052674690055069
386,block0.Wv,transformer_block,120.50864317005963,1.5327193581868803
387,block0.Wv,transformer_block,122.03344782728985,1.4607814283968317
388,block0.Wv,transformer_block,134.81777771592405,1.6855510103439117
389,block0.Wv,transformer_block,130.99397871638206,1.5005985991539115
390,block0.Wv,transformer_block,121.95846986754549,1.520089191567298
391,block0.Wv,transformer_block,110.73929594634357,1.2312494679003159
392,block0.Wv,transformer_block,98.14241874436165,1.265015405767147
393,block0.Wv,transformer_block,97.09089871958182,1.3619192643293057
394,block0.Wv,transformer_block,108.7103068616387,1.6235237471109834
395,block0.Wv,transformer_block,120.51674047074862,1.4003025390270998
396,block0.Wv,transformer_block,103.92598022438115,1.46446242630588
397,block0.Wv,transformer_block,99.20060234375553,1.3388033892511988
398,block0.Wv,transformer_block,101.55177231935649,1.5204052851433456
399,block0.Wv,transformer_block,120.68905671655983,1.5074821289537346
400,block0.Wv,transformer_block,119.83920193969294,1.6377222610549498
401,block0.Wv,transformer_block,123.56500226899894,1.58392991326491
402,block0.Wv,transformer_block,109.56215948960434,1.394946379182561
403,block0.Wv,transformer_block,118.26284142380753,1.4774471677542835
404,block0.Wv,transformer_block,119.3175852807779,1.596265610445982
405,block0.Wv,transformer_block,117.36256331532199,1.4289435228505498
406,block0.Wv,transformer_block,113.07004755292866,1.5641069400911125
407,block0.Wv,transformer_block,142.59191940498843,1.7229405366416548
408,block0.Wv,transformer_block,125.70625906290194,1.6247181576183929
409,block0.Wv,transformer_block,126.90423614488186,1.426988326834653
410,block0.Wv,transformer_block,115.98884320060198,1.6244155719114022
411,block0.Wv,transformer_block,128.2804233281777,1.5568277441967755
412,block0.Wv,transformer_block,116.54237642491807,1.4524949603306583
413,block0.Wv,transformer_block,116.27080098883884,1.459120967141172
414,block0.Wv,transformer_block,113.2496638182413,1.3557572848995942
415,block0.Wv,transformer_block,105.2884347190558,1.57786282553868
416,block0.Wv,transformer_block,133.86844861194973,1.7035654987029938
417,block0.Wv,transformer_block,137.27659761189827,1.5904808090431888
418,block0.Wv,transformer_block,134.4006861026693,1.7160161216519854
419,block0.Wv,transformer_block,118.05630458194354,1.409216649599752
420,block0.Wv,transformer_block,121.36037354803314,1.6831184399260992
421,block0.Wv,transformer_block,121.68141890105227,1.4511281450348714
422,block0.Wv,transformer_block,105.33977876552257,1.4276220170578866
423,block0.Wv,transformer_block,108.91451401577103,1.4553710747989768
424,block0.Wv,transformer_block,115.78189768642119,1.4970419338433767
425,block0.Wv,transformer_block,112.21077113993442,1.45417287754672
426,block0.Wv,transformer_block,120.82005521054664,1.6700133806817565
427,block0.Wv,transformer_block,137.96531433535958,1.7327771265248493
428,block0.Wv,transformer_block,131.10235846971446,1.6319780902784333
429,block0.Wv,transformer_block,121.0658227560507,1.3815943965823825
430,block0.Wv,transformer_block,111.76076040224471,1.3866086196136433
431,block0.Wv,transformer_block,114.72270599942459,1.6187658213535676
432,block0.Wv,transformer_block,125.81185743934782,1.6631586740732183
433,block0.Wv,transformer_block,131.01147166308613,1.7906429498242207
434,block0.Wv,transformer_block,137.45109439388096,1.537409113576124
435,block0.Wv,transformer_block,121.93787037267055,1.525077932533362
436,block0.Wv,transformer_block,108.72689628828849,1.2828523862524377
437,block0.Wv,transformer_block,119.22121109672983,1.649827891546549
438,block0.Wv,transformer_block,118.65195067308295,1.4591344494441159
439,block0.Wv,transformer_block,118.1040943226965,1.5624212426269448
440,block0.Wv,transformer_block,122.04646507599278,1.6061117254359614
441,block0.Wv,transformer_block,115.01563188275576,1.63477220642336
442,block0.Wv,transformer_block,132.02126006503977,1.5979139486012282
443,block0.Wv,transformer_block,115.30050065851488,1.4869839521966677
444,block0.Wv,transformer_block,116.23831141611652,1.3580446629226612
445,block0.Wv,transformer_block,133.23247405622084,1.9160695265008285
446,block0.Wv,transformer_block,129.53619659891578,1.4815573245936935
447,block0.Wv,transformer_block,118.9387220945756,1.464451371304491
448,block0.Wv,transformer_block,119.69931480122689,1.6537424882507288
449,block0.Wv,transformer_block,127.81607562728378,1.5046897744962204
450,block0.Wv,transformer_block,109.34460671458115,1.387392633379262
451,block0.Wv,transformer_block,114.65589698649788,1.458033003967112
452,block0.Wv,transformer_block,119.40721401302959,1.642087455479406
453,block0.Wv,transformer_block,116.53421992769943,1.4632633877345982
454,block0.Wv,transformer_block,123.76927797643947,1.7136955310528301
455,block0.Wv,transformer_block,132.47765201112566,1.5981865426192616
456,block0.Wv,transformer_block,117.14671177659586,1.3905383448823836
457,block0.Wv,transformer_block,104.74314579151111,1.5398720414096725
458,block0.Wv,transformer_block,120.24140098906574,1.4839909234851105
459,block0.Wv,transformer_block,117.1822286665272,1.4728095408365327
460,block0.Wv,transformer_block,101.75422370008258,1.4486293327115827
461,block0.Wv,transformer_block,127.2565654526111,1.8810171579715411
462,block0.Wv,transformer_block,138.9515816670508,1.7382517622579874
463,block0.Wv,transformer_block,109.29740952675039,1.391833044482266
464,block0.Wv,transformer_block,113.85907785106237,1.4217764193976372
465,block0.Wv,transformer_block,108.32027203291152,1.4696478233097656
466,block0.Wv,transformer_block,113.6678835167975,1.4706465775126194
467,block0.Wv,transformer_block,121.07907868417105,1.5427690027301744
468,block0.Wv,transformer_block,128.0512629412068,1.6852613188662118
469,block0.Wv,transformer_block,125.68668882414484,1.4688676923167097
470,block0.Wv,transformer_block,104.38911805577236,1.2802045690790904
471,block0.Wv,transformer_block,107.83173285873131,1.4643053522177563
472,block0.Wv,transformer_block,126.07552941099503,1.7244130795809853
473,block0.Wv,transformer_block,126.34332829761003,1.5086895753141105
474,block0.Wv,transformer_block,106.68025294412631,1.4096967996489695
475,block0.Wv,transformer_block,108.82551344314263,1.4615646994637643
476,block0.Wv,transformer_block,111.32195267731089,1.4415160577393475
477,block0.Wv,transformer_block,107.66521925974935,1.3214182840138542
478,block0.Wv,transformer_block,104.23832301949439,1.39467272899307
479,block0.Wv,transformer_block,114.71878230175243,1.5347908755297057
480,block0.Wv,transformer_block,110.40087121508991,1.3344109403119944
481,block0.Wv,transformer_block,129.10936943981113,1.9153988761509344
482,block0.Wv,transformer_block,125.99419044002231,1.4117164057800156
483,block0.Wv,transformer_block,107.50186708117516,1.4134728318241252
484,block0.Wv,transformer_block,113.71716848513877,1.422683806972719
485,block0.Wv,transformer_block,113.42839636901971,1.4344089079803768
486,block0.Wv,transformer_block,106.32963953212378,1.4273967880539413
487,block0.Wv,transformer_block,111.34237156300804,1.4088557549826104
488,block0.Wv,transformer_block,107.50010461702121,1.3750334597532659
489,block0.Wv,transformer_block,110.04603133292912,1.445193298109303
490,block0.Wv,transformer_block,121.20001271592885,1.5562456557478277
491,block0.Wv,transformer_block,130.88603884123785,1.6931243590997949
492,block0.Wv,transformer_block,103.38253620509496,1.2496991629810597
493,block0.Wv,transformer_block,105.98174476792529,1.5018454684437348
494,block0.Wv,transformer_block,110.91517470809771,1.4458400571390269
495,block0.Wv,transformer_block,115.22195748975898,1.5058330336366672
496,block0.Wv,transformer_block,110.44053463594787,1.4916612212685278
497,block0.Wv,transformer_block,118.83615522558122,1.5349025031266221
498,block0.Wv,transformer_block,132.67420330315352,1.7607516505227134
499,block0.Wv,transformer_block,129.59319024752574,1.449367550423568
500,block0.Wv,transformer_block,102.76118430397459,1.345962168705168
501,block0.Wv,transformer_block,102.34568108209399,1.4519278751587192
502,block0.Wv,transformer_block,124.29188870543955,1.7479480825265044
503,block0.Wv,transformer_block,125.00436062832878,1.6230076492966763
504,block0.Wv,transformer_block,112.9229904163247,1.2917007436814436
505,block0.Wv,transformer_block,110.04337571183952,1.4968111779545352
506,block0.Wv,transformer_block,115.628255463649,1.4359667033315364
507,block0.Wv,transformer_block,125.15173247952454,1.6403157749642259
508,block0.Wv,transformer_block,133.68753606459637,1.6644167885875936
509,block0.Wv,transformer_block,120.17653418558832,1.6050865550967186
510,block0.Wv,transformer_block,119.66650980710949,1.5661132386224428
511,block0.Wv,transformer_block,116.89469967086991,1.4023763031033767
512,block0.Wv,transformer_block,106.14383701638954,1.3991199929786828
513,block0.Wv,transformer_block,113.3445237574622,1.4666627101131187
514,block0.Wv,transformer_block,124.98161673489818,1.5648621482196667
515,block0.Wv,transformer_block,120.77494304081596,1.580505374802621
516,block0.Wv,transformer_block,115.79949865632592,1.377321735674788
517,block0.Wv,transformer_block,108.75350713656574,1.3454653853690006
518,block0.Wv,transformer_block,109.9622808053904,1.444749888653572
519,block0.Wv,transformer_block,108.5166465842123,1.506775744350161
520,block0.Wv,transformer_block,120.24211361219638,1.38232287280728
521,block0.Wv,transformer_block,127.24511255839658,1.7226511157725666
522,block0.Wv,transformer_block,134.7546296082351,1.5966131556796708
523,block0.Wv,transformer_block,108.29208262109685,1.280425856064872
524,block0.Wv,transformer_block,121.49490175831436,1.6859728125597682
525,block0.Wv,transformer_block,127.26204089115419,1.490539963407445
526,block0.Wv,transformer_block,107.83082772539085,1.2537577555593615
527,block0.Wv,transformer_block,102.66542358546033,1.4369189018653128
528,block0.Wv,transformer_block,141.2182333940793,2.1116662733403317
529,block0.Wv,transformer_block,138.63437078871067,1.2876676653685948
530,block0.Wv,transformer_block,107.90339462873094,1.4804951360204983
531,block0.Wv,transformer_block,120.6523203921723,1.4677527643250787
532,block0.Wv,transformer_block,116.27334567800128,1.4119767033396902
533,block0.Wv,transformer_block,109.73901535628588,1.492598742398603
534,block0.Wv,transformer_block,113.82002117392751,1.416043245744025
535,block0.Wv,transformer_block,111.01015608187019,1.4226481125747867
536,block0.Wv,transformer_block,112.42579803774342,1.419667232409994
537,block0.Wv,transformer_block,111.15180523093504,1.4945132585810184
538,block0.Wv,transformer_block,104.56158947347318,1.3321871023026537
539,block0.Wv,transformer_block,110.02517166135613,1.4779753847807104
540,block0.Wv,transformer_block,109.58968846360509,1.4526300399708179
541,block0.Wv,transformer_block,109.87125095807691,1.377062964052135
542,block0.Wv,transformer_block,105.74653647632041,1.401476272522724
543,block0.Wv,transformer_block,118.45731298606307,1.5973809085449733
544,block0.Wv,transformer_block,131.43533901095327,1.5647941384706654
545,block0.Wv,transformer_block,123.20726017552407,1.6497339734230194
546,block0.Wv,transformer_block,129.80010277347824,1.5712263131258164
547,block0.Wv,transformer_block,116.80677826239963,1.4080550501690619
548,block0.Wv,transformer_block,95.17898127813346,1.2946499977817103
549,block0.Wv,transformer_block,109.83244715550123,1.3868605235712659
550,block0.Wv,transformer_block,106.58579137386911,1.2788720251237293
551,block0.Wv,transformer_block,106.9553786657376,1.5579964360859808
552,block0.Wv,transformer_block,108.95665972796569,1.3864284674385523
553,block0.Wv,transformer_block,105.55066580282549,1.4536591898179738
554,block0.Wv,transformer_block,103.3975116862644,1.3260004390280091
555,block0.Wv,transformer_block,114.80078954548037,1.6706775495631412
556,block0.Wv,transformer_block,117.93434759137565,1.4976627619351033
557,block0.Wv,transformer_block,118.78399051973912,1.5050733417354287
558,block0.Wv,transformer_block,108.02656340783719,1.403679976620238
559,block0.Wv,transformer_block,103.54010808902824,1.224921296658768
560,block0.Wv,transformer_block,104.19015621782926,1.5401266032433558
561,block0.Wv,transformer_block,128.13522060580777,1.5188183021079538
562,block0.Wv,transformer_block,118.62621419672236,1.4738050849987756
563,block0.Wv,transformer_block,111.1861418767022,1.4551394993812687
564,block0.Wv,transformer_block,117.65269163619708,1.4898766436890736
565,block0.Wv,transformer_block,126.41826972634829,1.8040327326682886
566,block0.Wv,transformer_block,130.17103789528596,1.5899796511853115
567,block0.Wv,transformer_block,124.2178733039464,1.4850773099504553
568,block0.Wv,transformer_block,114.27622989316212,1.4356419517753585
569,block0.Wv,transformer_block,126.54876515433504,1.692969439325156
570,block0.Wv,transformer_block,125.18018954780663,1.5211787583483851
571,block0.Wv,transformer_block,119.13146805723144,1.3681144958055014
572,block0.Wv,transformer_block,113.22911346058125,1.6303509301510517
573,block0.Wv,transformer_block,107.05485664018215,1.4930934137028546
574,block0.Wv,transformer_block,119.01985875548112,1.3763166012885182
575,block0.Wv,transformer_block,97.25019443969998,1.413785573334103
576,block0.Wv,transformer_block,104.22660459451997,1.4689050462379414
577,block0.Wv,transformer_block,117.67089172708098,1.4022047416434549
578,block0.Wv,transformer_block,110.58870916257713,1.489672949155196
579,block0.Wv,transformer_block,129.1128930719195,1.6284842893894251
580,block0.Wv,transformer_block,137.5057318292264,1.8194129341135885
581,block0.Wv,transformer_block,135.79009991041985,1.608348236699535
582,block0.Wv,transformer_block,119.24120638622892,1.5963132046470871
583,block0.Wv,transformer_block,117.9399726434354,1.3657000222466393
584,block0.Wv,transformer_block,124.89906832783151,1.6560801717492235
585,block0.Wv,transformer_block,117.90249475825962,1.2833485384060719
586,block0.Wv,transformer_block,116.52095455711255,1.6367518157232268
587,block0.Wv,transformer_block,124.03185615480686,1.4544087864805837
588,block0.Wv,transformer_block,113.57924598688118,1.4023628584402903
589,block0.Wv,transformer_block,102.22253228308554,1.3347985658253476
590,block0.Wv,transformer_block,120.75371553090292,1.6706559999552244
591,block0.Wv,transformer_block,103.83514925779289,1.4206016377472699
592,block0.Wv,transformer_block,113.31109939366107,1.355961610337983
593,block0.Wv,transformer_block,99.07349986284473,1.260736635914704
594,block0.Wv,transformer_block,104.68304659860836,1.5012857506300872
595,block0.Wv,transformer_block,124.0869385882494,1.5906295103087336
596,block0.Wv,transformer_block,128.02528399491752,1.583370545637886
597,block0.Wv,transformer_block,111.10743561090038,1.533152549393562
598,block0.Wv,transformer_block,120.01936420970507,1.6176726706969042
599,block0.Wv,transformer_block,118.86876307686062,1.4284184914432674
600,block0.Wv,transformer_block,106.65404146993565,1.369189945835041
601,block0.Wv,transformer_block,102.3060461476088,1.434509949553897
602,block0.Wv,transformer_block,109.75826907892201,1.3372812819322202
603,block0.Wv,transformer_block,114.99393911800507,1.6910741699407106
604,block0.Wv,transformer_block,120.50511800132092,1.223681398388517
605,block0.Wv,transformer_block,117.80272792577047,1.6408999902800199
606,block0.Wv,transformer_block,117.50294693955902,1.392854887978733
607,block0.Wv,transformer_block,107.72592497530692,1.3880343215388125
608,block0.Wv,transformer_block,104.44208635069477,1.4148125037888652
609,block0.Wv,transformer_block,120.47194427890058,1.6426735822619147
610,block0.Wv,transformer_block,117.09495986814804,1.3439367783021372
611,block0.Wv,transformer_block,104.91692371568706,1.4015785767823936
612,block0.Wv,transformer_block,98.3508259150982,1.2617000300435848
613,block0.Wv,transformer_block,116.02409573013206,1.7133787135129837
614,block0.Wv,transformer_block,129.4329199048616,1.587103571680522
615,block0.Wv,transformer_block,122.06616959352972,1.4387523553744697
616,block0.Wv,transformer_block,113.6728653154348,1.5476101071771908
617,block0.Wv,transformer_block,109.06499458067941,1.3814568545213288
618,block0.Wv,transformer_block,109.07267785599149,1.50821408873446
619,block0.Wv,transformer_block,126.86606673582111,1.6357354315569967
620,block0.Wv,transformer_block,113.78796923271958,1.2605892977975306
621,block0.Wv,transformer_block,110.55031240579223,1.4367555775221454
622,block0.Wv,transformer_block,128.702698133055,1.7382772383621294
623,block0.Wv,transformer_block,115.57209029201874,1.2991816074163605
624,block0.Wv,transformer_block,108.92153990442979,1.489715336415066
625,block0.Wv,transformer_block,119.86305891408423,1.6677856173231702
626,block0.Wv,transformer_block,127.0660033824154,1.662586559371332
627,block0.Wv,transformer_block,113.49303961757401,1.4707716121422556
628,block0.Wv,transformer_block,123.28987909622731,1.5502100588402201
629,block0.Wv,transformer_block,109.89002706819397,1.3543172403718713
630,block0.Wv,transformer_block,106.01061742618327,1.2837366893721691
631,block0.Wv,transformer_block,91.89399214891937,1.18441648883176
632,block0.Wv,transformer_block,104.33955509986704,1.4132356489258684
633,block0.Wv,transformer_block,112.50223375753379,1.4503414932226784
634,block0.Wv,transformer_block,113.16244448464347,1.5394271536127029
635,block0.Wv,transformer_block,118.45311413217165,1.386856136219747
636,block0.Wv,transformer_block,107.01730041490951,1.3104391134040334
637,block0.Wv,transformer_block,114.17306084196058,1.4788822477521224
638,block0.Wv,transformer_block,109.13544895623849,1.2896139774604327
639,block0.Wv,transformer_block,113.58704030143558,1.6280173294936606
640,block0.Wv,transformer_block,124.15805203534735,1.6141436430982137
641,block0.Wv,transformer_block,125.80645880886921,1.5552958454245485
642,block0.Wv,transformer_block,114.26010285225897,1.4314308582837865
643,block0.Wv,transformer_block,115.9620007964487,1.411922545207155
644,block0.Wv,transformer_block,116.81975153239355,1.5163741759699967
645,block0.Wv,transformer_block,114.21161252501416,1.4074869444815419
646,block0.Wv,transformer_block,113.13655451680042,1.5107036345507896
647,block0.Wv,transformer_block,105.97375341437296,1.2538464594488752
648,block0.Wv,transformer_block,99.5695526153842,1.270462314573507
649,block0.Wv,transformer_block,128.04177028038958,1.9299293463971994
650,block0.Wv,transformer_block,129.67838002920752,1.381134295394954
651,block0.Wv,transformer_block,98.7481272089761,1.281840532583514
652,block0.Wv,transformer_block,98.32547271346148,1.3619471460480954
653,block0.Wv,transformer_block,109.74683094746355,1.473619605250978
654,block0.Wv,transformer_block,120.32888899124923,1.6646911149921864
655,block0.Wv,transformer_block,115.7477507991856,1.359070520841338
656,block0.Wv,transformer_block,106.24034846771353,1.3664575386525062
657,block0.Wv,transformer_block,119.63595608998544,1.5890846773218885
658,block0.Wv,transformer_block,131.75096118634852,1.6042429570862573
659,block0.Wv,transformer_block,112.2249876351534,1.3978214435982133
660,block0.Wv,transformer_block,109.8086114623351,1.3285651748204548
661,block0.Wv,transformer_block,120.36900951947099,1.6469527972072382
662,block0.Wv,transformer_block,122.02130661694437,1.4553765605486393
663,block0.Wv,transformer_block,116.87231460202173,1.4506960061824548
664,block0.Wv,transformer_block,117.58560877580408,1.654143392308517
665,block0.Wv,transformer_block,121.58878484817146,1.4657671509492924
666,block0.Wv,transformer_block,118.94130726549189,1.6077375637877969
667,block0.Wv,transformer_block,123.01750849068054,1.4849675999622345
668,block0.Wv,transformer_block,117.20441207877572,1.5883451068168857
669,block0.Wv,transformer_block,119.13392841911073,1.4016573522147238
670,block0.Wv,transformer_block,120.74500496068616,1.4946082249377373
671,block0.Wv,transformer_block,96.56819730461751,1.4654604274318597
672,block0.Wv,transformer_block,111.38700004350848,1.4358503226618407
673,block0.Wv,transformer_block,113.46847898965125,1.484695447857362
674,block0.Wv,transformer_block,113.4280363287235,1.4832404462154902
675,block0.Wv,transformer_block,105.80344905802593,1.3486027594776973
676,block0.Wv,transformer_block,112.70832562853609,1.5163389457532825
677,block0.Wv,transformer_block,131.6779533529795,1.6797371967303234
678,block0.Wv,transformer_block,132.7755482012127,1.5349065778910058
679,block0.Wv,transformer_block,120.46983396028013,1.4225210701599136
680,block0.Wv,transformer_block,110.80982899499644,1.3508296170716176
681,block0.Wv,transformer_block,105.419401304699,1.4085439079069146
682,block0.Wv,transformer_block,101.28416891000842,1.3617237383625826
683,block0.Wv,transformer_block,99.07322897990556,1.2056125725601814
684,block0.Wv,transformer_block,105.62256592605598,1.5201075506858421
685,block0.Wv,transformer_block,121.5689385347482,1.4700238661357907
686,block0.Wv,transformer_block,122.73151441063986,1.5201236117956405
687,block0.Wv,transformer_block,116.52823581825889,1.3318658776792334
688,block0.Wv,transformer_block,114.19161128145973,1.520978354115215
689,block0.Wv,transformer_block,115.10231307721814,1.4633264219828817
690,block0.Wv,transformer_block,123.49159368687526,1.5784216971674887
691,block0.Wv,transformer_block,116.24162265211108,1.3790806088915801
692,block0.Wv,transformer_block,111.37682540677963,1.5265628858099203
693,block0.Wv,transformer_block,114.61869429744624,1.3807473375344184
694,block0.Wv,transformer_block,108.27999057137288,1.5181052483275022
695,block0.Wv,transformer_block,113.23374413880262,1.3148552337250186
696,block0.Wv,transformer_block,111.56057489929205,1.6079882370886716
697,block0.Wv,transformer_block,117.94171561813963,1.2634043410798759
698,block0.Wv,transformer_block,100.43132531887484,1.3470684371675221
0,block0.Wo,transformer_block,7.579543314754958,0.12918860900666973
1,block0.Wo,transformer_block,7.966618770878242,0.1773157913208934
2,block0.Wo,transformer_block,11.045944392210043,0.09702972775851293
3,block0.Wo,transformer_block,11.203317671196256,0.20401044693740775
4,block0.Wo,transformer_block,13.908472110481803,0.18244100627255683
5,block0.Wo,transformer_block,13.530248296130939,0.1505717146047828
6,block0.Wo,transformer_block,14.931569929058679,0.27408684088586976
7,block0.Wo,transformer_block,21.430867789455483,0.23050902179386132
8,block0.Wo,transformer_block,21.81004334841085,0.44109208419962104
9,block0.Wo,transformer_block,26.53039249096902,0.24348149932564186
10,block0.Wo,transformer_block,23.38955002426211,0.3971144867559905
11,block0.Wo,transformer_block,29.889869837238837,0.3757059457966469
12,block0.Wo,transformer_block,30.470033863348586,0.34705166741576543
13,block0.Wo,transformer_block,36.14824260467412,0.48651049848180433
14,block0.Wo,transformer_block,31.100261259516337,0.42624513664775165
15,block0.Wo,transformer_block,35.414812980606946,0.5966593294642523
16,block0.Wo,transformer_block,57.64093686222445,0.8258735053131777
17,block0.Wo,transformer_block,76.73195778073749,0.9595603564863145
18,block0.Wo,transformer_block,66.93663515887994,0.8451164771314035
19,block0.Wo,transformer_block,71.39566652366585,0.9566005377628111
20,block0.Wo,transformer_block,87.98032621038924,1.1054508207568494
21,block0.Wo,transformer_block,104.03695559084869,1.3390605444634458
22,block0.Wo,transformer_block,105.83371509715272,1.242293471724595
23,block0.Wo,transformer_block,117.63806255112829,1.5320539066813441
24,block0.Wo,transformer_block,147.7663938061494,1.9866336245689311
25,block0.Wo,transformer_block,167.9427574898354,1.9309140252926855
26,block0.Wo,transformer_block,161.61840736904435,1.72889598429641
27,block0.Wo,transformer_block,145.71328050498747,1.8408122976052774
28,block0.Wo,transformer_block,157.0474826387878,1.7820635091924402
29,block0.Wo,transformer_block,158.5497430361054,1.9673470083737805
30,block0.Wo,transformer_block,163.5529491397143,2.0496536811324138
31,block0.Wo,transformer_block,187.0887262392805,2.2948200405271035
32,block0.Wo,transformer_block,278.33409942444325,3.8266200783363766
33,block0.Wo,transformer_block,333.5036454169915,3.35208722433992
34,block0.Wo,transformer_block,278.6594036090694,2.7005859058478325
35,block0.Wo,transformer_block,221.67952367575285,2.2774467763654878
36,block0.Wo,transformer_block,223.99646438358215,2.6676391908046044
37,block0.Wo,transformer_block,232.33576159664128,2.4173111027841934
38,block0.Wo,transformer_block,246.11504584862405,3.048529351972967
39,block0.Wo,transformer_block,211.14633505783675,1.7843681219394762
40,block0.Wo,transformer_block,223.85322731587,3.1545220568258214
41,block0.Wo,transformer_block,281.1207067713798,2.9340228838971747
42,block0.Wo,transformer_block,225.45253064925305,2.0345895878735742
43,block0.Wo,transformer_block,216.29529382752156,2.7750432011777764
44,block0.Wo,transformer_block,286.5752931775877,3.367781105727752
45,block0.Wo,transformer_block,256.179697278348,2.383609592510494
46,block0.Wo,transformer_block,217.31381726098783,2.6445451543006
47,block0.Wo,transformer_block,244.9960008028212,2.7675358662269143
48,block0.Wo,transformer_block,251.3538114427476,2.7809617766172847
49,block0.Wo,transformer_block,240.2302241171527,2.520035699303496
50,block0.Wo,transformer_block,216.70518514829072,2.468925572597512
51,block0.Wo,transformer_block,233.32213541729985,2.746683100399334
52,block0.Wo,transformer_block,200.57102270558974,2.0367463751526595
53,block0.Wo,transformer_block,181.5704190961227,2.1202070343340598
54,block0.Wo,transformer_block,194.49818022847953,2.409509848397132
55,block0.Wo,transformer_block,234.70121448788987,2.8824052621982665
56,block0.Wo,transformer_block,244.24091322090126,2.5883512339743127
57,block0.Wo,transformer_block,213.1136861249368,2.206099150002733
58,block0.Wo,transformer_block,194.20636421109924,2.3099905997550287
59,block0.Wo,transformer_block,189.44152159484213,2.1842339885640296
60,block0.Wo,transformer_block,202.78520477655863,2.703310902683875
61,block0.Wo,transformer_block,220.07855204957116,2.381135757583041
62,block0.Wo,transformer_block,181.59813472829538,2.1074982037068284
63,block0.Wo,transformer_block,167.74123595489388,1.9877301180827234
64,block0.Wo,transformer_block,196.68192111201697,2.458393585036694
65,block0.Wo,transformer_block,200.6783001260477,2.110912640087985
66,block0.Wo,transformer_block,210.67076968294882,2.569161650870785
67,block0.Wo,transformer_block,220.40509734351096,2.532175176338005
68,block0.Wo,transformer_block,197.62303934849248,2.0473216605012157
69,block0.Wo,transformer_block,184.2607378390402,2.4253955752115313
70,block0.Wo,transformer_block,226.6021751757719,2.7883337529745793
71,block0.Wo,transformer_block,187.41447198147156,1.7622173779090877
72,block0.Wo,transformer_block,147.95238693728777,1.9671760468995412
73,block0.Wo,transformer_block,154.93220358458933,1.788965829375583
74,block0.Wo,transformer_block,162.86249225197463,2.046514695985983
75,block0.Wo,transformer_block,178.46414529525126,2.029258112862557
76,block0.Wo,transformer_block,169.78521394603823,2.0483586962383074
77,block0.Wo,transformer_block,152.59606829577476,1.755210612746115
78,block0.Wo,transformer_block,126.1258358338788,1.5578762929661598
79,block0.Wo,transformer_block,144.0948548465555,2.050578541490155
80,block0.Wo,transformer_block,160.75219587711638,2.264899465665345
81,block0.Wo,transformer_block,173.29700675538206,1.8761989033842825
82,block0.Wo,transformer_block,141.82866646372997,2.044654231261706
83,block0.Wo,transformer_block,189.44415519258843,2.335370196047114
84,block0.Wo,transformer_block,160.0170569143514,1.702932957305998
85,block0.Wo,transformer_block,134.81143017424893,1.7416856715332951
86,block0.Wo,transformer_block,203.05655842566568,2.891244283725259
87,block0.Wo,transformer_block,201.02813713664213,2.059220015517712
88,block0.Wo,transformer_block,162.50076986183473,1.866155459468383
89,block0.Wo,transformer_block,167.27447354829192,2.022359029264768
90,block0.Wo,transformer_block,171.65808102137197,2.0786733046582153
91,block0.Wo,transformer_block,151.4706256829725,1.9102073814364304
92,block0.Wo,transformer_block,199.7290589800828,2.8756537788298373
93,block0.Wo,transformer_block,215.4675181907236,2.2392761941182617
94,block0.Wo,transformer_block,176.35414830497436,2.0652642713085525
95,block0.Wo,transformer_block,150.64925224067323,1.7794789538055116
96,block0.Wo,transformer_block,144.09482121265276,1.9335057203310937
97,block0.Wo,transformer_block,146.87456771986172,1.846428816643467
98,block0.Wo,transformer_block,164.02100762756174,2.2402918093742294
99,block0.Wo,transformer_block,151.21563357831002,1.7127668817008936
100,block0.Wo,transformer_block,148.56451880768233,1.8942864240348198
101,block0.Wo,transformer_block,133.4201976506313,1.4730456518099246
102,block0.Wo,transformer_block,123.71892024116448,1.865033796628384
103,block0.Wo,transformer_block,146.92322171880093,1.724400812845911
104,block0.Wo,transformer_block,134.20435306329472,1.6574376860815556
105,block0.Wo,transformer_block,141.09433041556906,1.83218570283977
106,block0.Wo,transformer_block,144.38004014248304,1.7977437941882526
107,block0.Wo,transformer_block,155.74679022382003,2.0441371292320234
108,block0.Wo,transformer_block,170.3800328119723,2.039889604841181
109,block0.Wo,transformer_block,143.01997804916508,2.0182715290025857
110,block0.Wo,transformer_block,170.65794309690904,2.039738606116111
111,block0.Wo,transformer_block,172.07951506227053,2.076478326832033
112,block0.Wo,transformer_block,150.85449378406824,1.7626339350409441
113,block0.Wo,transformer_block,134.47967927863363,1.7400384608444597
114,block0.Wo,transformer_block,143.4246351523845,1.9116470012232898
115,block0.Wo,transformer_block,157.93827572956897,2.0260618744630623
116,block0.Wo,transformer_block,152.7866243683107,2.1778302984901026
117,block0.Wo,transformer_block,159.6084266689624,1.6372030327421636
118,block0.Wo,transformer_block,137.6959222620021,1.894576791213225
119,block0.Wo,transformer_block,182.9663369640851,2.334638259337656
120,block0.Wo,transformer_block,185.29132930183235,2.0603014148553944
121,block0.Wo,transformer_block,153.61040982461915,1.8286408002850727
122,block0.Wo,transformer_block,142.0523992147802,1.7680225266765612
123,block0.Wo,transformer_block,143.73805355006598,1.7697815723014265
124,block0.Wo,transformer_block,140.54703336535377,1.6577488146400572
125,block0.Wo,transformer_block,138.1130248953933,1.7026941667289202
126,block0.Wo,transformer_block,133.39964005876024,1.6776317668937448
127,block0.Wo,transformer_block,141.29992794865123,1.8245402836287394
128,block0.Wo,transformer_block,148.58030777304836,1.847772858386728
129,block0.Wo,transformer_block,154.4936795146555,1.947485551419862
130,block0.Wo,transformer_block,149.44395433371503,1.7550474480169937
131,block0.Wo,transformer_block,153.10937731170364,1.8506800840579527
132,block0.Wo,transformer_block,160.24307070592437,2.021755932282195
133,block0.Wo,transformer_block,162.31400135147527,2.0445448539092927
134,block0.Wo,transformer_block,168.67735345658608,2.0956865231222355
135,block0.Wo,transformer_block,135.07205884503932,1.6257015093003495
136,block0.Wo,transformer_block,145.58657945109886,1.9436979241791117
137,block0.Wo,transformer_block,159.74152925935257,2.1083453820968843
138,block0.Wo,transformer_block,163.02091366851434,1.7995824525705089
139,block0.Wo,transformer_block,143.48625299166798,1.9527838907762467
140,block0.Wo,transformer_block,160.93790577870325,2.000291650058788
141,block0.Wo,transformer_block,163.61655905829247,1.820678070090223
142,block0.Wo,transformer_block,144.6033121357445,1.7241445650177867
143,block0.Wo,transformer_block,150.6635917503757,2.0545734875356536
144,block0.Wo,transformer_block,165.46410273380903,2.1360803501375534
145,block0.Wo,transformer_block,169.51967585166622,1.8649902785857293
146,block0.Wo,transformer_block,122.93585464944111,1.489393367255957
147,block0.Wo,transformer_block,136.65490661052294,1.8480173262609578
148,block0.Wo,transformer_block,139.9088246776806,1.8284443453092847
149,block0.Wo,transformer_block,141.8581508514046,1.8124178591661504
150,block0.Wo,transformer_block,162.61979706479033,2.1254300389609346
151,block0.Wo,transformer_block,162.62945386566003,1.954828193937372
152,block0.Wo,transformer_block,143.1777535856104,1.4373538319072305
153,block0.Wo,transformer_block,128.8657427590447,1.8173193737927515
154,block0.Wo,transformer_block,146.2348422526291,1.922402083153524
155,block0.Wo,transformer_block,154.10022044246875,1.9793503315416687
156,block0.Wo,transformer_block,166.60790607952535,2.0358980298020874
157,block0.Wo,transformer_block,163.07830901639377,1.8696915921020525
158,block0.Wo,transformer_block,128.5577891900967,1.5859506904990592
159,block0.Wo,transformer_block,127.28928124916459,1.7960290537893049
160,block0.Wo,transformer_block,152.48645626039172,2.0450895981468324
161,block0.Wo,transformer_block,151.5345724484538,1.5423270957815634
162,block0.Wo,transformer_block,135.85887399767296,1.8796643801070487
163,block0.Wo,transformer_block,163.58495169153358,1.960996610581313
164,block0.Wo,transformer_block,151.1991844211296,1.9384713769758255
165,block0.Wo,transformer_block,155.27059822663733,1.7774600689450928
166,block0.Wo,transformer_block,150.51630622981085,1.8308901550354684
167,block0.Wo,transformer_block,150.19139714985988,1.9460457146774344
168,block0.Wo,transformer_block,152.50354892527932,1.915121747132833
169,block0.Wo,transformer_block,149.2975357545027,1.8622928338887408
170,block0.Wo,transformer_block,147.25763263688296,1.781075864698762
171,block0.Wo,transformer_block,144.5685311273929,1.8469941078407046
172,block0.Wo,transformer_block,122.29325460276333,1.5726531803281585
173,block0.Wo,transformer_block,140.09697645470035,1.9033791210616027
174,block0.Wo,transformer_block,125.42983443935225,1.4399966138432265
175,block0.Wo,transformer_block,135.9644714054625,1.8133160178265622
176,block0.Wo,transformer_block,140.0137558033067,1.5887155415994703
177,block0.Wo,transformer_block,151.01142258188446,2.465315919180728
178,block0.Wo,transformer_block,167.31493601386885,1.6865477671952536
179,block0.Wo,transformer_block,135.23028697575134,1.6981915136225156
180,block0.Wo,transformer_block,152.21239536326357,1.9912429286066895
181,block0.Wo,transformer_block,145.15540728903503,1.6260447594434049
182,block0.Wo,transformer_block,145.49145575600207,1.8900415612185353
183,block0.Wo,transformer_block,145.75368120918165,1.7629887119528171
184,block0.Wo,transformer_block,138.50952907330728,1.6651323345524527
185,block0.Wo,transformer_block,134.2461056425294,1.554184976193057
186,block0.Wo,transformer_block,130.17402301515943,1.860227506164364
187,block0.Wo,transformer_block,151.96838689390086,1.8154624760343434
188,block0.Wo,transformer_block,145.7243221604338,1.7039040317698646
189,block0.Wo,transformer_block,163.80456319175985,2.2560795546070502
190,block0.Wo,transformer_block,164.58350694846743,1.8544078929095917
191,block0.Wo,transformer_block,165.45726045745252,2.0566506812655714
192,block0.Wo,transformer_block,146.3962077755346,1.7458267880222649
193,block0.Wo,transformer_block,132.32074483514458,1.5861125845533515
194,block0.Wo,transformer_block,139.20750518360418,1.8040969915696377
195,block0.Wo,transformer_block,147.50921171373588,1.9162941243358695
196,block0.Wo,transformer_block,137.17412207220144,1.6668809618829963
197,block0.Wo,transformer_block,129.4923730015069,1.6679120443004471
198,block0.Wo,transformer_block,128.95024039875017,1.5489026579958285
199,block0.Wo,transformer_block,124.62006613001142,1.5443238292604247
200,block0.Wo,transformer_block,116.47850980484515,1.5117099678580541
201,block0.Wo,transformer_block,125.2492312085734,1.5041341521410585
202,block0.Wo,transformer_block,130.60958754401796,1.703195239183085
203,block0.Wo,transformer_block,128.48387469359358,1.7636458720217452
204,block0.Wo,transformer_block,140.91862970109094,2.05784807575782
205,block0.Wo,transformer_block,159.5469711510636,1.8323695391399921
206,block0.Wo,transformer_block,138.24882901343815,1.5572825506863217
207,block0.Wo,transformer_block,117.74635921406446,1.4491920031711092
208,block0.Wo,transformer_block,126.97886296788263,1.8671150872659008
209,block0.Wo,transformer_block,137.35814617179713,1.7396552040854272
210,block0.Wo,transformer_block,137.55161035835755,1.70008238799639
211,block0.Wo,transformer_block,116.24054117394793,1.5438749588246357
212,block0.Wo,transformer_block,141.57476713688092,1.820484594208434
213,block0.Wo,transformer_block,129.00864213433857,1.68228773052776
214,block0.Wo,transformer_block,129.83376198287672,1.784911043230635
215,block0.Wo,transformer_block,135.21603192378066,1.7580273631011458
216,block0.Wo,transformer_block,129.95772780549225,1.739587387684408
217,block0.Wo,transformer_block,125.19532155798932,1.6086989101772882
218,block0.Wo,transformer_block,122.2764358403878,1.6113883595105305
219,block0.Wo,transformer_block,131.90349600118105,1.9289924072469584
220,block0.Wo,transformer_block,138.31259041225763,1.494443264990737
221,block0.Wo,transformer_block,125.76819929366481,2.028088630772111
222,block0.Wo,transformer_block,153.57917127925182,1.8144481653559954
223,block0.Wo,transformer_block,135.46136740017502,1.5994657743709266
224,block0.Wo,transformer_block,124.0327846641363,1.5697693462404332
225,block0.Wo,transformer_block,123.82160077823237,1.6965106696281806
226,block0.Wo,transformer_block,154.42196283313504,2.160709546222729
227,block0.Wo,transformer_block,157.68297989799956,1.8641780730670643
228,block0.Wo,transformer_block,140.41721096232592,1.594986018608644
229,block0.Wo,transformer_block,117.33573919422352,1.6569021984993024
230,block0.Wo,transformer_block,122.15722788489359,1.7210467227961626
231,block0.Wo,transformer_block,137.60344088155725,1.7153671420333167
232,block0.Wo,transformer_block,132.544017803247,1.6418039856828748
233,block0.Wo,transformer_block,132.811022476039,1.7659456600008818
234,block0.Wo,transformer_block,141.36438997222206,1.9189581286360535
235,block0.Wo,transformer_block,158.37140490915039,1.7876375279125463
236,block0.Wo,transformer_block,142.75638163121846,1.819404606433352
237,block0.Wo,transformer_block,127.87438115487682,1.3836936673737577
238,block0.Wo,transformer_block,130.23722980740445,1.8498542874779471
239,block0.Wo,transformer_block,154.46413075519425,1.9127441348661571
240,block0.Wo,transformer_block,146.40202063046036,1.5793238314836886
241,block0.Wo,transformer_block,135.98918477862946,1.876841304686666
242,block0.Wo,transformer_block,156.94204983756777,2.0362173002664243
243,block0.Wo,transformer_block,149.9398073000932,1.8895061466663505
244,block0.Wo,transformer_block,152.39007466294115,1.7829463372646077
245,block0.Wo,transformer_block,132.29907842450888,1.6027164871975668
246,block0.Wo,transformer_block,113.27767466550618,1.460597026973539
247,block0.Wo,transformer_block,127.9632115840296,1.6376769974186165
248,block0.Wo,transformer_block,116.7946125169459,1.5714819248326493
249,block0.Wo,transformer_block,130.83833758729023,1.6579893059531832
250,block0.Wo,transformer_block,130.18197266205132,1.7306661999168795
251,block0.Wo,transformer_block,134.59074650458965,1.524152416037421
252,block0.Wo,transformer_block,114.99194722158822,1.4272593172261039
253,block0.Wo,transformer_block,120.5316298810563,1.6115355087950864
254,block0.Wo,transformer_block,127.18984376317428,1.6012428690880058
255,block0.Wo,transformer_block,133.48710472797427,1.706848264152151
256,block0.Wo,transformer_block,126.24603439908,1.5887299535535213
257,block0.Wo,transformer_block,124.54281591371206,1.6148676067830432
258,block0.Wo,transformer_block,138.3155183260645,2.0095671540387086
259,block0.Wo,transformer_block,151.5822067045137,1.8181757020836486
260,block0.Wo,transformer_block,148.42026257432343,1.8433623407978887
261,block0.Wo,transformer_block,126.93012575764484,1.441916916489238
262,block0.Wo,transformer_block,135.02549937796982,1.9154743805984649
263,block0.Wo,transformer_block,132.42018956418872,1.570398026281348
264,block0.Wo,transformer_block,133.61224632975294,1.639499797149005
265,block0.Wo,transformer_block,134.16731157799023,1.714718454974534
266,block0.Wo,transformer_block,139.9260931358137,1.8287454685084452
267,block0.Wo,transformer_block,137.97234763084904,1.6885561627642556
268,block0.Wo,transformer_block,133.01968910302372,1.8197978335524292
269,block0.Wo,transformer_block,130.28592874566942,1.5978680603396922
270,block0.Wo,transformer_block,124.53855565704748,1.4209107220912682
271,block0.Wo,transformer_block,141.9567667209448,2.1342504883097853
272,block0.Wo,transformer_block,157.47556485160342,1.7877118114398423
273,block0.Wo,transformer_block,130.17955138414553,1.5543026970029015
274,block0.Wo,transformer_block,153.01416512683596,1.9972651694339063
275,block0.Wo,transformer_block,143.4050154804617,1.7297485984605447
276,block0.Wo,transformer_block,123.91403827474998,1.427761355849421
277,block0.Wo,transformer_block,138.89515922335033,2.010764069639457
278,block0.Wo,transformer_block,142.97222520291672,1.6196776381416893
279,block0.Wo,transformer_block,120.94611559086898,1.594776847094228
280,block0.Wo,transformer_block,123.61875409788877,1.67446330250251
281,block0.Wo,transformer_block,139.4590190301654,1.6275301322772855
282,block0.Wo,transformer_block,126.71149764046221,1.635434146300983
283,block0.Wo,transformer_block,119.812993188167,1.5746208348689357
284,block0.Wo,transformer_block,125.98797805960022,1.7342467210454988
285,block0.Wo,transformer_block,143.46691666436075,1.7640414615168838
286,block0.Wo,transformer_block,146.35510693194882,1.7760518854965088
287,block0.Wo,transformer_block,129.66983941243254,1.5938348239248203
288,block0.Wo,transformer_block,130.24017488130661,1.6882026175389446
289,block0.Wo,transformer_block,140.67337587891782,1.9342145555532944
290,block0.Wo,transformer_block,139.6442265840278,1.656589157561618
291,block0.Wo,transformer_block,130.8023958654941,1.5475168890143747
292,block0.Wo,transformer_block,134.35858625417904,1.7526157254671437
293,block0.Wo,transformer_block,128.86337445568302,1.5712813644699943
294,block0.Wo,transformer_block,127.93874134137614,1.6127902030221106
295,block0.Wo,transformer_block,138.6913257517041,1.7820641996248061
296,block0.Wo,transformer_block,110.22419095957989,1.3850820361887997
297,block0.Wo,transformer_block,110.29911883922078,1.397899754259245
298,block0.Wo,transformer_block,120.73888931569685,1.6213054587105549
299,block0.Wo,transformer_block,139.92110172968248,1.8600162771913105
300,block0.Wo,transformer_block,119.36361892654587,1.3050048100474165
301,block0.Wo,transformer_block,102.86756365343075,1.3796977466664788
302,block0.Wo,transformer_block,121.01317865500145,1.9064118408083521
303,block0.Wo,transformer_block,139.32336266474437,1.580152795123094
304,block0.Wo,transformer_block,129.01711579231275,1.624977219736058
305,block0.Wo,transformer_block,124.42329305892972,1.54299157084714
306,block0.Wo,transformer_block,131.6556575757435,1.8998084066859535
307,block0.Wo,transformer_block,138.34404301048454,1.5859143966391405
308,block0.Wo,transformer_block,119.9840117680982,1.4766766538561495
309,block0.Wo,transformer_block,122.96250659625284,1.7060382099387201
310,block0.Wo,transformer_block,114.07955873365319,1.5340570745325404
311,block0.Wo,transformer_block,124.63500410781697,1.7008216432587457
312,block0.Wo,transformer_block,136.49612522545536,1.732826178842356
313,block0.Wo,transformer_block,130.12775555396817,1.6632330174208927
314,block0.Wo,transformer_block,144.37196598775597,1.8467756203697914
315,block0.Wo,transformer_block,143.90407397385405,1.770469509400968
316,block0.Wo,transformer_block,137.4436128366963,1.750489775033141
317,block0.Wo,transformer_block,132.00881210050443,1.680131810787242
318,block0.Wo,transformer_block,134.48632440301301,1.811523606449319
319,block0.Wo,transformer_block,146.0371358698817,1.9552370119350944
320,block0.Wo,transformer_block,132.12459273830567,1.4232329143257412
321,block0.Wo,transformer_block,121.51872909443934,1.636043015483927
322,block0.Wo,transformer_block,131.5000937806897,1.6385894261822005
323,block0.Wo,transformer_block,125.5158899424099,1.701488037726884
324,block0.Wo,transformer_block,152.20007874589234,2.109159048335257
325,block0.Wo,transformer_block,158.31106686312876,1.8771248025249054
326,block0.Wo,transformer_block,136.07768010215395,1.5740203982441052
327,block0.Wo,transformer_block,128.09406651053814,1.6572400168638908
328,block0.Wo,transformer_block,123.34776569159662,1.5802645929856176
329,block0.Wo,transformer_block,130.64536979771822,1.6236060607061087
330,block0.Wo,transformer_block,124.60822825237321,1.538618970691612
331,block0.Wo,transformer_block,134.293190621891,1.9501817951958742
332,block0.Wo,transformer_block,139.75897585522694,1.466143817034899
333,block0.Wo,transformer_block,124.60714028086026,1.740313103969442
334,block0.Wo,transformer_block,140.26968241539123,1.7480553183639906
335,block0.Wo,transformer_block,119.02051502011251,1.3258659084398845
336,block0.Wo,transformer_block,116.9373621553385,1.4937657554285608
337,block0.Wo,transformer_block,121.23990980288298,1.6412401769314302
338,block0.Wo,transformer_block,130.9211597074884,1.5889532154181178
339,block0.Wo,transformer_block,119.77840608464902,1.5069173454270426
340,block0.Wo,transformer_block,129.38660133884144,1.7340495409898846
341,block0.Wo,transformer_block,140.17418434090635,1.697801558449512
342,block0.Wo,transformer_block,122.57595046464378,1.6242226713493249
343,block0.Wo,transformer_block,135.2824382123161,1.7388823556381303
344,block0.Wo,transformer_block,123.46828047020672,1.4059164189312083
345,block0.Wo,transformer_block,120.57218475340144,1.613206692852701
346,block0.Wo,transformer_block,115.34733778799475,1.4671191721431467
347,block0.Wo,transformer_block,127.61591441985809,1.6470458781323947
348,block0.Wo,transformer_block,131.48703035279487,1.7831045316852614
349,block0.Wo,transformer_block,139.8890041398978,1.7626075306992937
350,block0.Wo,transformer_block,138.97385446493115,1.701917310596478
351,block0.Wo,transformer_block,134.2005680109497,1.5485480499714113
352,block0.Wo,transformer_block,123.36493814261306,1.569934143263832
353,block0.Wo,transformer_block,128.45363700009727,1.692514158950621
354,block0.Wo,transformer_block,130.12952722980611,1.5580815612023131
355,block0.Wo,transformer_block,131.87827937293656,1.617064647939493
356,block0.Wo,transformer_block,130.24450972044644,1.5242423732182506
357,block0.Wo,transformer_block,134.13696007911298,1.73094862211092
358,block0.Wo,transformer_block,123.260537882365,1.4562207975187091
359,block0.Wo,transformer_block,119.64663910797378,1.7064914627816794
360,block0.Wo,transformer_block,129.78924838249208,1.6665991712952752
361,block0.Wo,transformer_block,132.50558041778353,1.7746657606637535
362,block0.Wo,transformer_block,132.77572242284205,1.6374649694953494
363,block0.Wo,transformer_block,134.8534803230003,1.740339607969048
364,block0.Wo,transformer_block,127.76579209150447,1.4936893691288642
365,block0.Wo,transformer_block,118.3424244829241,1.578627763491294
366,block0.Wo,transformer_block,109.14988085976702,1.380478057848363
367,block0.Wo,transformer_block,123.05409499047407,1.739904991199826
368,block0.Wo,transformer_block,130.43773996394432,1.545067398684739
369,block0.Wo,transformer_block,124.87485575010454,1.5176371532252362
370,block0.Wo,transformer_block,121.49743076749664,1.5939151638047386
371,block0.Wo,transformer_block,126.9515337968489,1.7514567155966527
372,block0.Wo,transformer_block,131.56958638603476,1.5698592415539259
373,block0.Wo,transformer_block,139.2831922789782,1.751709227388271
374,block0.Wo,transformer_block,112.35615423406894,1.1933383696711337
375,block0.Wo,transformer_block,117.96467801627452,1.8503066118535971
376,block0.Wo,transformer_block,129.62966216025782,1.5010319897941435
377,block0.Wo,transformer_block,115.50782737026174,1.6404170091542205
378,block0.Wo,transformer_block,132.53044378140675,1.6444980952412591
379,block0.Wo,transformer_block,126.45893808270634,1.6983161301068241
380,block0.Wo,transformer_block,139.49680213481935,1.8870832481570403
381,block0.Wo,transformer_block,119.13109570195087,1.4205632085543431
382,block0.Wo,transformer_block,126.66106972627837,1.7653571360805052
383,block0.Wo,transformer_block,132.04498465506353,1.522986980248754
384,block0.Wo,transformer_block,118.94151855472987,1.4568427005777487
385,block0.Wo,transformer_block,129.89867130364067,1.6606796866474955
386,block0.Wo,transformer_block,120.46524281223103,1.5678047417761314
387,block0.Wo,transformer_block,123.2657873985016,1.4861686647559247
388,block0.Wo,transformer_block,140.0867327799744,1.7952622560325926
389,block0.Wo,transformer_block,132.46136672622856,1.5767002219839763
390,block0.Wo,transformer_block,125.77525417925877,1.5891523824757192
391,block0.Wo,transformer_block,111.0217047847694,1.266911039077101
392,block0.Wo,transformer_block,98.30977512897476,1.2327223723952876
393,block0.Wo,transformer_block,95.47329905049376,1.3851589117023064
394,block0.Wo,transformer_block,118.0081295370682,1.748489481926717
395,block0.Wo,transformer_block,133.09938873565105,1.4642413048564538
396,block0.Wo,transformer_block,113.91079277332122,1.5404986222055497
397,block0.Wo,transformer_block,105.35275541679424,1.3878716049849698
398,block0.Wo,transformer_block,112.25943613922908,1.7226900474388689
399,block0.Wo,transformer_block,131.10213500475734,1.5591108622583492
400,block0.Wo,transformer_block,116.03239503122232,1.593419712367208
401,block0.Wo,transformer_block,128.55343156947694,1.655407558171062
402,block0.Wo,transformer_block,118.31356791601488,1.3741048493385521
403,block0.Wo,transformer_block,119.85434355874608,1.6229745819866825
404,block0.Wo,transformer_block,136.38747584096419,1.6891436023478206
405,block0.Wo,transformer_block,126.34456396661714,1.5844123444293632
406,block0.Wo,transformer_block,115.54970727263026,1.5526158411861033
407,block0.Wo,transformer_block,136.24766391192082,1.7106886589564168
408,block0.Wo,transformer_block,133.14811731364316,1.6830888891931968
409,block0.Wo,transformer_block,134.35746228705955,1.5670303007827862
410,block0.Wo,transformer_block,130.29829667757855,1.7442440916942532
411,block0.Wo,transformer_block,134.04175358309297,1.5907985645476899
412,block0.Wo,transformer_block,119.75543247837554,1.5391490260150944
413,block0.Wo,transformer_block,124.52086699203768,1.6090040978589293
414,block0.Wo,transformer_block,122.16855106353087,1.4828079754912087
415,block0.Wo,transformer_block,118.3897618518175,1.6831978727144323
416,block0.Wo,transformer_block,136.82975349779247,1.6119447879878013
417,block0.Wo,transformer_block,127.86757877608987,1.484903621222883
418,block0.Wo,transformer_block,126.71553706634835,1.7055361970431062
419,block0.Wo,transformer_block,118.50963565800706,1.4126545934851815
420,block0.Wo,transformer_block,120.01454185620872,1.7200918648655694
421,block0.Wo,transformer_block,126.6304547126736,1.4676371953082175
422,block0.Wo,transformer_block,111.67044589948995,1.5460893978005747
423,block0.Wo,transformer_block,117.31880226700778,1.5595381194385685
424,block0.Wo,transformer_block,125.11159754817865,1.6036742300448175
425,block0.Wo,transformer_block,121.67063571179165,1.5884430906016935
426,block0.Wo,transformer_block,125.39909201071617,1.6762249641277789
427,block0.Wo,transformer_block,139.262382249518,1.8215550130876619
428,block0.Wo,transformer_block,130.8563042455052,1.6242251292445005
429,block0.Wo,transformer_block,119.3027105932197,1.4418162075810357
430,block0.Wo,transformer_block,116.22333727584073,1.4206329574776029
431,block0.Wo,transformer_block,118.61052306764206,1.6342783969183616
432,block0.Wo,transformer_block,133.8171508565936,1.7805095266358402
433,block0.Wo,transformer_block,145.65123141919327,1.8888002244000277
434,block0.Wo,transformer_block,147.78285827306053,1.6808297307071594
435,block0.Wo,transformer_block,127.2353874276157,1.5752507324183884
436,block0.Wo,transformer_block,118.90491345621868,1.411668017884105
437,block0.Wo,transformer_block,128.8054628146338,1.703833761189831
438,block0.Wo,transformer_block,124.33639972001572,1.4887742337898047
439,block0.Wo,transformer_block,125.13841212377157,1.6094860703894072
440,block0.Wo,transformer_block,122.78517525110111,1.6071674964296907
441,block0.Wo,transformer_block,119.68948225210895,1.776791274712245
442,block0.Wo,transformer_block,143.53292383101999,1.863757221002937
443,block0.Wo,transformer_block,133.41222686596808,1.5947821222910408
444,block0.Wo,transformer_block,125.65242681253943,1.5228913048854753
445,block0.Wo,transformer_block,145.37382461691905,2.047135930367479
446,block0.Wo,transformer_block,139.9750922178279,1.6369476683333537
447,block0.Wo,transformer_block,130.4866004896097,1.589591535406125
448,block0.Wo,transformer_block,126.27791693746128,1.7351530933158932
449,block0.Wo,transformer_block,134.19818906372421,1.5567925934053908
450,block0.Wo,transformer_block,121.6967366752465,1.5745831771735084
451,block0.Wo,transformer_block,122.64812918744761,1.55976409124378
452,block0.Wo,transformer_block,127.89588226590271,1.6946701435337128
453,block0.Wo,transformer_block,124.81204326317894,1.5158209682003765
454,block0.Wo,transformer_block,128.02363274467055,1.7291567088546325
455,block0.Wo,transformer_block,139.67403795358874,1.7412476440095581
456,block0.Wo,transformer_block,123.31821352626649,1.304578793295314
457,block0.Wo,transformer_block,105.97645573754764,1.6273008390983645
458,block0.Wo,transformer_block,135.22569277275625,1.6965193496182323
459,block0.Wo,transformer_block,129.8126631847164,1.50266787342031
460,block0.Wo,transformer_block,107.28495940490863,1.5277800276675269
461,block0.Wo,transformer_block,130.20233857338107,1.8615381087180585
462,block0.Wo,transformer_block,137.140400227209,1.7312038737016626
463,block0.Wo,transformer_block,110.23209830767088,1.508757694991586
464,block0.Wo,transformer_block,119.82565296306869,1.49320065462734
465,block0.Wo,transformer_block,112.81532625555292,1.4722848161646653
466,block0.Wo,transformer_block,113.03904111453079,1.5157257666299873
467,block0.Wo,transformer_block,134.35225704496298,1.7464321970836432
468,block0.Wo,transformer_block,135.28644455773957,1.7516888583874026
469,block0.Wo,transformer_block,130.86991563570055,1.506063007666274
470,block0.Wo,transformer_block,112.38347899707476,1.3800992881179601
471,block0.Wo,transformer_block,117.08617058788576,1.6773292894875778
472,block0.Wo,transformer_block,135.87291900519827,1.7179221763977508
473,block0.Wo,transformer_block,126.4763037033233,1.547168138185002
474,block0.Wo,transformer_block,109.27038105668885,1.417698876832188
475,block0.Wo,transformer_block,114.67178384584648,1.6154333504079168
476,block0.Wo,transformer_block,122.92574387550717,1.5083263369408078
477,block0.Wo,transformer_block,115.16482828243943,1.3947667297339532
478,block0.Wo,transformer_block,107.48077093717369,1.4357795559063973
479,block0.Wo,transformer_block,120.87614613270213,1.5674154079394862
480,block0.Wo,transformer_block,113.52562696954202,1.4085061927780054
481,block0.Wo,transformer_block,128.52504666973115,1.8913666140831789
482,block0.Wo,transformer_block,126.06353049664567,1.4795577622191023
483,block0.Wo,transformer_block,108.2953747493656,1.4397653564378965
484,block0.Wo,transformer_block,118.16838162189097,1.4935719706584094
485,block0.Wo,transformer_block,114.5937215861544,1.4142171253948992
486,block0.Wo,transformer_block,105.61895647727712,1.4525608559403946
487,block0.Wo,transformer_block,115.51179609444088,1.5326430887491773
488,block0.Wo,transformer_block,114.68251520080747,1.4577354282816382
489,block0.Wo,transformer_block,114.09076202293959,1.4069769450738172
490,block0.Wo,transformer_block,116.19523740972285,1.576726631281887
491,block0.Wo,transformer_block,138.1523191079608,1.8720607837649486
492,block0.Wo,transformer_block,108.69580838750704,1.2239255612381932
493,block0.Wo,transformer_block,106.68644230402275,1.5343418463636247
494,block0.Wo,transformer_block,116.80964856940469,1.4907036491714654
495,block0.Wo,transformer_block,120.32225866626297,1.5737347085027837
496,block0.Wo,transformer_block,117.82422101103224,1.6109805333648168
497,block0.Wo,transformer_block,127.36109745244768,1.6414468192499014
498,block0.Wo,transformer_block,134.46442777039422,1.6965735505094997
499,block0.Wo,transformer_block,124.48126802283588,1.504124192542259
500,block0.Wo,transformer_block,111.85999209435795,1.3665569721328903
501,block0.Wo,transformer_block,107.32472999832667,1.4852696566938297
502,block0.Wo,transformer_block,130.82083124285703,1.8693363600796482
503,block0.Wo,transformer_block,142.46370588702055,1.6556775917469468
504,block0.Wo,transformer_block,123.46310174655414,1.4560012750510034
505,block0.Wo,transformer_block,115.06844371052645,1.4707660064779557
506,block0.Wo,transformer_block,113.56606775457789,1.479480461779029
507,block0.Wo,transformer_block,118.83732065804874,1.512439266608511
508,block0.Wo,transformer_block,126.32826970161845,1.590606504903131
509,block0.Wo,transformer_block,117.69289244104291,1.6023438439161535
510,block0.Wo,transformer_block,119.42643912953297,1.5993991007343231
511,block0.Wo,transformer_block,117.32492423604144,1.4440345234639342
512,block0.Wo,transformer_block,118.91583810043022,1.5476035050280748
513,block0.Wo,transformer_block,126.93400732094997,1.666169552632558
514,block0.Wo,transformer_block,131.33475753205252,1.5837788004951472
515,block0.Wo,transformer_block,122.36486514513832,1.5863358766316888
516,block0.Wo,transformer_block,116.96574737644049,1.4072478768222993
517,block0.Wo,transformer_block,116.19095689283706,1.5152279366090455
518,block0.Wo,transformer_block,121.2307888280395,1.5134483492105004
519,block0.Wo,transformer_block,110.00377303264108,1.5660267289360443
520,block0.Wo,transformer_block,129.58604733009503,1.5193690365777117
521,block0.Wo,transformer_block,132.08436657910082,1.743312144187443
522,block0.Wo,transformer_block,135.30591856368386,1.645784987011791
523,block0.Wo,transformer_block,118.08616832162939,1.3757624353820934
524,block0.Wo,transformer_block,121.13531814943538,1.6679073294744187
525,block0.Wo,transformer_block,123.89134976591482,1.4912790090348438
526,block0.Wo,transformer_block,108.73084926186489,1.2983048640311112
527,block0.Wo,transformer_block,110.41961836486725,1.5276177796123465
528,block0.Wo,transformer_block,135.56198096876017,1.9859888562799606
529,block0.Wo,transformer_block,139.15188857501514,1.4764530801620626
530,block0.Wo,transformer_block,116.38975482117691,1.5448028278201782
531,block0.Wo,transformer_block,127.37178902578927,1.5908025217817405
532,block0.Wo,transformer_block,129.23051757003404,1.5332310367766877
533,block0.Wo,transformer_block,119.99496512198185,1.573868572691894
534,block0.Wo,transformer_block,111.21652270898346,1.3931622546426459
535,block0.Wo,transformer_block,115.03381606099443,1.4943935752719932
536,block0.Wo,transformer_block,119.75958979354363,1.47585362525196
537,block0.Wo,transformer_block,119.98454432952491,1.5678322736077508
538,block0.Wo,transformer_block,109.68767597073838,1.5133964312106034
539,block0.Wo,transformer_block,123.96141940873781,1.6204277728102388
540,block0.Wo,transformer_block,121.46257349812889,1.6141633839525937
541,block0.Wo,transformer_block,114.78801754947297,1.410577141363254
542,block0.Wo,transformer_block,112.76941540915469,1.501506054408917
543,block0.Wo,transformer_block,124.18687598091665,1.637688784828678
544,block0.Wo,transformer_block,135.8377881857316,1.6167216361118135
545,block0.Wo,transformer_block,120.14306106393123,1.6298751850611748
546,block0.Wo,transformer_block,130.41215860598592,1.5900441169484045
547,block0.Wo,transformer_block,120.63827975997157,1.4720168890838934
548,block0.Wo,transformer_block,102.74948181828111,1.3661030682336865
549,block0.Wo,transformer_block,113.18446115369271,1.5214594594577193
550,block0.Wo,transformer_block,114.09789411715727,1.3496639116792184
551,block0.Wo,transformer_block,119.54724139066758,1.7031360514118652
552,block0.Wo,transformer_block,120.54449092878754,1.4446584685873876
553,block0.Wo,transformer_block,107.2504144746568,1.4988827871534445
554,block0.Wo,transformer_block,113.08236590579638,1.507839997495057
555,block0.Wo,transformer_block,124.33499899432962,1.6828944635553846
556,block0.Wo,transformer_block,123.73155408190138,1.6042717723581035
557,block0.Wo,transformer_block,131.88945978155064,1.5680209844571422
558,block0.Wo,transformer_block,115.3747015844942,1.3970255906703515
559,block0.Wo,transformer_block,104.26009972981103,1.3320844473368727
560,block0.Wo,transformer_block,112.32054537865399,1.5631491527495007
561,block0.Wo,transformer_block,133.63388313830984,1.5993641093563573
562,block0.Wo,transformer_block,123.03589887183291,1.5423963038446167
563,block0.Wo,transformer_block,110.7755199893942,1.4596980391714967
564,block0.Wo,transformer_block,119.66533650039761,1.55434595489944
565,block0.Wo,transformer_block,130.2368506528112,1.7221638775671229
566,block0.Wo,transformer_block,121.34994834761066,1.5159325601227427
567,block0.Wo,transformer_block,120.6777509434846,1.5359155209207245
568,block0.Wo,transformer_block,112.35863520538294,1.4687203476639406
569,block0.Wo,transformer_block,126.71940442720515,1.6591045789421919
570,block0.Wo,transformer_block,133.38044927795121,1.7223262411900553
571,block0.Wo,transformer_block,132.6617903054108,1.4610619211435214
572,block0.Wo,transformer_block,130.73822790850005,1.789518142920878
573,block0.Wo,transformer_block,115.4825146062955,1.543211161808892
574,block0.Wo,transformer_block,125.28790455789412,1.5016275407359863
575,block0.Wo,transformer_block,107.92525434867665,1.4664970098229402
576,block0.Wo,transformer_block,109.67475172510098,1.5487417477208505
577,block0.Wo,transformer_block,121.08034015080543,1.4200916969659816
578,block0.Wo,transformer_block,109.62414210134966,1.4970689084093087
579,block0.Wo,transformer_block,134.30204126627407,1.7688016044195818
580,block0.Wo,transformer_block,145.17192490655162,1.835160116438511
581,block0.Wo,transformer_block,134.02348931749356,1.6636258007265412
582,block0.Wo,transformer_block,121.82281527245844,1.6416220514022344
583,block0.Wo,transformer_block,121.82595978280726,1.4329931497293882
584,block0.Wo,transformer_block,122.09671424120003,1.6402110036720712
585,block0.Wo,transformer_block,113.10064560593163,1.2949004493161722
586,block0.Wo,transformer_block,120.53464272603705,1.6448234621447897
587,block0.Wo,transformer_block,133.11276865680463,1.5841313223509843
588,block0.Wo,transformer_block,117.22124054416892,1.4596861830437549
589,block0.Wo,transformer_block,104.72737012179925,1.317399592687067
590,block0.Wo,transformer_block,123.99340265981189,1.838461246372125
591,block0.Wo,transformer_block,114.60294157836377,1.4096093862981183
592,block0.Wo,transformer_block,111.08526588291136,1.3652161111998347
593,block0.Wo,transformer_block,109.15065592077717,1.3929392389868687
594,block0.Wo,transformer_block,108.90296556392305,1.4985893694610746
595,block0.Wo,transformer_block,125.08485752000891,1.6140826576171032
596,block0.Wo,transformer_block,134.8422317123119,1.711726136018274
597,block0.Wo,transformer_block,120.31477696672206,1.5362124034993823
598,block0.Wo,transformer_block,121.55696265238592,1.66310549455366
599,block0.Wo,transformer_block,122.06943909190609,1.4137447514857189
600,block0.Wo,transformer_block,108.73223471265725,1.3773007970523143
601,block0.Wo,transformer_block,105.8816034247861,1.4616873549151461
602,block0.Wo,transformer_block,119.66900698521333,1.4240019775888761
603,block0.Wo,transformer_block,115.66226602873768,1.6225913293908025
604,block0.Wo,transformer_block,119.34634374396121,1.297280947192922
605,block0.Wo,transformer_block,125.49464938617305,1.7714627138037173
606,block0.Wo,transformer_block,132.5061116509904,1.5130247415666798
607,block0.Wo,transformer_block,117.91770922027929,1.4804059547720811
608,block0.Wo,transformer_block,108.94604461944459,1.4145975810336686
609,block0.Wo,transformer_block,117.33532405864239,1.6932509095981825
610,block0.Wo,transformer_block,127.8928763751883,1.4396185177388987
611,block0.Wo,transformer_block,112.19075070949482,1.5158782595106182
612,block0.Wo,transformer_block,100.95587611574243,1.3077302635286798
613,block0.Wo,transformer_block,121.00727912979907,1.7760193412931122
614,block0.Wo,transformer_block,135.90726293680154,1.7414833212765912
615,block0.Wo,transformer_block,132.0380872942586,1.4668623139892256
616,block0.Wo,transformer_block,121.31866510876385,1.7092470331821288
617,block0.Wo,transformer_block,117.17961056828541,1.3602666564759924
618,block0.Wo,transformer_block,118.38695306446837,1.719628490898176
619,block0.Wo,transformer_block,135.28623529286202,1.706029507417969
620,block0.Wo,transformer_block,121.6565522977023,1.3249872059453822
621,block0.Wo,transformer_block,111.50011090842196,1.4383857193705583
622,block0.Wo,transformer_block,131.39345347982345,1.8033065072321168
623,block0.Wo,transformer_block,123.90312587065888,1.376979112916323
624,block0.Wo,transformer_block,109.90159885904187,1.5024222987619877
625,block0.Wo,transformer_block,113.20165000574157,1.5904410610681463
626,block0.Wo,transformer_block,124.59973522994777,1.6299003087495727
627,block0.Wo,transformer_block,111.45994108740088,1.4516404500802291
628,block0.Wo,transformer_block,123.94741258984567,1.6049087462247689
629,block0.Wo,transformer_block,114.28820600339445,1.4160471504278522
630,block0.Wo,transformer_block,111.17466447302037,1.3578421688130367
631,block0.Wo,transformer_block,95.43837356136106,1.2209517680688482
632,block0.Wo,transformer_block,103.347381601762,1.4687137647052655
633,block0.Wo,transformer_block,121.72561823527488,1.513025409540799
634,block0.Wo,transformer_block,116.91201908761063,1.5748988592680382
635,block0.Wo,transformer_block,124.96552623670361,1.4658213139609002
636,block0.Wo,transformer_block,119.88208434586785,1.452204010380202
637,block0.Wo,transformer_block,125.53892115336474,1.557808039408239
638,block0.Wo,transformer_block,114.73794788358882,1.3260493979645158
639,block0.Wo,transformer_block,115.05213405740766,1.6594044741474634
640,block0.Wo,transformer_block,126.0226248528828,1.5931851493837326
641,block0.Wo,transformer_block,127.90432393290376,1.5793415075872956
642,block0.Wo,transformer_block,115.07873067124808,1.4707635392427507
643,block0.Wo,transformer_block,118.51131454453082,1.4971808164804674
644,block0.Wo,transformer_block,120.41601768831963,1.6127802178325272
645,block0.Wo,transformer_block,121.56348717101429,1.4399022505487218
646,block0.Wo,transformer_block,119.0466734259928,1.6334447344161693
647,block0.Wo,transformer_block,115.51046642588221,1.340792540257487
648,block0.Wo,transformer_block,102.04138086389604,1.2808603864882606
649,block0.Wo,transformer_block,121.25552888381138,1.8293299911863126
650,block0.Wo,transformer_block,130.99889819689355,1.4642692243995294
651,block0.Wo,transformer_block,102.269391633263,1.2982251690461037
652,block0.Wo,transformer_block,100.66861639486498,1.3983821788447846
653,block0.Wo,transformer_block,113.21354063144952,1.5285184702797323
654,block0.Wo,transformer_block,128.73912396176286,1.7359037625750784
655,block0.Wo,transformer_block,121.58662256880642,1.3465964664952865
656,block0.Wo,transformer_block,105.51097702414472,1.4071436087108333
657,block0.Wo,transformer_block,119.15152307641695,1.526858852138389
658,block0.Wo,transformer_block,127.69181543573369,1.596737004825589
659,block0.Wo,transformer_block,115.34205008291566,1.4256847111429407
660,block0.Wo,transformer_block,120.97292843564361,1.535995910306405
661,block0.Wo,transformer_block,127.77987170118558,1.5933190954594196
662,block0.Wo,transformer_block,124.33964662321458,1.5651958826323171
663,block0.Wo,transformer_block,130.38175144725815,1.6190483730093732
664,block0.Wo,transformer_block,127.6631493209824,1.6806410021294291
665,block0.Wo,transformer_block,127.92652710711842,1.5939998211002067
666,block0.Wo,transformer_block,124.80181972284078,1.6267400360263111
667,block0.Wo,transformer_block,124.20292748635305,1.5046049801302508
668,block0.Wo,transformer_block,117.1749366794434,1.5552158225594788
669,block0.Wo,transformer_block,115.42265779426596,1.4148490195112382
670,block0.Wo,transformer_block,121.47669529012053,1.4734332789689621
671,block0.Wo,transformer_block,107.3924652842055,1.587831706414105
672,block0.Wo,transformer_block,120.97807884136716,1.5261582633238924
673,block0.Wo,transformer_block,118.21055105164321,1.4796119828330236
674,block0.Wo,transformer_block,110.41184787552449,1.4746398562229506
675,block0.Wo,transformer_block,110.2719118846723,1.4053132611374486
676,block0.Wo,transformer_block,120.96211113482447,1.530819147898725
677,block0.Wo,transformer_block,131.14957718130827,1.7138904177516348
678,block0.Wo,transformer_block,132.98402795986027,1.5685086539181543
679,block0.Wo,transformer_block,123.63542036082156,1.4230991761846377
680,block0.Wo,transformer_block,114.48783594763816,1.4612190294524656
681,block0.Wo,transformer_block,115.01385281843281,1.4746652391561397
682,block0.Wo,transformer_block,105.55156904795693,1.410377762707757
683,block0.Wo,transformer_block,105.11470661831522,1.3252064690955208
684,block0.Wo,transformer_block,110.57726028126551,1.5065877261171279
685,block0.Wo,transformer_block,120.08526433621763,1.4580616888605673
686,block0.Wo,transformer_block,126.20578620594031,1.6023492895556406
687,block0.Wo,transformer_block,119.90331506186423,1.3195035274215328
688,block0.Wo,transformer_block,112.04952660809167,1.4973820227253252
689,block0.Wo,transformer_block,114.5556907494814,1.444142150033012
690,block0.Wo,transformer_block,124.6593440379945,1.6368062498684592
691,block0.Wo,transformer_block,122.479307805179,1.4346127701370186
692,block0.Wo,transformer_block,115.00356811693788,1.522774019377215
693,block0.Wo,transformer_block,114.32528871472005,1.4619652770039608
694,block0.Wo,transformer_block,114.39271446737804,1.5326309150999315
695,block0.Wo,transformer_block,121.33372269437602,1.3397782209657683
696,block0.Wo,transformer_block,116.64463390753933,1.6428830142103426
697,block0.Wo,transformer_block,119.18238386207118,1.33199805252069
698,block0.Wo,transformer_block,105.31226244146619,1.3848756361312526
0,block0.W1,transformer_block,11.162203883930104,0.17145288496376362
1,block0.W1,transformer_block,12.203866494675847,0.23632286140694558
2,block0.W1,transformer_block,15.04551720776992,0.14797523760129336
3,block0.W1,transformer_block,14.728248858211884,0.27001873178027913
4,block0.W1,transformer_block,18.592201292911408,0.26285092122772935
5,block0.W1,transformer_block,20.105228630579525,0.24405358354733903
6,block0.W1,transformer_block,19.630157988000473,0.3696373277370514
7,block0.W1,transformer_block,26.953723079801208,0.30786205645353426
8,block0.W1,transformer_block,29.612507092903808,0.5666166113740186
9,block0.W1,transformer_block,34.55047322879535,0.38060581113333763
10,block0.W1,transformer_block,34.48109857469721,0.5276507813569371
11,block0.W1,transformer_block,39.85598542663572,0.5160979883582872
12,block0.W1,transformer_block,40.560639534456854,0.48594829460482697
13,block0.W1,transformer_block,44.243601004228616,0.5964853993646493
14,block0.W1,transformer_block,37.54337835409909,0.5674503299497106
15,block0.W1,transformer_block,49.504401230929815,0.8624834237484068
16,block0.W1,transformer_block,76.31691436430764,1.080564637183884
17,block0.W1,transformer_block,89.65190880645926,1.173679407124724
18,block0.W1,transformer_block,79.55489198624058,1.0807939972929796
19,block0.W1,transformer_block,87.98691422367523,1.2895377432119048
20,block0.W1,transformer_block,101.58558273933009,1.3444830975091158
21,block0.W1,transformer_block,107.86706333483696,1.549798709773065
22,block0.W1,transformer_block,118.033439195442,1.6502613453339259
23,block0.W1,transformer_block,127.30289191181609,1.7343765916437244
24,block0.W1,transformer_block,136.32599205346867,1.9519603721647492
25,block0.W1,transformer_block,163.66869880621707,2.2293317832108577
26,block0.W1,transformer_block,185.6724631895618,2.299573117118296
27,block0.W1,transformer_block,193.74947059403263,2.4423458039542085
28,block0.W1,transformer_block,190.56046830497573,2.27298237392594
29,block0.W1,transformer_block,177.66414117165647,2.2841725491416156
30,block0.W1,transformer_block,179.7975789340097,2.570820589115988
31,block0.W1,transformer_block,202.36624946058532,2.434157595280454
32,block0.W1,transformer_block,254.77962729474388,3.5881347566739983
33,block0.W1,transformer_block,293.976662567893,3.156634514326983
34,block0.W1,transformer_block,256.3968907030697,2.854953689436248
35,block0.W1,transformer_block,219.13570180182785,2.4641989375754063
36,block0.W1,transformer_block,214.96452856176631,2.6459735881528523
37,block0.W1,transformer_block,225.60009981745478,2.6468362281248137
38,block0.W1,transformer_block,239.5862761125219,3.0194420801179014
39,block0.W1,transformer_block,212.68035988332173,2.1611121720704816
40,block0.W1,transformer_block,219.9191601136601,3.079211480703796
41,block0.W1,transformer_block,257.2438776987526,2.9583248471495835
42,block0.W1,transformer_block,210.33710327315111,2.101700125142113
43,block0.W1,transformer_block,207.04838236539754,3.0129044662559594
44,block0.W1,transformer_block,287.4870359486894,3.603889798576087
45,block0.W1,transformer_block,261.38552881699275,2.6157802801047167
46,block0.W1,transformer_block,216.81993148233587,2.7083969020876575
47,block0.W1,transformer_block,232.07567792127227,2.827934163045227
48,block0.W1,transformer_block,235.8732697948774,2.8214300999221793
49,block0.W1,transformer_block,235.8775122500943,2.7195901978954238
50,block0.W1,transformer_block,222.7934678994645,2.6927108527140295
51,block0.W1,transformer_block,231.83670599783756,2.8239655696788923
52,block0.W1,transformer_block,200.75831181072306,2.3090538585020113
53,block0.W1,transformer_block,187.50969689406506,2.310498209061707
54,block0.W1,transformer_block,196.2620099408834,2.6018527609244333
55,block0.W1,transformer_block,228.0823858455547,3.029757619927357
56,block0.W1,transformer_block,245.32042249247584,2.7844305584954423
57,block0.W1,transformer_block,211.88573473195106,2.4058557574013584
58,block0.W1,transformer_block,213.17353943557615,2.742149370247434
59,block0.W1,transformer_block,208.47598983300605,2.4137468863177514
60,block0.W1,transformer_block,219.358250379941,3.017713298304474
61,block0.W1,transformer_block,221.8508730781892,2.484956140588002
62,block0.W1,transformer_block,188.17354144959342,2.3317578557838297
63,block0.W1,transformer_block,188.6474503614432,2.412917891704919
64,block0.W1,transformer_block,205.43413281492894,2.5626617814251897
65,block0.W1,transformer_block,212.4312657102536,2.5329034068445297
66,block0.W1,transformer_block,224.1059199260246,2.8308271114754047
67,block0.W1,transformer_block,239.63591047783348,2.964644998895891
68,block0.W1,transformer_block,212.02383028160068,2.2466988876405973
69,block0.W1,transformer_block,193.03616647956463,2.674950236188465
70,block0.W1,transformer_block,237.77676128833684,2.971174242267578
71,block0.W1,transformer_block,205.45995602948736,2.2545512714103895
72,block0.W1,transformer_block,178.87599196850076,2.4109839209500867
73,block0.W1,transformer_block,174.42598818592586,2.052548538774511
74,block0.W1,transformer_block,182.70643805680226,2.3995149627902412
75,block0.W1,transformer_block,189.26222617705278,2.278584979978162
76,block0.W1,transformer_block,177.52387102557915,2.2613930688096824
77,block0.W1,transformer_block,169.40689478228634,2.1484267216335384
78,block0.W1,transformer_block,153.85918835520806,2.024024718355566
79,block0.W1,transformer_block,166.93728487830887,2.2659170387404663
80,block0.W1,transformer_block,169.7034029809832,2.449284288842513
81,block0.W1,transformer_block,185.92212483599909,2.201548732748477
82,block0.W1,transformer_block,171.4626035414435,2.311366150428271
83,block0.W1,transformer_block,194.75025025587425,2.4969646188852264
84,block0.W1,transformer_block,189.80270236673732,2.335731685695377
85,block0.W1,transformer_block,175.86482587607003,2.1811004313462994
86,block0.W1,transformer_block,212.28284617237085,2.932596287014348
87,block0.W1,transformer_block,214.93713590749454,2.461978939306485
88,block0.W1,transformer_block,190.56214989389898,2.3045874371862207
89,block0.W1,transformer_block,189.70387055986885,2.368003667004965
90,block0.W1,transformer_block,194.96711501850004,2.484533449718354
91,block0.W1,transformer_block,178.09950531427594,2.1910839572326126
92,block0.W1,transformer_block,207.56040347075918,2.892327295553831
93,block0.W1,transformer_block,213.88255851831227,2.4281812226327455
94,block0.W1,transformer_block,183.4660305316775,2.253733468357896
95,block0.W1,transformer_block,166.083210925902,2.0929048247763564
96,block0.W1,transformer_block,162.65997052413104,2.225273285284519
97,block0.W1,transformer_block,164.34804618949693,2.2400766192388515
98,block0.W1,transformer_block,195.5116884391382,2.704275220948329
99,block0.W1,transformer_block,184.1190962737056,2.1887336875826753
100,block0.W1,transformer_block,175.22963406482765,2.252695902294926
101,block0.W1,transformer_block,157.68282145309175,1.8562358619680497
102,block0.W1,transformer_block,145.05061404079507,2.1403010068742816
103,block0.W1,transformer_block,168.47762247004405,2.1840087764264142
104,block0.W1,transformer_block,166.67672055573001,2.034916013256714
105,block0.W1,transformer_block,160.72001426219165,2.0957075972164976
106,block0.W1,transformer_block,169.8003248355719,2.2155540287373143
107,block0.W1,transformer_block,172.39676422428656,2.2458356295194934
108,block0.W1,transformer_block,187.97151782065365,2.470267999274563
109,block0.W1,transformer_block,175.2677727195191,2.369332589272193
110,block0.W1,transformer_block,191.84756386230347,2.3973669581803905
111,block0.W1,transformer_block,193.91336187124216,2.429571777623517
112,block0.W1,transformer_block,188.42590803038416,2.26797530225663
113,block0.W1,transformer_block,161.74191534406177,2.219084233428406
114,block0.W1,transformer_block,181.43206365664,2.2473138390837595
115,block0.W1,transformer_block,180.59759425936514,2.341806312496858
116,block0.W1,transformer_block,186.29894600839475,2.449404089676089
117,block0.W1,transformer_block,172.96084407543722,1.9731831137524054
118,block0.W1,transformer_block,164.77450077975686,2.32683840216602
119,block0.W1,transformer_block,199.40096227358958,2.557777895469049
120,block0.W1,transformer_block,199.168588511671,2.290602413684385
121,block0.W1,transformer_block,181.24359241548976,2.2272344659336576
122,block0.W1,transformer_block,177.6045856039662,2.266663972028894
123,block0.W1,transformer_block,182.2208972952445,2.2313527153181276
124,block0.W1,transformer_block,163.67739503715072,1.865722127820787
125,block0.W1,transformer_block,163.2322262979535,2.2009579482407444
126,block0.W1,transformer_block,178.93785362145846,2.225917703931393
127,block0.W1,transformer_block,171.53862693879105,2.1652750013202278
128,block0.W1,transformer_block,170.79571651390387,2.2805045277389775
129,block0.W1,transformer_block,189.06909351276923,2.475816342939134
130,block0.W1,transformer_block,174.07936189810914,2.018970524277804
131,block0.W1,transformer_block,168.7391039761429,2.1247951239737093
132,block0.W1,transformer_block,177.09269777185403,2.2665567473426536
133,block0.W1,transformer_block,183.87181069772632,2.3693241283000415
134,block0.W1,transformer_block,178.8546346837732,2.165897054028216
135,block0.W1,transformer_block,148.71797056422307,1.9229657700970288
136,block0.W1,transformer_block,170.476461764693,2.3406267412186583
137,block0.W1,transformer_block,179.80356292184968,2.3256836124181053
138,block0.W1,transformer_block,176.22152339326075,2.0893043137420397
139,block0.W1,transformer_block,156.9031721013302,2.163427423757426
140,block0.W1,transformer_block,177.1373479925373,2.247978911110065
141,block0.W1,transformer_block,180.12099210661347,2.2371655670596864
142,block0.W1,transformer_block,170.43836342533908,2.020836575698315
143,block0.W1,transformer_block,170.52593891304747,2.333515353309509
144,block0.W1,transformer_block,174.04704555491313,2.3556857253642107
145,block0.W1,transformer_block,179.0019279564935,2.1550465216593873
146,block0.W1,transformer_block,152.5575383786758,1.9059877250515833
147,block0.W1,transformer_block,153.51843621741585,1.93603904049385
148,block0.W1,transformer_block,155.79064260214392,2.175534766517453
149,block0.W1,transformer_block,162.16224695023203,2.1204640120507072
150,block0.W1,transformer_block,181.39002784807977,2.3929346197500934
151,block0.W1,transformer_block,183.066989156528,2.1821836374466708
152,block0.W1,transformer_block,159.79615438991536,1.8922252414544078
153,block0.W1,transformer_block,153.53402962450767,2.062082551584885
154,block0.W1,transformer_block,165.91807855668682,2.1516249953105056
155,block0.W1,transformer_block,174.29404579373286,2.377130385174387
156,block0.W1,transformer_block,199.24626934411683,2.3719522178379457
157,block0.W1,transformer_block,181.99010636152053,2.16191914133836
158,block0.W1,transformer_block,172.15411778002326,2.145968414532808
159,block0.W1,transformer_block,162.14154325718687,2.118667394520008
160,block0.W1,transformer_block,171.77201578495948,2.2890539422502
161,block0.W1,transformer_block,170.57544197036194,1.9266107601976983
162,block0.W1,transformer_block,166.97849928868422,2.2659703752602423
163,block0.W1,transformer_block,182.04964839686116,2.2612752124534334
164,block0.W1,transformer_block,171.78723451220756,2.1222470459599823
165,block0.W1,transformer_block,167.7066101518069,2.137911473760643
166,block0.W1,transformer_block,181.18973208288733,2.2232072189236676
167,block0.W1,transformer_block,179.0380818181444,2.2542199791819337
168,block0.W1,transformer_block,165.79157796900816,2.1560749167060083
169,block0.W1,transformer_block,171.67091392388733,2.2567028866329015
170,block0.W1,transformer_block,178.31344828623688,2.189610029694533
171,block0.W1,transformer_block,179.65783367058634,2.2200141189655334
172,block0.W1,transformer_block,159.32042703787107,1.917220981516012
173,block0.W1,transformer_block,170.373908923468,2.276601516859918
174,block0.W1,transformer_block,154.9257044131198,1.7710907335993162
175,block0.W1,transformer_block,170.09234072151136,2.335287193684706
176,block0.W1,transformer_block,174.91824024152987,1.8913311850194154
177,block0.W1,transformer_block,177.96211198546592,2.615252938534538
178,block0.W1,transformer_block,186.56378272659703,2.165375475483252
179,block0.W1,transformer_block,171.0869012669491,2.095380192157668
180,block0.W1,transformer_block,186.35953990405065,2.4268345247142027
181,block0.W1,transformer_block,173.88639595279844,1.928793901114478
182,block0.W1,transformer_block,169.53792866258033,2.206224348393196
183,block0.W1,transformer_block,185.18397620087674,2.3381498243433274
184,block0.W1,transformer_block,181.3079791735169,2.0820457461332476
185,block0.W1,transformer_block,153.5335760634212,1.8914700479336433
186,block0.W1,transformer_block,155.1968422233228,2.169519541094676
187,block0.W1,transformer_block,171.71401479248283,2.0071423713401186
188,block0.W1,transformer_block,165.38534908579226,2.1233737334604394
189,block0.W1,transformer_block,187.86789024571473,2.4672325711739074
190,block0.W1,transformer_block,183.87098882768848,2.242936579914659
191,block0.W1,transformer_block,181.49047070715667,2.2613236681067703
192,block0.W1,transformer_block,177.78521140121777,2.197489650109809
193,block0.W1,transformer_block,162.92781798197754,1.9152389267778864
194,block0.W1,transformer_block,165.65652320800257,2.258843104824499
195,block0.W1,transformer_block,181.6726473289488,2.269400103296956
196,block0.W1,transformer_block,167.23301618903307,2.010726319445217
197,block0.W1,transformer_block,148.20976503810843,1.919558040086448
198,block0.W1,transformer_block,153.86964116249322,1.8908446781023398
199,block0.W1,transformer_block,160.63766623852993,2.117996484772848
200,block0.W1,transformer_block,150.84408614370514,1.913632414672812
201,block0.W1,transformer_block,145.05550709488773,1.803142369855514
202,block0.W1,transformer_block,153.97679516798237,2.109140484402068
203,block0.W1,transformer_block,158.75636343618845,2.056699729803019
204,block0.W1,transformer_block,171.46917266447494,2.3969927184465547
205,block0.W1,transformer_block,179.08512910151182,2.1085959001234422
206,block0.W1,transformer_block,151.93367644899487,2.0060785742269913
207,block0.W1,transformer_block,154.10070435054504,1.8784067352286913
208,block0.W1,transformer_block,161.03239890477886,2.2593563131373884
209,block0.W1,transformer_block,159.5356206318837,1.9849144986014815
210,block0.W1,transformer_block,161.76195413897452,2.1364887355956546
211,block0.W1,transformer_block,158.3407098407346,1.9428804517479332
212,block0.W1,transformer_block,166.61361330458624,2.0709978233780673
213,block0.W1,transformer_block,156.41205395068957,2.0649269185559933
214,block0.W1,transformer_block,152.13530117564414,2.1842877202378075
215,block0.W1,transformer_block,161.99319236665065,2.043129885477613
216,block0.W1,transformer_block,158.95180888984143,2.081486604558492
217,block0.W1,transformer_block,146.70315496902862,1.9371149351590244
218,block0.W1,transformer_block,149.22010823822467,2.126805643381025
219,block0.W1,transformer_block,167.57895009680433,2.2414067219326013
220,block0.W1,transformer_block,159.48581363525994,1.8135674967724955
221,block0.W1,transformer_block,161.3839512493429,2.361294555355784
222,block0.W1,transformer_block,172.95373655387684,2.0432896848295172
223,block0.W1,transformer_block,158.07042249569477,2.0199702934838295
224,block0.W1,transformer_block,150.58449467908457,1.8833284138628859
225,block0.W1,transformer_block,151.16751149411056,1.971159161218277
226,block0.W1,transformer_block,182.79859802754757,2.4380293436626053
227,block0.W1,transformer_block,180.93463642204443,2.16634384259833
228,block0.W1,transformer_block,162.0541234500874,1.9727032210723237
229,block0.W1,transformer_block,153.5698599343916,2.0959389250552682
230,block0.W1,transformer_block,143.52502850079458,1.9338447352701098
231,block0.W1,transformer_block,165.91915453374753,2.14818922409711
232,block0.W1,transformer_block,161.1800628381436,1.9994430455642627
233,block0.W1,transformer_block,162.30621057406003,2.000572313782669
234,block0.W1,transformer_block,163.97912327210992,2.243137884732468
235,block0.W1,transformer_block,185.61581133049145,2.1914003894899157
236,block0.W1,transformer_block,170.11959195588855,2.1138292186155465
237,block0.W1,transformer_block,149.56344114230595,1.7213885925180947
238,block0.W1,transformer_block,155.05203450787852,2.098042325617584
239,block0.W1,transformer_block,167.5587967346961,2.2019457878197457
240,block0.W1,transformer_block,162.93473790381282,1.9533171005741585
241,block0.W1,transformer_block,164.80319271129594,2.311388113876463
242,block0.W1,transformer_block,192.4208758447293,2.3627735917963415
243,block0.W1,transformer_block,189.09480234270387,2.5256646193961814
244,block0.W1,transformer_block,184.89218268031166,2.0578964733134884
245,block0.W1,transformer_block,156.63469335618265,1.9624743019427822
246,block0.W1,transformer_block,150.01409995989528,1.8892376076048805
247,block0.W1,transformer_block,161.59260901427965,2.0741574368139104
248,block0.W1,transformer_block,148.9693491707381,1.9096396596151375
249,block0.W1,transformer_block,155.26386804457752,2.017239171425981
250,block0.W1,transformer_block,151.72688530373026,1.9367820844221826
251,block0.W1,transformer_block,156.64974022860457,1.9792400603239635
252,block0.W1,transformer_block,139.00921317123553,1.7690617081326327
253,block0.W1,transformer_block,152.00873326848568,2.0510074928313218
254,block0.W1,transformer_block,148.6195311508252,1.875948481635694
255,block0.W1,transformer_block,154.3533461031221,2.119112262594009
256,block0.W1,transformer_block,157.6650094689373,1.918494183827024
257,block0.W1,transformer_block,156.9507404164559,1.9890392707975844
258,block0.W1,transformer_block,160.6856643722453,2.2141588659441784
259,block0.W1,transformer_block,163.69923107320818,2.0461264905724867
260,block0.W1,transformer_block,164.7437694344527,2.1403717603663392
261,block0.W1,transformer_block,147.4598345586301,1.7528153283700603
262,block0.W1,transformer_block,159.58115082013734,2.2009804129089847
263,block0.W1,transformer_block,159.1231635155426,1.9534386618142547
264,block0.W1,transformer_block,156.15038330244775,1.9497471622181382
265,block0.W1,transformer_block,155.2647912556665,1.9863978428152942
266,block0.W1,transformer_block,151.1598549514505,2.0154914179031076
267,block0.W1,transformer_block,159.48720765442252,2.0503304213954143
268,block0.W1,transformer_block,162.9198177609335,2.1523110772269893
269,block0.W1,transformer_block,147.75920063158316,1.801168347345541
270,block0.W1,transformer_block,145.24228956920783,1.8618225572811062
271,block0.W1,transformer_block,177.61866603233696,2.500504048827922
272,block0.W1,transformer_block,187.59721628900965,2.1294118754737856
273,block0.W1,transformer_block,154.66095204879568,1.844952211193364
274,block0.W1,transformer_block,172.48817571142143,2.27104016399444
275,block0.W1,transformer_block,151.99809770943276,1.8503125977881394
276,block0.W1,transformer_block,141.32552307794066,1.7881722445156003
277,block0.W1,transformer_block,163.82416553768812,2.177733625926375
278,block0.W1,transformer_block,157.71646765834345,1.966066675553972
279,block0.W1,transformer_block,152.45547993480167,2.0051466883496287
280,block0.W1,transformer_block,152.4530535618269,2.037431713301349
281,block0.W1,transformer_block,167.8416351462417,2.0430701602063355
282,block0.W1,transformer_block,160.61740909143978,2.091288254595678
283,block0.W1,transformer_block,157.14104910374783,1.867094975361451
284,block0.W1,transformer_block,141.51783875894273,1.9614319233805566
285,block0.W1,transformer_block,165.0116767445494,1.9956908275647014
286,block0.W1,transformer_block,155.28888219832083,2.06315102314098
287,block0.W1,transformer_block,161.40974942761454,1.9989191933036692
288,block0.W1,transformer_block,156.4669154241817,2.1176139723867786
289,block0.W1,transformer_block,170.32062396358427,2.180333769194614
290,block0.W1,transformer_block,171.86952515921098,2.1223879009178637
291,block0.W1,transformer_block,172.9604662535472,2.002806490977124
292,block0.W1,transformer_block,164.43038208473814,2.0697820095979207
293,block0.W1,transformer_block,155.88312909412937,1.9618160543198315
294,block0.W1,transformer_block,150.32209982113784,1.8868044318971902
295,block0.W1,transformer_block,161.48977093116,2.1562275568053613
296,block0.W1,transformer_block,134.05946914769152,1.6604468858847459
297,block0.W1,transformer_block,136.84984583403536,1.7246764074888774
298,block0.W1,transformer_block,140.16426348255763,1.806947297769292
299,block0.W1,transformer_block,153.26165509964807,2.1456319234097174
300,block0.W1,transformer_block,141.31504621878722,1.6573541455024672
301,block0.W1,transformer_block,131.20200296538525,1.7373239219022754
302,block0.W1,transformer_block,147.48151444851553,2.189826091370256
303,block0.W1,transformer_block,165.1841305677278,1.9848448255730848
304,block0.W1,transformer_block,155.1247981345133,1.971657769409301
305,block0.W1,transformer_block,153.5094151989925,1.8968642742340815
306,block0.W1,transformer_block,155.07167700873342,2.2061022561399097
307,block0.W1,transformer_block,157.43026347312488,1.7960647693857825
308,block0.W1,transformer_block,145.4540074704207,1.7906574986054187
309,block0.W1,transformer_block,149.94132222137512,2.1517365498051415
310,block0.W1,transformer_block,144.68024553802724,1.8107506364599188
311,block0.W1,transformer_block,149.8576779756663,1.9624818367001193
312,block0.W1,transformer_block,160.40447471676518,2.094061032071712
313,block0.W1,transformer_block,150.07598047190277,1.9074494061037928
314,block0.W1,transformer_block,167.573721957227,2.1199938991520084
315,block0.W1,transformer_block,170.26155748558264,2.14050987263347
316,block0.W1,transformer_block,159.09300552194026,1.9687556399811497
317,block0.W1,transformer_block,159.64220548803732,2.0941896034042022
318,block0.W1,transformer_block,164.92330653401316,2.1656563538594527
319,block0.W1,transformer_block,168.49106863296387,2.191122301654257
320,block0.W1,transformer_block,157.51181272212332,1.8100106243910834
321,block0.W1,transformer_block,144.01533092116566,1.8875173118271005
322,block0.W1,transformer_block,153.51009276948582,1.8957483669993362
323,block0.W1,transformer_block,159.20161191592211,2.125023418430685
324,block0.W1,transformer_block,176.3741528400138,2.3617452622398036
325,block0.W1,transformer_block,188.27168969111727,2.2144371223911694
326,block0.W1,transformer_block,161.02180571769463,1.8442634098879735
327,block0.W1,transformer_block,157.1674412934323,2.130528746880035
328,block0.W1,transformer_block,154.11603580498019,1.8692055782843668
329,block0.W1,transformer_block,157.5646068822061,2.0580876517397666
330,block0.W1,transformer_block,155.21893406307768,1.92013521317257
331,block0.W1,transformer_block,164.6293004895868,2.251119315130177
332,block0.W1,transformer_block,165.9337121651359,1.8117540177142675
333,block0.W1,transformer_block,140.11024124998391,1.9156550822106606
334,block0.W1,transformer_block,165.32583399538788,2.239722534969272
335,block0.W1,transformer_block,164.75000645668686,1.8489502022786364
336,block0.W1,transformer_block,156.4367064168136,1.8387997463794836
337,block0.W1,transformer_block,142.90043002704323,1.9243331213441164
338,block0.W1,transformer_block,159.33238328904127,1.996875165346734
339,block0.W1,transformer_block,149.6617841767109,1.8595110656752434
340,block0.W1,transformer_block,153.88883415521488,2.0861561648010403
341,block0.W1,transformer_block,170.03040213099152,2.035608964673153
342,block0.W1,transformer_block,152.97849498828012,1.9834671746541415
343,block0.W1,transformer_block,160.50371928432008,2.0057294192614865
344,block0.W1,transformer_block,144.94319984323974,1.7714935965130103
345,block0.W1,transformer_block,148.7722531659571,1.9862062489653023
346,block0.W1,transformer_block,142.4682270937247,1.8419481335897157
347,block0.W1,transformer_block,155.7635575649791,2.0189865519245895
348,block0.W1,transformer_block,161.80783870423747,2.1231400677474674
349,block0.W1,transformer_block,165.00821089749974,2.0537416148481507
350,block0.W1,transformer_block,155.07000417173515,1.9200211412177746
351,block0.W1,transformer_block,157.15612302318303,1.9817760507143876
352,block0.W1,transformer_block,152.89218142290935,1.8191573065284636
353,block0.W1,transformer_block,148.47912988822057,2.0212450546301586
354,block0.W1,transformer_block,159.46814773030036,1.9123234000310696
355,block0.W1,transformer_block,158.50198471114197,2.0017758523696405
356,block0.W1,transformer_block,161.99107584434174,1.866702628063656
357,block0.W1,transformer_block,157.1878106407979,1.9822939282496108
358,block0.W1,transformer_block,149.99385968730203,1.9267433696873675
359,block0.W1,transformer_block,150.85005159577395,2.00823951086437
360,block0.W1,transformer_block,151.99061684190704,1.909667879601193
361,block0.W1,transformer_block,153.93335277608932,1.9964830725156681
362,block0.W1,transformer_block,158.09260121951831,2.0508015526055
363,block0.W1,transformer_block,161.40641043452652,1.988898041360722
364,block0.W1,transformer_block,149.5581597881804,1.8512320797123387
365,block0.W1,transformer_block,148.95960997069255,2.102432160080153
366,block0.W1,transformer_block,142.99696517799427,1.7819450907010688
367,block0.W1,transformer_block,150.65765357082861,1.9961720558119727
368,block0.W1,transformer_block,143.58616715843422,1.8075784522500646
369,block0.W1,transformer_block,138.75900579677327,1.716589159638136
370,block0.W1,transformer_block,135.20252808309226,1.7896040397770263
371,block0.W1,transformer_block,142.7307636110933,1.9791745428525809
372,block0.W1,transformer_block,161.19959229679264,1.9102048898752706
373,block0.W1,transformer_block,163.0392464382838,2.0267713707179267
374,block0.W1,transformer_block,138.3831442960483,1.55849740948993
375,block0.W1,transformer_block,146.4750398747028,2.1851916260757998
376,block0.W1,transformer_block,151.47379057377606,1.7523783995033262
377,block0.W1,transformer_block,144.22662319109318,1.9812695334307058
378,block0.W1,transformer_block,165.40499257439845,2.1773527544315745
379,block0.W1,transformer_block,160.09506757365864,1.992917315832428
380,block0.W1,transformer_block,157.79367114818663,2.273166939377486
381,block0.W1,transformer_block,149.59572671144403,1.754603848762158
382,block0.W1,transformer_block,143.36653252778171,2.007161959796918
383,block0.W1,transformer_block,150.88853978514103,1.7973598595560998
384,block0.W1,transformer_block,145.55946918233437,1.7939003680138528
385,block0.W1,transformer_block,160.05582293546678,2.0835455661694082
386,block0.W1,transformer_block,151.88944627337017,1.9385972943336731
387,block0.W1,transformer_block,158.3371135822704,1.854059950555727
388,block0.W1,transformer_block,173.7875842084664,2.2673891013719043
389,block0.W1,transformer_block,161.2536986237677,1.8181792654662834
390,block0.W1,transformer_block,152.7948582773637,2.052900285674141
391,block0.W1,transformer_block,149.75548546839363,1.6579318841730104
392,block0.W1,transformer_block,131.76575590756076,1.6829778706891265
393,block0.W1,transformer_block,126.05897837368461,1.6727552128967338
394,block0.W1,transformer_block,136.93772056175052,2.1246171973532038
395,block0.W1,transformer_block,161.9390214543433,1.875370562304223
396,block0.W1,transformer_block,143.97326580876472,1.884645111135039
397,block0.W1,transformer_block,140.58057715278855,1.7638017908662553
398,block0.W1,transformer_block,142.16495625230638,1.9526870209268163
399,block0.W1,transformer_block,158.04491166862326,1.9949246849601503
400,block0.W1,transformer_block,152.6259603112486,2.0397784930870735
401,block0.W1,transformer_block,170.61391035403858,2.1999857146923985
402,block0.W1,transformer_block,149.05588142504732,1.642928363168694
403,block0.W1,transformer_block,145.16677058894058,1.8960547286724672
404,block0.W1,transformer_block,154.85604943301973,2.0073967762200278
405,block0.W1,transformer_block,150.62320120302593,1.9163318585968117
406,block0.W1,transformer_block,146.7767495325404,1.9211236088790558
407,block0.W1,transformer_block,171.7445003069884,2.1551997411099713
408,block0.W1,transformer_block,151.6081945572137,1.8890946709186023
409,block0.W1,transformer_block,149.4498502121265,1.8352341370308036
410,block0.W1,transformer_block,162.14175273654686,2.18264099007075
411,block0.W1,transformer_block,159.95428918265966,1.7896522571697138
412,block0.W1,transformer_block,146.66116750851486,1.999639228650004
413,block0.W1,transformer_block,170.5577762814851,2.0810259183158806
414,block0.W1,transformer_block,151.57715740334496,1.6566707133150067
415,block0.W1,transformer_block,140.48836198256345,2.019655918955741
416,block0.W1,transformer_block,164.27764493393462,1.9146888332590284
417,block0.W1,transformer_block,155.55488774629708,1.8237619059076322
418,block0.W1,transformer_block,149.2905983665768,1.9910346635851308
419,block0.W1,transformer_block,147.04867594781462,1.7677671667580317
420,block0.W1,transformer_block,146.81777750762006,2.047837729724427
421,block0.W1,transformer_block,154.1628762115561,1.8035453109941042
422,block0.W1,transformer_block,135.43070307338314,1.7857030042675643
423,block0.W1,transformer_block,135.8215006022582,1.7781703927733026
424,block0.W1,transformer_block,145.26076100085103,1.8953734283349446
425,block0.W1,transformer_block,140.9844813792496,1.8338511117576481
426,block0.W1,transformer_block,140.2721043234941,1.9210289856109366
427,block0.W1,transformer_block,159.9117033135716,2.0932022156419956
428,block0.W1,transformer_block,152.43982139083317,1.9611688266181042
429,block0.W1,transformer_block,140.02208721085083,1.6431718505758395
430,block0.W1,transformer_block,134.39058420480836,1.8185919460514228
431,block0.W1,transformer_block,144.75104075738497,1.970133747276169
432,block0.W1,transformer_block,162.6726960594689,2.0175614875665535
433,block0.W1,transformer_block,168.6667392870834,2.263857854385668
434,block0.W1,transformer_block,174.02378404902285,2.109900813904329
435,block0.W1,transformer_block,157.797438777349,1.84969752687996
436,block0.W1,transformer_block,139.67665105891865,1.7520774573025322
437,block0.W1,transformer_block,150.10475666632712,2.0664472554623456
438,block0.W1,transformer_block,156.29735171209416,1.8421552454525494
439,block0.W1,transformer_block,151.34125305444945,1.9606655862889841
440,block0.W1,transformer_block,146.60496928553422,1.8722266211093603
441,block0.W1,transformer_block,144.84192817251247,2.0481205748531837
442,block0.W1,transformer_block,171.21710492226075,2.136856174915481
443,block0.W1,transformer_block,157.55829619324285,1.913612702368337
444,block0.W1,transformer_block,150.57932544125103,1.8902293808941986
445,block0.W1,transformer_block,170.58779121206055,2.383259475501088
446,block0.W1,transformer_block,162.21297769596896,1.9226061499224496
447,block0.W1,transformer_block,155.5125283664349,1.914820128266268
448,block0.W1,transformer_block,148.05225461881022,1.888970913922087
449,block0.W1,transformer_block,158.15599964397026,1.9412300887220248
450,block0.W1,transformer_block,144.21798801645173,1.767197121357851
451,block0.W1,transformer_block,146.35126255097703,1.9050517208984097
452,block0.W1,transformer_block,151.74525246241785,2.0697434737189724
453,block0.W1,transformer_block,153.9164127532821,1.8325106577096784
454,block0.W1,transformer_block,158.05558326415286,2.1092315582093524
455,block0.W1,transformer_block,167.6409937290238,2.111465266873184
456,block0.W1,transformer_block,154.06836557773428,1.6510800732147037
457,block0.W1,transformer_block,143.8100028658524,2.125453624977838
458,block0.W1,transformer_block,155.69631999602737,1.8604821757601875
459,block0.W1,transformer_block,153.83760025977298,1.9223462696248732
460,block0.W1,transformer_block,133.00609124151154,1.842587735578463
461,block0.W1,transformer_block,153.74044924386558,2.1607813333636585
462,block0.W1,transformer_block,164.1281397469804,2.104046488159514
463,block0.W1,transformer_block,141.47539321061805,1.7898127350306379
464,block0.W1,transformer_block,147.50869512899874,1.7873731800566377
465,block0.W1,transformer_block,132.7346329176609,1.809255809765694
466,block0.W1,transformer_block,145.06402984956406,1.9079093851209405
467,block0.W1,transformer_block,163.0406317234171,2.0365789698877372
468,block0.W1,transformer_block,161.65190545711496,2.0935686881550684
469,block0.W1,transformer_block,156.22625912395105,1.8497801174907516
470,block0.W1,transformer_block,145.3997009301097,1.7854332058718394
471,block0.W1,transformer_block,150.50692611069815,1.9971155687706972
472,block0.W1,transformer_block,160.68204574720656,1.961498034673494
473,block0.W1,transformer_block,147.92237714942468,1.841279555933899
474,block0.W1,transformer_block,129.5368788664739,1.814667370611542
475,block0.W1,transformer_block,152.99266474587296,2.0633189738635997
476,block0.W1,transformer_block,148.80376526879903,1.8600555318752632
477,block0.W1,transformer_block,138.4835951719167,1.6905232804636117
478,block0.W1,transformer_block,127.27149049888371,1.7202932967773694
479,block0.W1,transformer_block,146.36825699798632,1.9455200054561788
480,block0.W1,transformer_block,138.72961431694333,1.7221334505411108
481,block0.W1,transformer_block,163.77090004400702,2.4005225588337855
482,block0.W1,transformer_block,170.44637747868612,1.958054834765714
483,block0.W1,transformer_block,152.4681325111864,1.835891176354628
484,block0.W1,transformer_block,139.7541703828668,1.7530446019425647
485,block0.W1,transformer_block,133.65745296572052,1.7657022425651048
486,block0.W1,transformer_block,145.21486417199336,1.9119679239940572
487,block0.W1,transformer_block,149.12092334639746,1.8968680175749144
488,block0.W1,transformer_block,147.1134630017312,1.8387635931384665
489,block0.W1,transformer_block,143.87602074144863,1.74612672397105
490,block0.W1,transformer_block,146.315213480489,1.9815541179482465
491,block0.W1,transformer_block,165.02027045288386,2.17048128015713
492,block0.W1,transformer_block,138.73568864170005,1.586237644295528
493,block0.W1,transformer_block,131.47927934129976,1.8130348253974713
494,block0.W1,transformer_block,137.53311946000198,1.9045736114859135
495,block0.W1,transformer_block,147.95321176911924,1.8657611418304223
496,block0.W1,transformer_block,139.87504643334069,1.9370893330006451
497,block0.W1,transformer_block,165.9044915456033,2.053064137834718
498,block0.W1,transformer_block,162.05685889361956,2.026770078878753
499,block0.W1,transformer_block,152.37517491058443,1.7427871669379003
500,block0.W1,transformer_block,134.1663553182807,1.7619356513181503
501,block0.W1,transformer_block,135.97640218648283,1.8606626032979272
502,block0.W1,transformer_block,160.56656600887408,2.1114012476190993
503,block0.W1,transformer_block,165.01402816172927,2.058875356242191
504,block0.W1,transformer_block,147.60304580562317,1.750425453911008
505,block0.W1,transformer_block,152.12821528979353,2.0543433293369366
506,block0.W1,transformer_block,152.14221922995134,1.7999738203872826
507,block0.W1,transformer_block,151.5611607122793,1.9079968903091389
508,block0.W1,transformer_block,159.85522592479123,2.057187664215197
509,block0.W1,transformer_block,148.7273920024494,1.8071225843365037
510,block0.W1,transformer_block,145.1297819889976,1.9965093697161722
511,block0.W1,transformer_block,149.14869331795774,1.7471635980582643
512,block0.W1,transformer_block,138.50150966123945,1.7955625585364392
513,block0.W1,transformer_block,151.2179413658653,1.9210892450072095
514,block0.W1,transformer_block,156.08255702189985,1.9274447920536901
515,block0.W1,transformer_block,150.91966860929156,1.9181971138486782
516,block0.W1,transformer_block,144.73422509574632,1.8074313883223363
517,block0.W1,transformer_block,148.18758615749883,1.8287253151675185
518,block0.W1,transformer_block,155.21309702982552,1.9740034912519495
519,block0.W1,transformer_block,143.66866531821577,1.9332088566443293
520,block0.W1,transformer_block,152.73696155684152,1.715412089883937
521,block0.W1,transformer_block,153.69791092881474,2.218963889669963
522,block0.W1,transformer_block,158.30592160185608,1.8303018482611941
523,block0.W1,transformer_block,133.3762452874023,1.7216040951154894
524,block0.W1,transformer_block,156.18945251573896,2.086023276143867
525,block0.W1,transformer_block,153.19752138945225,1.85494455560324
526,block0.W1,transformer_block,138.37889028711353,1.6738926191461507
527,block0.W1,transformer_block,139.20068133295433,1.8181233077598533
528,block0.W1,transformer_block,163.99157760343726,2.42136092270053
529,block0.W1,transformer_block,170.65815269604957,1.7604725101471659
530,block0.W1,transformer_block,141.29375018484774,1.8320816128673643
531,block0.W1,transformer_block,147.16205730041443,1.8743820215307039
532,block0.W1,transformer_block,151.81421445832223,1.851342581554245
533,block0.W1,transformer_block,148.00611451788353,2.0283411298821052
534,block0.W1,transformer_block,150.12651279521484,1.7868422956351169
535,block0.W1,transformer_block,146.76215781704875,1.8390940420176638
536,block0.W1,transformer_block,148.02834345078676,1.8738455129240328
537,block0.W1,transformer_block,150.015194352876,1.8488149755430279
538,block0.W1,transformer_block,138.70724676835542,1.9791107067175022
539,block0.W1,transformer_block,158.20893455799992,1.950936044402949
540,block0.W1,transformer_block,150.43383725851126,1.953038414332277
541,block0.W1,transformer_block,149.41582313755072,1.7620709490192439
542,block0.W1,transformer_block,148.45411470661844,1.965838945950261
543,block0.W1,transformer_block,160.03435436381437,1.9741101019059608
544,block0.W1,transformer_block,161.99329738126542,1.9845494902675234
545,block0.W1,transformer_block,156.19183224884614,1.9580273648684474
546,block0.W1,transformer_block,159.04406003826608,1.9233192661723417
547,block0.W1,transformer_block,151.13704828794948,1.8219397406917281
548,block0.W1,transformer_block,129.6650239681143,1.6511334707950431
549,block0.W1,transformer_block,130.0838099613784,1.6629005499471483
550,block0.W1,transformer_block,135.12881741558311,1.773858544464553
551,block0.W1,transformer_block,158.95633968144452,2.2622255083465315
552,block0.W1,transformer_block,158.00721253343895,1.860893781972492
553,block0.W1,transformer_block,147.55558036939476,1.8202844762974073
554,block0.W1,transformer_block,132.04146339999093,1.867858390729577
555,block0.W1,transformer_block,157.7019311021517,2.07990909097423
556,block0.W1,transformer_block,162.8048545788681,2.027164419833575
557,block0.W1,transformer_block,169.52343029002756,1.943396615898989
558,block0.W1,transformer_block,145.83936495233897,1.6910286805742236
559,block0.W1,transformer_block,133.9577995945109,1.6989315663263125
560,block0.W1,transformer_block,155.9875125190397,2.069387954323071
561,block0.W1,transformer_block,168.71745190404914,2.012206612637597
562,block0.W1,transformer_block,153.79279970244775,1.9326605260355814
563,block0.W1,transformer_block,146.87628725872787,1.7996610377945474
564,block0.W1,transformer_block,142.40371473612333,1.9155574080631559
565,block0.W1,transformer_block,157.60053834571613,2.015865123152712
566,block0.W1,transformer_block,153.2907351575067,1.9418418854218165
567,block0.W1,transformer_block,153.21418086521444,1.8516743358065848
568,block0.W1,transformer_block,144.43061969925793,1.8080567606971707
569,block0.W1,transformer_block,153.48382384992,1.9226643733171083
570,block0.W1,transformer_block,151.49059815798955,1.9888885476802771
571,block0.W1,transformer_block,155.25196703651739,1.8715250445704206
572,block0.W1,transformer_block,159.81396701231412,2.1087156349082754
573,block0.W1,transformer_block,146.81458781912156,1.8016988787474748
574,block0.W1,transformer_block,155.89404202890094,1.8707888651712468
575,block0.W1,transformer_block,137.24682625695462,1.8401818417357179
576,block0.W1,transformer_block,142.9185476689247,1.9585335816106937
577,block0.W1,transformer_block,147.8249279104428,1.798225130812504
578,block0.W1,transformer_block,139.83615577868323,1.7920292006121061
579,block0.W1,transformer_block,159.48892091561794,2.093727969832681
580,block0.W1,transformer_block,164.127931813054,2.1070059401176233
581,block0.W1,transformer_block,154.51216077727997,1.8530492670824685
582,block0.W1,transformer_block,142.0634582911613,1.9023856380314648
583,block0.W1,transformer_block,150.55965912915764,1.777764188177271
584,block0.W1,transformer_block,149.0734586973868,1.9615518501545828
585,block0.W1,transformer_block,140.6038760250643,1.7134476881223595
586,block0.W1,transformer_block,151.2921325721459,2.0231189292750367
587,block0.W1,transformer_block,159.19027731656683,1.9131188635447138
588,block0.W1,transformer_block,152.66717268098503,1.8536894039086247
589,block0.W1,transformer_block,127.89614178858706,1.6020658716940948
590,block0.W1,transformer_block,153.94440600489088,2.3394486580638016
591,block0.W1,transformer_block,152.64076088775417,1.973135717902537
592,block0.W1,transformer_block,152.47706842913848,1.7465968411190582
593,block0.W1,transformer_block,143.14881985278154,1.8196414467755757
594,block0.W1,transformer_block,141.72221496027157,1.850636025143741
595,block0.W1,transformer_block,148.698599714488,1.8978952560761404
596,block0.W1,transformer_block,154.70925664031228,1.8757056909901482
597,block0.W1,transformer_block,140.96785629467342,1.8190238481928853
598,block0.W1,transformer_block,146.74403436003095,2.1005540488022514
599,block0.W1,transformer_block,155.4163277772466,1.7526672317643752
600,block0.W1,transformer_block,145.82074785579508,1.85549732261984
601,block0.W1,transformer_block,133.58617486331354,1.795830703014761
602,block0.W1,transformer_block,135.39911997777125,1.5765833903830722
603,block0.W1,transformer_block,131.5721657179399,1.9267357729413521
604,block0.W1,transformer_block,146.40851134470793,1.637353176468285
605,block0.W1,transformer_block,151.56904638480458,2.065334953906574
606,block0.W1,transformer_block,151.12997122154778,1.786218481122352
607,block0.W1,transformer_block,140.7565678157651,1.8836918650971093
608,block0.W1,transformer_block,140.12740367519206,1.823868994559449
609,block0.W1,transformer_block,149.17944194663548,2.03614229437125
610,block0.W1,transformer_block,150.60529920995887,1.8091017691875562
611,block0.W1,transformer_block,139.03512707866213,1.7670724501487913
612,block0.W1,transformer_block,123.41624355268613,1.5728207120022186
613,block0.W1,transformer_block,152.51587701228985,2.1704693139766658
614,block0.W1,transformer_block,159.92022803008194,2.020325001419098
615,block0.W1,transformer_block,162.16783954426162,1.894797092431939
616,block0.W1,transformer_block,149.68556168611795,1.9872060646151672
617,block0.W1,transformer_block,134.1123257140342,1.5334437405426398
618,block0.W1,transformer_block,136.673286715107,1.9136863357785205
619,block0.W1,transformer_block,153.16006668437979,2.0150870906667415
620,block0.W1,transformer_block,140.11211968947842,1.5859502138235957
621,block0.W1,transformer_block,135.45131520739517,1.7958255075629843
622,block0.W1,transformer_block,160.55491120132913,2.157825427633102
623,block0.W1,transformer_block,149.68068198710668,1.637291030522484
624,block0.W1,transformer_block,141.65191193050796,2.0168339068879977
625,block0.W1,transformer_block,151.52859410689445,1.989509964598863
626,block0.W1,transformer_block,148.3261588312126,1.867308338491775
627,block0.W1,transformer_block,141.2636677353794,1.8092825711226947
628,block0.W1,transformer_block,152.99220201233675,2.022965851004469
629,block0.W1,transformer_block,142.1709442505521,1.6897380535219184
630,block0.W1,transformer_block,134.7848954521237,1.6964087219819646
631,block0.W1,transformer_block,118.75047375832956,1.401219018879416
632,block0.W1,transformer_block,117.12499008570332,1.6906050804848105
633,block0.W1,transformer_block,132.01652740457186,1.6966827548278052
634,block0.W1,transformer_block,131.88758237376064,1.9838036268875197
635,block0.W1,transformer_block,151.4391199286008,1.7896269181289288
636,block0.W1,transformer_block,149.34725193448617,1.8378538726899367
637,block0.W1,transformer_block,157.1899344805274,1.9968140267904737
638,block0.W1,transformer_block,149.53702488050573,1.757412214615375
639,block0.W1,transformer_block,153.80265043815714,2.0681915268002475
640,block0.W1,transformer_block,160.65541206424686,2.083284323406946
641,block0.W1,transformer_block,158.85300683519736,1.9935053212663716
642,block0.W1,transformer_block,146.43517676386517,1.8169394228474438
643,block0.W1,transformer_block,150.97071203636298,1.9323671196757621
644,block0.W1,transformer_block,156.49849587567434,2.0092642823882185
645,block0.W1,transformer_block,153.16662773050842,1.8618451278221873
646,block0.W1,transformer_block,147.44383955239405,1.9106305933742171
647,block0.W1,transformer_block,143.53153668194417,1.7646408988864764
648,block0.W1,transformer_block,134.51851275002025,1.7269697024085018
649,block0.W1,transformer_block,160.0499832554604,2.2827998641648586
650,block0.W1,transformer_block,160.75093398718022,1.839058148350445
651,block0.W1,transformer_block,131.8233395661218,1.5946614707224231
652,block0.W1,transformer_block,128.27955057978858,1.7466238113831098
653,block0.W1,transformer_block,138.0201639447305,1.8473961807662822
654,block0.W1,transformer_block,154.80109045240127,2.092253233017018
655,block0.W1,transformer_block,154.4979449156543,1.7719768445207174
656,block0.W1,transformer_block,132.97651146737277,1.6755650167282259
657,block0.W1,transformer_block,135.66742527416517,1.7871024930593904
658,block0.W1,transformer_block,147.92146805065966,1.9331841282586837
659,block0.W1,transformer_block,147.69559318644716,1.8638577801021847
660,block0.W1,transformer_block,151.68730466619695,1.8052102972900261
661,block0.W1,transformer_block,169.10212978896882,2.192479150180528
662,block0.W1,transformer_block,161.81780083525078,2.119036452425378
663,block0.W1,transformer_block,170.6667930421009,1.944904184558179
664,block0.W1,transformer_block,151.14148520291118,2.039161132963321
665,block0.W1,transformer_block,152.9583486956218,1.873402725573455
666,block0.W1,transformer_block,151.49046204852226,1.9977664624592744
667,block0.W1,transformer_block,155.2324416978275,1.8797050597710254
668,block0.W1,transformer_block,145.49820731542107,1.932767636721604
669,block0.W1,transformer_block,139.12899818505994,1.6272768968152755
670,block0.W1,transformer_block,145.89800904980206,1.8855448633672183
671,block0.W1,transformer_block,139.16261870777015,2.0577013377389015
672,block0.W1,transformer_block,157.4508380659064,1.9621428104781788
673,block0.W1,transformer_block,149.6001827429734,1.855075556665614
674,block0.W1,transformer_block,149.18269115444954,1.9936146720764794
675,block0.W1,transformer_block,146.80646644561165,1.7490476555316274
676,block0.W1,transformer_block,144.91673734448577,1.8953319179313914
677,block0.W1,transformer_block,166.6623926120795,2.120506602411768
678,block0.W1,transformer_block,164.792984100357,1.888484657471229
679,block0.W1,transformer_block,154.42771154682114,1.8449484166893826
680,block0.W1,transformer_block,147.45232231918558,1.7623566227446046
681,block0.W1,transformer_block,138.98012149290415,1.7948878442487428
682,block0.W1,transformer_block,135.41583250439737,1.8249797482113266
683,block0.W1,transformer_block,132.90097014997747,1.6871562613125621
684,block0.W1,transformer_block,151.6086545930375,2.0638585469069515
685,block0.W1,transformer_block,154.98554176092063,1.7754850673822216
686,block0.W1,transformer_block,156.35085926104026,1.9856417469699594
687,block0.W1,transformer_block,152.6084794573938,1.7104331896425398
688,block0.W1,transformer_block,144.25987362669716,1.814791635936069
689,block0.W1,transformer_block,144.06479349634978,1.776449980240778
690,block0.W1,transformer_block,155.93162911525317,2.0686875992773315
691,block0.W1,transformer_block,156.979405623045,1.8751990417489546
692,block0.W1,transformer_block,154.75923392318512,2.0258662069116204
693,block0.W1,transformer_block,150.70871865827368,1.795089636804378
694,block0.W1,transformer_block,141.674526346565,1.9118859212893233
695,block0.W1,transformer_block,154.29705060217535,1.7335876992996182
696,block0.W1,transformer_block,144.44473116721892,1.955887143962681
697,block0.W1,transformer_block,150.6958283595457,1.807369386524477
698,block0.W1,transformer_block,141.0337838540152,1.8414481446477469
0,block0.W2,transformer_block,6.028399138805974,0.08769210731221423
1,block0.W2,transformer_block,6.9834210161527075,0.13252550547476855
2,block0.W2,transformer_block,8.585015113246982,0.07803634899070096
3,block0.W2,transformer_block,7.652277280470102,0.14256835481846852
4,block0.W2,transformer_block,10.302057464684278,0.14940541405933913
5,block0.W2,transformer_block,11.416346530813009,0.13257389684331303
6,block0.W2,transformer_block,10.551462856978096,0.19825150157191654
7,block0.W2,transformer_block,15.010526659517222,0.1675698787804
8,block0.W2,transformer_block,16.55930184345666,0.3407846358989051
9,block0.W2,transformer_block,20.522504806507943,0.19136417548453008
10,block0.W2,transformer_block,18.361629297512945,0.26732054712964853
11,block0.W2,transformer_block,22.390568273127666,0.2960369511337576
12,block0.W2,transformer_block,23.327017905276843,0.2607941034999358
13,block0.W2,transformer_block,24.267319832825073,0.3170256477359365
14,block0.W2,transformer_block,19.469891798418793,0.28495342692030184
15,block0.W2,transformer_block,26.358914645502345,0.4582550841866766
16,block0.W2,transformer_block,40.30471132567489,0.5740864274319887
17,block0.W2,transformer_block,49.439947087839286,0.6532997618516568
18,block0.W2,transformer_block,44.0169393460492,0.5453581016262765
19,block0.W2,transformer_block,46.099254623837815,0.6732070690350895
20,block0.W2,transformer_block,55.30039997012686,0.7112401559352657
21,block0.W2,transformer_block,60.351969208938485,0.8422092560255432
22,block0.W2,transformer_block,67.41794734879417,0.8716721462104691
23,block0.W2,transformer_block,70.65574894875414,0.9243962151566648
24,block0.W2,transformer_block,69.48780539930061,0.9952393642501958
25,block0.W2,transformer_block,90.17965429556334,1.2334933115663975
26,block0.W2,transformer_block,107.38370327511382,1.2958122372228134
27,block0.W2,transformer_block,111.06064324906443,1.3604308131398692
28,block0.W2,transformer_block,104.41007586525811,1.2062010964851864
29,block0.W2,transformer_block,94.91875378055082,1.1233167998530866
30,block0.W2,transformer_block,89.96406849120538,1.2664475526288739
31,block0.W2,transformer_block,106.23372587490736,1.3024377588936398
32,block0.W2,transformer_block,136.02969897686813,1.8906299284521653
33,block0.W2,transformer_block,156.13906495810502,1.6375869246980463
34,block0.W2,transformer_block,138.06008097528488,1.5618275207035395
35,block0.W2,transformer_block,121.90662649629505,1.3259612581193811
36,block0.W2,transformer_block,120.47283993129446,1.4362939594405215
37,block0.W2,transformer_block,123.4608718997739,1.3737128086259207
38,block0.W2,transformer_block,121.79546178616255,1.5191673982456624
39,block0.W2,transformer_block,110.25078499601534,1.08132467208004
40,block0.W2,transformer_block,116.37753492079214,1.6342711638608085
41,block0.W2,transformer_block,138.4683174357311,1.5293955753550934
42,block0.W2,transformer_block,112.70162656680984,1.1211509847596404
43,block0.W2,transformer_block,112.4868599017897,1.5693090991149017
44,block0.W2,transformer_block,162.5487444149121,2.088487624459698
45,block0.W2,transformer_block,152.59276818315155,1.3895316093093972
46,block0.W2,transformer_block,113.96436075902716,1.399064911261093
47,block0.W2,transformer_block,124.1981894561215,1.5232498593412938
48,block0.W2,transformer_block,132.5028877242875,1.5460039039559543
49,block0.W2,transformer_block,126.24592056843017,1.3697686910345315
50,block0.W2,transformer_block,116.7980480506852,1.3657960982697481
51,block0.W2,transformer_block,127.11704342960499,1.563689901606496
52,block0.W2,transformer_block,107.72773091685826,1.134220890187694
53,block0.W2,transformer_block,93.4782806549272,1.1448019522543837
54,block0.W2,transformer_block,104.45115178296163,1.361950548486721
55,block0.W2,transformer_block,124.92574204235511,1.5796409310619772
56,block0.W2,transformer_block,132.1035372868125,1.5117296363293091
57,block0.W2,transformer_block,122.95522625089876,1.3399623136342953
58,block0.W2,transformer_block,119.55040119523566,1.4267680044040172
59,block0.W2,transformer_block,98.86444608788635,1.096794499905495
60,block0.W2,transformer_block,109.73702712117884,1.567923224075229
61,block0.W2,transformer_block,119.00320179628551,1.2569418854121446
62,block0.W2,transformer_block,102.497219549282,1.266839937245332
63,block0.W2,transformer_block,103.38018712472291,1.2606854511140209
64,block0.W2,transformer_block,112.19931936430285,1.327668449924304
65,block0.W2,transformer_block,112.67300783227547,1.2960355490220778
66,block0.W2,transformer_block,117.87212191117466,1.4420126341764494
67,block0.W2,transformer_block,132.89454612003647,1.683970774375525
68,block0.W2,transformer_block,121.6460117293349,1.1825343827537953
69,block0.W2,transformer_block,100.7039555002872,1.3312226651975463
70,block0.W2,transformer_block,127.3944144346481,1.635919155027766
71,block0.W2,transformer_block,112.553770034132,1.1248503047286602
72,block0.W2,transformer_block,92.49289709061934,1.1862506622036793
73,block0.W2,transformer_block,87.44316113143194,1.0616808004078113
74,block0.W2,transformer_block,92.87597209983663,1.1643824127495637
75,block0.W2,transformer_block,94.35468600739692,1.1216158621072632
76,block0.W2,transformer_block,91.18605117441582,1.140388479924038
77,block0.W2,transformer_block,88.70514230482284,1.1287141659253623
78,block0.W2,transformer_block,81.38014577728516,0.9958368377402989
79,block0.W2,transformer_block,81.40359192826558,1.0808002502948995
80,block0.W2,transformer_block,85.6286119795547,1.2912453972581104
81,block0.W2,transformer_block,97.48352555238655,1.087106457904484
82,block0.W2,transformer_block,87.65509746231317,1.1953490526458777
83,block0.W2,transformer_block,101.80796261637555,1.2692046704557036
84,block0.W2,transformer_block,97.83608685174073,1.1443887546476126
85,block0.W2,transformer_block,89.47829602106272,1.1286888459082105
86,block0.W2,transformer_block,115.64479670238016,1.5600479874252724
87,block0.W2,transformer_block,113.34155737383031,1.2288648323328435
88,block0.W2,transformer_block,100.79315877489645,1.2102851690179413
89,block0.W2,transformer_block,100.97978822716918,1.2378676958943373
90,block0.W2,transformer_block,102.26027258484471,1.2496931017565815
91,block0.W2,transformer_block,89.04635965615311,1.0780440673103322
92,block0.W2,transformer_block,108.32543449582118,1.5102846185789973
93,block0.W2,transformer_block,115.7595924060433,1.3298227683619055
94,block0.W2,transformer_block,100.13344898054345,1.1755699565404598
95,block0.W2,transformer_block,87.8651585653756,1.0688129601974123
96,block0.W2,transformer_block,87.11320423155973,1.1838558603090608
97,block0.W2,transformer_block,87.89399194334052,1.204598583681312
98,block0.W2,transformer_block,107.86450415485903,1.440783200861381
99,block0.W2,transformer_block,95.15654146532407,1.0837593454082115
100,block0.W2,transformer_block,88.9525214339628,1.124311350710614
101,block0.W2,transformer_block,82.54639602796584,0.9472727782745393
102,block0.W2,transformer_block,74.18714666802708,1.0650766664240763
103,block0.W2,transformer_block,83.33654373216295,1.0821292404529983
104,block0.W2,transformer_block,88.99846395569644,1.100802482216842
105,block0.W2,transformer_block,90.46087506117581,1.1137344522195562
106,block0.W2,transformer_block,88.05321333672003,1.1167923204979342
107,block0.W2,transformer_block,87.23604609029653,1.089695717614993
108,block0.W2,transformer_block,96.13808309702249,1.2431995568853456
109,block0.W2,transformer_block,91.6223896316826,1.2234023875869258
110,block0.W2,transformer_block,101.2716875357588,1.2006232444882277
111,block0.W2,transformer_block,101.70104609038184,1.303215773333772
112,block0.W2,transformer_block,97.12815183478746,1.1028210398995584
113,block0.W2,transformer_block,82.23073051379797,1.1193550920583986
114,block0.W2,transformer_block,92.76565844396812,1.1215834816479253
115,block0.W2,transformer_block,96.94936872829034,1.2096178722648334
116,block0.W2,transformer_block,91.93189823163223,1.1902969013618714
117,block0.W2,transformer_block,85.21646757586831,0.9742355140376279
118,block0.W2,transformer_block,84.82466143743194,1.2156460606338113
119,block0.W2,transformer_block,111.68525486872439,1.4242814939608768
120,block0.W2,transformer_block,111.5351469935427,1.1921600151701388
121,block0.W2,transformer_block,94.29567618006705,1.1681022199908684
122,block0.W2,transformer_block,93.37294063170258,1.1271538075934795
123,block0.W2,transformer_block,92.1300773700501,1.1654477347345418
124,block0.W2,transformer_block,87.4892104977903,0.9727327972787418
125,block0.W2,transformer_block,83.27082381567712,1.1021255981037403
126,block0.W2,transformer_block,88.99462209574335,1.0895533993597277
127,block0.W2,transformer_block,88.93154701202612,1.066810203775068
128,block0.W2,transformer_block,85.55861986397403,1.1388981851632125
129,block0.W2,transformer_block,95.19305547148026,1.1954862347077742
130,block0.W2,transformer_block,86.2950440994588,0.9756874395228351
131,block0.W2,transformer_block,83.55802188209839,1.0607285508358875
132,block0.W2,transformer_block,94.47589429973878,1.231114176449089
133,block0.W2,transformer_block,98.12724898840412,1.2262020475874087
134,block0.W2,transformer_block,96.55978842188186,1.1707725928012591
135,block0.W2,transformer_block,78.55696516997963,0.892868445965911
136,block0.W2,transformer_block,86.31359070598252,1.2077827341987595
137,block0.W2,transformer_block,94.34687385519318,1.1740956111804717
138,block0.W2,transformer_block,94.49575680720449,1.14722425573636
139,block0.W2,transformer_block,85.68282698078319,1.1102974378011659
140,block0.W2,transformer_block,93.1150315089246,1.2125634089300215
141,block0.W2,transformer_block,95.84694545724712,1.0804546841392786
142,block0.W2,transformer_block,85.51886431450913,1.0331057453823855
143,block0.W2,transformer_block,87.65204065888321,1.1749210612922285
144,block0.W2,transformer_block,92.29295223996337,1.2336925303735227
145,block0.W2,transformer_block,93.1872702988039,1.0819881778799596
146,block0.W2,transformer_block,76.97566010671316,0.958250313581659
147,block0.W2,transformer_block,79.4950680478086,1.0341930207494212
148,block0.W2,transformer_block,85.22383296723962,1.1390038508577462
149,block0.W2,transformer_block,85.61147025333894,1.0810179662278605
150,block0.W2,transformer_block,99.8174720990229,1.352692309033937
151,block0.W2,transformer_block,103.68976078715434,1.1707849223332896
152,block0.W2,transformer_block,86.32265517257619,0.9822841882085351
153,block0.W2,transformer_block,75.60927913901139,0.9947133192395166
154,block0.W2,transformer_block,84.48586379653004,1.1070993851412148
155,block0.W2,transformer_block,89.59758227326553,1.1785699265321294
156,block0.W2,transformer_block,101.32087589885332,1.2001934632366411
157,block0.W2,transformer_block,97.62155854815265,1.166779246832123
158,block0.W2,transformer_block,89.86893714683798,1.0529885220785618
159,block0.W2,transformer_block,83.09700679183607,1.0668974122404637
160,block0.W2,transformer_block,90.01519809681264,1.1933477952032576
161,block0.W2,transformer_block,91.72872488893988,1.0384878478707558
162,block0.W2,transformer_block,90.9248698621832,1.1454321185686989
163,block0.W2,transformer_block,98.85612596663017,1.2289917415469809
164,block0.W2,transformer_block,96.47297124192055,1.2058390680740882
165,block0.W2,transformer_block,98.92972889226697,1.1763564556770982
166,block0.W2,transformer_block,99.81092488397262,1.1222296081283745
167,block0.W2,transformer_block,94.21871734919847,1.1668272217337612
168,block0.W2,transformer_block,87.90309257521535,1.1817196929086253
169,block0.W2,transformer_block,97.30367446334884,1.160913363647479
170,block0.W2,transformer_block,91.23030508050853,1.1115960570497885
171,block0.W2,transformer_block,94.06511521507974,1.1794789593580348
172,block0.W2,transformer_block,84.82639955340974,0.9616934056943145
173,block0.W2,transformer_block,88.92209819985986,1.2096616890271468
174,block0.W2,transformer_block,81.89186182719315,0.898655178881273
175,block0.W2,transformer_block,92.58979639402979,1.2569491976218732
176,block0.W2,transformer_block,92.51137434510125,0.9788843600338115
177,block0.W2,transformer_block,94.71809053486706,1.4014235234869554
178,block0.W2,transformer_block,98.75346023261314,1.1419203702267338
179,block0.W2,transformer_block,93.45796288617085,1.1277076806815378
180,block0.W2,transformer_block,100.30405213774158,1.2546268484519372
181,block0.W2,transformer_block,92.2864955720118,1.0148976610815332
182,block0.W2,transformer_block,88.45825999900501,1.110762766521319
183,block0.W2,transformer_block,96.23977117227415,1.1933667737810654
184,block0.W2,transformer_block,93.43083193869806,1.1020932220874802
185,block0.W2,transformer_block,82.73296809197092,0.985743504289858
186,block0.W2,transformer_block,81.33263964692266,1.0986751832429986
187,block0.W2,transformer_block,86.02351703144075,1.005600161036288
188,block0.W2,transformer_block,81.55075784655291,1.0529460044109018
189,block0.W2,transformer_block,94.69155531198855,1.303824818750522
190,block0.W2,transformer_block,94.96367875467195,1.13017759121194
191,block0.W2,transformer_block,97.68798987234048,1.230674636018279
192,block0.W2,transformer_block,97.38539364763211,1.14973316060384
193,block0.W2,transformer_block,86.20793190037074,1.0017452238306925
194,block0.W2,transformer_block,85.46176229255731,1.1712623651529193
195,block0.W2,transformer_block,100.31691926782473,1.2500548890902383
196,block0.W2,transformer_block,94.5838862573649,1.0773906250813243
197,block0.W2,transformer_block,80.9208276245404,1.0370834563325229
198,block0.W2,transformer_block,79.85956457404481,0.9725848970835378
199,block0.W2,transformer_block,80.64029535476742,1.084801683735769
200,block0.W2,transformer_block,76.2263811215057,0.9623687694834734
201,block0.W2,transformer_block,80.2640618056998,0.9966921910195006
202,block0.W2,transformer_block,86.04621746347225,1.1069844428142441
203,block0.W2,transformer_block,85.77331964589008,1.1249923536522173
204,block0.W2,transformer_block,93.03872354598202,1.305959103449601
205,block0.W2,transformer_block,98.68136815397878,1.1177821578252334
206,block0.W2,transformer_block,79.09118667900347,1.0112649389679635
207,block0.W2,transformer_block,81.72501293146836,0.9845546414797526
208,block0.W2,transformer_block,85.39442172553352,1.1560697971872769
209,block0.W2,transformer_block,84.10732870552864,1.0507799901408668
210,block0.W2,transformer_block,86.30072228665765,1.094649256687747
211,block0.W2,transformer_block,80.19966593579777,1.027083739484094
212,block0.W2,transformer_block,88.56868578563677,1.1022102187150815
213,block0.W2,transformer_block,81.1554723284209,1.0494873733694083
214,block0.W2,transformer_block,80.9537815694112,1.147955026859173
215,block0.W2,transformer_block,79.49665515264135,1.0305615736083031
216,block0.W2,transformer_block,84.98798763616195,1.1529221837027523
217,block0.W2,transformer_block,82.37361385067082,1.0740077480151837
218,block0.W2,transformer_block,79.40040434038386,1.0952345170829878
219,block0.W2,transformer_block,89.6562169551328,1.1857811661766264
220,block0.W2,transformer_block,85.8978368828411,0.9113609348613165
221,block0.W2,transformer_block,90.36646833712277,1.3144233427139518
222,block0.W2,transformer_block,93.23334189435217,1.0638950386732764
223,block0.W2,transformer_block,85.84403993039898,1.0922687240225901
224,block0.W2,transformer_block,84.93483715185603,1.0346237500289368
225,block0.W2,transformer_block,81.72127889270992,0.9991167593941905
226,block0.W2,transformer_block,100.2637447795985,1.3401020192517428
227,block0.W2,transformer_block,97.60054657337098,1.1444519119517962
228,block0.W2,transformer_block,84.08962898247468,0.9895406571317407
229,block0.W2,transformer_block,77.45314104160578,1.054169864638402
230,block0.W2,transformer_block,74.63093908930601,0.9884334549279005
231,block0.W2,transformer_block,87.32961824150652,1.0919056117173427
232,block0.W2,transformer_block,84.42158828654524,1.0760180209086116
233,block0.W2,transformer_block,87.40428010572163,1.0746285843585397
234,block0.W2,transformer_block,87.89661498737428,1.1937629055200882
235,block0.W2,transformer_block,101.96861393337177,1.1532994381114525
236,block0.W2,transformer_block,94.37967643420569,1.1924226941837608
237,block0.W2,transformer_block,87.25659298907406,0.98071924000466
238,block0.W2,transformer_block,88.30854102194358,1.134678631104936
239,block0.W2,transformer_block,92.0936343671249,1.2145319030351382
240,block0.W2,transformer_block,88.50526665861041,0.9678219109184378
241,block0.W2,transformer_block,91.54871094005149,1.2924550439397275
242,block0.W2,transformer_block,108.00185269405851,1.2888658305462712
243,block0.W2,transformer_block,99.43275076164265,1.3576860205429653
244,block0.W2,transformer_block,101.72560550159497,1.0660736913312112
245,block0.W2,transformer_block,81.52838122136257,1.0758801457199545
246,block0.W2,transformer_block,80.77759715297803,0.9370526566224513
247,block0.W2,transformer_block,80.24501031218382,1.0296156714427513
248,block0.W2,transformer_block,77.40650384136099,0.9963876625648278
249,block0.W2,transformer_block,78.78038387319206,0.9798405821865026
250,block0.W2,transformer_block,78.76949756913221,1.0292534200218117
251,block0.W2,transformer_block,79.57622504659676,0.9249849602406968
252,block0.W2,transformer_block,68.40840002089415,0.9003566541234597
253,block0.W2,transformer_block,81.54353081427092,1.0446067838333897
254,block0.W2,transformer_block,80.23595598142005,0.9924438990608834
255,block0.W2,transformer_block,84.22415457040407,1.085002481300027
256,block0.W2,transformer_block,81.49169209123066,0.9763677344829429
257,block0.W2,transformer_block,79.63530718442114,1.0481458176645615
258,block0.W2,transformer_block,85.09888468974965,1.1397220903469352
259,block0.W2,transformer_block,87.36295928164863,1.062109962926152
260,block0.W2,transformer_block,89.96679271806505,1.1400618799620816
261,block0.W2,transformer_block,76.02252470181669,0.9174567051791409
262,block0.W2,transformer_block,84.4889482624441,1.1068279134768952
263,block0.W2,transformer_block,82.3484462938203,1.0445569977924638
264,block0.W2,transformer_block,84.67934810084171,1.0185296964830874
265,block0.W2,transformer_block,83.54095537291737,1.0498011549745896
266,block0.W2,transformer_block,81.00622314297321,1.0457639059365305
267,block0.W2,transformer_block,83.66511815301821,1.0460395808747902
268,block0.W2,transformer_block,84.76147618708718,1.1417545564553269
269,block0.W2,transformer_block,79.89718873777238,0.976346254089822
270,block0.W2,transformer_block,79.107004305692,1.0346156335742525
271,block0.W2,transformer_block,99.89732290196923,1.3504256190249295
272,block0.W2,transformer_block,96.73553217510852,1.0742397284995375
273,block0.W2,transformer_block,78.22032900490163,0.9512395441161595
274,block0.W2,transformer_block,93.97686291259781,1.2285834745937616
275,block0.W2,transformer_block,84.44071951166639,1.0364209562069215
276,block0.W2,transformer_block,76.98552075793805,0.9331139332909604
277,block0.W2,transformer_block,89.85500377922773,1.1839779525869285
278,block0.W2,transformer_block,84.89889800283485,1.0326095210608848
279,block0.W2,transformer_block,79.8153292297061,1.0434065483010648
280,block0.W2,transformer_block,80.80732002730552,1.05998255620658
281,block0.W2,transformer_block,88.23552330582739,1.0607603040617604
282,block0.W2,transformer_block,80.76117401728933,0.9960306080676722
283,block0.W2,transformer_block,76.948752969654,0.9576406510752035
284,block0.W2,transformer_block,76.81854667509609,1.0515645619657794
285,block0.W2,transformer_block,93.29710178188637,1.1381382096141304
286,block0.W2,transformer_block,88.59297993462363,1.0804493068454966
287,block0.W2,transformer_block,83.28808038335414,1.0326598387494048
288,block0.W2,transformer_block,84.33934627364434,1.1067290032606922
289,block0.W2,transformer_block,90.91699224983618,1.166332706270737
290,block0.W2,transformer_block,91.56169710926417,1.1543279842045893
291,block0.W2,transformer_block,90.76128808714981,1.0167444416675155
292,block0.W2,transformer_block,85.49226251898699,1.0702390566350768
293,block0.W2,transformer_block,78.40200710991355,0.9929126948232019
294,block0.W2,transformer_block,78.9409115235136,0.9934164650247381
295,block0.W2,transformer_block,88.18464848724552,1.1401725612310503
296,block0.W2,transformer_block,74.2072825251327,0.9041770785971466
297,block0.W2,transformer_block,76.10295970406874,0.9543015464185898
298,block0.W2,transformer_block,75.53316923951347,0.9536414547175825
299,block0.W2,transformer_block,81.84061125032179,1.141732931739724
300,block0.W2,transformer_block,75.28739698521238,0.8779566227068841
301,block0.W2,transformer_block,75.25862240471541,0.9361435929707573
302,block0.W2,transformer_block,79.79156109072893,1.1754055080880303
303,block0.W2,transformer_block,92.84170039696765,1.115606182141995
304,block0.W2,transformer_block,87.83314391444351,1.036384351390956
305,block0.W2,transformer_block,80.03507869521756,1.0214238220429575
306,block0.W2,transformer_block,85.96385396794845,1.2081634768124976
307,block0.W2,transformer_block,83.67579548216474,0.8996208498151672
308,block0.W2,transformer_block,75.52119322017019,0.945333482989702
309,block0.W2,transformer_block,81.15179704723612,1.1353465522251627
310,block0.W2,transformer_block,75.33653742096749,0.9415992175714012
311,block0.W2,transformer_block,81.10960352174084,1.0792760292763897
312,block0.W2,transformer_block,89.15678832977386,1.118046331840539
313,block0.W2,transformer_block,79.53688725882003,1.0003126606455521
314,block0.W2,transformer_block,93.15539652756541,1.20986937734301
315,block0.W2,transformer_block,98.80344763983636,1.1902691990359262
316,block0.W2,transformer_block,88.25915133964811,1.054270007632183
317,block0.W2,transformer_block,83.1339252708543,1.0927676237764536
318,block0.W2,transformer_block,85.15478326935038,1.0917013960976867
319,block0.W2,transformer_block,92.6641864570378,1.2226744282476354
320,block0.W2,transformer_block,87.10809795483766,0.9649516302961495
321,block0.W2,transformer_block,80.7698740224558,1.051895326391571
322,block0.W2,transformer_block,89.2389399149396,1.0887793243554365
323,block0.W2,transformer_block,89.41766166379915,1.1487982059363784
324,block0.W2,transformer_block,95.53437727613009,1.2749305682917045
325,block0.W2,transformer_block,104.38973108041229,1.2633655404233604
326,block0.W2,transformer_block,89.85905929341476,0.9756037270582012
327,block0.W2,transformer_block,82.05164455124132,1.1240442382049511
328,block0.W2,transformer_block,83.69392578807734,0.972792179908823
329,block0.W2,transformer_block,84.15446782327858,1.1500420882076052
330,block0.W2,transformer_block,82.06616544173303,1.0124834373223361
331,block0.W2,transformer_block,94.77030864709471,1.330987302232181
332,block0.W2,transformer_block,96.75896036910314,1.0010105098298416
333,block0.W2,transformer_block,82.3719665837715,1.0644229644108916
334,block0.W2,transformer_block,87.40561039793056,1.1108659112985229
335,block0.W2,transformer_block,84.44539822314694,0.9734309612034426
336,block0.W2,transformer_block,82.91022752692938,0.9725522932123405
337,block0.W2,transformer_block,77.30854174463326,1.0120368260421595
338,block0.W2,transformer_block,83.556536972537,1.0702087167460765
339,block0.W2,transformer_block,80.20037773565218,0.9905769512277165
340,block0.W2,transformer_block,84.91828253843886,1.1226092067229843
341,block0.W2,transformer_block,96.27917584697119,1.1259699574198614
342,block0.W2,transformer_block,81.33199449988008,1.0273061291692795
343,block0.W2,transformer_block,89.92811225404797,1.1536975570545884
344,block0.W2,transformer_block,87.67819517037492,1.0225835441741074
345,block0.W2,transformer_block,81.48306683866583,1.0343652503693932
346,block0.W2,transformer_block,76.49492507986034,0.9629321892163737
347,block0.W2,transformer_block,80.4089962488123,1.046782201055258
348,block0.W2,transformer_block,83.4222584591303,1.1650878610496394
349,block0.W2,transformer_block,89.54646639844773,1.0495013473670796
350,block0.W2,transformer_block,81.56211825494832,1.0291229146675476
351,block0.W2,transformer_block,88.99603358201725,1.1078168797374652
352,block0.W2,transformer_block,83.49884580869764,1.009311302349842
353,block0.W2,transformer_block,78.77747393259004,1.0459035015163818
354,block0.W2,transformer_block,83.72706618097541,1.0403401695666692
355,block0.W2,transformer_block,87.29352203523712,1.0639481302884746
356,block0.W2,transformer_block,86.08497583366334,0.9648644686126229
357,block0.W2,transformer_block,88.88227746579874,1.1534713994738781
358,block0.W2,transformer_block,87.2076095076592,1.0664694225577591
359,block0.W2,transformer_block,83.94847084553118,1.0882559936840264
360,block0.W2,transformer_block,80.54472236228993,0.9769431614979234
361,block0.W2,transformer_block,84.47843408715057,1.1353980763513019
362,block0.W2,transformer_block,85.65239806407645,1.055980776858553
363,block0.W2,transformer_block,88.66433903553204,1.1481791345416064
364,block0.W2,transformer_block,83.63905259220772,1.0091700181859724
365,block0.W2,transformer_block,79.75254874875668,1.1032511269942726
366,block0.W2,transformer_block,71.64061026899151,0.925791163489334
367,block0.W2,transformer_block,79.153040568472,1.0333818634909382
368,block0.W2,transformer_block,78.2888591234934,0.9910191533808503
369,block0.W2,transformer_block,79.8752157550416,1.0146207758414003
370,block0.W2,transformer_block,76.46527955781244,0.9275441077077095
371,block0.W2,transformer_block,75.40016054669492,1.03384067062585
372,block0.W2,transformer_block,84.80951388786924,1.018072560781677
373,block0.W2,transformer_block,93.22857240443275,1.1942125385666575
374,block0.W2,transformer_block,77.4243080374585,0.8241080841287171
375,block0.W2,transformer_block,80.29287984839573,1.1776881761495763
376,block0.W2,transformer_block,83.57385634545382,0.9738376182031391
377,block0.W2,transformer_block,80.90442499757538,1.045299787934053
378,block0.W2,transformer_block,85.294191653873,1.1488877349268711
379,block0.W2,transformer_block,84.98963835223908,1.0561279666232026
380,block0.W2,transformer_block,89.14043614346693,1.2408064616622931
381,block0.W2,transformer_block,82.9401323079946,0.9707184643189826
382,block0.W2,transformer_block,84.24750871775241,1.1519809100594542
383,block0.W2,transformer_block,87.49001852911869,1.0070323554157845
384,block0.W2,transformer_block,82.19195327509406,0.9855934894287119
385,block0.W2,transformer_block,91.05300966143614,1.175140317923328
386,block0.W2,transformer_block,81.82980125089792,0.9913797117497266
387,block0.W2,transformer_block,83.66917064078285,1.0286760650593691
388,block0.W2,transformer_block,102.69355396234724,1.299850477936084
389,block0.W2,transformer_block,95.60624562401428,1.0557732040302432
390,block0.W2,transformer_block,90.8239949085213,1.1303270067138143
391,block0.W2,transformer_block,82.74410417390366,0.9174291173906309
392,block0.W2,transformer_block,71.03442951326312,0.8752497901165806
393,block0.W2,transformer_block,68.66838315636119,0.9061104530344626
394,block0.W2,transformer_block,77.1328770864054,1.2091848030854728
395,block0.W2,transformer_block,90.69559500621436,0.9688538195062696
396,block0.W2,transformer_block,75.97680913948288,0.9984487716187329
397,block0.W2,transformer_block,74.20295566310152,0.9640058895897137
398,block0.W2,transformer_block,73.88288808294493,1.035846514728888
399,block0.W2,transformer_block,86.73044588943243,1.0898701255024488
400,block0.W2,transformer_block,86.11334339614592,1.1144665490436645
401,block0.W2,transformer_block,94.26743979762888,1.2428486264485064
402,block0.W2,transformer_block,84.54084745200993,0.9393248202114421
403,block0.W2,transformer_block,83.98486994057511,1.0766476438369332
404,block0.W2,transformer_block,86.6647074399575,1.1013031896930392
405,block0.W2,transformer_block,85.83812471423457,1.0758831784882736
406,block0.W2,transformer_block,81.91348640895748,1.002711419771219
407,block0.W2,transformer_block,93.84566922486368,1.2053683938849789
408,block0.W2,transformer_block,84.9628359908771,1.0283702402799935
409,block0.W2,transformer_block,83.93505685768481,1.00174004206516
410,block0.W2,transformer_block,89.83302394348856,1.1904603555360158
411,block0.W2,transformer_block,91.12336369939482,1.020335882871685
412,block0.W2,transformer_block,86.44054643148445,1.1679103687919765
413,block0.W2,transformer_block,95.63403462738496,1.1312699130461303
414,block0.W2,transformer_block,83.01595707899139,0.9032459963678392
415,block0.W2,transformer_block,74.84208052717676,1.1156133471325211
416,block0.W2,transformer_block,90.53822070897452,1.039218121272614
417,block0.W2,transformer_block,87.33909437568836,1.0179063867429905
418,block0.W2,transformer_block,85.48541796542466,1.1196597176765906
419,block0.W2,transformer_block,83.10796101924656,0.9775631737991997
420,block0.W2,transformer_block,84.40815464874368,1.1455447930426945
421,block0.W2,transformer_block,85.92621099093166,0.9663482009925375
422,block0.W2,transformer_block,72.33403883729306,0.9338693512524313
423,block0.W2,transformer_block,79.93964971822544,1.0485324467176107
424,block0.W2,transformer_block,85.43412945410026,1.0779336640769521
425,block0.W2,transformer_block,80.31521626610859,1.0128551302150335
426,block0.W2,transformer_block,76.78826966831774,1.0793901844588207
427,block0.W2,transformer_block,93.35452926799991,1.1935134967755694
428,block0.W2,transformer_block,84.42743995331526,1.0450968866556376
429,block0.W2,transformer_block,76.97964898116503,0.9184803694487436
430,block0.W2,transformer_block,74.75154227604138,0.9901764105738026
431,block0.W2,transformer_block,79.817290312172,1.1067662964188891
432,block0.W2,transformer_block,90.51050291509145,1.081487971788846
433,block0.W2,transformer_block,93.74769274575972,1.2394602777492143
434,block0.W2,transformer_block,96.08152898246583,1.1320974953691447
435,block0.W2,transformer_block,84.09222765236603,0.9793366561782058
436,block0.W2,transformer_block,75.65854483074837,0.9154104219917408
437,block0.W2,transformer_block,80.74064545639183,1.0937856350196493
438,block0.W2,transformer_block,82.76196108181988,0.9835219299779723
439,block0.W2,transformer_block,84.84989765508547,1.0761081245392043
440,block0.W2,transformer_block,81.02178710342537,1.0446970214453692
441,block0.W2,transformer_block,81.20440854856766,1.1088242973060058
442,block0.W2,transformer_block,98.30603848033508,1.2480568209989198
443,block0.W2,transformer_block,92.8034097481547,1.0722834542195352
444,block0.W2,transformer_block,83.79700536286438,1.0401357510806584
445,block0.W2,transformer_block,93.15738762767094,1.259733447045238
446,block0.W2,transformer_block,83.42104211255175,0.9749735457848205
447,block0.W2,transformer_block,83.60520307497332,1.0334791567030535
448,block0.W2,transformer_block,81.48843495148172,1.0307491573273
449,block0.W2,transformer_block,87.00379514318959,1.0911130731639733
450,block0.W2,transformer_block,81.48044968215687,0.9778517150317956
451,block0.W2,transformer_block,79.32810544800184,1.0185103825773394
452,block0.W2,transformer_block,86.3370371085053,1.2037856830203817
453,block0.W2,transformer_block,85.32383655276159,1.0282999880439276
454,block0.W2,transformer_block,87.29667654217674,1.1284964932213977
455,block0.W2,transformer_block,90.83069374485687,1.1581507181502968
456,block0.W2,transformer_block,85.91250650942911,0.9587711173237058
457,block0.W2,transformer_block,82.88927971207731,1.2095616195222634
458,block0.W2,transformer_block,89.73017797224284,1.0034344611696968
459,block0.W2,transformer_block,86.2789203928545,1.057962666473435
460,block0.W2,transformer_block,69.76010772423533,0.9921332938186522
461,block0.W2,transformer_block,85.72772109767871,1.209599455239091
462,block0.W2,transformer_block,92.06823322629147,1.1881496144336086
463,block0.W2,transformer_block,81.65963510285498,1.0071162403588398
464,block0.W2,transformer_block,83.93357547114518,1.025767881298929
465,block0.W2,transformer_block,75.08398472338015,0.958972194173014
466,block0.W2,transformer_block,77.28285934589198,1.0567095541206903
467,block0.W2,transformer_block,92.61641495906919,1.157659997985083
468,block0.W2,transformer_block,95.02571008110705,1.2049847477412148
469,block0.W2,transformer_block,92.20638599707057,1.0580655254364406
470,block0.W2,transformer_block,80.43296592676032,0.9454617712901898
471,block0.W2,transformer_block,80.63165349539932,1.0831944378647003
472,block0.W2,transformer_block,91.04844354764106,1.1563730547338673
473,block0.W2,transformer_block,85.82536431602831,1.0276953468619416
474,block0.W2,transformer_block,75.03490065316376,1.023725609290362
475,block0.W2,transformer_block,84.11057954576809,1.1306708992142136
476,block0.W2,transformer_block,86.58285115803722,1.04193477937369
477,block0.W2,transformer_block,75.20318315216954,0.9240704115952534
478,block0.W2,transformer_block,70.4913120383532,0.9437150901127889
479,block0.W2,transformer_block,89.17722690466726,1.213913156291153
480,block0.W2,transformer_block,83.54237250558091,0.8997177257294903
481,block0.W2,transformer_block,93.5724327162265,1.3958597104575652
482,block0.W2,transformer_block,103.40467221530851,1.1187089128068504
483,block0.W2,transformer_block,88.39950353421116,1.033859170612564
484,block0.W2,transformer_block,81.86593268646467,0.9994650723227196
485,block0.W2,transformer_block,76.58203965914711,0.9870365981872073
486,block0.W2,transformer_block,83.16570114157922,1.0602976836622058
487,block0.W2,transformer_block,84.78224183957838,1.1003518860503856
488,block0.W2,transformer_block,82.7152130262884,0.9919017446563565
489,block0.W2,transformer_block,78.33528394477145,0.9201277758400465
490,block0.W2,transformer_block,82.15731513167565,1.1313263744256457
491,block0.W2,transformer_block,90.93818362584314,1.1570170901211587
492,block0.W2,transformer_block,71.43318654106847,0.8959386378246205
493,block0.W2,transformer_block,75.69702949019455,1.0147779550771128
494,block0.W2,transformer_block,74.09362872248414,1.073798224679086
495,block0.W2,transformer_block,84.0272980356234,1.0623747899858489
496,block0.W2,transformer_block,79.73368923956254,1.0692379578912443
497,block0.W2,transformer_block,95.74735327973589,1.2239891714832953
498,block0.W2,transformer_block,97.49961944785123,1.1721795958803787
499,block0.W2,transformer_block,87.44075299298002,0.9538576009481539
500,block0.W2,transformer_block,72.12937684769854,0.9603431986762802
501,block0.W2,transformer_block,75.87297185937317,1.0633121251564583
502,block0.W2,transformer_block,93.66926445014455,1.251506654150916
503,block0.W2,transformer_block,97.7987447439347,1.206207745206437
504,block0.W2,transformer_block,87.82885741118169,0.9956633276229212
505,block0.W2,transformer_block,86.24501564887386,1.1293583395718034
506,block0.W2,transformer_block,86.27841151914953,1.0167603615642027
507,block0.W2,transformer_block,85.44638314897382,1.065363546972169
508,block0.W2,transformer_block,92.90154665796615,1.2152993645830574
509,block0.W2,transformer_block,87.33889169391709,1.0492452794566307
510,block0.W2,transformer_block,83.48540468777051,1.1299818385758376
511,block0.W2,transformer_block,86.86057132035913,1.028704064044539
512,block0.W2,transformer_block,82.95538685080152,1.0350255679121159
513,block0.W2,transformer_block,87.88300727491497,1.0898920122599662
514,block0.W2,transformer_block,89.31430689938132,1.054344196296059
515,block0.W2,transformer_block,84.79754494952306,1.0805240119903763
516,block0.W2,transformer_block,82.85885677072984,1.0264821612437873
517,block0.W2,transformer_block,87.30143490889665,1.0809156285213068
518,block0.W2,transformer_block,91.07714220522135,1.0824382830388521
519,block0.W2,transformer_block,80.70796408682949,1.1246425053087452
520,block0.W2,transformer_block,90.81178668840171,0.9978542140462725
521,block0.W2,transformer_block,88.91880340495575,1.2297662532696392
522,block0.W2,transformer_block,90.03004351784504,1.0704700108574752
523,block0.W2,transformer_block,79.80837857908755,0.9656528492512843
524,block0.W2,transformer_block,89.25362482174147,1.1756393144828827
525,block0.W2,transformer_block,86.84950420384553,1.0449358568075071
526,block0.W2,transformer_block,77.67279599626892,0.9099031246319493
527,block0.W2,transformer_block,77.26275227809066,1.0150887609447654
528,block0.W2,transformer_block,89.39241464737012,1.3053224546774644
529,block0.W2,transformer_block,94.36322757985367,0.9524109622322309
530,block0.W2,transformer_block,79.69066520828925,1.0602338606920911
531,block0.W2,transformer_block,89.46750822916506,1.095362816037675
532,block0.W2,transformer_block,84.57520458159787,0.9847591959254173
533,block0.W2,transformer_block,82.02028359581016,1.1409020244289265
534,block0.W2,transformer_block,82.67740171727175,1.0032358861353061
535,block0.W2,transformer_block,84.15054682077967,1.055913381009387
536,block0.W2,transformer_block,87.17335480125195,1.0773419240235258
537,block0.W2,transformer_block,83.65741957169004,1.023110706996828
538,block0.W2,transformer_block,84.32882947787034,1.2193931940091396
539,block0.W2,transformer_block,97.70112812860692,1.1610688674308671
540,block0.W2,transformer_block,89.87215001601865,1.098832519041359
541,block0.W2,transformer_block,81.50979983993112,0.9268135835305059
542,block0.W2,transformer_block,82.68098711008994,1.0817562872982913
543,block0.W2,transformer_block,87.61556614235153,1.08773745486648
544,block0.W2,transformer_block,88.07706534999704,1.015871946814687
545,block0.W2,transformer_block,84.40402839128848,1.112694436734472
546,block0.W2,transformer_block,89.92351086777103,1.059613001795406
547,block0.W2,transformer_block,84.6183253516659,0.9925756389801148
548,block0.W2,transformer_block,72.94562425976694,0.9576949739201722
549,block0.W2,transformer_block,80.42229417495577,1.0091509277699322
550,block0.W2,transformer_block,76.44727410412719,0.9431361538242079
551,block0.W2,transformer_block,91.11845061774537,1.277080997756817
552,block0.W2,transformer_block,87.23750722488084,0.9929554293315603
553,block0.W2,transformer_block,80.73148845397559,1.0586370395451405
554,block0.W2,transformer_block,75.52081802102673,1.028695440275856
555,block0.W2,transformer_block,87.41459903544623,1.1329499514342445
556,block0.W2,transformer_block,90.29513307124931,1.148461502459754
557,block0.W2,transformer_block,99.96270007577981,1.1150407005817982
558,block0.W2,transformer_block,84.36923899858122,0.9724717045106512
559,block0.W2,transformer_block,74.59376617346626,0.9367938400556022
560,block0.W2,transformer_block,85.60176915197067,1.1228117641336006
561,block0.W2,transformer_block,93.56790908602626,1.1626790230174304
562,block0.W2,transformer_block,85.36618865861301,1.0941130258291167
563,block0.W2,transformer_block,89.75722070432349,1.0919196714343087
564,block0.W2,transformer_block,83.92303696432512,1.118052934735441
565,block0.W2,transformer_block,92.41928346265139,1.152091480838712
566,block0.W2,transformer_block,89.22272642465101,1.0883142379604416
567,block0.W2,transformer_block,83.99963688284663,1.0524056401813882
568,block0.W2,transformer_block,80.64538022872276,0.986945190087422
569,block0.W2,transformer_block,85.22936640449626,1.0682407975811807
570,block0.W2,transformer_block,84.29156172757337,1.0832381146244066
571,block0.W2,transformer_block,87.96689819475432,1.087601027055158
572,block0.W2,transformer_block,92.16928503606582,1.147265605112431
573,block0.W2,transformer_block,82.81897767818282,1.0379234720793464
574,block0.W2,transformer_block,88.38038270312741,1.0312787582008225
575,block0.W2,transformer_block,77.6200367109621,1.043696412708246
576,block0.W2,transformer_block,80.33440886584981,1.120226894706039
577,block0.W2,transformer_block,86.45359346725019,1.0086458229130895
578,block0.W2,transformer_block,77.73236316657707,0.9838446771286797
579,block0.W2,transformer_block,93.320317917134,1.264810362318515
580,block0.W2,transformer_block,95.43892270518903,1.1479936490843585
581,block0.W2,transformer_block,85.1300688595715,1.014209879050235
582,block0.W2,transformer_block,81.0171023542809,1.0912005236216473
583,block0.W2,transformer_block,85.98176595519465,0.9955821651550006
584,block0.W2,transformer_block,86.72305265118437,1.1071047062497983
585,block0.W2,transformer_block,82.85221043579251,1.0151553855800108
586,block0.W2,transformer_block,94.55686246313697,1.2057769813674049
587,block0.W2,transformer_block,96.36425830972073,1.1118557634115915
588,block0.W2,transformer_block,88.88335567964924,1.0478943634096298
589,block0.W2,transformer_block,74.05591431061801,0.9463791518262401
590,block0.W2,transformer_block,92.4267578710704,1.3311767906775653
591,block0.W2,transformer_block,86.59224032631168,1.1021732298120401
592,block0.W2,transformer_block,86.40812375050518,0.9580746187342861
593,block0.W2,transformer_block,80.48467219990174,1.025074697866672
594,block0.W2,transformer_block,81.78906974304985,1.107274808771967
595,block0.W2,transformer_block,87.69565520078865,1.0864700846406308
596,block0.W2,transformer_block,87.55628085056608,1.0821590054591983
597,block0.W2,transformer_block,83.39808562401491,1.075374097392007
598,block0.W2,transformer_block,84.88083869599318,1.156925328566317
599,block0.W2,transformer_block,87.69776905175567,0.9721329947540691
600,block0.W2,transformer_block,87.55868558113546,1.172216143099907
601,block0.W2,transformer_block,88.42601543119524,1.0965479769736826
602,block0.W2,transformer_block,82.54771758704275,0.9105229421568111
603,block0.W2,transformer_block,80.53288562072001,1.1061474062329388
604,block0.W2,transformer_block,84.1330034896674,0.9420534087027895
605,block0.W2,transformer_block,84.94175404253836,1.1755756676366396
606,block0.W2,transformer_block,86.22371694479148,0.9959604242048816
607,block0.W2,transformer_block,78.49708734810987,1.0893775317407066
608,block0.W2,transformer_block,81.1421942772735,1.0601373291705536
609,block0.W2,transformer_block,90.74171113104472,1.2352311032922454
610,block0.W2,transformer_block,91.17472940473664,1.051397978092448
611,block0.W2,transformer_block,79.73294114175948,0.9766015665684493
612,block0.W2,transformer_block,69.5751855909126,0.8929174316433218
613,block0.W2,transformer_block,80.2852887696284,1.1561855608200602
614,block0.W2,transformer_block,91.1455666610725,1.1786240651741342
615,block0.W2,transformer_block,93.23021828407484,1.0581048623130909
616,block0.W2,transformer_block,88.95153825702054,1.1826559034187552
617,block0.W2,transformer_block,79.00742195928684,0.8680582692573113
618,block0.W2,transformer_block,79.66521773474422,1.0852460330069742
619,block0.W2,transformer_block,83.6511665642945,1.1845787576223965
620,block0.W2,transformer_block,80.47203832163,0.8804770503145521
621,block0.W2,transformer_block,74.5002078257169,1.0108960993476122
622,block0.W2,transformer_block,95.94502309449295,1.3243482075843611
623,block0.W2,transformer_block,92.96890674694804,0.9856104858661063
624,block0.W2,transformer_block,84.46649376228109,1.1542582872337073
625,block0.W2,transformer_block,84.97019520493413,1.0958420094876233
626,block0.W2,transformer_block,82.68048771763013,1.042484074909149
627,block0.W2,transformer_block,81.6945718113995,1.047148517245636
628,block0.W2,transformer_block,87.36796869668963,1.1577580790447763
629,block0.W2,transformer_block,80.1824588486663,0.9418659510867156
630,block0.W2,transformer_block,75.70302079100945,0.9331590475267901
631,block0.W2,transformer_block,64.43482779997404,0.8040093170440202
632,block0.W2,transformer_block,72.81575326380414,1.0096320551337594
633,block0.W2,transformer_block,79.62850426795298,0.9567849570312075
634,block0.W2,transformer_block,75.39365636278252,1.1281617275789473
635,block0.W2,transformer_block,86.55593971200194,0.992686231357638
636,block0.W2,transformer_block,83.77171381144029,1.0216603120581822
637,block0.W2,transformer_block,88.10428196042817,1.1221989286792136
638,block0.W2,transformer_block,80.73451754947115,0.9594014464451178
639,block0.W2,transformer_block,90.14596379331807,1.2267858295855647
640,block0.W2,transformer_block,92.73693257019427,1.1110849165368992
641,block0.W2,transformer_block,86.3846493019747,1.1039248869133549
642,block0.W2,transformer_block,86.1707867712029,1.0175456052310938
643,block0.W2,transformer_block,85.0977268750475,1.091106495131147
644,block0.W2,transformer_block,92.34342521159874,1.1481736158749387
645,block0.W2,transformer_block,86.07867002505064,1.015308815381866
646,block0.W2,transformer_block,82.36359039321862,1.06191713599629
647,block0.W2,transformer_block,78.28194936111989,0.9572041228407139
648,block0.W2,transformer_block,77.42396826973696,0.9814793827830193
649,block0.W2,transformer_block,93.09270940237462,1.3663465022803225
650,block0.W2,transformer_block,96.32773374766052,1.0278696742040376
651,block0.W2,transformer_block,73.76829857311702,0.9346461650165945
652,block0.W2,transformer_block,80.34583466898764,1.0720727129326846
653,block0.W2,transformer_block,84.51351772715759,1.0711951028933866
654,block0.W2,transformer_block,93.03910431680157,1.2186047253629775
655,block0.W2,transformer_block,88.34463187772678,0.939125531596569
656,block0.W2,transformer_block,75.84484926857749,0.991913400575228
657,block0.W2,transformer_block,83.15964277193989,1.062899849940401
658,block0.W2,transformer_block,90.81148058790245,1.1039943173404483
659,block0.W2,transformer_block,80.70942570138568,1.015295188891708
660,block0.W2,transformer_block,88.70134038727302,1.0679939131940976
661,block0.W2,transformer_block,100.58471209216503,1.2588488891520113
662,block0.W2,transformer_block,98.60013268754682,1.259843164831063
663,block0.W2,transformer_block,103.85585162821972,1.124390729289223
664,block0.W2,transformer_block,89.6532308483516,1.1823616362968974
665,block0.W2,transformer_block,91.4235340039724,1.1369340226404847
666,block0.W2,transformer_block,91.53281304854468,1.154416786983476
667,block0.W2,transformer_block,87.60688283272214,1.0328509108594437
668,block0.W2,transformer_block,80.99224468509651,1.1446100866292483
669,block0.W2,transformer_block,84.89329631082946,0.9745046064823719
670,block0.W2,transformer_block,85.41304020215752,1.0513827404045983
671,block0.W2,transformer_block,77.58860710675293,1.13905976090187
672,block0.W2,transformer_block,91.15977933593393,1.166752300093398
673,block0.W2,transformer_block,89.11170777080268,1.0402419490547183
674,block0.W2,transformer_block,79.64410149519252,1.024720416254762
675,block0.W2,transformer_block,79.16243196617411,0.9946599696482561
676,block0.W2,transformer_block,91.972758701217,1.2353950498883963
677,block0.W2,transformer_block,107.53466721775683,1.301384818505797
678,block0.W2,transformer_block,104.58846693184246,1.1693934701355853
679,block0.W2,transformer_block,92.84842348307063,1.0372682053169704
680,block0.W2,transformer_block,86.25820264131168,1.0595196214499742
681,block0.W2,transformer_block,83.27082169673486,1.0387891008404202
682,block0.W2,transformer_block,80.34812169365172,1.0950503436032815
683,block0.W2,transformer_block,80.9838782868448,1.0217168051969459
684,block0.W2,transformer_block,90.84658244468586,1.2482022172606067
685,block0.W2,transformer_block,94.13851057536498,1.0445161962864804
686,block0.W2,transformer_block,91.99880253543846,1.1437299884047065
687,block0.W2,transformer_block,88.95454445893138,0.9835392050397251
688,block0.W2,transformer_block,85.85042786206547,1.075051948616275
689,block0.W2,transformer_block,86.00313272637302,1.0840847265813451
690,block0.W2,transformer_block,93.76431238201937,1.2015655799143885
691,block0.W2,transformer_block,89.78939326474999,1.0627113382049125
692,block0.W2,transformer_block,88.07406368989223,1.137542194639859
693,block0.W2,transformer_block,85.68432925599315,1.042080711063287
694,block0.W2,transformer_block,82.41706539246708,1.07205245740617
695,block0.W2,transformer_block,89.26427651781067,0.9953949318976699
696,block0.W2,transformer_block,83.81869157836395,1.1423941261619044
697,block0.W2,transformer_block,90.22875102527466,1.0282213213719031
698,block0.W2,transformer_block,78.77973655131792,1.0004216771581924
0,block1.Wq,transformer_block,0.6011787285141755,0.008156737763680167
1,block1.Wq,transformer_block,0.5522661139970064,0.00741426467030464
2,block1.Wq,transformer_block,0.5092495803321162,0.005390673680767595
3,block1.Wq,transformer_block,0.47857904747247315,0.010590318229945925
4,block1.Wq,transformer_block,0.7686545451385218,0.007059917750796074
5,block1.Wq,transformer_block,0.5862994286140065,0.00864885605952347
6,block1.Wq,transformer_block,0.8145608130341665,0.018369128260871382
7,block1.Wq,transformer_block,1.1434862598039595,0.012200240267584822
8,block1.Wq,transformer_block,1.1198469597680185,0.02157766707740263
9,block1.Wq,transformer_block,1.6390785654858595,0.017827824147186686
10,block1.Wq,transformer_block,1.8286490137555997,0.022847180205304348
11,block1.Wq,transformer_block,2.214046706916547,0.026293050110473976
12,block1.Wq,transformer_block,1.9553347674186257,0.01948198526266061
13,block1.Wq,transformer_block,1.7258678032979828,0.024459483629405587
14,block1.Wq,transformer_block,1.7471357075828173,0.024971316834261754
15,block1.Wq,transformer_block,2.140143250275955,0.032928969111660815
16,block1.Wq,transformer_block,3.571663409868179,0.06629345120305627
17,block1.Wq,transformer_block,2.97515626895601,0.06520215209395747
18,block1.Wq,transformer_block,3.5210804675793455,0.05216368717599712
19,block1.Wq,transformer_block,5.54428011493301,0.0969384528972077
20,block1.Wq,transformer_block,6.829275969003969,0.08117067056622262
21,block1.Wq,transformer_block,7.42721545776924,0.1187887721587962
22,block1.Wq,transformer_block,7.044375567477401,0.1019861157843731
23,block1.Wq,transformer_block,7.716318009572849,0.10668905127023437
24,block1.Wq,transformer_block,6.5013750225339395,0.09411541004659948
25,block1.Wq,transformer_block,9.73363996454339,0.1664902862175411
26,block1.Wq,transformer_block,11.516943622449226,0.1273344747545474
27,block1.Wq,transformer_block,11.185508982589974,0.14990466114540865
28,block1.Wq,transformer_block,9.040954721694973,0.1262337292761206
29,block1.Wq,transformer_block,9.174164580717422,0.12236919133202301
30,block1.Wq,transformer_block,8.830124337626609,0.11827643178364883
31,block1.Wq,transformer_block,11.512921117238673,0.16531122443805674
32,block1.Wq,transformer_block,11.713085287108472,0.16269690187086885
33,block1.Wq,transformer_block,12.008795739375863,0.15985863095546837
34,block1.Wq,transformer_block,11.304342337707737,0.16454274613745387
35,block1.Wq,transformer_block,11.332056190614923,0.14229691200865918
36,block1.Wq,transformer_block,11.490253334814815,0.14527291128368974
37,block1.Wq,transformer_block,10.974912608325004,0.12896696505950353
38,block1.Wq,transformer_block,11.237457801067501,0.1807417273909457
39,block1.Wq,transformer_block,10.15612570223434,0.12011306415285697
40,block1.Wq,transformer_block,12.04634740227621,0.21318735983124598
41,block1.Wq,transformer_block,13.353723066339189,0.14330414433482813
42,block1.Wq,transformer_block,11.425541798764344,0.14405633943382598
43,block1.Wq,transformer_block,13.265481441726381,0.1863017627592804
44,block1.Wq,transformer_block,15.56401022270782,0.217102412843858
45,block1.Wq,transformer_block,12.483378980540396,0.11910795467606447
46,block1.Wq,transformer_block,11.46886323866751,0.1855076106975457
47,block1.Wq,transformer_block,14.371196740876009,0.17913221274212426
48,block1.Wq,transformer_block,13.34690465095185,0.1573807912692957
49,block1.Wq,transformer_block,12.321317784207647,0.16784503490821467
50,block1.Wq,transformer_block,13.045855308005303,0.20848795983204138
51,block1.Wq,transformer_block,12.781601978432406,0.13840898396454548
52,block1.Wq,transformer_block,11.360854193270978,0.1754328295480101
53,block1.Wq,transformer_block,12.629416722126669,0.14930054520769478
54,block1.Wq,transformer_block,11.967553747213442,0.16461278374516364
55,block1.Wq,transformer_block,11.982341722418052,0.1808296199471693
56,block1.Wq,transformer_block,13.844349578821344,0.1695611146689866
57,block1.Wq,transformer_block,12.161786634321645,0.15207093318324416
58,block1.Wq,transformer_block,13.45800511746976,0.18597612177387327
59,block1.Wq,transformer_block,11.740473671298757,0.1340963742643116
60,block1.Wq,transformer_block,12.437937306371792,0.17867167263684725
61,block1.Wq,transformer_block,12.812701570624796,0.16050515625238643
62,block1.Wq,transformer_block,11.76345534950847,0.17090171091870177
63,block1.Wq,transformer_block,11.646837237142776,0.17471520459044032
64,block1.Wq,transformer_block,12.102401395973349,0.14965164428656882
65,block1.Wq,transformer_block,11.280309197314542,0.16282233666515772
66,block1.Wq,transformer_block,12.833096696332602,0.17637192043831967
67,block1.Wq,transformer_block,15.923013929115271,0.21072073970174654
68,block1.Wq,transformer_block,14.843589515848864,0.14878829499092897
69,block1.Wq,transformer_block,11.175873068136596,0.15953772377544645
70,block1.Wq,transformer_block,13.17187297605821,0.16831814070367832
71,block1.Wq,transformer_block,11.260530069568466,0.16661236919518901
72,block1.Wq,transformer_block,12.535780168499802,0.1608671992695995
73,block1.Wq,transformer_block,10.769011446660407,0.11817835651504552
74,block1.Wq,transformer_block,10.902406955376344,0.1581869440793599
75,block1.Wq,transformer_block,9.883975902387895,0.13918079634145888
76,block1.Wq,transformer_block,10.082713294555608,0.14276907606274108
77,block1.Wq,transformer_block,10.227207607656942,0.14435116501486212
78,block1.Wq,transformer_block,10.858490552779818,0.1333848372981739
79,block1.Wq,transformer_block,10.365064812409823,0.1572951431120162
80,block1.Wq,transformer_block,11.67106521559424,0.15331440654287976
81,block1.Wq,transformer_block,11.863591801557595,0.16624373716761429
82,block1.Wq,transformer_block,11.666627358617065,0.15440407386737787
83,block1.Wq,transformer_block,11.131087553834098,0.15398123942065958
84,block1.Wq,transformer_block,12.17587333500826,0.15816182570987092
85,block1.Wq,transformer_block,12.154986980092977,0.14482779645070326
86,block1.Wq,transformer_block,11.313640434697158,0.15169280893431172
87,block1.Wq,transformer_block,11.275042973005139,0.1426488809819435
88,block1.Wq,transformer_block,11.058536301686381,0.14427374344979144
89,block1.Wq,transformer_block,10.222305747285013,0.13648036396078117
90,block1.Wq,transformer_block,12.095365026767222,0.1658250487005769
91,block1.Wq,transformer_block,11.271692294863056,0.13271342941345923
92,block1.Wq,transformer_block,9.89445935769948,0.1332690250051713
93,block1.Wq,transformer_block,11.150674130309795,0.15280581336299642
94,block1.Wq,transformer_block,10.433284467313094,0.14400898104644091
95,block1.Wq,transformer_block,9.155340791323141,0.11739157513629422
96,block1.Wq,transformer_block,12.108804951737655,0.20010153877940356
97,block1.Wq,transformer_block,12.544473396293638,0.1505677144717137
98,block1.Wq,transformer_block,13.613850192569187,0.18142974726323252
99,block1.Wq,transformer_block,11.033097499049914,0.1402271491593438
100,block1.Wq,transformer_block,10.493869604890094,0.1389460920160264
101,block1.Wq,transformer_block,11.254490215669788,0.14305605849126332
102,block1.Wq,transformer_block,10.975243263301358,0.14908722596596952
103,block1.Wq,transformer_block,11.485558181757618,0.15001826824709588
104,block1.Wq,transformer_block,10.397471186273288,0.12210300268663586
105,block1.Wq,transformer_block,9.635460082809354,0.1485136282266759
106,block1.Wq,transformer_block,11.72582162499766,0.14577636187420062
107,block1.Wq,transformer_block,10.803433802624008,0.14046113400756416
108,block1.Wq,transformer_block,9.115628001840905,0.12421192206200926
109,block1.Wq,transformer_block,9.474773307389354,0.13459951943202345
110,block1.Wq,transformer_block,11.045398976849905,0.15467140890018977
111,block1.Wq,transformer_block,9.942944456794724,0.1152035490677436
112,block1.Wq,transformer_block,9.351664078314638,0.12779389828545393
113,block1.Wq,transformer_block,10.476455797109473,0.1584911384144337
114,block1.Wq,transformer_block,11.728581301604793,0.1424499695072472
115,block1.Wq,transformer_block,10.353143853166566,0.1389796754986151
116,block1.Wq,transformer_block,11.48393645598439,0.14943937753850034
117,block1.Wq,transformer_block,11.095392830570434,0.1454084118626848
118,block1.Wq,transformer_block,11.15343539438007,0.15194573000985076
119,block1.Wq,transformer_block,12.43654032575411,0.16220375990897887
120,block1.Wq,transformer_block,11.65545878779944,0.1439034021118394
121,block1.Wq,transformer_block,10.593270893637314,0.14959727943249249
122,block1.Wq,transformer_block,12.423026935834487,0.15746322646807587
123,block1.Wq,transformer_block,12.554752417674017,0.15551965103839976
124,block1.Wq,transformer_block,10.304718388500927,0.1394478241877784
125,block1.Wq,transformer_block,10.408574259585857,0.13451489888347662
126,block1.Wq,transformer_block,10.012585365281508,0.13301522217056055
127,block1.Wq,transformer_block,10.29337318342771,0.14337356170844312
128,block1.Wq,transformer_block,9.547926355263748,0.13645337573248936
129,block1.Wq,transformer_block,11.510259928575621,0.15610681835944454
130,block1.Wq,transformer_block,9.846114630409897,0.12289862825210951
131,block1.Wq,transformer_block,9.573166827086789,0.13079840492992686
132,block1.Wq,transformer_block,11.300513231868162,0.14634085375862776
133,block1.Wq,transformer_block,9.709107743936942,0.10972421298582322
134,block1.Wq,transformer_block,9.050962918504865,0.11777597907663367
135,block1.Wq,transformer_block,8.739622314628539,0.1258863800991359
136,block1.Wq,transformer_block,10.566320870584182,0.14068687103162542
137,block1.Wq,transformer_block,10.434019989616477,0.1372874780224285
138,block1.Wq,transformer_block,10.524041004510131,0.13703682398392703
139,block1.Wq,transformer_block,9.69424777126697,0.12156934627348248
140,block1.Wq,transformer_block,8.334107049889578,0.12477099767832699
141,block1.Wq,transformer_block,9.882811004847957,0.12485383020230134
142,block1.Wq,transformer_block,8.874444398458397,0.12359430246923982
143,block1.Wq,transformer_block,10.230733483608995,0.13847715482958267
144,block1.Wq,transformer_block,11.158857064440856,0.1600643139991982
145,block1.Wq,transformer_block,11.12387473294145,0.10964527122150597
146,block1.Wq,transformer_block,9.027525512393755,0.14226705197277262
147,block1.Wq,transformer_block,10.503470693390323,0.13550599539037056
148,block1.Wq,transformer_block,9.583106469802196,0.13602472104571195
149,block1.Wq,transformer_block,10.236525184880369,0.14194251244379885
150,block1.Wq,transformer_block,12.382505591113187,0.1498830054613829
151,block1.Wq,transformer_block,12.280856066470964,0.13841810029864737
152,block1.Wq,transformer_block,9.589314806867089,0.10782498979298817
153,block1.Wq,transformer_block,10.157256119017337,0.1519192435075069
154,block1.Wq,transformer_block,10.81766120252016,0.12803790862125333
155,block1.Wq,transformer_block,9.533916164709634,0.11821288940652538
156,block1.Wq,transformer_block,9.992168349674643,0.1350576016101584
157,block1.Wq,transformer_block,11.02215130714609,0.1365771714625394
158,block1.Wq,transformer_block,10.240413109626404,0.13138874672350997
159,block1.Wq,transformer_block,9.178216714348501,0.11968166578256437
160,block1.Wq,transformer_block,10.342079442940237,0.13475400627598286
161,block1.Wq,transformer_block,10.080592790280894,0.11982880674470878
162,block1.Wq,transformer_block,10.44756487951056,0.15080500356005405
163,block1.Wq,transformer_block,11.514619401309746,0.131743486128886
164,block1.Wq,transformer_block,9.841163602431259,0.12371248419611379
165,block1.Wq,transformer_block,10.261682135302328,0.12646809689171193
166,block1.Wq,transformer_block,9.459961043984174,0.10952548297639689
167,block1.Wq,transformer_block,10.593802391137515,0.1494209315202688
168,block1.Wq,transformer_block,10.202727155739222,0.12129300792758929
169,block1.Wq,transformer_block,12.229612975115458,0.17204128689306974
170,block1.Wq,transformer_block,11.032609033167489,0.11657608085752418
171,block1.Wq,transformer_block,9.169107767075493,0.12351633753675692
172,block1.Wq,transformer_block,9.879371494652915,0.13815299111363016
173,block1.Wq,transformer_block,9.4786068657385,0.12124963206971184
174,block1.Wq,transformer_block,8.20116019489032,0.11799988415479713
175,block1.Wq,transformer_block,10.896235165646635,0.16356008432997016
176,block1.Wq,transformer_block,10.374125497530894,0.1055554919382026
177,block1.Wq,transformer_block,11.414049346089367,0.1809689867287526
178,block1.Wq,transformer_block,10.884613242359409,0.11687723866016272
179,block1.Wq,transformer_block,9.33938160272688,0.12966045209701849
180,block1.Wq,transformer_block,9.158766966123018,0.1419806175925047
181,block1.Wq,transformer_block,9.338131365719592,0.08794275385631052
182,block1.Wq,transformer_block,8.397628307952594,0.13024422012656306
183,block1.Wq,transformer_block,10.609951133757189,0.15658117626135415
184,block1.Wq,transformer_block,11.909698564922776,0.14171108786442296
185,block1.Wq,transformer_block,9.18981447686931,0.11544402470655143
186,block1.Wq,transformer_block,9.610587172320058,0.14732670257848726
187,block1.Wq,transformer_block,9.758899536722945,0.10901079363451147
188,block1.Wq,transformer_block,9.824067081502626,0.1357368105767326
189,block1.Wq,transformer_block,9.583780682481606,0.1272718246703807
190,block1.Wq,transformer_block,10.242927310576594,0.1443189291906991
191,block1.Wq,transformer_block,11.031163960094858,0.16413645582042216
192,block1.Wq,transformer_block,10.705563153920217,0.11524525126603165
193,block1.Wq,transformer_block,8.523421418178687,0.13175824458169103
194,block1.Wq,transformer_block,11.346417674485817,0.1465668084872953
195,block1.Wq,transformer_block,9.525002958651513,0.10139342648941913
196,block1.Wq,transformer_block,7.717343680365992,0.11475150478468461
197,block1.Wq,transformer_block,8.113868254985237,0.10731210154415236
198,block1.Wq,transformer_block,8.317478074008132,0.1109084694182581
199,block1.Wq,transformer_block,9.928072664694389,0.1332633705091209
200,block1.Wq,transformer_block,8.653522147740563,0.12996176114451774
201,block1.Wq,transformer_block,9.912809116439465,0.12149046609452638
202,block1.Wq,transformer_block,11.185559583489164,0.1570662375770452
203,block1.Wq,transformer_block,10.66057485360043,0.14269290014024116
204,block1.Wq,transformer_block,10.272934927536463,0.14009475053765352
205,block1.Wq,transformer_block,12.019440538173926,0.16330147452137106
206,block1.Wq,transformer_block,10.35167410154069,0.13739179444365532
207,block1.Wq,transformer_block,9.02972694295193,0.09967820671158095
208,block1.Wq,transformer_block,9.918992183035416,0.16921577526995332
209,block1.Wq,transformer_block,10.718937483873402,0.09411938227172016
210,block1.Wq,transformer_block,9.58743118631578,0.14824996192126794
211,block1.Wq,transformer_block,9.09105808934089,0.10695769599578536
212,block1.Wq,transformer_block,8.674117296999155,0.11113126435360725
213,block1.Wq,transformer_block,8.230517647187297,0.11692595500936932
214,block1.Wq,transformer_block,8.394785711817601,0.11034763218588409
215,block1.Wq,transformer_block,8.173327924982175,0.11036322168201326
216,block1.Wq,transformer_block,9.765629839399507,0.1405651998364246
217,block1.Wq,transformer_block,8.633413835039047,0.09834534608106944
218,block1.Wq,transformer_block,8.213568475061342,0.12897925172106287
219,block1.Wq,transformer_block,9.936527981170908,0.13497062098263127
220,block1.Wq,transformer_block,9.732565940702887,0.12214214373095107
221,block1.Wq,transformer_block,9.627988117268846,0.14655939728870926
222,block1.Wq,transformer_block,10.803524809038194,0.12207172495143116
223,block1.Wq,transformer_block,9.197193657429475,0.12656305165188822
224,block1.Wq,transformer_block,8.852745357456854,0.09913970449091719
225,block1.Wq,transformer_block,7.829576230608962,0.11016801381959045
226,block1.Wq,transformer_block,9.34585462814803,0.14542051936098022
227,block1.Wq,transformer_block,10.810619370302469,0.13399570038130942
228,block1.Wq,transformer_block,10.246581385984108,0.13628290962713924
229,block1.Wq,transformer_block,9.050437345404001,0.11643698169636926
230,block1.Wq,transformer_block,9.283666583357281,0.11660956962015749
231,block1.Wq,transformer_block,8.61700972799523,0.10380873319741844
232,block1.Wq,transformer_block,9.684881487379853,0.13248814817668722
233,block1.Wq,transformer_block,10.241728314519357,0.1281618765437224
234,block1.Wq,transformer_block,9.243228139733365,0.10889586986345182
235,block1.Wq,transformer_block,9.452752979764522,0.13872118197046068
236,block1.Wq,transformer_block,9.569012564498104,0.12489842054962558
237,block1.Wq,transformer_block,9.743337348578043,0.1069870013560385
238,block1.Wq,transformer_block,7.55716778884272,0.10455493560404719
239,block1.Wq,transformer_block,7.951004842019774,0.10002876430398883
240,block1.Wq,transformer_block,6.6763285466208355,0.09242284381860313
241,block1.Wq,transformer_block,8.59211895668663,0.12898079636991502
242,block1.Wq,transformer_block,10.366588487562908,0.13445525011326906
243,block1.Wq,transformer_block,10.980966822003946,0.14778453523967483
244,block1.Wq,transformer_block,10.478542901935567,0.13744422695641906
245,block1.Wq,transformer_block,9.830674013033812,0.11901282193001132
246,block1.Wq,transformer_block,9.82259087721968,0.12093457537657493
247,block1.Wq,transformer_block,8.918649100653377,0.10478941084012545
248,block1.Wq,transformer_block,7.1939147929199,0.08885235048541823
249,block1.Wq,transformer_block,7.2937012806359105,0.11655554358645745
250,block1.Wq,transformer_block,8.123659219071012,0.10835443889254118
251,block1.Wq,transformer_block,8.710207759088975,0.11996918625323108
252,block1.Wq,transformer_block,8.177842484394745,0.10023348874651185
253,block1.Wq,transformer_block,9.555246644313778,0.13867543992616804
254,block1.Wq,transformer_block,9.296980493057685,0.1261043465897061
255,block1.Wq,transformer_block,9.227796192999659,0.12146567742222854
256,block1.Wq,transformer_block,7.53656731072586,0.10579438001335023
257,block1.Wq,transformer_block,8.743075274493618,0.11668047664476991
258,block1.Wq,transformer_block,8.776348348911547,0.13343767503283316
259,block1.Wq,transformer_block,8.909716249344934,0.12709511462764433
260,block1.Wq,transformer_block,9.467674806637204,0.12504142776215876
261,block1.Wq,transformer_block,7.698789930608598,0.11026976065608471
262,block1.Wq,transformer_block,7.988886356015164,0.10561247279799521
263,block1.Wq,transformer_block,7.895023206857692,0.11249923514369338
264,block1.Wq,transformer_block,9.610029707011908,0.13066710697192352
265,block1.Wq,transformer_block,8.938692604262098,0.11336195948346463
266,block1.Wq,transformer_block,7.945730021118286,0.09810333872951445
267,block1.Wq,transformer_block,8.241199039443828,0.12549918231719237
268,block1.Wq,transformer_block,9.849426911084164,0.13060373455454388
269,block1.Wq,transformer_block,9.030297779606151,0.12646789843729067
270,block1.Wq,transformer_block,9.198370204339271,0.12539501134870074
271,block1.Wq,transformer_block,11.405086144193985,0.1528769964756595
272,block1.Wq,transformer_block,10.331684621454702,0.12625198843461632
273,block1.Wq,transformer_block,9.333908225833047,0.10761842747146186
274,block1.Wq,transformer_block,9.487445163805916,0.13108821455622965
275,block1.Wq,transformer_block,9.020656368092062,0.09926440306533442
276,block1.Wq,transformer_block,8.031548764249084,0.09968124234587375
277,block1.Wq,transformer_block,9.177968196237426,0.12580484127541447
278,block1.Wq,transformer_block,9.148976337727678,0.11996292892173077
279,block1.Wq,transformer_block,9.161368782702299,0.12075062811784082
280,block1.Wq,transformer_block,8.45676015618192,0.11302726990523677
281,block1.Wq,transformer_block,8.564378067012827,0.1078297852203035
282,block1.Wq,transformer_block,9.096638412769263,0.13413448933104313
283,block1.Wq,transformer_block,8.993010947537279,0.10294352502657417
284,block1.Wq,transformer_block,7.3463759703928355,0.1200647468474706
285,block1.Wq,transformer_block,9.220060857729223,0.1128897058935994
286,block1.Wq,transformer_block,9.001598364178323,0.11930160810696905
287,block1.Wq,transformer_block,10.096875933932399,0.12238656077307128
288,block1.Wq,transformer_block,9.617222851975761,0.14160471401131208
289,block1.Wq,transformer_block,10.037600220171884,0.11561460227334013
290,block1.Wq,transformer_block,10.213487593889653,0.13613185179292592
291,block1.Wq,transformer_block,8.908841330713457,0.10215854536144685
292,block1.Wq,transformer_block,7.852129934345551,0.1011795077069679
293,block1.Wq,transformer_block,8.002750787316618,0.11832608400383307
294,block1.Wq,transformer_block,9.144651713326574,0.11461611237438636
295,block1.Wq,transformer_block,7.229996402806604,0.09070655841856677
296,block1.Wq,transformer_block,7.091100550396633,0.09634527520397956
297,block1.Wq,transformer_block,7.602775463276831,0.09797712526059073
298,block1.Wq,transformer_block,7.540526138185637,0.09485845432757715
299,block1.Wq,transformer_block,7.688225847996638,0.11809800148539616
300,block1.Wq,transformer_block,7.96788942696231,0.08706044400228721
301,block1.Wq,transformer_block,7.395771390212864,0.0960540664962164
302,block1.Wq,transformer_block,6.702412696973647,0.10266958502330635
303,block1.Wq,transformer_block,7.3211282733189345,0.10086846296069645
304,block1.Wq,transformer_block,7.528890082447665,0.10665819835587217
305,block1.Wq,transformer_block,7.708399228752702,0.08564804106749313
306,block1.Wq,transformer_block,7.819805112663277,0.11721859755781393
307,block1.Wq,transformer_block,8.35310826863537,0.09694231545974147
308,block1.Wq,transformer_block,7.020773205337117,0.08267459489700664
309,block1.Wq,transformer_block,7.27552956345486,0.10358777822995237
310,block1.Wq,transformer_block,7.439908190910172,0.09298205588541036
311,block1.Wq,transformer_block,8.651401534504625,0.137808603420074
312,block1.Wq,transformer_block,9.938340596905862,0.1051397901622754
313,block1.Wq,transformer_block,7.4115297535504645,0.11347673994537609
314,block1.Wq,transformer_block,7.292131816317883,0.09492183869553644
315,block1.Wq,transformer_block,8.371903996775405,0.12348954426002536
316,block1.Wq,transformer_block,9.073353605614711,0.10801287472792911
317,block1.Wq,transformer_block,8.228840137542955,0.11088471326493794
318,block1.Wq,transformer_block,8.142910091155104,0.10016015059979336
319,block1.Wq,transformer_block,7.856249623711766,0.10639685819081977
320,block1.Wq,transformer_block,7.971066513739494,0.10212250683668372
321,block1.Wq,transformer_block,7.11840721592018,0.1002026388582555
322,block1.Wq,transformer_block,7.6804991603506,0.10019276128340254
323,block1.Wq,transformer_block,8.063898028988866,0.10180545358028001
324,block1.Wq,transformer_block,7.916015378126809,0.1207404459615396
325,block1.Wq,transformer_block,9.579917910065912,0.12342739056146906
326,block1.Wq,transformer_block,8.435942058915499,0.10299302694730528
327,block1.Wq,transformer_block,7.3574499847447425,0.10025622884201725
328,block1.Wq,transformer_block,7.422200010614658,0.09326955209438922
329,block1.Wq,transformer_block,9.2591717714344,0.12926253391877512
330,block1.Wq,transformer_block,9.666407138328308,0.11418291641899937
331,block1.Wq,transformer_block,7.664268420102292,0.09932053850330241
332,block1.Wq,transformer_block,8.180906340704043,0.10773638892874325
333,block1.Wq,transformer_block,8.14660043147413,0.10316617442884371
334,block1.Wq,transformer_block,7.635870231848862,0.11299602477682776
335,block1.Wq,transformer_block,9.244058013304336,0.11375641538271744
336,block1.Wq,transformer_block,9.205865048772296,0.11222486823484928
337,block1.Wq,transformer_block,8.609947359352239,0.10258666317212899
338,block1.Wq,transformer_block,9.041097309859559,0.12485521372354388
339,block1.Wq,transformer_block,8.677522896717576,0.10211814521697096
340,block1.Wq,transformer_block,8.283877117134496,0.11160597639451506
341,block1.Wq,transformer_block,9.420201064213218,0.11429424099341683
342,block1.Wq,transformer_block,8.480573022477614,0.10875430677049842
343,block1.Wq,transformer_block,7.846611477134334,0.08982193126904456
344,block1.Wq,transformer_block,7.486316564866805,0.11195906926254344
345,block1.Wq,transformer_block,8.965793478258446,0.11161243965743606
346,block1.Wq,transformer_block,8.35612159646571,0.10623500592930749
347,block1.Wq,transformer_block,7.352467624698773,0.09939307532548372
348,block1.Wq,transformer_block,8.379125962944206,0.11480474916550758
349,block1.Wq,transformer_block,7.7474474135209555,0.08571715857199116
350,block1.Wq,transformer_block,7.4614813413959915,0.0997830089152749
351,block1.Wq,transformer_block,7.140110127843434,0.09845488250844563
352,block1.Wq,transformer_block,7.76000431225964,0.10047059770746589
353,block1.Wq,transformer_block,7.588494186432869,0.10306220704676229
354,block1.Wq,transformer_block,6.875732833583079,0.09456855958444212
355,block1.Wq,transformer_block,7.423181607352107,0.1005770806981349
356,block1.Wq,transformer_block,7.335112240647509,0.09937241817582881
357,block1.Wq,transformer_block,7.43177577149561,0.10483729822360108
358,block1.Wq,transformer_block,8.443949964924588,0.12040581048589614
359,block1.Wq,transformer_block,8.690006246220534,0.1175984639110983
360,block1.Wq,transformer_block,9.17726262005791,0.11373152891814667
361,block1.Wq,transformer_block,8.751829089475121,0.10638501389419472
362,block1.Wq,transformer_block,8.075179256780014,0.09437581611946615
363,block1.Wq,transformer_block,7.382744231689484,0.11525355734150089
364,block1.Wq,transformer_block,8.42631720474096,0.10461812975924434
365,block1.Wq,transformer_block,7.828813000941228,0.1039800569715643
366,block1.Wq,transformer_block,6.833538158117769,0.10687521422508843
367,block1.Wq,transformer_block,7.6881645187916625,0.08819649194722205
368,block1.Wq,transformer_block,6.6013634611674465,0.08553396334253177
369,block1.Wq,transformer_block,6.926801284547883,0.09806677892018685
370,block1.Wq,transformer_block,7.226055469583783,0.09223772345960458
371,block1.Wq,transformer_block,6.490759818787109,0.093723756356803
372,block1.Wq,transformer_block,7.954118471125154,0.1148340654329294
373,block1.Wq,transformer_block,9.31705323093413,0.11302068009284515
374,block1.Wq,transformer_block,8.877544137421369,0.10570416203917482
375,block1.Wq,transformer_block,7.978858436727901,0.10335052038639626
376,block1.Wq,transformer_block,7.737861684746893,0.10401045199594829
377,block1.Wq,transformer_block,7.792485458080876,0.09979739400926158
378,block1.Wq,transformer_block,7.7853319058191595,0.11243562774564556
379,block1.Wq,transformer_block,8.194941541894192,0.10702934827108629
380,block1.Wq,transformer_block,7.950400151539341,0.11592409404979112
381,block1.Wq,transformer_block,7.673591311949243,0.10130982783750403
382,block1.Wq,transformer_block,6.999800149362917,0.08839786610484981
383,block1.Wq,transformer_block,7.317542755626982,0.10268673575066421
384,block1.Wq,transformer_block,8.166640772187185,0.10280045844734575
385,block1.Wq,transformer_block,8.211097105046111,0.10586384161598023
386,block1.Wq,transformer_block,6.822959252448598,0.07881108799338342
387,block1.Wq,transformer_block,6.194248920048584,0.08679739859354124
388,block1.Wq,transformer_block,6.450504863389058,0.09004097502445499
389,block1.Wq,transformer_block,7.341466411842035,0.11460194895785135
390,block1.Wq,transformer_block,7.894004620893296,0.10300333118080239
391,block1.Wq,transformer_block,7.617400238736043,0.09452391440406697
392,block1.Wq,transformer_block,7.9815128141701095,0.11228834370823562
393,block1.Wq,transformer_block,6.997507181083684,0.09124304804124261
394,block1.Wq,transformer_block,9.039079179706466,0.13130993565088184
395,block1.Wq,transformer_block,8.687979392852313,0.10078457422434187
396,block1.Wq,transformer_block,7.1558475306754215,0.11024901167053826
397,block1.Wq,transformer_block,7.346493797948632,0.09478524914392444
398,block1.Wq,transformer_block,7.5633571639360735,0.11514782859447695
399,block1.Wq,transformer_block,8.799468038784411,0.11319935491266797
400,block1.Wq,transformer_block,9.321539845117028,0.11301235561769186
401,block1.Wq,transformer_block,8.71435308382853,0.13079685919003986
402,block1.Wq,transformer_block,8.34051542642555,0.10821826722488423
403,block1.Wq,transformer_block,8.364168464002939,0.09844537082273758
404,block1.Wq,transformer_block,7.939527609698654,0.10779610377150901
405,block1.Wq,transformer_block,8.839757761908468,0.12518308702432474
406,block1.Wq,transformer_block,9.325790753830418,0.11897271710525179
407,block1.Wq,transformer_block,9.736475105284729,0.1308574034821646
408,block1.Wq,transformer_block,7.970477004669283,0.09492107328693908
409,block1.Wq,transformer_block,8.35637424669459,0.1145279308699187
410,block1.Wq,transformer_block,8.892588872542701,0.11619744790696526
411,block1.Wq,transformer_block,8.423381145075242,0.1098830449958504
412,block1.Wq,transformer_block,8.878422055005451,0.11925220251139927
413,block1.Wq,transformer_block,8.40726045079757,0.09693631880365092
414,block1.Wq,transformer_block,8.050308973589107,0.09938641294956264
415,block1.Wq,transformer_block,8.029470825548108,0.10855377852568915
416,block1.Wq,transformer_block,8.135305625430046,0.08858580317106073
417,block1.Wq,transformer_block,7.580996180783455,0.10132820139111623
418,block1.Wq,transformer_block,8.80425420942744,0.13487574502594413
419,block1.Wq,transformer_block,8.771054982883525,0.09829650105631123
420,block1.Wq,transformer_block,9.002683711636283,0.1310521045940513
421,block1.Wq,transformer_block,8.6628223508508,0.09719276633094227
422,block1.Wq,transformer_block,7.339267354805787,0.10783291376502699
423,block1.Wq,transformer_block,8.406730940644675,0.10723113592723259
424,block1.Wq,transformer_block,8.477259474809472,0.1054305628688743
425,block1.Wq,transformer_block,7.823244345298211,0.10435196454496541
426,block1.Wq,transformer_block,8.532281292105266,0.10550600330810508
427,block1.Wq,transformer_block,7.6578993024975714,0.1127584319948032
428,block1.Wq,transformer_block,7.465069269935947,0.09759603997976614
429,block1.Wq,transformer_block,7.29359138084745,0.08962026570633175
430,block1.Wq,transformer_block,6.80746625421795,0.09833594820214583
431,block1.Wq,transformer_block,7.525380941098743,0.112638560510649
432,block1.Wq,transformer_block,7.922315173328665,0.09662714417805676
433,block1.Wq,transformer_block,8.906215652712572,0.12081767139510742
434,block1.Wq,transformer_block,8.135305491924683,0.09095033523858534
435,block1.Wq,transformer_block,6.694396802386299,0.08714454186666942
436,block1.Wq,transformer_block,7.393705582094329,0.09984971601547002
437,block1.Wq,transformer_block,7.776209159334506,0.10138557315774989
438,block1.Wq,transformer_block,8.029666075886396,0.1034173062462374
439,block1.Wq,transformer_block,7.776207141169092,0.11198720616286065
440,block1.Wq,transformer_block,8.687441168019127,0.12233176195586432
441,block1.Wq,transformer_block,7.652635211374336,0.08373078108610574
442,block1.Wq,transformer_block,8.328371972326712,0.12066480051099056
443,block1.Wq,transformer_block,8.71508483050987,0.11831738420467977
444,block1.Wq,transformer_block,8.588457007906594,0.10455658653248343
445,block1.Wq,transformer_block,8.262754870441126,0.09987947568786681
446,block1.Wq,transformer_block,7.507034066581992,0.10395903543541357
447,block1.Wq,transformer_block,8.26573116031714,0.10276041595819503
448,block1.Wq,transformer_block,7.335745431039973,0.09555597623237155
449,block1.Wq,transformer_block,7.990378910257894,0.10914309528275064
450,block1.Wq,transformer_block,9.553382932568338,0.11862951033453856
451,block1.Wq,transformer_block,8.14366507516605,0.09712918065444978
452,block1.Wq,transformer_block,7.017841148370678,0.09843783050974886
453,block1.Wq,transformer_block,6.570755529147943,0.08533907929736634
454,block1.Wq,transformer_block,7.126972018351676,0.09595765520464364
455,block1.Wq,transformer_block,7.428734884481801,0.10443398805811091
456,block1.Wq,transformer_block,7.366352191451204,0.0980379237171139
457,block1.Wq,transformer_block,7.956975176504999,0.11795049800477433
458,block1.Wq,transformer_block,8.618728634904395,0.10412727248878187
459,block1.Wq,transformer_block,7.711105759010295,0.10820364226285384
460,block1.Wq,transformer_block,7.596618671386609,0.09213390359543283
461,block1.Wq,transformer_block,8.707518079417525,0.14187152294511413
462,block1.Wq,transformer_block,9.669203256207615,0.13942940085950153
463,block1.Wq,transformer_block,9.031319223166895,0.11898982312399933
464,block1.Wq,transformer_block,8.843681653840699,0.10854970771710981
465,block1.Wq,transformer_block,7.581677999938005,0.0989510032419846
466,block1.Wq,transformer_block,8.626417184143659,0.1254380953763301
467,block1.Wq,transformer_block,9.240491849498603,0.10747902091408672
468,block1.Wq,transformer_block,8.680887765037944,0.12295102236866828
469,block1.Wq,transformer_block,8.009300248262695,0.10124116652814003
470,block1.Wq,transformer_block,7.80272633844588,0.09840984256277753
471,block1.Wq,transformer_block,8.124042007008265,0.13012929543840496
472,block1.Wq,transformer_block,8.991591665477772,0.10185443804804226
473,block1.Wq,transformer_block,7.108982226868589,0.0932536120133888
474,block1.Wq,transformer_block,7.400432632744055,0.103158120722669
475,block1.Wq,transformer_block,8.173557105570762,0.11243445172967678
476,block1.Wq,transformer_block,7.934347119270684,0.10386076044972227
477,block1.Wq,transformer_block,7.10040029782102,0.08840231802058875
478,block1.Wq,transformer_block,7.7969801653738635,0.10082262961120156
479,block1.Wq,transformer_block,8.884201256606486,0.12957999690217695
480,block1.Wq,transformer_block,9.423842301153988,0.10599129890022364
481,block1.Wq,transformer_block,7.8259368014190285,0.11944239701156119
482,block1.Wq,transformer_block,9.902333564942083,0.11412062952248458
483,block1.Wq,transformer_block,7.777393890507874,0.09197343112425052
484,block1.Wq,transformer_block,8.376896665186289,0.12523086287858298
485,block1.Wq,transformer_block,8.433830401214301,0.10708929146597762
486,block1.Wq,transformer_block,8.567298971634187,0.11991917582445337
487,block1.Wq,transformer_block,8.340228692384532,0.11238622437784598
488,block1.Wq,transformer_block,6.411199661653009,0.11101958645674496
489,block1.Wq,transformer_block,7.617141011747758,0.08320257049610377
490,block1.Wq,transformer_block,7.119681655767891,0.10525907977473864
491,block1.Wq,transformer_block,8.218080301764068,0.10769748972251891
492,block1.Wq,transformer_block,7.697718306169932,0.08996517202701798
493,block1.Wq,transformer_block,6.915310795400508,0.10182453729324664
494,block1.Wq,transformer_block,7.041758967756891,0.09588752947580242
495,block1.Wq,transformer_block,8.246632113959866,0.11274528784368991
496,block1.Wq,transformer_block,7.830524126484652,0.12926229967443048
497,block1.Wq,transformer_block,9.891349447379,0.11726502837973093
498,block1.Wq,transformer_block,9.857691235919146,0.1278443115707892
499,block1.Wq,transformer_block,9.534964722044014,0.11583742536252196
500,block1.Wq,transformer_block,8.33287281861383,0.09798738830826383
501,block1.Wq,transformer_block,6.981620217901443,0.11085126855037326
502,block1.Wq,transformer_block,8.124233979526398,0.10356313867646565
503,block1.Wq,transformer_block,8.378380942591201,0.11056486049216367
504,block1.Wq,transformer_block,7.636183732797919,0.10190981757609324
505,block1.Wq,transformer_block,7.469956323596657,0.09635465007655797
506,block1.Wq,transformer_block,7.773958651385151,0.09408654708162767
507,block1.Wq,transformer_block,7.4461971799990625,0.09721518039564782
508,block1.Wq,transformer_block,8.48770961790869,0.11771969049125232
509,block1.Wq,transformer_block,8.170788054881788,0.09309697015193308
510,block1.Wq,transformer_block,6.37381660817368,0.10175244387484349
511,block1.Wq,transformer_block,7.238231238885454,0.10702554280805142
512,block1.Wq,transformer_block,7.615386296726921,0.08025655993193799
513,block1.Wq,transformer_block,6.7177810681776995,0.10129329366397272
514,block1.Wq,transformer_block,8.568315450563253,0.1117984110118671
515,block1.Wq,transformer_block,8.614400066549292,0.11607074439614427
516,block1.Wq,transformer_block,8.109492282991303,0.08237884102169057
517,block1.Wq,transformer_block,7.148295389589621,0.11775060461253169
518,block1.Wq,transformer_block,8.728250716479618,0.10055597756575076
519,block1.Wq,transformer_block,7.551457623707502,0.11256457423514521
520,block1.Wq,transformer_block,8.762375766845613,0.10660094327685785
521,block1.Wq,transformer_block,9.70755964408212,0.13510883061964524
522,block1.Wq,transformer_block,9.331019526761414,0.10692104950913889
523,block1.Wq,transformer_block,7.190404717091866,0.08326154261780311
524,block1.Wq,transformer_block,7.163883367805595,0.10416673995335185
525,block1.Wq,transformer_block,7.42247599575401,0.10345293216225558
526,block1.Wq,transformer_block,6.784460809027122,0.09638811222058781
527,block1.Wq,transformer_block,7.444148683266787,0.10556675701455034
528,block1.Wq,transformer_block,9.2627022594979,0.1532611642721963
529,block1.Wq,transformer_block,9.787678827485422,0.0927988052360664
530,block1.Wq,transformer_block,8.029616655541851,0.12183489111161673
531,block1.Wq,transformer_block,8.854784329014397,0.11229006838331636
532,block1.Wq,transformer_block,8.608497728323837,0.11490103909253765
533,block1.Wq,transformer_block,10.018106453684204,0.12925748711891052
534,block1.Wq,transformer_block,9.442653901471298,0.1039734770420519
535,block1.Wq,transformer_block,8.959342701072007,0.11554929737050482
536,block1.Wq,transformer_block,7.551074333314864,0.09519179952139024
537,block1.Wq,transformer_block,7.733157717213407,0.10424082564748754
538,block1.Wq,transformer_block,7.532984329395707,0.12251550469477379
539,block1.Wq,transformer_block,8.763388954301817,0.11757869352148867
540,block1.Wq,transformer_block,7.5947563775382365,0.09141444448053743
541,block1.Wq,transformer_block,6.480919478432264,0.0961769855110591
542,block1.Wq,transformer_block,8.795945536009233,0.12393442267948822
543,block1.Wq,transformer_block,9.301554989367135,0.1045360893771698
544,block1.Wq,transformer_block,7.125226441538697,0.0735290017697882
545,block1.Wq,transformer_block,6.660001839025134,0.110296540773531
546,block1.Wq,transformer_block,8.838742906681402,0.12032460637605241
547,block1.Wq,transformer_block,8.764163735969376,0.10344799698928185
548,block1.Wq,transformer_block,7.6199696999711914,0.10543204163584254
549,block1.Wq,transformer_block,7.610758634348161,0.09761085490271385
550,block1.Wq,transformer_block,7.545027076312849,0.11613362040721019
551,block1.Wq,transformer_block,8.794995634053446,0.10609649898278403
552,block1.Wq,transformer_block,7.693956685100148,0.10214138873144399
553,block1.Wq,transformer_block,6.501087090867009,0.09062157239616835
554,block1.Wq,transformer_block,7.1167590792861946,0.09981810962020247
555,block1.Wq,transformer_block,7.088184829631059,0.1051159970361434
556,block1.Wq,transformer_block,7.973130727013449,0.10684105033619118
557,block1.Wq,transformer_block,7.9699882375643085,0.0931672317138852
558,block1.Wq,transformer_block,7.6612101182636145,0.1010965351680291
559,block1.Wq,transformer_block,7.323136805434817,0.09488172959912064
560,block1.Wq,transformer_block,7.22318605603103,0.08939892095045839
561,block1.Wq,transformer_block,7.588871596466612,0.11719854223731221
562,block1.Wq,transformer_block,8.384140424653378,0.11164461489091107
563,block1.Wq,transformer_block,9.611875829327113,0.12533263269039874
564,block1.Wq,transformer_block,9.356786266630099,0.11271729976698462
565,block1.Wq,transformer_block,7.958069670097721,0.10499282780080128
566,block1.Wq,transformer_block,7.913079014522534,0.10299982124246122
567,block1.Wq,transformer_block,7.062933771143296,0.09355687138601076
568,block1.Wq,transformer_block,6.632703856109793,0.08696132756148195
569,block1.Wq,transformer_block,6.8729806429127285,0.10316759613883622
570,block1.Wq,transformer_block,8.249580930790238,0.11307906090627813
571,block1.Wq,transformer_block,8.081500818853439,0.09351150242172104
572,block1.Wq,transformer_block,7.081280694384665,0.09053137100029826
573,block1.Wq,transformer_block,5.459835535974511,0.07561750204344843
574,block1.Wq,transformer_block,6.681310775634215,0.09976910668026356
575,block1.Wq,transformer_block,7.632107298561469,0.11263972114612827
576,block1.Wq,transformer_block,8.709334483319994,0.11002755816583273
577,block1.Wq,transformer_block,8.090626540781226,0.10278385170973933
578,block1.Wq,transformer_block,7.731284527296953,0.09757747387027266
579,block1.Wq,transformer_block,8.212601895189126,0.09986186378960231
580,block1.Wq,transformer_block,7.36305967596372,0.11472751286897702
581,block1.Wq,transformer_block,9.480793937975413,0.11985788881189177
582,block1.Wq,transformer_block,9.385403576957616,0.11601102828786382
583,block1.Wq,transformer_block,8.434547983373553,0.09640992873360679
584,block1.Wq,transformer_block,7.15444691297379,0.08623835905227364
585,block1.Wq,transformer_block,6.332355412942088,0.08355992220179721
586,block1.Wq,transformer_block,7.281308442510434,0.09223583202044777
587,block1.Wq,transformer_block,7.337537102845861,0.09463539474092118
588,block1.Wq,transformer_block,6.57384879695644,0.08786575878506216
589,block1.Wq,transformer_block,6.881553923376977,0.08927949986162569
590,block1.Wq,transformer_block,8.332453217143367,0.11311858316017662
591,block1.Wq,transformer_block,6.524650870986331,0.0912997702170997
592,block1.Wq,transformer_block,6.746990384098972,0.07934590775005777
593,block1.Wq,transformer_block,6.961312062484483,0.1101959259048938
594,block1.Wq,transformer_block,7.167397841253008,0.08491002650984678
595,block1.Wq,transformer_block,6.998112326581082,0.09411411558049668
596,block1.Wq,transformer_block,7.224699811311989,0.10048468931025276
597,block1.Wq,transformer_block,7.572912222225853,0.10088935673372648
598,block1.Wq,transformer_block,8.335949658766056,0.10372786817287508
599,block1.Wq,transformer_block,8.168896161983039,0.10811682341128506
600,block1.Wq,transformer_block,7.5628272677327395,0.09506552702054218
601,block1.Wq,transformer_block,7.774519103291354,0.10763317886260892
602,block1.Wq,transformer_block,7.52881307372923,0.09260751233218857
603,block1.Wq,transformer_block,7.091766533307683,0.09304350460290196
604,block1.Wq,transformer_block,6.75975210300207,0.08242571966883239
605,block1.Wq,transformer_block,9.024688582494049,0.14209731268932072
606,block1.Wq,transformer_block,9.675640996193264,0.09682014162492739
607,block1.Wq,transformer_block,6.640426155734548,0.07881558743199757
608,block1.Wq,transformer_block,6.858058293993566,0.10459989191595115
609,block1.Wq,transformer_block,7.773037818548406,0.10902987212110889
610,block1.Wq,transformer_block,7.244996438605546,0.07104956042923863
611,block1.Wq,transformer_block,5.768538566581403,0.08564557230523138
612,block1.Wq,transformer_block,6.885444764136987,0.09937683445761937
613,block1.Wq,transformer_block,8.528767634570011,0.10744165144602583
614,block1.Wq,transformer_block,8.572822620778485,0.11189945773917806
615,block1.Wq,transformer_block,7.8752999866308615,0.10624230175926831
616,block1.Wq,transformer_block,8.194821747959137,0.09811265743268544
617,block1.Wq,transformer_block,6.3855380685762935,0.07943902427563913
618,block1.Wq,transformer_block,6.892526488265827,0.09875584463236921
619,block1.Wq,transformer_block,7.753563422227648,0.0994544021512883
620,block1.Wq,transformer_block,7.243806445251688,0.07946672267461653
621,block1.Wq,transformer_block,5.849676218486818,0.09366151522872135
622,block1.Wq,transformer_block,7.834407390601189,0.09955242939153403
623,block1.Wq,transformer_block,6.636411051094196,0.08246316975713092
624,block1.Wq,transformer_block,6.838392717199938,0.09015589573436414
625,block1.Wq,transformer_block,6.288296550869822,0.09617159122269565
626,block1.Wq,transformer_block,7.992180369560405,0.09852681394831904
627,block1.Wq,transformer_block,7.286276818577515,0.08717618897612964
628,block1.Wq,transformer_block,6.984081084099503,0.09533775491901075
629,block1.Wq,transformer_block,7.573930183542917,0.09741565535253852
630,block1.Wq,transformer_block,7.164630383192983,0.09806959931524793
631,block1.Wq,transformer_block,6.590916845196844,0.07703614498912517
632,block1.Wq,transformer_block,6.13358516632194,0.10041107272710385
633,block1.Wq,transformer_block,7.033842735270375,0.08192178771139169
634,block1.Wq,transformer_block,6.946517933501865,0.10265425629132613
635,block1.Wq,transformer_block,6.87182780739931,0.08773424203010796
636,block1.Wq,transformer_block,5.485114108044119,0.07049667540699546
637,block1.Wq,transformer_block,7.205823535611001,0.11678211228905155
638,block1.Wq,transformer_block,8.771701125671107,0.09979110378185044
639,block1.Wq,transformer_block,8.363206334829735,0.1147410467455783
640,block1.Wq,transformer_block,8.819122074284127,0.11113891498530105
641,block1.Wq,transformer_block,7.553853571285375,0.0917964132321478
642,block1.Wq,transformer_block,7.195023439688871,0.10818571957189925
643,block1.Wq,transformer_block,8.089129434916693,0.09296006092370812
644,block1.Wq,transformer_block,8.219424072340464,0.1125879969164462
645,block1.Wq,transformer_block,7.480593803397058,0.09136888171492069
646,block1.Wq,transformer_block,7.204923675638595,0.09672666412359061
647,block1.Wq,transformer_block,5.644266278629705,0.08293676415346343
648,block1.Wq,transformer_block,5.421071593509257,0.06525635820390956
649,block1.Wq,transformer_block,6.096806880874771,0.10214220979984065
650,block1.Wq,transformer_block,6.990587439734419,0.10878575560325536
651,block1.Wq,transformer_block,6.761678413874783,0.07383697860624452
652,block1.Wq,transformer_block,6.769372749185642,0.09911368266730589
653,block1.Wq,transformer_block,7.219185488452027,0.0975694701273293
654,block1.Wq,transformer_block,7.33712468155682,0.09396220221541504
655,block1.Wq,transformer_block,8.091014873618638,0.11160350895842079
656,block1.Wq,transformer_block,7.044445835958441,0.06965246501762049
657,block1.Wq,transformer_block,6.042261079363594,0.0841802009529545
658,block1.Wq,transformer_block,7.840506723535495,0.11197207836937718
659,block1.Wq,transformer_block,7.94345149752111,0.10124678969221718
660,block1.Wq,transformer_block,7.829731029108429,0.1066403045533054
661,block1.Wq,transformer_block,10.992442849504544,0.15429734763337588
662,block1.Wq,transformer_block,10.025967113180036,0.09991101707526015
663,block1.Wq,transformer_block,8.60462998023096,0.09962797516044115
664,block1.Wq,transformer_block,7.483886809653151,0.09723331061613086
665,block1.Wq,transformer_block,7.957342921368725,0.11494814125637398
666,block1.Wq,transformer_block,8.825119045712523,0.10679143844620714
667,block1.Wq,transformer_block,8.200129733485229,0.10236507795672678
668,block1.Wq,transformer_block,8.201151509782601,0.10209187088209977
669,block1.Wq,transformer_block,7.4800321197198185,0.0975975122927367
670,block1.Wq,transformer_block,8.208457631079332,0.1000626119917546
671,block1.Wq,transformer_block,7.323102717670835,0.10800356580891626
672,block1.Wq,transformer_block,9.552760002191183,0.12691157570225914
673,block1.Wq,transformer_block,8.75706106822396,0.09861142283487144
674,block1.Wq,transformer_block,8.490020787742127,0.10922197155540747
675,block1.Wq,transformer_block,7.242953995444203,0.09239011024603222
676,block1.Wq,transformer_block,7.54182256307228,0.11251671662586314
677,block1.Wq,transformer_block,8.409162452564495,0.10112725832272879
678,block1.Wq,transformer_block,7.499152431649615,0.0974798425487842
679,block1.Wq,transformer_block,7.31299274130661,0.09929067257609464
680,block1.Wq,transformer_block,7.563658587898824,0.09223762252667934
681,block1.Wq,transformer_block,7.434653175429653,0.09411922406588194
682,block1.Wq,transformer_block,6.791780368125177,0.10252615166096923
683,block1.Wq,transformer_block,7.83435620056961,0.11214056043698802
684,block1.Wq,transformer_block,7.649298194913465,0.09896832737597497
685,block1.Wq,transformer_block,7.789247307669233,0.10335807247338848
686,block1.Wq,transformer_block,7.895699349221302,0.09521015040832559
687,block1.Wq,transformer_block,7.124377129836629,0.08839083519956623
688,block1.Wq,transformer_block,8.616709540369332,0.11433300845695889
689,block1.Wq,transformer_block,8.509357574444518,0.10141797631806553
690,block1.Wq,transformer_block,7.5043166651452005,0.09335044322707646
691,block1.Wq,transformer_block,7.388122686624446,0.10768229960566972
692,block1.Wq,transformer_block,9.131380529515754,0.12137281549362858
693,block1.Wq,transformer_block,8.048974603772498,0.09803621487810149
694,block1.Wq,transformer_block,7.496726633393952,0.1081382173379026
695,block1.Wq,transformer_block,7.568179399485505,0.09570125559863651
696,block1.Wq,transformer_block,6.826640654025094,0.10268137842055722
697,block1.Wq,transformer_block,8.369956554394278,0.09444155012891506
698,block1.Wq,transformer_block,6.601625146510906,0.08257717013281278
0,block1.Wk,transformer_block,0.6945656917677769,0.008722276785655694
1,block1.Wk,transformer_block,0.5500688979836112,0.007924167106859437
2,block1.Wk,transformer_block,0.562055804197764,0.0056129039224606095
3,block1.Wk,transformer_block,0.5872379604414724,0.012330233375434842
4,block1.Wk,transformer_block,0.9002839123454532,0.00774267880393899
5,block1.Wk,transformer_block,0.6292914861532385,0.009309651277497565
6,block1.Wk,transformer_block,1.1102521497123494,0.025917808612132474
7,block1.Wk,transformer_block,1.2775373712832663,0.01332297561751084
8,block1.Wk,transformer_block,1.1256379093595523,0.023353554431756757
9,block1.Wk,transformer_block,2.0019054167885963,0.02381290998513671
10,block1.Wk,transformer_block,2.6829757842450532,0.03345443675502629
11,block1.Wk,transformer_block,2.9684959944073737,0.030995860346333944
12,block1.Wk,transformer_block,2.1745519905871276,0.020214119768716017
13,block1.Wk,transformer_block,1.8510358425036404,0.026841482023015735
14,block1.Wk,transformer_block,2.2022401914609357,0.030806958017351047
15,block1.Wk,transformer_block,2.4511498617555647,0.031569521435436135
16,block1.Wk,transformer_block,4.284524764372813,0.08331800150649989
17,block1.Wk,transformer_block,3.3770315733702785,0.06834482123176887
18,block1.Wk,transformer_block,3.625342318821118,0.053874967022583084
19,block1.Wk,transformer_block,6.249570755927001,0.1112184403152581
20,block1.Wk,transformer_block,7.886946702742111,0.08774923762419595
21,block1.Wk,transformer_block,7.823735304108083,0.12339207963080404
22,block1.Wk,transformer_block,7.254841968575123,0.11992976376432257
23,block1.Wk,transformer_block,9.57011283858908,0.1248264346008405
24,block1.Wk,transformer_block,7.755234515047024,0.09698185025891823
25,block1.Wk,transformer_block,10.928726672355467,0.19830047422048683
26,block1.Wk,transformer_block,13.110486128544114,0.1308945047702435
27,block1.Wk,transformer_block,11.275837904531624,0.1483539211217229
28,block1.Wk,transformer_block,9.586226159602521,0.15530699714531637
29,block1.Wk,transformer_block,9.501934011485295,0.12446806247887157
30,block1.Wk,transformer_block,8.608711172179188,0.1166881930468811
31,block1.Wk,transformer_block,10.571798519519945,0.15954695545722036
32,block1.Wk,transformer_block,10.87077888984232,0.16596472884409402
33,block1.Wk,transformer_block,12.183413991106592,0.17807137068276155
34,block1.Wk,transformer_block,12.403736839512161,0.17739937398689715
35,block1.Wk,transformer_block,12.711056359808246,0.1594799467637419
36,block1.Wk,transformer_block,12.864313817314182,0.15640308036525757
37,block1.Wk,transformer_block,10.746402877464615,0.13282294325549016
38,block1.Wk,transformer_block,11.71966141950292,0.1854931327138025
39,block1.Wk,transformer_block,10.22883375701064,0.11845451396967717
40,block1.Wk,transformer_block,13.008301060915388,0.2321705975540208
41,block1.Wk,transformer_block,15.578287584245256,0.1535077859688567
42,block1.Wk,transformer_block,13.030895669995912,0.16181965615827307
43,block1.Wk,transformer_block,14.009507611290218,0.18681873947116212
44,block1.Wk,transformer_block,15.672305573669764,0.2217348827346558
45,block1.Wk,transformer_block,12.71497377427271,0.12393423219350064
46,block1.Wk,transformer_block,11.416212124401623,0.18897044800246107
47,block1.Wk,transformer_block,14.579668489121925,0.18015386873873307
48,block1.Wk,transformer_block,13.44256064340016,0.1582066232475628
49,block1.Wk,transformer_block,12.693967914995753,0.1708188563586942
50,block1.Wk,transformer_block,14.037294904270826,0.21406896428123473
51,block1.Wk,transformer_block,13.55846021905859,0.14140126398374625
52,block1.Wk,transformer_block,11.778358571099425,0.1765283615537876
53,block1.Wk,transformer_block,12.016071172670241,0.14728579524589433
54,block1.Wk,transformer_block,11.89546963972786,0.17758845971270265
55,block1.Wk,transformer_block,12.568226511120546,0.18644931828219258
56,block1.Wk,transformer_block,14.129409595041231,0.1673471414796733
57,block1.Wk,transformer_block,11.88594027207658,0.1489510839370649
58,block1.Wk,transformer_block,13.231296130152018,0.18581290206844858
59,block1.Wk,transformer_block,12.176741016751796,0.14473544060263152
60,block1.Wk,transformer_block,13.114306742865432,0.17778302636443846
61,block1.Wk,transformer_block,13.008624076540562,0.15109960724280838
62,block1.Wk,transformer_block,11.035161348615702,0.1684601033075612
63,block1.Wk,transformer_block,11.603905252880601,0.1679759284805383
64,block1.Wk,transformer_block,11.607898286266076,0.14510286401757527
65,block1.Wk,transformer_block,11.660034800514428,0.17480668914992273
66,block1.Wk,transformer_block,13.374313080316455,0.16970229266205528
67,block1.Wk,transformer_block,15.795230568417551,0.21000546328997152
68,block1.Wk,transformer_block,14.980522184017795,0.15482348744996013
69,block1.Wk,transformer_block,11.051845775928541,0.1518905079790099
70,block1.Wk,transformer_block,12.769716070695038,0.16237902129073836
71,block1.Wk,transformer_block,11.446933041609983,0.16499973644160099
72,block1.Wk,transformer_block,12.494455312991782,0.15239161877517277
73,block1.Wk,transformer_block,11.35563252072888,0.13244863861939685
74,block1.Wk,transformer_block,11.390173362599704,0.16074027385870787
75,block1.Wk,transformer_block,10.134521009931202,0.1410078950950078
76,block1.Wk,transformer_block,10.509798150871632,0.14850617446300032
77,block1.Wk,transformer_block,10.807229268200649,0.14656031736039588
78,block1.Wk,transformer_block,10.644134560349292,0.12821077396587105
79,block1.Wk,transformer_block,9.907161137841364,0.14255250554469792
80,block1.Wk,transformer_block,11.25876000427308,0.1479248956332821
81,block1.Wk,transformer_block,10.945321208006138,0.15068168101720777
82,block1.Wk,transformer_block,11.458624303523736,0.15723806663263323
83,block1.Wk,transformer_block,11.306498859123032,0.15176572119164067
84,block1.Wk,transformer_block,11.762894898590844,0.1538840067448548
85,block1.Wk,transformer_block,11.787451322754094,0.152312206525979
86,block1.Wk,transformer_block,11.074241257585022,0.14338618410712606
87,block1.Wk,transformer_block,10.975848683073327,0.14543198178849176
88,block1.Wk,transformer_block,10.543691882290748,0.1298677782066423
89,block1.Wk,transformer_block,9.217391552945784,0.13305087779478272
90,block1.Wk,transformer_block,11.858717364794982,0.16327023078161815
91,block1.Wk,transformer_block,11.347040637789776,0.136557599966172
92,block1.Wk,transformer_block,9.687907133166174,0.12840647931272614
93,block1.Wk,transformer_block,10.159762577772947,0.13732084229416686
94,block1.Wk,transformer_block,9.792246441746023,0.14542666524815906
95,block1.Wk,transformer_block,9.379109955313206,0.11556979899350042
96,block1.Wk,transformer_block,12.58274799037812,0.20548954040101008
97,block1.Wk,transformer_block,12.525653308967456,0.14122174570477386
98,block1.Wk,transformer_block,12.693751229531959,0.18380087722666738
99,block1.Wk,transformer_block,11.388621638250893,0.1333667662498535
100,block1.Wk,transformer_block,9.970610665959812,0.13245595248502345
101,block1.Wk,transformer_block,9.964875369565066,0.12997166132641907
102,block1.Wk,transformer_block,10.018601164570393,0.1392825786704294
103,block1.Wk,transformer_block,10.823366889989284,0.14814587193305673
104,block1.Wk,transformer_block,10.345854413314699,0.12031024328651711
105,block1.Wk,transformer_block,9.349237401780254,0.13745096855161704
106,block1.Wk,transformer_block,11.208586345507136,0.14987521745566484
107,block1.Wk,transformer_block,11.458749012556071,0.13505574991446057
108,block1.Wk,transformer_block,8.825772047879104,0.11901248089773492
109,block1.Wk,transformer_block,9.17120246143064,0.13435688103625532
110,block1.Wk,transformer_block,10.589844035038249,0.1422690616170397
111,block1.Wk,transformer_block,9.004697153550339,0.11156903633530128
112,block1.Wk,transformer_block,8.702979639319244,0.11140666930333767
113,block1.Wk,transformer_block,9.791180498469204,0.1578617938370515
114,block1.Wk,transformer_block,11.279501691563643,0.13372488576473085
115,block1.Wk,transformer_block,10.060676526631628,0.13325819767961927
116,block1.Wk,transformer_block,11.034178669591247,0.14531271008488267
117,block1.Wk,transformer_block,10.948440910079956,0.1439310865728329
118,block1.Wk,transformer_block,10.914352245840583,0.14949146497933186
119,block1.Wk,transformer_block,12.32132949873022,0.1700866936082059
120,block1.Wk,transformer_block,12.541499754624388,0.14621530989820486
121,block1.Wk,transformer_block,10.787763017441344,0.1433637778904857
122,block1.Wk,transformer_block,12.043694165129299,0.15559279398416875
123,block1.Wk,transformer_block,12.722037853973463,0.15635326119742815
124,block1.Wk,transformer_block,10.416474595602454,0.13037933655449407
125,block1.Wk,transformer_block,10.178762942520313,0.13249844218913565
126,block1.Wk,transformer_block,10.047224029333236,0.13222947875510982
127,block1.Wk,transformer_block,10.002392542473297,0.13305533863317776
128,block1.Wk,transformer_block,9.042387957778917,0.13776400158856555
129,block1.Wk,transformer_block,11.082178334351317,0.14393147348860505
130,block1.Wk,transformer_block,9.416443213745913,0.11701746880078015
131,block1.Wk,transformer_block,9.973754433609493,0.13400916838321186
132,block1.Wk,transformer_block,11.585509893159406,0.14672511779077943
133,block1.Wk,transformer_block,9.369780453118485,0.10182362040994977
134,block1.Wk,transformer_block,8.391768938887086,0.11479631649993775
135,block1.Wk,transformer_block,8.388981683593581,0.1194310792244715
136,block1.Wk,transformer_block,10.468107338063195,0.1380395830471563
137,block1.Wk,transformer_block,9.826748906147861,0.1261187814770561
138,block1.Wk,transformer_block,9.70141634255899,0.12803438124601713
139,block1.Wk,transformer_block,9.474815236264725,0.12079099851211206
140,block1.Wk,transformer_block,7.980435393034468,0.11057288321878268
141,block1.Wk,transformer_block,8.918670761856644,0.11418733994524452
142,block1.Wk,transformer_block,8.471047743953704,0.1158357997098384
143,block1.Wk,transformer_block,9.02886253872025,0.1246357375129358
144,block1.Wk,transformer_block,9.994330165041852,0.14337994937806203
145,block1.Wk,transformer_block,10.29828359256886,0.10517649314167427
146,block1.Wk,transformer_block,8.680583524470109,0.1421046304167742
147,block1.Wk,transformer_block,9.979851468418364,0.12506863982682015
148,block1.Wk,transformer_block,8.728966357771474,0.12668516695650014
149,block1.Wk,transformer_block,10.127178069954798,0.13556234770926426
150,block1.Wk,transformer_block,11.289729186298414,0.1323482895544024
151,block1.Wk,transformer_block,10.947564538967178,0.12785747101010925
152,block1.Wk,transformer_block,9.001862272298295,0.10616560706091908
153,block1.Wk,transformer_block,9.75385180178272,0.14082995339803525
154,block1.Wk,transformer_block,10.369166520382413,0.12240155836129787
155,block1.Wk,transformer_block,9.192119810063437,0.11805582926973882
156,block1.Wk,transformer_block,9.833153119371575,0.12762573168031283
157,block1.Wk,transformer_block,9.789583674443584,0.12181651465437396
158,block1.Wk,transformer_block,9.617672737874862,0.12376189824827824
159,block1.Wk,transformer_block,8.159366641180139,0.10817747138053993
160,block1.Wk,transformer_block,10.17119558048465,0.13795520545687334
161,block1.Wk,transformer_block,9.789905121784297,0.11340486882826568
162,block1.Wk,transformer_block,9.913657014852072,0.1447519229977097
163,block1.Wk,transformer_block,11.170277688964477,0.12448892781806575
164,block1.Wk,transformer_block,9.283003432267476,0.119986271751745
165,block1.Wk,transformer_block,9.574701342962632,0.1161765260231771
166,block1.Wk,transformer_block,8.8827309064134,0.10805854654840069
167,block1.Wk,transformer_block,10.109245686771565,0.1378131461050752
168,block1.Wk,transformer_block,9.443344275329803,0.1104943039100126
169,block1.Wk,transformer_block,11.492336323009154,0.16337420624728516
170,block1.Wk,transformer_block,9.811240936805055,0.10394208956160021
171,block1.Wk,transformer_block,8.303929696687982,0.1171369401551669
172,block1.Wk,transformer_block,9.85470734139117,0.14542864542763487
173,block1.Wk,transformer_block,9.672662609208952,0.11688994737713362
174,block1.Wk,transformer_block,8.042565150264844,0.11452396519597838
175,block1.Wk,transformer_block,10.246191393231596,0.1594971132488992
176,block1.Wk,transformer_block,9.77342755704018,0.09777694508723939
177,block1.Wk,transformer_block,10.352579198955947,0.16356334741294246
178,block1.Wk,transformer_block,10.150710098998,0.10933459161958603
179,block1.Wk,transformer_block,8.63981302518257,0.12586852336425394
180,block1.Wk,transformer_block,8.475537109560213,0.12659074902081868
181,block1.Wk,transformer_block,8.325500178988841,0.08409133293653777
182,block1.Wk,transformer_block,7.897153225018702,0.12030272826521138
183,block1.Wk,transformer_block,9.919646012834255,0.14748246243425378
184,block1.Wk,transformer_block,11.046791255447344,0.1322130031923988
185,block1.Wk,transformer_block,9.10469183921273,0.11278019360364806
186,block1.Wk,transformer_block,9.079938668767461,0.14030632693165002
187,block1.Wk,transformer_block,9.795073463596964,0.10883567756338565
188,block1.Wk,transformer_block,9.988943756742929,0.13588483581462704
189,block1.Wk,transformer_block,9.386949075537636,0.1168917602643923
190,block1.Wk,transformer_block,9.21957842192248,0.1277741151117303
191,block1.Wk,transformer_block,10.314981320774773,0.155355060273315
192,block1.Wk,transformer_block,10.426645835189403,0.11214209522801347
193,block1.Wk,transformer_block,8.359962678996768,0.1286638944156548
194,block1.Wk,transformer_block,10.431947058382544,0.12821478910198253
195,block1.Wk,transformer_block,8.709332489062088,0.10019163434949835
196,block1.Wk,transformer_block,7.457362199871241,0.10496684233776929
197,block1.Wk,transformer_block,7.291864871603594,0.09932552458162036
198,block1.Wk,transformer_block,7.9252680252749705,0.10780052138015829
199,block1.Wk,transformer_block,9.569286190032916,0.13140759779236844
200,block1.Wk,transformer_block,8.170146497383369,0.11970506931712499
201,block1.Wk,transformer_block,9.100708091718918,0.11058334164952151
202,block1.Wk,transformer_block,11.077800871302149,0.1557318759414398
203,block1.Wk,transformer_block,10.043210355683318,0.12777272067774376
204,block1.Wk,transformer_block,9.296694422808262,0.12964450770461478
205,block1.Wk,transformer_block,11.294849110022652,0.15842049360027913
206,block1.Wk,transformer_block,9.798256373616477,0.12267498244165909
207,block1.Wk,transformer_block,8.272004518161493,0.09262525348203293
208,block1.Wk,transformer_block,9.436265682397972,0.15879091221698632
209,block1.Wk,transformer_block,10.066552125015175,0.09002286262570339
210,block1.Wk,transformer_block,8.668741881750355,0.13323387174218104
211,block1.Wk,transformer_block,8.280241370516052,0.10644200180621012
212,block1.Wk,transformer_block,7.744278042847322,0.09566437149643796
213,block1.Wk,transformer_block,7.566378401477451,0.10794383520870264
214,block1.Wk,transformer_block,7.85647940395809,0.10045672720397375
215,block1.Wk,transformer_block,7.538854468658428,0.10329102415945682
216,block1.Wk,transformer_block,9.750623681435341,0.136260060756064
217,block1.Wk,transformer_block,8.111603754508984,0.09478931228884319
218,block1.Wk,transformer_block,7.594194271411671,0.12336091188421987
219,block1.Wk,transformer_block,9.178930637090838,0.13734622799824642
220,block1.Wk,transformer_block,9.437504923819619,0.11214989360515462
221,block1.Wk,transformer_block,8.902583159452083,0.1380861945224372
222,block1.Wk,transformer_block,10.34894170803163,0.11707216474028065
223,block1.Wk,transformer_block,8.255381177944386,0.11331784143726116
224,block1.Wk,transformer_block,8.132536495534062,0.09837893254772363
225,block1.Wk,transformer_block,7.388284242335897,0.10426061756108229
226,block1.Wk,transformer_block,9.158170323033572,0.14112584684121499
227,block1.Wk,transformer_block,10.421583363552557,0.12116713261729944
228,block1.Wk,transformer_block,9.599709962485562,0.12585764957312884
229,block1.Wk,transformer_block,8.660172188174284,0.11698611511190514
230,block1.Wk,transformer_block,9.294969182205769,0.11132104282327117
231,block1.Wk,transformer_block,8.50690838640283,0.1028618300405945
232,block1.Wk,transformer_block,8.850852412635415,0.11570831571596346
233,block1.Wk,transformer_block,9.188804259284872,0.12016314664615729
234,block1.Wk,transformer_block,8.87879809873882,0.10110442487600346
235,block1.Wk,transformer_block,8.189411023745462,0.120821465515561
236,block1.Wk,transformer_block,8.069337393469207,0.10982275555386023
237,block1.Wk,transformer_block,8.473765151217446,0.09534209184073081
238,block1.Wk,transformer_block,7.110007726538001,0.10358542422929296
239,block1.Wk,transformer_block,7.809029204179879,0.09355323299461982
240,block1.Wk,transformer_block,6.512718901043272,0.08903929579656449
241,block1.Wk,transformer_block,8.235430107590973,0.12179837048082269
242,block1.Wk,transformer_block,10.062790271579871,0.126942664084065
243,block1.Wk,transformer_block,10.464620876005224,0.13715113817495847
244,block1.Wk,transformer_block,9.206888123560026,0.12478845399569766
245,block1.Wk,transformer_block,9.03616237038613,0.11251448015987921
246,block1.Wk,transformer_block,9.152002107810818,0.1136032023635373
247,block1.Wk,transformer_block,8.270660147715903,0.09568939219303074
248,block1.Wk,transformer_block,6.360167944228979,0.08161419912076785
249,block1.Wk,transformer_block,6.993580940750241,0.11051065934535913
250,block1.Wk,transformer_block,7.737966123087115,0.09636252494997753
251,block1.Wk,transformer_block,8.128689594748993,0.11850810537098777
252,block1.Wk,transformer_block,7.728891000107663,0.09448456638399942
253,block1.Wk,transformer_block,8.847187948275312,0.12428121506342826
254,block1.Wk,transformer_block,8.795854122533042,0.12208246601576257
255,block1.Wk,transformer_block,8.745480817501944,0.10868772870429441
256,block1.Wk,transformer_block,7.236270862415232,0.09795054022388888
257,block1.Wk,transformer_block,8.287572877803582,0.11278330390257524
258,block1.Wk,transformer_block,8.141610848187737,0.11933649746778621
259,block1.Wk,transformer_block,8.021722152823706,0.11897291625484191
260,block1.Wk,transformer_block,8.20205654754655,0.10404275994012856
261,block1.Wk,transformer_block,6.6311896665166845,0.09754257653401524
262,block1.Wk,transformer_block,7.137919908520592,0.09365239923080255
263,block1.Wk,transformer_block,7.445757735923697,0.11008687844525292
264,block1.Wk,transformer_block,9.278461933984106,0.1190847691265984
265,block1.Wk,transformer_block,8.47074988342052,0.10452072349657648
266,block1.Wk,transformer_block,7.323726007787472,0.09228945065822496
267,block1.Wk,transformer_block,7.763077393622716,0.11567492229702481
268,block1.Wk,transformer_block,9.054722889796508,0.12009990022885077
269,block1.Wk,transformer_block,7.9529466934410795,0.10887665281071174
270,block1.Wk,transformer_block,8.02942473056951,0.11016899916215611
271,block1.Wk,transformer_block,9.794710602053836,0.13825738107880758
272,block1.Wk,transformer_block,9.76302101729939,0.12021261926027735
273,block1.Wk,transformer_block,9.268868506697231,0.10684195835746368
274,block1.Wk,transformer_block,9.128099338377421,0.12687484546403044
275,block1.Wk,transformer_block,8.330796419320295,0.09345992386126452
276,block1.Wk,transformer_block,7.418587986885685,0.0948093775765514
277,block1.Wk,transformer_block,8.41173469315556,0.11024460899682775
278,block1.Wk,transformer_block,8.162149812415192,0.10693508707855187
279,block1.Wk,transformer_block,8.17178679811873,0.10973207274069266
280,block1.Wk,transformer_block,7.901319256215713,0.10941186044013436
281,block1.Wk,transformer_block,8.19191005779822,0.10073477623615093
282,block1.Wk,transformer_block,8.903667678706576,0.128822842999472
283,block1.Wk,transformer_block,8.677542970396244,0.09803963567331601
284,block1.Wk,transformer_block,6.80768113521062,0.11247006166061693
285,block1.Wk,transformer_block,8.226779415739282,0.0999324746366198
286,block1.Wk,transformer_block,7.880447731041876,0.1116553737169606
287,block1.Wk,transformer_block,9.325004261265287,0.11416984814217757
288,block1.Wk,transformer_block,9.039306964088986,0.12846541688920365
289,block1.Wk,transformer_block,9.312952192696253,0.12078517896548527
290,block1.Wk,transformer_block,10.335340150866337,0.1302193055979448
291,block1.Wk,transformer_block,8.418630908496203,0.09307987165567115
292,block1.Wk,transformer_block,7.414456433276116,0.10012168735960589
293,block1.Wk,transformer_block,7.417056584231587,0.1062018770146837
294,block1.Wk,transformer_block,8.513716713725268,0.10887084478766235
295,block1.Wk,transformer_block,7.053614499396517,0.08785710173121491
296,block1.Wk,transformer_block,6.31026970916165,0.08698906637975495
297,block1.Wk,transformer_block,7.0934778630605395,0.09126725008409353
298,block1.Wk,transformer_block,6.6989239503380364,0.08870786251582888
299,block1.Wk,transformer_block,6.802137433405918,0.10664306374260289
300,block1.Wk,transformer_block,7.387356324453047,0.0810445308747493
301,block1.Wk,transformer_block,6.885480745418929,0.09198825305463293
302,block1.Wk,transformer_block,6.212129923438506,0.09451912482510527
303,block1.Wk,transformer_block,6.417557488342162,0.08931611673452657
304,block1.Wk,transformer_block,6.957353388565153,0.0999846081399984
305,block1.Wk,transformer_block,7.598108200329085,0.08602305098051105
306,block1.Wk,transformer_block,7.272111591990272,0.10685659850297646
307,block1.Wk,transformer_block,7.462011145893243,0.08702231472278388
308,block1.Wk,transformer_block,6.134517267506902,0.07969887707532755
309,block1.Wk,transformer_block,7.00467952312209,0.10023366442156542
310,block1.Wk,transformer_block,6.66349218941086,0.07950951795053145
311,block1.Wk,transformer_block,7.712169180186955,0.12186396237579274
312,block1.Wk,transformer_block,8.745533908906213,0.09428458587766654
313,block1.Wk,transformer_block,6.619205674230364,0.10661075190517574
314,block1.Wk,transformer_block,7.4210993977927675,0.09191109763115451
315,block1.Wk,transformer_block,7.679951632729066,0.11560613414068882
316,block1.Wk,transformer_block,8.737398827132145,0.10321128446480479
317,block1.Wk,transformer_block,7.570986719430452,0.10169606265119477
318,block1.Wk,transformer_block,7.3998565883720095,0.09366171217124428
319,block1.Wk,transformer_block,7.518449602952991,0.10268508715942752
320,block1.Wk,transformer_block,7.253805079588707,0.09358982114029697
321,block1.Wk,transformer_block,6.748367457391322,0.09517594065200999
322,block1.Wk,transformer_block,7.301936107854743,0.09409888664687822
323,block1.Wk,transformer_block,7.120919234483066,0.09070287553926251
324,block1.Wk,transformer_block,7.585868245075002,0.11625427570132368
325,block1.Wk,transformer_block,9.188795114338145,0.1124470592356396
326,block1.Wk,transformer_block,7.934282160028489,0.09720116464162745
327,block1.Wk,transformer_block,6.476575134184678,0.09328827748948045
328,block1.Wk,transformer_block,7.251183194042669,0.09111488690361447
329,block1.Wk,transformer_block,9.350550278355415,0.1298156876756849
330,block1.Wk,transformer_block,9.662078781225011,0.10597502577954244
331,block1.Wk,transformer_block,7.411318364416663,0.09568434409191968
332,block1.Wk,transformer_block,7.613630735901142,0.098150567700853
333,block1.Wk,transformer_block,7.852674606434477,0.09840885727247091
334,block1.Wk,transformer_block,7.099029690224561,0.10274388507401057
335,block1.Wk,transformer_block,8.663652829402151,0.10780665561369716
336,block1.Wk,transformer_block,8.563579684594135,0.10654908954883215
337,block1.Wk,transformer_block,8.024313967025682,0.09548172157535549
338,block1.Wk,transformer_block,8.00397587601423,0.10697336652997794
339,block1.Wk,transformer_block,7.721821283430446,0.09216430269687823
340,block1.Wk,transformer_block,7.55034717401281,0.10175726960831248
341,block1.Wk,transformer_block,8.545635309410741,0.10169752840233802
342,block1.Wk,transformer_block,7.50936889944565,0.09896423389156056
343,block1.Wk,transformer_block,7.467934052258939,0.08585345873798944
344,block1.Wk,transformer_block,7.049727028658313,0.10331238345993696
345,block1.Wk,transformer_block,8.172963387024433,0.10251833327164935
346,block1.Wk,transformer_block,8.02940618436669,0.10567401605573766
347,block1.Wk,transformer_block,7.087171550199795,0.08985092444422565
348,block1.Wk,transformer_block,7.319662719007253,0.101444156287329
349,block1.Wk,transformer_block,7.110572217791902,0.08367102597885345
350,block1.Wk,transformer_block,6.929620394252063,0.08883507559415593
351,block1.Wk,transformer_block,6.5251556930913,0.09169776725771978
352,block1.Wk,transformer_block,7.377954462796787,0.10054118451237098
353,block1.Wk,transformer_block,7.360894319822802,0.09459564850864657
354,block1.Wk,transformer_block,6.302925509901628,0.08695505885180733
355,block1.Wk,transformer_block,6.533628795764703,0.09143672311183387
356,block1.Wk,transformer_block,6.763068621593096,0.09010917567921725
357,block1.Wk,transformer_block,7.1669133060320975,0.10351390725837772
358,block1.Wk,transformer_block,7.719843176218458,0.10441330234256652
359,block1.Wk,transformer_block,7.3760169550240136,0.10456694384840619
360,block1.Wk,transformer_block,8.239880554281957,0.11093202011437846
361,block1.Wk,transformer_block,8.67032588463166,0.10433480400289291
362,block1.Wk,transformer_block,7.7938149419413785,0.08926168849187377
363,block1.Wk,transformer_block,7.075648203686043,0.10648680322600698
364,block1.Wk,transformer_block,7.585688596491081,0.09153096773563445
365,block1.Wk,transformer_block,7.437331804918863,0.10016205205644266
366,block1.Wk,transformer_block,6.300584474059263,0.09661907690410879
367,block1.Wk,transformer_block,6.620979813253876,0.07863233669505522
368,block1.Wk,transformer_block,5.9185125066988675,0.08074661799575772
369,block1.Wk,transformer_block,6.265643088757762,0.08805145836708744
370,block1.Wk,transformer_block,6.485341334232554,0.08742751566771353
371,block1.Wk,transformer_block,6.37588002624125,0.08997653038234349
372,block1.Wk,transformer_block,7.363201685334463,0.10898461833821038
373,block1.Wk,transformer_block,8.499643959536824,0.09748226482047906
374,block1.Wk,transformer_block,7.656693315533968,0.09189420268372805
375,block1.Wk,transformer_block,6.965709636327152,0.092140113732026
376,block1.Wk,transformer_block,6.9095664797036065,0.09000161290451647
377,block1.Wk,transformer_block,6.946192906718416,0.09011193016539432
378,block1.Wk,transformer_block,7.0046658665417,0.10381018846969278
379,block1.Wk,transformer_block,7.4383869349835505,0.09862860771618868
380,block1.Wk,transformer_block,7.4137701650185255,0.11277998183349322
381,block1.Wk,transformer_block,7.498739979126364,0.09249307436719578
382,block1.Wk,transformer_block,6.253946116927331,0.08268993305899124
383,block1.Wk,transformer_block,6.566764498958931,0.09023889079485255
384,block1.Wk,transformer_block,7.175717653195186,0.08947280102454006
385,block1.Wk,transformer_block,7.360214576472415,0.09883100609009296
386,block1.Wk,transformer_block,6.811203819037953,0.07813335533165258
387,block1.Wk,transformer_block,6.000177314772372,0.0824760156978766
388,block1.Wk,transformer_block,6.145104445344166,0.08574086669700179
389,block1.Wk,transformer_block,6.914624975231734,0.10885873030746382
390,block1.Wk,transformer_block,7.3540326063405885,0.0936250254007464
391,block1.Wk,transformer_block,6.500453207978908,0.08059204341865144
392,block1.Wk,transformer_block,7.098259826871823,0.10707984807801604
393,block1.Wk,transformer_block,6.926001952553196,0.0841380443366726
394,block1.Wk,transformer_block,8.120927874303083,0.11610578667015212
395,block1.Wk,transformer_block,7.954633734520932,0.09607188721223602
396,block1.Wk,transformer_block,6.7616892626383,0.09740189413497247
397,block1.Wk,transformer_block,6.837217747554944,0.08845214242452062
398,block1.Wk,transformer_block,7.17993486242969,0.10690888719874764
399,block1.Wk,transformer_block,7.9120698518167885,0.10170421032893534
400,block1.Wk,transformer_block,8.185919541150213,0.09858705813642929
401,block1.Wk,transformer_block,8.162251686323168,0.12205294099729272
402,block1.Wk,transformer_block,8.007205135488169,0.1088554769097075
403,block1.Wk,transformer_block,8.353504372067164,0.0931029066693263
404,block1.Wk,transformer_block,6.834257128624966,0.09225893540546996
405,block1.Wk,transformer_block,7.795185918422106,0.11520332961278969
406,block1.Wk,transformer_block,8.516951297921997,0.10525958059414484
407,block1.Wk,transformer_block,8.714308468355092,0.12282367504085057
408,block1.Wk,transformer_block,7.334199046713842,0.08889288105537575
409,block1.Wk,transformer_block,7.740791173983809,0.10227901476604315
410,block1.Wk,transformer_block,7.864885736957422,0.1029251213779682
411,block1.Wk,transformer_block,7.787085475734415,0.10541045733879056
412,block1.Wk,transformer_block,8.301423278114317,0.10815929550970442
413,block1.Wk,transformer_block,7.500975071291692,0.08574392266155953
414,block1.Wk,transformer_block,7.087153040884578,0.09381919023866057
415,block1.Wk,transformer_block,7.692133186306699,0.10774616116553992
416,block1.Wk,transformer_block,7.766992863230876,0.08563257049440769
417,block1.Wk,transformer_block,7.197278171906667,0.09367179313272095
418,block1.Wk,transformer_block,8.267319579138976,0.1275679287227472
419,block1.Wk,transformer_block,8.391467319739153,0.08727557636688545
420,block1.Wk,transformer_block,7.994345155688028,0.11650288012654839
421,block1.Wk,transformer_block,7.833147641710185,0.08700400709779604
422,block1.Wk,transformer_block,6.362708377097774,0.09754722410431668
423,block1.Wk,transformer_block,7.767403771927299,0.1015314526513438
424,block1.Wk,transformer_block,8.061596417034451,0.10089351401199259
425,block1.Wk,transformer_block,7.3454771380703665,0.0944297452159115
426,block1.Wk,transformer_block,7.454082556206581,0.09033998001031496
427,block1.Wk,transformer_block,7.0923694009378195,0.10524470438936352
428,block1.Wk,transformer_block,6.808987408592942,0.08491756989520169
429,block1.Wk,transformer_block,6.531355794983361,0.08636156204399621
430,block1.Wk,transformer_block,6.872894884757032,0.09465135740028835
431,block1.Wk,transformer_block,7.427339931387369,0.10634774802170364
432,block1.Wk,transformer_block,7.439341116107096,0.08662353673660661
433,block1.Wk,transformer_block,7.7175848547103785,0.1056791404564245
434,block1.Wk,transformer_block,7.410134072338499,0.08446791888001286
435,block1.Wk,transformer_block,6.3710038866459575,0.08443479551334042
436,block1.Wk,transformer_block,7.2252829360622,0.09217024020537751
437,block1.Wk,transformer_block,7.220922531769895,0.09140950966181247
438,block1.Wk,transformer_block,7.237554495211091,0.09477081923500538
439,block1.Wk,transformer_block,7.14776181846909,0.09876857347026054
440,block1.Wk,transformer_block,7.909099678954254,0.1098283738914006
441,block1.Wk,transformer_block,6.8888713402397554,0.07374794003240023
442,block1.Wk,transformer_block,7.222080378371627,0.10709350350785411
443,block1.Wk,transformer_block,7.98973100905134,0.10721126684114687
444,block1.Wk,transformer_block,7.629682105793244,0.09508984061710021
445,block1.Wk,transformer_block,7.848206501602315,0.09897133570369186
446,block1.Wk,transformer_block,7.237820899073631,0.09925428079807558
447,block1.Wk,transformer_block,7.6822852512250295,0.09603556789608915
448,block1.Wk,transformer_block,6.884708953592348,0.08934835377398813
449,block1.Wk,transformer_block,6.810607679959793,0.10126126380465239
450,block1.Wk,transformer_block,8.587995228936153,0.10627793694911009
451,block1.Wk,transformer_block,7.385874526415522,0.09499462381187074
452,block1.Wk,transformer_block,7.117496522899937,0.09615782252786617
453,block1.Wk,transformer_block,6.215713478751662,0.07946717801962384
454,block1.Wk,transformer_block,6.581913556656627,0.09181660555907194
455,block1.Wk,transformer_block,6.824420771122525,0.09582367926817847
456,block1.Wk,transformer_block,6.827923677361852,0.08794970107736992
457,block1.Wk,transformer_block,7.423902377599024,0.11418445689775045
458,block1.Wk,transformer_block,8.46636126313384,0.1004518142654814
459,block1.Wk,transformer_block,7.656167782410425,0.09558037759826779
460,block1.Wk,transformer_block,6.634415036718767,0.08030769987998751
461,block1.Wk,transformer_block,7.606895185649955,0.12390655060944195
462,block1.Wk,transformer_block,8.193773501013434,0.120400934432919
463,block1.Wk,transformer_block,7.789459495548145,0.10793349512373801
464,block1.Wk,transformer_block,8.08682650826851,0.0974428657326232
465,block1.Wk,transformer_block,6.962341743712453,0.09667828915512465
466,block1.Wk,transformer_block,8.406167339569656,0.11753901286030134
467,block1.Wk,transformer_block,8.803057734863856,0.10385735669603642
468,block1.Wk,transformer_block,7.454894640133316,0.10656372280756007
469,block1.Wk,transformer_block,7.25017549046562,0.0952631918541981
470,block1.Wk,transformer_block,7.194261832559063,0.08823226832805357
471,block1.Wk,transformer_block,7.418521361019957,0.11783530506004322
472,block1.Wk,transformer_block,8.303946637508934,0.09787116118899697
473,block1.Wk,transformer_block,7.52099362722613,0.09721395840749253
474,block1.Wk,transformer_block,7.57423607899391,0.09786790458465847
475,block1.Wk,transformer_block,7.721601906364888,0.10417522580052324
476,block1.Wk,transformer_block,6.9337915035255655,0.0935224912081617
477,block1.Wk,transformer_block,6.421926032390012,0.08620362335716421
478,block1.Wk,transformer_block,7.604843315163958,0.09920873187195456
479,block1.Wk,transformer_block,7.745352868217802,0.10920699851411973
480,block1.Wk,transformer_block,8.209709536082148,0.10393815869001423
481,block1.Wk,transformer_block,7.737359692172624,0.10816910389864874
482,block1.Wk,transformer_block,9.263143948312466,0.11126562807247223
483,block1.Wk,transformer_block,7.354395256995002,0.07900552255197738
484,block1.Wk,transformer_block,7.50522448884084,0.11680050345149344
485,block1.Wk,transformer_block,7.860067549754642,0.09707749930088108
486,block1.Wk,transformer_block,7.905128363115748,0.11022221786448813
487,block1.Wk,transformer_block,7.763199985587682,0.09661526567312939
488,block1.Wk,transformer_block,5.907499513691195,0.09618548789128195
489,block1.Wk,transformer_block,6.8844275508974135,0.07740290309402217
490,block1.Wk,transformer_block,6.214458169235191,0.08984449124556203
491,block1.Wk,transformer_block,7.358051370685823,0.1053514371216879
492,block1.Wk,transformer_block,7.218878222475181,0.08602709856552264
493,block1.Wk,transformer_block,6.638336768246864,0.09591204870836999
494,block1.Wk,transformer_block,6.90961956650204,0.09236720865167554
495,block1.Wk,transformer_block,7.930844993711586,0.1116342996033715
496,block1.Wk,transformer_block,7.77233961084589,0.11685603686587218
497,block1.Wk,transformer_block,8.978793287177131,0.10774321739672185
498,block1.Wk,transformer_block,8.858866066713889,0.1108216435543647
499,block1.Wk,transformer_block,8.76850411639044,0.11121334335464247
500,block1.Wk,transformer_block,8.075725177522374,0.08868362887212608
501,block1.Wk,transformer_block,6.67309370440049,0.10328416227341605
502,block1.Wk,transformer_block,7.703183324564263,0.09105634871223339
503,block1.Wk,transformer_block,7.327254154985544,0.10037887164653723
504,block1.Wk,transformer_block,6.564299485645773,0.08774659142604169
505,block1.Wk,transformer_block,6.4453098141996055,0.09015625510229705
506,block1.Wk,transformer_block,7.154361350339395,0.08816335143031281
507,block1.Wk,transformer_block,7.062912109946575,0.08980491622248206
508,block1.Wk,transformer_block,7.379451284942369,0.10028478854747479
509,block1.Wk,transformer_block,7.061463416522804,0.08762837669089071
510,block1.Wk,transformer_block,6.375070822333459,0.0911184095181477
511,block1.Wk,transformer_block,6.470098086889703,0.0964317735497911
512,block1.Wk,transformer_block,6.844680813055378,0.07489350234825845
513,block1.Wk,transformer_block,6.4933056879496105,0.0956632946329613
514,block1.Wk,transformer_block,7.8468370556477,0.09880592745684852
515,block1.Wk,transformer_block,8.343739430331476,0.1157347357772357
516,block1.Wk,transformer_block,7.817765233245464,0.08011353985058682
517,block1.Wk,transformer_block,6.888570223740957,0.10809394459344729
518,block1.Wk,transformer_block,7.962078299274164,0.09781744307866984
519,block1.Wk,transformer_block,7.218591049411556,0.10677226324813674
520,block1.Wk,transformer_block,8.359770520881714,0.09703905106691901
521,block1.Wk,transformer_block,8.671973893755567,0.12619572992863726
522,block1.Wk,transformer_block,8.360966660171586,0.09367950746232909
523,block1.Wk,transformer_block,6.145497273414492,0.07935913595542904
524,block1.Wk,transformer_block,6.580739513576284,0.09278845480533489
525,block1.Wk,transformer_block,7.329753687554652,0.10266306889221627
526,block1.Wk,transformer_block,6.48103080949216,0.08139249457609403
527,block1.Wk,transformer_block,6.629338106816577,0.09991738386907381
528,block1.Wk,transformer_block,8.646088441712118,0.14558162712083583
529,block1.Wk,transformer_block,9.267715596768074,0.08554997934369085
530,block1.Wk,transformer_block,7.7019814043509065,0.1162089463938977
531,block1.Wk,transformer_block,7.765110985596367,0.09464992900361863
532,block1.Wk,transformer_block,7.606009405712422,0.10260953988239585
533,block1.Wk,transformer_block,8.85433468872006,0.11972558236654623
534,block1.Wk,transformer_block,8.419000901982198,0.08814218175873056
535,block1.Wk,transformer_block,7.503653700206447,0.10246709117354706
536,block1.Wk,transformer_block,6.62774796641544,0.08744806438306038
537,block1.Wk,transformer_block,6.615552052728792,0.09069454271567165
538,block1.Wk,transformer_block,6.1758934165424595,0.10798533389405474
539,block1.Wk,transformer_block,7.3571223221519855,0.09556584051910269
540,block1.Wk,transformer_block,6.13234208306609,0.07995208192624265
541,block1.Wk,transformer_block,6.415169280669448,0.091869802178589
542,block1.Wk,transformer_block,7.703835720998606,0.10798696030728223
543,block1.Wk,transformer_block,7.815998351916203,0.09017326343547132
544,block1.Wk,transformer_block,6.432234778494205,0.07039312211337723
545,block1.Wk,transformer_block,6.668544458180613,0.10555704053742196
546,block1.Wk,transformer_block,8.178506710654982,0.10661476977304533
547,block1.Wk,transformer_block,7.604785797951202,0.09249762359097216
548,block1.Wk,transformer_block,6.78737490350104,0.0919356539654603
549,block1.Wk,transformer_block,6.8453909593686175,0.08967078527393793
550,block1.Wk,transformer_block,6.655120672855017,0.1006448595164275
551,block1.Wk,transformer_block,7.72266620650767,0.09572275500360486
552,block1.Wk,transformer_block,7.070617042283282,0.09337478764940774
553,block1.Wk,transformer_block,5.817891960289941,0.08168116518637539
554,block1.Wk,transformer_block,6.677991742513364,0.09299837629321936
555,block1.Wk,transformer_block,6.643274614572829,0.10352269565385772
556,block1.Wk,transformer_block,7.552609193823799,0.09570100753230788
557,block1.Wk,transformer_block,7.097300617467191,0.07769839819043403
558,block1.Wk,transformer_block,6.19965263959678,0.08603281885711725
559,block1.Wk,transformer_block,6.073622974585165,0.08518567568793833
560,block1.Wk,transformer_block,6.6745301215996085,0.07904924091932586
561,block1.Wk,transformer_block,7.002475573737074,0.11125233931796996
562,block1.Wk,transformer_block,8.181619368581101,0.10239924600470973
563,block1.Wk,transformer_block,8.535885581213924,0.10396613864829703
564,block1.Wk,transformer_block,8.049341740698248,0.09820868419256387
565,block1.Wk,transformer_block,6.972300109091156,0.09398025824504816
566,block1.Wk,transformer_block,7.1794133122088235,0.09295649812888115
567,block1.Wk,transformer_block,6.16515775341224,0.08696478743669535
568,block1.Wk,transformer_block,6.142757503997473,0.08055010566770586
569,block1.Wk,transformer_block,6.459403737079236,0.09931874893973723
570,block1.Wk,transformer_block,7.6784649397326685,0.09968482928329848
571,block1.Wk,transformer_block,6.640276560867338,0.08408839165863277
572,block1.Wk,transformer_block,6.728259603061817,0.0821136756920843
573,block1.Wk,transformer_block,4.795426308949526,0.07068616105234447
574,block1.Wk,transformer_block,6.0911479300680575,0.08767876544473034
575,block1.Wk,transformer_block,6.132914921078206,0.08900633883278922
576,block1.Wk,transformer_block,7.300588789341881,0.10129531464501945
577,block1.Wk,transformer_block,7.1498999657369025,0.09506040971138421
578,block1.Wk,transformer_block,6.738728834978539,0.08256870588570267
579,block1.Wk,transformer_block,6.993706764114503,0.08731877823304401
580,block1.Wk,transformer_block,6.309068223478978,0.09681129886732298
581,block1.Wk,transformer_block,8.500391540733688,0.11527635008357558
582,block1.Wk,transformer_block,8.552117102275222,0.1044723164344831
583,block1.Wk,transformer_block,7.26223720260648,0.08550731639980094
584,block1.Wk,transformer_block,6.195458094678422,0.07643403092042114
585,block1.Wk,transformer_block,5.832442299876532,0.07882004037951937
586,block1.Wk,transformer_block,6.834339506319306,0.08945080680857051
587,block1.Wk,transformer_block,6.9516702638656644,0.0880975332502924
588,block1.Wk,transformer_block,5.989369046219422,0.07893767399721165
589,block1.Wk,transformer_block,6.2956513133090155,0.07859756493622126
590,block1.Wk,transformer_block,7.390033676814166,0.09918308259742342
591,block1.Wk,transformer_block,6.1553450749511525,0.07840757510085633
592,block1.Wk,transformer_block,5.664401693452809,0.06446629991130341
593,block1.Wk,transformer_block,5.971707668861595,0.09465396208177831
594,block1.Wk,transformer_block,6.608073825764096,0.08111317825066942
595,block1.Wk,transformer_block,6.8268947800519,0.0938741637226185
596,block1.Wk,transformer_block,7.052639284089267,0.09526623489108171
597,block1.Wk,transformer_block,7.095712518168885,0.09312471711757733
598,block1.Wk,transformer_block,7.66225829974702,0.09497427390428095
599,block1.Wk,transformer_block,7.422653094391692,0.09429446108764125
600,block1.Wk,transformer_block,6.893952717967113,0.0896947863414053
601,block1.Wk,transformer_block,7.155387547135349,0.09595041405884751
602,block1.Wk,transformer_block,6.8487328418884195,0.07998829951840769
603,block1.Wk,transformer_block,7.017843477674214,0.09999399225426585
604,block1.Wk,transformer_block,6.936428701514151,0.07542895713060783
605,block1.Wk,transformer_block,8.019190631172302,0.1292020058316106
606,block1.Wk,transformer_block,8.503082998876502,0.08373768577519197
607,block1.Wk,transformer_block,6.000054636495038,0.07074052885534111
608,block1.Wk,transformer_block,6.238295776852608,0.09255256657569433
609,block1.Wk,transformer_block,6.542580288798207,0.0920227273125794
610,block1.Wk,transformer_block,6.282283382808042,0.06689026978511405
611,block1.Wk,transformer_block,5.23597136621947,0.07549682216084494
612,block1.Wk,transformer_block,6.070496127404743,0.09351007107224074
613,block1.Wk,transformer_block,7.605318643857862,0.0908328927073428
614,block1.Wk,transformer_block,7.569051272453436,0.10535998837026399
615,block1.Wk,transformer_block,7.607444243688402,0.09365164283373031
616,block1.Wk,transformer_block,7.135095797134759,0.08419149147382679
617,block1.Wk,transformer_block,5.821328127017522,0.07142361255717132
618,block1.Wk,transformer_block,6.115517228061619,0.08805388936156953
619,block1.Wk,transformer_block,6.659740041285516,0.09009280687097491
620,block1.Wk,transformer_block,6.533422330874331,0.07775672992170113
621,block1.Wk,transformer_block,5.879077685071213,0.08878655408698237
622,block1.Wk,transformer_block,7.430918221038444,0.08918852717341041
623,block1.Wk,transformer_block,5.8253987780373695,0.07126337870709101
624,block1.Wk,transformer_block,6.53597794437483,0.0893883494869419
625,block1.Wk,transformer_block,6.072188380594125,0.09239026760028161
626,block1.Wk,transformer_block,7.064641748499551,0.08234180504647762
627,block1.Wk,transformer_block,6.38260573366568,0.07827899770931052
628,block1.Wk,transformer_block,6.210739000400048,0.08460631683038619
629,block1.Wk,transformer_block,6.505497146609004,0.08676538861240368
630,block1.Wk,transformer_block,6.157745674770014,0.07749083670619591
631,block1.Wk,transformer_block,5.542204171657116,0.0683000773038456
632,block1.Wk,transformer_block,5.464981443324919,0.08738830978275108
633,block1.Wk,transformer_block,5.9803981996532265,0.0713525371043334
634,block1.Wk,transformer_block,6.1239215717089825,0.09146666895336758
635,block1.Wk,transformer_block,6.0829917734003915,0.07437601034736502
636,block1.Wk,transformer_block,4.943830332428976,0.06577262134199316
637,block1.Wk,transformer_block,6.32625934013122,0.10150801751634447
638,block1.Wk,transformer_block,7.9903801955648595,0.0961145964631989
639,block1.Wk,transformer_block,7.647176227346829,0.10141720131328297
640,block1.Wk,transformer_block,7.754064431164363,0.10633884267480524
641,block1.Wk,transformer_block,6.941525388682136,0.08197088141690934
642,block1.Wk,transformer_block,6.439082241953853,0.09060975645579927
643,block1.Wk,transformer_block,6.86235318595242,0.08063966751830579
644,block1.Wk,transformer_block,7.051184700377762,0.10086615950059621
645,block1.Wk,transformer_block,6.67465494360501,0.08223617546572998
646,block1.Wk,transformer_block,6.573517481535501,0.08513908650669577
647,block1.Wk,transformer_block,5.196227293758243,0.07567594360885457
648,block1.Wk,transformer_block,5.163608694146931,0.061939376857726026
649,block1.Wk,transformer_block,5.518588940057478,0.09079253505094007
650,block1.Wk,transformer_block,6.565247804993952,0.10093693913208977
651,block1.Wk,transformer_block,6.0501943164203364,0.07003333006530868
652,block1.Wk,transformer_block,6.114708540606893,0.08813241640536053
653,block1.Wk,transformer_block,6.507241748027544,0.0848953302346758
654,block1.Wk,transformer_block,6.431588518017434,0.08808447599263976
655,block1.Wk,transformer_block,7.302339713400355,0.10257373932524363
656,block1.Wk,transformer_block,6.289785257705269,0.061380935307909334
657,block1.Wk,transformer_block,5.5029560071368655,0.08021719192083979
658,block1.Wk,transformer_block,7.328697845772452,0.09702829913917524
659,block1.Wk,transformer_block,7.345660170495796,0.09158896664775919
660,block1.Wk,transformer_block,7.194181872122081,0.09333180633472184
661,block1.Wk,transformer_block,9.945925836019423,0.14084891495726914
662,block1.Wk,transformer_block,9.295118685703153,0.09311793729851323
663,block1.Wk,transformer_block,8.248247584544554,0.09362209810442375
664,block1.Wk,transformer_block,6.906605725549531,0.09215980149149078
665,block1.Wk,transformer_block,7.206677179267248,0.09629798104142685
666,block1.Wk,transformer_block,7.2467666219136095,0.08868585599789122
667,block1.Wk,transformer_block,7.109199234663503,0.09286745248760006
668,block1.Wk,transformer_block,6.888265967447481,0.08785930535985509
669,block1.Wk,transformer_block,6.657074576408221,0.08952905718904658
670,block1.Wk,transformer_block,7.067631019773638,0.08973668197522106
671,block1.Wk,transformer_block,6.597315528248131,0.09307615134708534
672,block1.Wk,transformer_block,8.49098843446079,0.12115438483755592
673,block1.Wk,transformer_block,8.23056208081308,0.09112359389715255
674,block1.Wk,transformer_block,7.776897006972034,0.09895172180390742
675,block1.Wk,transformer_block,6.516172782203277,0.08660343389858612
676,block1.Wk,transformer_block,7.008903515235707,0.10361988518099031
677,block1.Wk,transformer_block,7.83234386486472,0.09772273693478717
678,block1.Wk,transformer_block,7.296899941286875,0.08903753593800484
679,block1.Wk,transformer_block,6.706717871231912,0.08818754377207669
680,block1.Wk,transformer_block,6.643425021362915,0.07887400699871812
681,block1.Wk,transformer_block,6.173979555638493,0.08048504597950551
682,block1.Wk,transformer_block,6.106232217054606,0.09069258535588727
683,block1.Wk,transformer_block,7.101310301524945,0.09982805883537163
684,block1.Wk,transformer_block,6.757566792839784,0.08682551543408724
685,block1.Wk,transformer_block,6.908415096921828,0.08993818164489731
686,block1.Wk,transformer_block,6.7760056136009545,0.0882433574880438
687,block1.Wk,transformer_block,6.218715985012113,0.07527695726162835
688,block1.Wk,transformer_block,7.265427007778721,0.09978790239459605
689,block1.Wk,transformer_block,7.744261046648174,0.09693166225385184
690,block1.Wk,transformer_block,6.863239340294732,0.08565862444966947
691,block1.Wk,transformer_block,6.5008257320513945,0.09581083493937176
692,block1.Wk,transformer_block,7.660889810246551,0.10129027678033109
693,block1.Wk,transformer_block,6.720772599463035,0.08855281973252921
694,block1.Wk,transformer_block,6.7332475136180605,0.09560497015293769
695,block1.Wk,transformer_block,6.987752163143329,0.0886756083293588
696,block1.Wk,transformer_block,6.208857764993221,0.09118041266401249
697,block1.Wk,transformer_block,7.100498648822875,0.07707408770147284
698,block1.Wk,transformer_block,5.430531321018063,0.07303633313175767
0,block1.Wv,transformer_block,3.491504305229979,0.05698049333577971
1,block1.Wv,transformer_block,5.134829859621417,0.09903260215903428
2,block1.Wv,transformer_block,5.995916768997014,0.0464801061443715
3,block1.Wv,transformer_block,5.154751236100194,0.09469657985831534
4,block1.Wv,transformer_block,7.180866340530061,0.10676735643676856
5,block1.Wv,transformer_block,8.563137625655154,0.09230436638097804
6,block1.Wv,transformer_block,6.137589691745322,0.11337957747044164
7,block1.Wv,transformer_block,8.199041417580128,0.09621252961961164
8,block1.Wv,transformer_block,12.526931215763424,0.2555049686189564
9,block1.Wv,transformer_block,14.135323080494128,0.14291882334611997
10,block1.Wv,transformer_block,11.768738487163745,0.17544228189385982
11,block1.Wv,transformer_block,17.773914758906308,0.25258237832619185
12,block1.Wv,transformer_block,20.209124782265462,0.20023001834046167
13,block1.Wv,transformer_block,17.66185028538387,0.22013084196899957
14,block1.Wv,transformer_block,13.48735614452055,0.15803976566149233
15,block1.Wv,transformer_block,19.011285336473225,0.3818034862369836
16,block1.Wv,transformer_block,33.227790798664756,0.4058647808945875
17,block1.Wv,transformer_block,34.503429146755806,0.4204878413090273
18,block1.Wv,transformer_block,31.317530558088023,0.4445776284300095
19,block1.Wv,transformer_block,37.24081221667892,0.4360989542923915
20,block1.Wv,transformer_block,42.203028065278914,0.5395570249078617
21,block1.Wv,transformer_block,47.11153393167098,0.5994744347206955
22,block1.Wv,transformer_block,48.1475786201954,0.5731323679587977
23,block1.Wv,transformer_block,46.61939902526059,0.599380690701365
24,block1.Wv,transformer_block,44.77545740407978,0.6868892360370993
25,block1.Wv,transformer_block,63.59583930164939,0.8468606957836526
26,block1.Wv,transformer_block,76.89267752879822,0.9174027107590003
27,block1.Wv,transformer_block,91.61752839350265,1.1513304806954505
28,block1.Wv,transformer_block,90.27803341329373,0.9081084881685612
29,block1.Wv,transformer_block,74.39153323902656,0.8500907547840081
30,block1.Wv,transformer_block,75.5502709707353,1.0081511011901063
31,block1.Wv,transformer_block,78.23075436110499,0.8478506249427048
32,block1.Wv,transformer_block,85.57126142649409,1.2304203106104576
33,block1.Wv,transformer_block,101.85432891795291,1.0557858040817838
34,block1.Wv,transformer_block,91.93896564833227,1.1520847649985946
35,block1.Wv,transformer_block,88.41163431106305,0.9417527323686188
36,block1.Wv,transformer_block,88.9934607087937,1.0458098193601282
37,block1.Wv,transformer_block,92.46352023417063,1.0288124367380314
38,block1.Wv,transformer_block,89.64114615867818,1.0922361252330426
39,block1.Wv,transformer_block,79.34484314427502,0.7479106419295012
40,block1.Wv,transformer_block,78.34290833147507,1.0919882035888215
41,block1.Wv,transformer_block,96.89328727630358,1.1381583023556696
42,block1.Wv,transformer_block,78.98869330739498,0.7987170511647991
43,block1.Wv,transformer_block,80.66262678514394,1.1146395339600625
44,block1.Wv,transformer_block,122.56068170957215,1.6001153421706802
45,block1.Wv,transformer_block,116.42700210015052,0.9826713546090186
46,block1.Wv,transformer_block,81.79236865512092,0.984561965020795
47,block1.Wv,transformer_block,91.82150896571962,1.1629759278146556
48,block1.Wv,transformer_block,99.48287845307911,1.1321769563818171
49,block1.Wv,transformer_block,95.58170842373565,0.9978118549467918
50,block1.Wv,transformer_block,84.09283532137131,0.9954420190793268
51,block1.Wv,transformer_block,91.69266607222146,1.1336441747772537
52,block1.Wv,transformer_block,75.01067419904734,0.8131772440805518
53,block1.Wv,transformer_block,69.78501187781002,0.8517778472658128
54,block1.Wv,transformer_block,74.80135838179274,1.0032534072208956
55,block1.Wv,transformer_block,89.938669113201,1.1633352496992941
56,block1.Wv,transformer_block,93.933437053387,1.0684572818914364
57,block1.Wv,transformer_block,85.71775194119343,0.9305806751970598
58,block1.Wv,transformer_block,84.00145330729897,1.0180161578887719
59,block1.Wv,transformer_block,66.94829797019312,0.8139193063016106
60,block1.Wv,transformer_block,80.72384716228444,1.1057705081469777
61,block1.Wv,transformer_block,89.47423073849356,0.9757444790247355
62,block1.Wv,transformer_block,78.98133769056885,0.9281116800672172
63,block1.Wv,transformer_block,72.6818453875174,0.8870870127644117
64,block1.Wv,transformer_block,84.60207070673891,1.1125840453614007
65,block1.Wv,transformer_block,96.63182687343861,1.1007459521162017
66,block1.Wv,transformer_block,99.39611482850188,1.2225174278650697
67,block1.Wv,transformer_block,116.09310131242219,1.4616423411909596
68,block1.Wv,transformer_block,104.96778704057745,0.9108717906719384
69,block1.Wv,transformer_block,77.05637608102073,1.0077122735812285
70,block1.Wv,transformer_block,98.90838301640895,1.2196846748203805
71,block1.Wv,transformer_block,86.48714100464936,0.833674593934154
72,block1.Wv,transformer_block,69.10151320720635,0.8861856770056162
73,block1.Wv,transformer_block,64.92845209084676,0.7982717016880614
74,block1.Wv,transformer_block,66.38370442260188,0.8432108854828964
75,block1.Wv,transformer_block,67.11615248091573,0.7805133507374216
76,block1.Wv,transformer_block,67.5415049741543,0.8978536783051441
77,block1.Wv,transformer_block,73.51156333149086,0.8551404069733956
78,block1.Wv,transformer_block,58.006496611667096,0.7215239368973073
79,block1.Wv,transformer_block,61.68031220608539,0.7688599050847891
80,block1.Wv,transformer_block,58.856586185962776,0.890244549677941
81,block1.Wv,transformer_block,66.9272401798027,0.8210105146298009
82,block1.Wv,transformer_block,64.4722648226669,0.8720376862996767
83,block1.Wv,transformer_block,68.66398058537447,0.8228435169636082
84,block1.Wv,transformer_block,73.56166607738459,0.9997525994021865
85,block1.Wv,transformer_block,76.86494075516156,0.8383180480239957
86,block1.Wv,transformer_block,84.92401334421025,1.1926699162552157
87,block1.Wv,transformer_block,82.20501455169018,0.8863726085274564
88,block1.Wv,transformer_block,74.53351149863437,0.9487959722756552
89,block1.Wv,transformer_block,81.95801913385188,0.9682264844977894
90,block1.Wv,transformer_block,84.9087954795314,1.0101520139969031
91,block1.Wv,transformer_block,78.2593079649771,0.909151545459471
92,block1.Wv,transformer_block,88.51408779946601,1.1898826301272662
93,block1.Wv,transformer_block,96.35071682989435,1.0957488974120393
94,block1.Wv,transformer_block,78.97841326308145,0.8705947845147872
95,block1.Wv,transformer_block,62.42157751942956,0.7670487273922124
96,block1.Wv,transformer_block,66.86793564151407,0.9594011381680319
97,block1.Wv,transformer_block,75.10732088144766,1.005443879181663
98,block1.Wv,transformer_block,88.59378382847693,1.1026065456542637
99,block1.Wv,transformer_block,74.19320021115135,0.8339191340576684
100,block1.Wv,transformer_block,68.02848963780293,0.9379620618366065
101,block1.Wv,transformer_block,73.3381096039553,0.7934552538558337
102,block1.Wv,transformer_block,59.184370825062445,0.8478167259116179
103,block1.Wv,transformer_block,67.2624976889835,0.8493823707846266
104,block1.Wv,transformer_block,71.61171883899847,0.8660936294564963
105,block1.Wv,transformer_block,69.32222327722768,0.8343402502744656
106,block1.Wv,transformer_block,66.28683880820198,0.7917489244961828
107,block1.Wv,transformer_block,65.97798472821802,0.8668855638547246
108,block1.Wv,transformer_block,72.43212348124655,0.9480578034932708
109,block1.Wv,transformer_block,72.529009975724,1.0127635809769393
110,block1.Wv,transformer_block,84.29991104374133,0.9210301658919392
111,block1.Wv,transformer_block,73.750396964461,0.9712153186100988
112,block1.Wv,transformer_block,74.97487984252793,0.8480948057681066
113,block1.Wv,transformer_block,61.76650051576588,0.8954523942087104
114,block1.Wv,transformer_block,73.31507934974404,0.828228969065526
115,block1.Wv,transformer_block,66.87498732156587,0.9393259759903574
116,block1.Wv,transformer_block,73.66236159329424,0.9001448155506195
117,block1.Wv,transformer_block,66.38191270198831,0.7783561629135854
118,block1.Wv,transformer_block,65.31315407917957,0.8494881188222398
119,block1.Wv,transformer_block,76.65589065574783,1.0616563789955729
120,block1.Wv,transformer_block,80.78553162178244,0.8959239451292509
121,block1.Wv,transformer_block,72.13761559317376,0.8782204576362853
122,block1.Wv,transformer_block,70.1333008483512,0.9303261903537338
123,block1.Wv,transformer_block,74.27377281378897,0.9158470495918383
124,block1.Wv,transformer_block,66.2392558626505,0.730065281537214
125,block1.Wv,transformer_block,62.848475930629135,0.8082170724004398
126,block1.Wv,transformer_block,70.59283928766186,0.9144412248951088
127,block1.Wv,transformer_block,69.19268435842135,0.8016253015687167
128,block1.Wv,transformer_block,67.22919114114168,0.9231046432595932
129,block1.Wv,transformer_block,77.76525555790269,0.9444073121252997
130,block1.Wv,transformer_block,68.50678683666003,0.7386958577898224
131,block1.Wv,transformer_block,63.41671231849871,0.762262757680378
132,block1.Wv,transformer_block,68.79556650814565,0.9514597261587833
133,block1.Wv,transformer_block,77.32150524609224,0.9345551033881385
134,block1.Wv,transformer_block,81.02438028563881,0.9519181540731498
135,block1.Wv,transformer_block,61.915936294578714,0.7222863971366016
136,block1.Wv,transformer_block,72.22677647163947,0.9865483667445374
137,block1.Wv,transformer_block,78.1723745537527,0.9331346756487704
138,block1.Wv,transformer_block,72.31987492499707,0.8437097608918991
139,block1.Wv,transformer_block,64.773707006295,0.8950037175170165
140,block1.Wv,transformer_block,77.03057635441752,0.9577162989036492
141,block1.Wv,transformer_block,72.77318535781178,0.7790843568111627
142,block1.Wv,transformer_block,63.20628232373701,0.7870348523613684
143,block1.Wv,transformer_block,69.65689913075082,0.9778802010441493
144,block1.Wv,transformer_block,75.14788588076605,1.0319628908070906
145,block1.Wv,transformer_block,76.83677875065054,0.9127516671988487
146,block1.Wv,transformer_block,65.40304586459207,0.8208925233341887
147,block1.Wv,transformer_block,68.70104421993017,0.9006564528425538
148,block1.Wv,transformer_block,67.21953693186772,0.8942338531636234
149,block1.Wv,transformer_block,69.23453805039918,0.8882336088739258
150,block1.Wv,transformer_block,81.12209343620209,1.015709087194474
151,block1.Wv,transformer_block,76.12004749318928,0.8756385397141291
152,block1.Wv,transformer_block,64.95158362798406,0.7422001991888376
153,block1.Wv,transformer_block,56.538818330419204,0.7512052477254874
154,block1.Wv,transformer_block,62.80820413174604,0.8448136548636195
155,block1.Wv,transformer_block,71.70974991882551,0.9087590996115698
156,block1.Wv,transformer_block,77.18852744749755,0.9553817589041134
157,block1.Wv,transformer_block,75.50698880924733,0.8816171185447259
158,block1.Wv,transformer_block,71.15585943426174,0.8762002269814175
159,block1.Wv,transformer_block,65.78229539122967,0.835040648714029
160,block1.Wv,transformer_block,73.2531762140053,0.9929095597601709
161,block1.Wv,transformer_block,75.96415186555102,0.8559150507147705
162,block1.Wv,transformer_block,75.53300315428939,1.0065208220998076
163,block1.Wv,transformer_block,82.76262786946057,0.9655163123437029
164,block1.Wv,transformer_block,77.35625655922281,0.9897001021909967
165,block1.Wv,transformer_block,85.52533019799641,1.0040954856281834
166,block1.Wv,transformer_block,85.36561147806894,0.9326552798184624
167,block1.Wv,transformer_block,82.22750934483668,1.0542515223998905
168,block1.Wv,transformer_block,71.4491605865788,0.9034634227875966
169,block1.Wv,transformer_block,74.58485914457107,0.907440891823918
170,block1.Wv,transformer_block,72.12989981660051,0.9206739929913238
171,block1.Wv,transformer_block,76.55605075488337,0.9612869616390254
172,block1.Wv,transformer_block,68.04399269825987,0.8125525747904613
173,block1.Wv,transformer_block,72.70350220681124,0.9093247859560253
174,block1.Wv,transformer_block,61.35767977351034,0.701385543397437
175,block1.Wv,transformer_block,70.43856332400439,0.9841291387586603
176,block1.Wv,transformer_block,71.21319286032445,0.7468280650161014
177,block1.Wv,transformer_block,73.45027631907536,1.1236887202768122
178,block1.Wv,transformer_block,76.31907519684319,0.8681103671359631
179,block1.Wv,transformer_block,74.2723090322842,0.9330591769713884
180,block1.Wv,transformer_block,79.1526735735661,0.9814020167878156
181,block1.Wv,transformer_block,75.03181702380024,0.8739206219249134
182,block1.Wv,transformer_block,74.22099015361849,0.8575554151211022
183,block1.Wv,transformer_block,73.16842022645582,0.920357214601363
184,block1.Wv,transformer_block,73.29275018952146,0.8530973543809693
185,block1.Wv,transformer_block,65.8954531120263,0.8149362690875306
186,block1.Wv,transformer_block,65.57061014388701,0.8817679781352912
187,block1.Wv,transformer_block,72.04209741643847,0.8060651068590217
188,block1.Wv,transformer_block,63.272125536365316,0.7861766073860982
189,block1.Wv,transformer_block,72.52792109857558,0.9524065355632927
190,block1.Wv,transformer_block,74.50017414567189,0.8526435131681366
191,block1.Wv,transformer_block,72.80911550515847,0.9390045158897005
192,block1.Wv,transformer_block,78.327408889726,0.9535351381288529
193,block1.Wv,transformer_block,69.59098038674055,0.7769567381594312
194,block1.Wv,transformer_block,69.05219681917843,0.97589744841095
195,block1.Wv,transformer_block,86.23435147981402,1.0476304083586103
196,block1.Wv,transformer_block,73.38736999890634,0.8382864390778209
197,block1.Wv,transformer_block,63.60159172060633,0.7555234542585365
198,block1.Wv,transformer_block,59.810751625640336,0.7177874923461803
199,block1.Wv,transformer_block,60.23707163249177,0.8255676515215197
200,block1.Wv,transformer_block,57.10527244299063,0.6976692674688119
201,block1.Wv,transformer_block,60.079871689546344,0.7778852634431659
202,block1.Wv,transformer_block,69.51845837351078,0.9562655942661038
203,block1.Wv,transformer_block,69.267784522014,0.8487162073865193
204,block1.Wv,transformer_block,76.56666991014269,1.0681857969911046
205,block1.Wv,transformer_block,80.34001785455725,0.8967459575636841
206,block1.Wv,transformer_block,64.2821253731539,0.8263184234050132
207,block1.Wv,transformer_block,63.434052997530564,0.7630091285354532
208,block1.Wv,transformer_block,63.81383251269943,0.8107688370583955
209,block1.Wv,transformer_block,60.710569688278106,0.7684092105331313
210,block1.Wv,transformer_block,62.76601797607459,0.8515564180202226
211,block1.Wv,transformer_block,65.71459707491407,0.8785525073288125
212,block1.Wv,transformer_block,75.6217105952838,0.9105578568267136
213,block1.Wv,transformer_block,68.14223477586222,0.8814856965718817
214,block1.Wv,transformer_block,66.7812931054988,0.9102986661212515
215,block1.Wv,transformer_block,66.09208835593176,0.836898447111629
216,block1.Wv,transformer_block,71.25181468378402,0.951757444262026
217,block1.Wv,transformer_block,65.20258647819034,0.8167959011037124
218,block1.Wv,transformer_block,62.177077755817976,0.9357267980518407
219,block1.Wv,transformer_block,73.64553477652692,1.0025645039390882
220,block1.Wv,transformer_block,70.35834470849504,0.7298935020001587
221,block1.Wv,transformer_block,73.02914219619406,1.0875553754899618
222,block1.Wv,transformer_block,80.18389879737772,0.8674683554602776
223,block1.Wv,transformer_block,64.82995123424486,0.7792286531505255
224,block1.Wv,transformer_block,67.1749795462457,0.8885458269108081
225,block1.Wv,transformer_block,68.51663160022929,0.7654446974819837
226,block1.Wv,transformer_block,78.37339057063329,1.0629072410516613
227,block1.Wv,transformer_block,76.18631991722525,0.82857326245519
228,block1.Wv,transformer_block,65.33098157771694,0.8020998037298959
229,block1.Wv,transformer_block,61.94570707542716,0.7964123534012024
230,block1.Wv,transformer_block,57.17639479033252,0.7868134345571876
231,block1.Wv,transformer_block,69.37529203985146,0.8431173648208701
232,block1.Wv,transformer_block,62.85088789934081,0.8113921096914488
233,block1.Wv,transformer_block,63.58163702393373,0.7919787342902159
234,block1.Wv,transformer_block,65.78645254255693,0.8334882142000387
235,block1.Wv,transformer_block,73.49483561338127,0.8934268668810296
236,block1.Wv,transformer_block,73.44443076204477,0.9270613213424845
237,block1.Wv,transformer_block,66.71012112702226,0.7425959464248901
238,block1.Wv,transformer_block,67.37555991731193,0.9019075109849342
239,block1.Wv,transformer_block,70.68255032037857,0.9377292616425654
240,block1.Wv,transformer_block,69.83902243872296,0.7707719098642724
241,block1.Wv,transformer_block,69.77736972583195,1.0035799839128736
242,block1.Wv,transformer_block,85.85468537630646,1.0001169691538503
243,block1.Wv,transformer_block,82.62912471812169,1.1454571712041952
244,block1.Wv,transformer_block,82.16484536263192,0.8346934071546188
245,block1.Wv,transformer_block,66.86003392486008,0.8543859097939464
246,block1.Wv,transformer_block,62.327775390386854,0.7607660374018799
247,block1.Wv,transformer_block,67.16618962721418,0.8535225595149101
248,block1.Wv,transformer_block,63.490751530434366,0.8022909737353376
249,block1.Wv,transformer_block,62.11947155321679,0.7734391170000081
250,block1.Wv,transformer_block,61.18692148333477,0.7529778353060737
251,block1.Wv,transformer_block,64.15570512210782,0.83425346118574
252,block1.Wv,transformer_block,59.26361983162301,0.7430931363504024
253,block1.Wv,transformer_block,66.41924221833324,0.8261838757417486
254,block1.Wv,transformer_block,61.94798827458982,0.7699373414475392
255,block1.Wv,transformer_block,67.09355174850721,0.8631902005258203
256,block1.Wv,transformer_block,63.211563223689915,0.8091956769825346
257,block1.Wv,transformer_block,61.67552314851345,0.8442930900501159
258,block1.Wv,transformer_block,65.19485273536436,0.8769349360842935
259,block1.Wv,transformer_block,65.79708047859496,0.7739919340461365
260,block1.Wv,transformer_block,68.99696310392714,0.9047059884544126
261,block1.Wv,transformer_block,61.371212799000475,0.7578419906595865
262,block1.Wv,transformer_block,74.97174277124005,1.0298300136752134
263,block1.Wv,transformer_block,76.97905799400047,0.9007140644872398
264,block1.Wv,transformer_block,71.9629945728993,0.824642998348741
265,block1.Wv,transformer_block,65.75808402383677,0.8280300582838758
266,block1.Wv,transformer_block,64.91224142411038,0.8391910750052324
267,block1.Wv,transformer_block,69.49406376232653,0.8504860212684875
268,block1.Wv,transformer_block,66.89241094486181,0.844260241076741
269,block1.Wv,transformer_block,62.640442966271536,0.8146873280840883
270,block1.Wv,transformer_block,63.33068331306072,0.8269106867964227
271,block1.Wv,transformer_block,80.98155873528589,1.1547961334184451
272,block1.Wv,transformer_block,79.60834429539142,0.8749816150111012
273,block1.Wv,transformer_block,63.2800503192648,0.7465625130476989
274,block1.Wv,transformer_block,69.7396690455673,0.9444695467700256
275,block1.Wv,transformer_block,62.727433167798196,0.7407211073044554
276,block1.Wv,transformer_block,55.78185757024141,0.6921003685180112
277,block1.Wv,transformer_block,63.13907272217969,0.8873306248416812
278,block1.Wv,transformer_block,63.6456508156486,0.8401437616157816
279,block1.Wv,transformer_block,65.16793130238838,0.86086524264266
280,block1.Wv,transformer_block,65.54325746556432,0.8041286005060939
281,block1.Wv,transformer_block,64.33459162083183,0.8576494089928155
282,block1.Wv,transformer_block,63.78518585168765,0.7760207771536098
283,block1.Wv,transformer_block,59.64026214758134,0.7585101462081627
284,block1.Wv,transformer_block,64.6808677575613,0.9383802892097122
285,block1.Wv,transformer_block,79.09491026046524,0.8727288324498284
286,block1.Wv,transformer_block,59.57333551102009,0.7969788595711191
287,block1.Wv,transformer_block,67.33270130940413,0.8602353684377914
288,block1.Wv,transformer_block,65.56977719749551,0.8651975407087177
289,block1.Wv,transformer_block,70.61757455459268,0.9031036094495397
290,block1.Wv,transformer_block,72.79724272888566,0.8941779344708045
291,block1.Wv,transformer_block,71.60318885590503,0.8452276509021948
292,block1.Wv,transformer_block,65.8971730427784,0.8285837615852094
293,block1.Wv,transformer_block,66.88344500588119,0.8480256463201767
294,block1.Wv,transformer_block,62.46461732653119,0.7594105625995933
295,block1.Wv,transformer_block,67.62219005313125,0.8933914462516125
296,block1.Wv,transformer_block,57.77356714317803,0.7450465271309685
297,block1.Wv,transformer_block,61.61175243556628,0.7550902396414982
298,block1.Wv,transformer_block,58.91310208750638,0.7739276416668087
299,block1.Wv,transformer_block,64.62506301424936,0.8865151850556009
300,block1.Wv,transformer_block,61.07195343421772,0.7271312457626858
301,block1.Wv,transformer_block,53.646112045338505,0.6986765318100471
302,block1.Wv,transformer_block,64.02455451045667,0.8948141280190054
303,block1.Wv,transformer_block,71.48214722964805,0.909967967074374
304,block1.Wv,transformer_block,70.83585778769505,0.849548842819061
305,block1.Wv,transformer_block,66.26881255287212,0.7695445019655776
306,block1.Wv,transformer_block,63.869612106715934,0.910406366692737
307,block1.Wv,transformer_block,66.78147393162182,0.7413831182493535
308,block1.Wv,transformer_block,64.08235762566035,0.7992893579553935
309,block1.Wv,transformer_block,68.37999655638671,0.9478548379841947
310,block1.Wv,transformer_block,63.23157783971312,0.8116376795923339
311,block1.Wv,transformer_block,66.52284786223908,0.8388483648355591
312,block1.Wv,transformer_block,71.58339612090033,0.9499229774720079
313,block1.Wv,transformer_block,65.06869138013322,0.7974888588183546
314,block1.Wv,transformer_block,73.21135659380386,0.9473110701959899
315,block1.Wv,transformer_block,76.03957609823507,0.9296474081520688
316,block1.Wv,transformer_block,72.04896746188477,0.8654870050728701
317,block1.Wv,transformer_block,66.02841067890135,0.8483348675575624
318,block1.Wv,transformer_block,69.63379357072071,0.9327017782667684
319,block1.Wv,transformer_block,78.36589778442433,1.0481298580032523
320,block1.Wv,transformer_block,71.60116015947492,0.7172059560710204
321,block1.Wv,transformer_block,58.16171583076857,0.730239108502835
322,block1.Wv,transformer_block,61.29053130604944,0.7787330956068719
323,block1.Wv,transformer_block,60.38581482650131,0.8347240124519634
324,block1.Wv,transformer_block,75.80964461079046,1.0720656323872033
325,block1.Wv,transformer_block,88.27551687308873,0.987577269407334
326,block1.Wv,transformer_block,73.31235047473996,0.7985845786100211
327,block1.Wv,transformer_block,64.3644572196847,0.8423611291928141
328,block1.Wv,transformer_block,64.83283843575131,0.8193335387974773
329,block1.Wv,transformer_block,69.52642750743888,0.9259225886172852
330,block1.Wv,transformer_block,60.87483222033783,0.7500601115226377
331,block1.Wv,transformer_block,72.39300961173389,1.0192690961782138
332,block1.Wv,transformer_block,75.87134985080381,0.7987948778858625
333,block1.Wv,transformer_block,65.93536966557231,0.8168611816683665
334,block1.Wv,transformer_block,65.72533478277339,0.9347813037359923
335,block1.Wv,transformer_block,70.75903081922081,0.823882232258494
336,block1.Wv,transformer_block,70.76856594830988,0.8190420724764113
337,block1.Wv,transformer_block,64.65342114441162,0.8078116770858297
338,block1.Wv,transformer_block,65.68215217255425,0.8465271699687054
339,block1.Wv,transformer_block,65.53998121788466,0.7952401788234793
340,block1.Wv,transformer_block,65.01387307103491,0.9059239816476887
341,block1.Wv,transformer_block,75.24622319507941,0.8771827675801684
342,block1.Wv,transformer_block,65.83234203761644,0.8725929485408401
343,block1.Wv,transformer_block,74.08196628248945,0.9201686734086576
344,block1.Wv,transformer_block,70.59832991718241,0.8210246265760025
345,block1.Wv,transformer_block,64.03996478286452,0.8202590331871447
346,block1.Wv,transformer_block,57.54274952898007,0.7684331803288134
347,block1.Wv,transformer_block,69.25462210579352,0.8912734635003132
348,block1.Wv,transformer_block,69.32479326033064,0.9677229850598283
349,block1.Wv,transformer_block,77.91837817154698,0.8930996677567777
350,block1.Wv,transformer_block,68.34049164263496,0.8134918790674783
351,block1.Wv,transformer_block,65.51395484030321,0.8338196915273557
352,block1.Wv,transformer_block,63.973080575472686,0.7841096778218624
353,block1.Wv,transformer_block,61.5866189825916,0.8403187210629233
354,block1.Wv,transformer_block,66.44075127718554,0.8160339977661546
355,block1.Wv,transformer_block,66.48352806911612,0.8162892633273144
356,block1.Wv,transformer_block,70.17513039251665,0.8157240067781022
357,block1.Wv,transformer_block,70.39089482543432,0.903539354517543
358,block1.Wv,transformer_block,66.12457403397448,0.7830462405986326
359,block1.Wv,transformer_block,57.538440551808414,0.7789700314447043
360,block1.Wv,transformer_block,63.650769663754716,0.8219897334426041
361,block1.Wv,transformer_block,67.84551816494805,0.8126339130087488
362,block1.Wv,transformer_block,57.465455643598844,0.8129959852190812
363,block1.Wv,transformer_block,69.81440332114182,0.8828537472275566
364,block1.Wv,transformer_block,63.891200461771355,0.7842914572869586
365,block1.Wv,transformer_block,67.12121037342312,0.9244074791873045
366,block1.Wv,transformer_block,57.65916955342946,0.7643602362047051
367,block1.Wv,transformer_block,67.931033543283,0.9089818571896845
368,block1.Wv,transformer_block,64.25601453822264,0.7338253776130536
369,block1.Wv,transformer_block,58.073692210459576,0.7153762619309457
370,block1.Wv,transformer_block,57.124748269065535,0.7687408065675267
371,block1.Wv,transformer_block,63.333163430956574,0.8180982778183093
372,block1.Wv,transformer_block,65.8768521003592,0.8082546542342958
373,block1.Wv,transformer_block,77.18004205927984,1.0091847946327661
374,block1.Wv,transformer_block,60.83241666755223,0.6598374962475855
375,block1.Wv,transformer_block,67.50721970082346,0.9748339720214582
376,block1.Wv,transformer_block,68.59125493803472,0.7295792851806475
377,block1.Wv,transformer_block,61.968135429629434,0.8119931387766774
378,block1.Wv,transformer_block,68.75853040964392,0.875041652524334
379,block1.Wv,transformer_block,64.66760503923,0.8555929080763252
380,block1.Wv,transformer_block,68.1875488390913,0.8912370551312002
381,block1.Wv,transformer_block,59.0667930533147,0.717391164998088
382,block1.Wv,transformer_block,65.44450151556781,0.8923139413950381
383,block1.Wv,transformer_block,65.1832127440171,0.6900782342833036
384,block1.Wv,transformer_block,57.53600646738965,0.77730588045878
385,block1.Wv,transformer_block,63.26731265760179,0.8233381173631098
386,block1.Wv,transformer_block,61.27600075906673,0.808479058355288
387,block1.Wv,transformer_block,67.76279656975403,0.8017827198354881
388,block1.Wv,transformer_block,80.64441249159076,1.034485600445795
389,block1.Wv,transformer_block,70.96851449659515,0.7439441389048552
390,block1.Wv,transformer_block,63.710770959422135,0.8335564332650667
391,block1.Wv,transformer_block,62.8312219667415,0.7132156208977981
392,block1.Wv,transformer_block,60.08774816516461,0.7367216470969543
393,block1.Wv,transformer_block,56.027884510873875,0.7512948316052732
394,block1.Wv,transformer_block,61.142889789331136,0.9633985544687296
395,block1.Wv,transformer_block,68.83212357724294,0.7176508071720866
396,block1.Wv,transformer_block,58.154773386958375,0.780648107412417
397,block1.Wv,transformer_block,61.30314491458534,0.7508482499868924
398,block1.Wv,transformer_block,60.55882142158309,0.8400643379859016
399,block1.Wv,transformer_block,67.07315469709548,0.7998340839999654
400,block1.Wv,transformer_block,65.48376731189474,0.8909837978133717
401,block1.Wv,transformer_block,74.67557514284927,0.9654095738684586
402,block1.Wv,transformer_block,64.21162755933989,0.711635460681312
403,block1.Wv,transformer_block,60.78553248165249,0.7354955437930262
404,block1.Wv,transformer_block,64.4428369209911,0.9005480894749154
405,block1.Wv,transformer_block,71.85034859818428,0.8980614432545662
406,block1.Wv,transformer_block,69.5867915470587,0.8493170794162647
407,block1.Wv,transformer_block,77.05116649250341,0.9504386810969532
408,block1.Wv,transformer_block,72.07965243222264,0.88470020161169
409,block1.Wv,transformer_block,70.18936457016785,0.7700133994315903
410,block1.Wv,transformer_block,65.84713560894009,0.8985822454728258
411,block1.Wv,transformer_block,72.02821646097824,0.8675728906569957
412,block1.Wv,transformer_block,67.40642902023193,0.9504516394104522
413,block1.Wv,transformer_block,76.2210735368865,0.8590919256544238
414,block1.Wv,transformer_block,62.83280645708995,0.7700614230814267
415,block1.Wv,transformer_block,63.824427740841394,0.9015328478568597
416,block1.Wv,transformer_block,74.55705551524865,0.8713983030951507
417,block1.Wv,transformer_block,73.44800636129008,0.8311902858045768
418,block1.Wv,transformer_block,65.20394181938454,0.8576201114529944
419,block1.Wv,transformer_block,65.69067731332571,0.7931181471908209
420,block1.Wv,transformer_block,64.94697332647245,0.8694530562177738
421,block1.Wv,transformer_block,67.13638663086877,0.8025013095077245
422,block1.Wv,transformer_block,55.31130075718186,0.7588101814395521
423,block1.Wv,transformer_block,61.91475895980868,0.7744767262994094
424,block1.Wv,transformer_block,60.19493448572367,0.804419198899978
425,block1.Wv,transformer_block,65.52886442053128,0.8769855468651799
426,block1.Wv,transformer_block,64.71661796992417,0.8335124796770714
427,block1.Wv,transformer_block,64.9487046475066,0.8056205110501289
428,block1.Wv,transformer_block,68.66884586936472,0.9363920744724141
429,block1.Wv,transformer_block,65.48519098765036,0.7885367616248258
430,block1.Wv,transformer_block,62.996180847254834,0.744781875322813
431,block1.Wv,transformer_block,58.02141366474635,0.8286242160682681
432,block1.Wv,transformer_block,65.24622402851648,0.8136641647469708
433,block1.Wv,transformer_block,71.20262161795263,0.9336997259970492
434,block1.Wv,transformer_block,74.38905106618122,0.94215674931507
435,block1.Wv,transformer_block,66.86464120014544,0.7380843191349531
436,block1.Wv,transformer_block,56.633803439319905,0.6858657008617566
437,block1.Wv,transformer_block,64.67001407827438,0.8938442159638278
438,block1.Wv,transformer_block,69.40195430025453,0.8031655644631731
439,block1.Wv,transformer_block,68.34889186874256,0.8468423744386435
440,block1.Wv,transformer_block,62.470661073642276,0.802973274405143
441,block1.Wv,transformer_block,61.863190729042984,0.8232484403874156
442,block1.Wv,transformer_block,71.742294939176,0.9304732548264478
443,block1.Wv,transformer_block,70.54572324785372,0.87105672616779
444,block1.Wv,transformer_block,63.539610838244805,0.7672475589013646
445,block1.Wv,transformer_block,69.33659831910076,0.9581259341897991
446,block1.Wv,transformer_block,65.4063336880756,0.8130906829750588
447,block1.Wv,transformer_block,69.73717106107533,0.8204503338084927
448,block1.Wv,transformer_block,62.16689840035393,0.7944439814189348
449,block1.Wv,transformer_block,67.61763191385917,0.8496428125866946
450,block1.Wv,transformer_block,61.882661655553655,0.7658015801824933
451,block1.Wv,transformer_block,64.12971564670922,0.8098039832726915
452,block1.Wv,transformer_block,69.51597690708961,0.9322128971431627
453,block1.Wv,transformer_block,68.92359188858514,0.8306517043167865
454,block1.Wv,transformer_block,74.43352754066558,0.9564471092557694
455,block1.Wv,transformer_block,73.5465237602958,0.8673035276858284
456,block1.Wv,transformer_block,62.32429755402104,0.6569729324979393
457,block1.Wv,transformer_block,62.17334203926458,0.9281982807286613
458,block1.Wv,transformer_block,68.44462619812046,0.7448904644111253
459,block1.Wv,transformer_block,64.22949946633109,0.8164890439656278
460,block1.Wv,transformer_block,54.84121084361258,0.7801520371888634
461,block1.Wv,transformer_block,65.79488158340853,0.8928612231278001
462,block1.Wv,transformer_block,68.23956127197992,0.9292512586949588
463,block1.Wv,transformer_block,64.56839496752234,0.7576121048979724
464,block1.Wv,transformer_block,65.8413897952876,0.8242713635264312
465,block1.Wv,transformer_block,62.76428538769614,0.8128720791244701
466,block1.Wv,transformer_block,62.3585411804819,0.8266204659273588
467,block1.Wv,transformer_block,72.81190423193817,0.8895708730342213
468,block1.Wv,transformer_block,76.22059100848381,0.9781127341311717
469,block1.Wv,transformer_block,69.19307103407824,0.7678607564932179
470,block1.Wv,transformer_block,57.31497955742004,0.6448433815697301
471,block1.Wv,transformer_block,58.82471593349556,0.8311023289204997
472,block1.Wv,transformer_block,60.72676328670401,0.7617290980845784
473,block1.Wv,transformer_block,58.984297151259206,0.7520313631243336
474,block1.Wv,transformer_block,53.676655572932155,0.7645580974102877
475,block1.Wv,transformer_block,63.85120690692857,0.8523823983729202
476,block1.Wv,transformer_block,66.20348149690543,0.7839408349002361
477,block1.Wv,transformer_block,57.769152058683275,0.7031369631872766
478,block1.Wv,transformer_block,52.89431957389163,0.7448585113454569
479,block1.Wv,transformer_block,67.2414702021545,0.9478650683946822
480,block1.Wv,transformer_block,64.90127731361245,0.6713779259140634
481,block1.Wv,transformer_block,73.41384382530305,1.1381291257219086
482,block1.Wv,transformer_block,83.95427576872406,0.89804684535391
483,block1.Wv,transformer_block,65.79109902398454,0.7786796083809195
484,block1.Wv,transformer_block,63.0673309758453,0.7483010216268963
485,block1.Wv,transformer_block,56.04309543422198,0.7531558135651089
486,block1.Wv,transformer_block,63.188128976079035,0.8205024995312284
487,block1.Wv,transformer_block,65.70152216521137,0.8480336333606472
488,block1.Wv,transformer_block,65.47897243863243,0.7980200253064794
489,block1.Wv,transformer_block,62.6183909613232,0.679296160829338
490,block1.Wv,transformer_block,62.52199666873156,0.8574623670175966
491,block1.Wv,transformer_block,70.97596594283178,0.8958246397459115
492,block1.Wv,transformer_block,55.8739051267795,0.690008509387418
493,block1.Wv,transformer_block,56.821638679598564,0.7989521270769783
494,block1.Wv,transformer_block,59.873374842663644,0.8414184549858641
495,block1.Wv,transformer_block,64.24767694232844,0.8025791869945578
496,block1.Wv,transformer_block,60.13832107685291,0.8415215555694942
497,block1.Wv,transformer_block,78.37237651723255,1.0184889026030979
498,block1.Wv,transformer_block,76.49789315580064,0.8491077640406353
499,block1.Wv,transformer_block,64.82456426327101,0.7457374193786344
500,block1.Wv,transformer_block,53.85108273318532,0.6829389057284279
501,block1.Wv,transformer_block,54.03714403367308,0.7903207651608736
502,block1.Wv,transformer_block,69.67128123872388,0.9534569978819563
503,block1.Wv,transformer_block,73.51402465875914,0.8469750941457204
504,block1.Wv,transformer_block,67.73468865333783,0.8302299680916535
505,block1.Wv,transformer_block,68.32344067621591,0.9143906590083262
506,block1.Wv,transformer_block,66.03065028797242,0.7439882107972592
507,block1.Wv,transformer_block,65.50401967817764,0.8765678181639716
508,block1.Wv,transformer_block,75.4843718884604,0.9611549874712013
509,block1.Wv,transformer_block,69.632541081894,0.8225017383590705
510,block1.Wv,transformer_block,64.56370798893623,0.8974963691624298
511,block1.Wv,transformer_block,66.85168412665772,0.7462862845295413
512,block1.Wv,transformer_block,62.388737170548225,0.8458251767008711
513,block1.Wv,transformer_block,74.7367317203542,0.9110305151200311
514,block1.Wv,transformer_block,73.20752854000335,0.8219984916555958
515,block1.Wv,transformer_block,67.20383971109798,0.8560804372253281
516,block1.Wv,transformer_block,60.5657275878069,0.746800217153721
517,block1.Wv,transformer_block,62.958909869512254,0.8026930687416314
518,block1.Wv,transformer_block,68.48532681054422,0.8312548632438259
519,block1.Wv,transformer_block,64.37061022072339,0.8618927874529726
520,block1.Wv,transformer_block,67.17000250151843,0.7420324320317997
521,block1.Wv,transformer_block,66.12408448170356,0.8952118191435634
522,block1.Wv,transformer_block,65.58381242992904,0.7493010517475711
523,block1.Wv,transformer_block,55.295426715572134,0.6963776910257962
524,block1.Wv,transformer_block,68.1269033191126,0.8851144477784184
525,block1.Wv,transformer_block,74.06220049043999,0.9013652119178841
526,block1.Wv,transformer_block,62.474732357515414,0.6902249226001412
527,block1.Wv,transformer_block,59.73763992277618,0.7659365703320067
528,block1.Wv,transformer_block,69.49486641414256,1.0249160573802394
529,block1.Wv,transformer_block,73.22687965409062,0.7236288339133234
530,block1.Wv,transformer_block,55.79698903440954,0.6825523814560495
531,block1.Wv,transformer_block,63.14840218038747,0.8259251985587545
532,block1.Wv,transformer_block,64.71551145517459,0.8174699562951684
533,block1.Wv,transformer_block,63.607815452704294,0.8562294879695613
534,block1.Wv,transformer_block,62.63042290025306,0.7387202055856408
535,block1.Wv,transformer_block,60.912482082153076,0.7931986929063487
536,block1.Wv,transformer_block,62.98322248532241,0.8296938365702073
537,block1.Wv,transformer_block,63.53426755730682,0.7639187808080317
538,block1.Wv,transformer_block,61.766989376971004,0.8997666876950077
539,block1.Wv,transformer_block,70.85259511522159,0.8438156235450015
540,block1.Wv,transformer_block,67.07597337170901,0.8442624855395896
541,block1.Wv,transformer_block,62.23121155720738,0.728489652415957
542,block1.Wv,transformer_block,64.34635843090238,0.8579239315140186
543,block1.Wv,transformer_block,69.26700991644113,0.8216180842054707
544,block1.Wv,transformer_block,65.4070629223944,0.836228057579218
545,block1.Wv,transformer_block,63.152518345067044,0.8387983880580598
546,block1.Wv,transformer_block,66.73692869861145,0.8121219834248319
547,block1.Wv,transformer_block,65.47203019767133,0.8515477896922451
548,block1.Wv,transformer_block,62.417798464574425,0.7768091263185075
549,block1.Wv,transformer_block,65.37305935819131,0.791280441726718
550,block1.Wv,transformer_block,60.24050349958975,0.7388643584867762
551,block1.Wv,transformer_block,74.8648311418487,1.0778541819662437
552,block1.Wv,transformer_block,72.06244767658572,0.790611719471277
553,block1.Wv,transformer_block,65.53607212436567,0.8755621368286627
554,block1.Wv,transformer_block,60.40163231376674,0.7983652435799762
555,block1.Wv,transformer_block,69.0260495958386,0.9053765009349468
556,block1.Wv,transformer_block,73.11791193399655,0.8907442201214821
557,block1.Wv,transformer_block,74.49328645652948,0.85184766479205
558,block1.Wv,transformer_block,63.2183009700208,0.7273267561261914
559,block1.Wv,transformer_block,52.67720898690331,0.6626928569677447
560,block1.Wv,transformer_block,65.14430722527219,0.8903303636465112
561,block1.Wv,transformer_block,78.63659842681362,1.0063079895242582
562,block1.Wv,transformer_block,72.84616706487084,0.871704831024259
563,block1.Wv,transformer_block,69.54403546404824,0.837289525434663
564,block1.Wv,transformer_block,63.23107252270426,0.8700101946736238
565,block1.Wv,transformer_block,72.2242766545775,0.93640918280838
566,block1.Wv,transformer_block,74.01112153050725,0.9098129734454163
567,block1.Wv,transformer_block,67.23161340080027,0.7842971946958044
568,block1.Wv,transformer_block,65.04664097195088,0.8080256906828425
569,block1.Wv,transformer_block,67.31088295211066,0.8215661100084825
570,block1.Wv,transformer_block,64.79958424407664,0.8291671391648192
571,block1.Wv,transformer_block,65.47373248155,0.8129445991219402
572,block1.Wv,transformer_block,68.27940528459132,0.8654542887957006
573,block1.Wv,transformer_block,63.5706461614459,0.8007924598860439
574,block1.Wv,transformer_block,68.34021145840886,0.8016413416350281
575,block1.Wv,transformer_block,61.66790454756558,0.7923218069191725
576,block1.Wv,transformer_block,59.21535066765689,0.8167501060743718
577,block1.Wv,transformer_block,65.86525130288042,0.7888957721002217
578,block1.Wv,transformer_block,60.581974288256184,0.7618880057711742
579,block1.Wv,transformer_block,70.95397779077517,0.9448666029305581
580,block1.Wv,transformer_block,72.79802704863752,0.9386932903217842
581,block1.Wv,transformer_block,68.61126632498645,0.7589031595495365
582,block1.Wv,transformer_block,59.76513981066301,0.8097031953583987
583,block1.Wv,transformer_block,65.45727448385568,0.7785248609491776
584,block1.Wv,transformer_block,67.63581892641301,0.862682203006033
585,block1.Wv,transformer_block,62.5577177940837,0.8095863454971238
586,block1.Wv,transformer_block,78.16547231917846,1.002972970838241
587,block1.Wv,transformer_block,77.6451960672246,0.8597134480921254
588,block1.Wv,transformer_block,70.66161256068115,0.8214524725949799
589,block1.Wv,transformer_block,55.80228678682318,0.6859072675378802
590,block1.Wv,transformer_block,67.56618238336273,1.0105723382198555
591,block1.Wv,transformer_block,66.17373194735346,0.8997413913314016
592,block1.Wv,transformer_block,70.13097132338254,0.74575831408379
593,block1.Wv,transformer_block,67.39919496522172,0.9074420844183553
594,block1.Wv,transformer_block,67.79555847060709,0.8299237014841931
595,block1.Wv,transformer_block,63.00199467789521,0.8104204083513599
596,block1.Wv,transformer_block,66.25685199846666,0.8613420420983614
597,block1.Wv,transformer_block,67.22955471271861,0.8698585342368401
598,block1.Wv,transformer_block,70.89806633838116,0.9388328039416174
599,block1.Wv,transformer_block,72.9682430251376,0.7662825784031982
600,block1.Wv,transformer_block,69.66075844951735,0.91257900453144
601,block1.Wv,transformer_block,68.83500136617634,0.8627189536689152
602,block1.Wv,transformer_block,64.11763524149497,0.7222661782556588
603,block1.Wv,transformer_block,60.58651796082652,0.8435873105600454
604,block1.Wv,transformer_block,62.12445728581237,0.7020518009128868
605,block1.Wv,transformer_block,59.12986402613193,0.8219715507786705
606,block1.Wv,transformer_block,64.20918571097495,0.7679229013381217
607,block1.Wv,transformer_block,61.445703054549035,0.8334907716235982
608,block1.Wv,transformer_block,62.67773919313226,0.8626387218028098
609,block1.Wv,transformer_block,71.79245300158075,0.9335179352157419
610,block1.Wv,transformer_block,68.33387624157328,0.7601090843749607
611,block1.Wv,transformer_block,62.16101157401296,0.8278592331191361
612,block1.Wv,transformer_block,55.960439548941835,0.7070874454531211
613,block1.Wv,transformer_block,59.94346533276488,0.8722630459888332
614,block1.Wv,transformer_block,68.16756729173898,0.9264391105155438
615,block1.Wv,transformer_block,72.4956618297589,0.8123990288515517
616,block1.Wv,transformer_block,64.23096829533036,0.9017494687915969
617,block1.Wv,transformer_block,61.94348164716703,0.6826275036463045
618,block1.Wv,transformer_block,67.2230446033807,0.9421614091761555
619,block1.Wv,transformer_block,70.48803756657094,0.9213549560729788
620,block1.Wv,transformer_block,65.7306594298078,0.7290632839004587
621,block1.Wv,transformer_block,63.23741175062491,0.8331522385673203
622,block1.Wv,transformer_block,75.22619480406254,1.0253815485907252
623,block1.Wv,transformer_block,71.32348754751601,0.7601156056873014
624,block1.Wv,transformer_block,70.05696270276866,0.9968084040178987
625,block1.Wv,transformer_block,74.73820072590546,0.9051949404570867
626,block1.Wv,transformer_block,66.30264929313499,0.7688382143217438
627,block1.Wv,transformer_block,62.65255110950524,0.8465653417212275
628,block1.Wv,transformer_block,73.50916581652747,0.9656349661814134
629,block1.Wv,transformer_block,64.42901421339664,0.712062490060257
630,block1.Wv,transformer_block,58.7659674511651,0.7459937242577835
631,block1.Wv,transformer_block,50.60020807132559,0.609999056470041
632,block1.Wv,transformer_block,54.907495150837406,0.7832874546921704
633,block1.Wv,transformer_block,63.384797416982316,0.7744052245787114
634,block1.Wv,transformer_block,59.39889486006999,0.9150053265611481
635,block1.Wv,transformer_block,66.70999306991861,0.7891971982091855
636,block1.Wv,transformer_block,67.2653233678941,0.8197832223063342
637,block1.Wv,transformer_block,67.1198791280189,0.8441813009317175
638,block1.Wv,transformer_block,61.77591486297064,0.7455169920972892
639,block1.Wv,transformer_block,68.4230273359398,0.9144425111483045
640,block1.Wv,transformer_block,70.02618720225034,0.9095904101386407
641,block1.Wv,transformer_block,72.99433363879716,0.9380312530559625
642,block1.Wv,transformer_block,71.35727992530042,0.8305657649541909
643,block1.Wv,transformer_block,66.9399800191895,0.8068517642591931
644,block1.Wv,transformer_block,72.87558949734243,0.9427146390003474
645,block1.Wv,transformer_block,69.41955740391283,0.7746127395038729
646,block1.Wv,transformer_block,63.0381596984932,0.8299496147491277
647,block1.Wv,transformer_block,63.777449904376034,0.8042955644814194
648,block1.Wv,transformer_block,62.51811042039124,0.7965961589202926
649,block1.Wv,transformer_block,67.00111593669075,0.9552072979124221
650,block1.Wv,transformer_block,70.01431071908469,0.8099552670067558
651,block1.Wv,transformer_block,53.90420807079418,0.6923999589935005
652,block1.Wv,transformer_block,61.019665626514346,0.8599130230453815
653,block1.Wv,transformer_block,64.66360385578021,0.8597756834070379
654,block1.Wv,transformer_block,75.25688438342543,0.984174096705168
655,block1.Wv,transformer_block,74.52754488781873,0.7994123236330927
656,block1.Wv,transformer_block,60.38751628895597,0.7647779831661138
657,block1.Wv,transformer_block,63.70259421125799,0.8086888554104541
658,block1.Wv,transformer_block,71.8949363328729,0.9032602367040097
659,block1.Wv,transformer_block,66.00930447865912,0.8256973449096445
660,block1.Wv,transformer_block,68.10066582868377,0.8401208693155224
661,block1.Wv,transformer_block,78.27252737310636,0.9658720806734185
662,block1.Wv,transformer_block,76.19864136221038,1.0041668339248868
663,block1.Wv,transformer_block,78.24800947135247,0.8298633088854246
664,block1.Wv,transformer_block,64.4115035008508,0.903832553402157
665,block1.Wv,transformer_block,72.23768470465225,0.885510928308573
666,block1.Wv,transformer_block,69.39981252612554,0.8888115648849286
667,block1.Wv,transformer_block,68.58355397368429,0.834960364716494
668,block1.Wv,transformer_block,63.88693708663667,0.8665476919157498
669,block1.Wv,transformer_block,63.8074264414916,0.7750582803983281
670,block1.Wv,transformer_block,69.48447394160328,0.794628267759186
671,block1.Wv,transformer_block,60.93178174429547,0.9367527588037741
672,block1.Wv,transformer_block,76.17053864972499,0.9593575847547086
673,block1.Wv,transformer_block,72.9244629154557,0.8262609178201585
674,block1.Wv,transformer_block,65.4911143585289,0.9003938386443033
675,block1.Wv,transformer_block,62.46752910198003,0.7538843103152294
676,block1.Wv,transformer_block,73.48603416660164,1.011031239720987
677,block1.Wv,transformer_block,83.0069589596366,0.9592104971788141
678,block1.Wv,transformer_block,77.35270361861366,0.8795763397531068
679,block1.Wv,transformer_block,73.76904117422802,0.8241178826977297
680,block1.Wv,transformer_block,67.85342429585397,0.8257605284646845
681,block1.Wv,transformer_block,61.45338681737386,0.7714194655927555
682,block1.Wv,transformer_block,64.02646798864511,0.863334523208318
683,block1.Wv,transformer_block,62.9112091853798,0.8555752831064183
684,block1.Wv,transformer_block,75.22184317320381,0.9743690149685608
685,block1.Wv,transformer_block,72.98401049811619,0.8625778389628364
686,block1.Wv,transformer_block,71.3272242037808,0.8483242977964868
687,block1.Wv,transformer_block,66.52508191483129,0.7699067312133498
688,block1.Wv,transformer_block,66.90705186482819,0.8463903623807685
689,block1.Wv,transformer_block,66.64957906047016,0.9093510344835677
690,block1.Wv,transformer_block,72.82332990992678,0.9599499315626839
691,block1.Wv,transformer_block,73.45452751512613,0.8267943920992531
692,block1.Wv,transformer_block,70.94585187190269,0.9319441372096269
693,block1.Wv,transformer_block,65.42370661468817,0.7789261304071564
694,block1.Wv,transformer_block,61.480571400212426,0.8193642229660061
695,block1.Wv,transformer_block,70.88057892088032,0.8235762767384018
696,block1.Wv,transformer_block,67.66824862639007,0.8926068451274051
697,block1.Wv,transformer_block,68.62759467410913,0.7780916388409702
698,block1.Wv,transformer_block,61.730430868807034,0.8394053895714306
0,block1.Wo,transformer_block,3.8692796965459615,0.05679838958100083
1,block1.Wo,transformer_block,4.172784931562236,0.08110399835187822
2,block1.Wo,transformer_block,5.3796013956791935,0.04994348784374976
3,block1.Wo,transformer_block,4.933105429525978,0.09066599361780575
4,block1.Wo,transformer_block,7.513210355439053,0.0980263068456258
5,block1.Wo,transformer_block,7.388233914520999,0.08523902551423226
6,block1.Wo,transformer_block,6.503627058481248,0.12502632737197977
7,block1.Wo,transformer_block,9.207890376288978,0.09384156260305784
8,block1.Wo,transformer_block,10.295490313887113,0.19733025138241944
9,block1.Wo,transformer_block,12.162330043292448,0.13621828214165607
10,block1.Wo,transformer_block,12.221523500293685,0.17679970524238273
11,block1.Wo,transformer_block,14.212849281760025,0.1894944127442405
12,block1.Wo,transformer_block,14.524434913738316,0.15236858688399255
13,block1.Wo,transformer_block,13.709552760066073,0.19002365693894938
14,block1.Wo,transformer_block,11.29114002857274,0.18802059197126528
15,block1.Wo,transformer_block,17.257901254872323,0.31710674276660267
16,block1.Wo,transformer_block,29.339077623250837,0.38357006437638774
17,block1.Wo,transformer_block,36.094567549420965,0.4258534371088215
18,block1.Wo,transformer_block,28.313790625781852,0.3622202503054475
19,block1.Wo,transformer_block,30.426584118283934,0.4023514145806299
20,block1.Wo,transformer_block,34.170154415782854,0.41869380725022787
21,block1.Wo,transformer_block,39.8093796978831,0.5444874935370693
22,block1.Wo,transformer_block,43.37605723588267,0.532587766253156
23,block1.Wo,transformer_block,46.39549874275453,0.6049997513241598
24,block1.Wo,transformer_block,47.27447967308351,0.6132252193509302
25,block1.Wo,transformer_block,48.93892996493734,0.6255323953046327
26,block1.Wo,transformer_block,54.267659136411126,0.6825279842159784
27,block1.Wo,transformer_block,62.28881503686379,0.7980292352714569
28,block1.Wo,transformer_block,65.80738808001522,0.7533657437184734
29,block1.Wo,transformer_block,63.6293123792005,0.75138258547899
30,block1.Wo,transformer_block,62.60690874284079,0.8230935038529923
31,block1.Wo,transformer_block,69.18611888239904,0.7904834444266603
32,block1.Wo,transformer_block,81.45036538727904,1.1321519955691837
33,block1.Wo,transformer_block,95.90374744275128,1.0056417734321061
34,block1.Wo,transformer_block,88.34231204575106,1.0132140916484709
35,block1.Wo,transformer_block,76.95930703706762,0.8324437788503327
36,block1.Wo,transformer_block,73.12476749498065,0.8564917602750596
37,block1.Wo,transformer_block,72.3009733946954,0.8054321136055014
38,block1.Wo,transformer_block,74.36673851756905,0.9854639734137279
39,block1.Wo,transformer_block,71.17735715349437,0.6784599138868196
40,block1.Wo,transformer_block,69.48377815806494,0.9532059204392157
41,block1.Wo,transformer_block,80.78833462831321,0.928044401750028
42,block1.Wo,transformer_block,65.19221666646202,0.6740612924003533
43,block1.Wo,transformer_block,63.142578381594696,0.8799423122665417
44,block1.Wo,transformer_block,87.48494663553863,1.1285402041348833
45,block1.Wo,transformer_block,87.19201907634529,0.8651079388363114
46,block1.Wo,transformer_block,77.59959442872807,0.9631163545475059
47,block1.Wo,transformer_block,81.26690723915048,0.9356119392335215
48,block1.Wo,transformer_block,79.27349020743843,0.9077407865196585
49,block1.Wo,transformer_block,75.5483473182843,0.8264551177872157
50,block1.Wo,transformer_block,73.0669828499402,0.9214434060810199
51,block1.Wo,transformer_block,83.97792428495192,1.0269826288690007
52,block1.Wo,transformer_block,70.88722205295294,0.7807838535567082
53,block1.Wo,transformer_block,67.65644823298138,0.8433912271308993
54,block1.Wo,transformer_block,71.70843913465346,0.9277053650057139
55,block1.Wo,transformer_block,81.01207098733337,1.0325684848633818
56,block1.Wo,transformer_block,82.71018745866279,0.9149198443549416
57,block1.Wo,transformer_block,75.32736008238923,0.8527249078886334
58,block1.Wo,transformer_block,74.1649315676538,0.858006488609619
59,block1.Wo,transformer_block,63.33560729992795,0.7595262138611841
60,block1.Wo,transformer_block,73.18015227375106,0.9702568336482875
61,block1.Wo,transformer_block,74.87514189714778,0.8795109887083139
62,block1.Wo,transformer_block,67.30111135716507,0.7839828932957323
63,block1.Wo,transformer_block,59.358523976958615,0.7446746065285776
64,block1.Wo,transformer_block,71.36891479194338,0.9266628595906867
65,block1.Wo,transformer_block,80.10226145320892,0.9133083499141535
66,block1.Wo,transformer_block,78.98115730442765,0.9646829801216381
67,block1.Wo,transformer_block,83.40928669333148,1.0184725610210161
68,block1.Wo,transformer_block,73.1004436468711,0.7196360923335074
69,block1.Wo,transformer_block,60.77559493095743,0.8360525391371765
70,block1.Wo,transformer_block,75.59487819277581,0.9757330929049673
71,block1.Wo,transformer_block,69.08075517900983,0.7073070382295353
72,block1.Wo,transformer_block,53.570811602416704,0.7268032574954928
73,block1.Wo,transformer_block,60.951543337572545,0.7774853533922785
74,block1.Wo,transformer_block,67.46552662337443,0.8340520650398495
75,block1.Wo,transformer_block,64.51943325539098,0.7276895662098817
76,block1.Wo,transformer_block,60.96384837099948,0.7758052001113662
77,block1.Wo,transformer_block,64.69954431291458,0.795150965950671
78,block1.Wo,transformer_block,51.8321509963842,0.6637548553484383
79,block1.Wo,transformer_block,59.896069788804944,0.7812017811185604
80,block1.Wo,transformer_block,57.85328735907662,0.8460569192465075
81,block1.Wo,transformer_block,64.33215533065831,0.7247657396163019
82,block1.Wo,transformer_block,56.6900449400101,0.7500846741184655
83,block1.Wo,transformer_block,66.44735760243788,0.7905781270908758
84,block1.Wo,transformer_block,64.22102387856421,0.8438355692142602
85,block1.Wo,transformer_block,62.90893454114419,0.7087621233654307
86,block1.Wo,transformer_block,76.31913011534328,1.1000903351593834
87,block1.Wo,transformer_block,79.86164479969945,0.8911122238266158
88,block1.Wo,transformer_block,72.88900045992007,0.8624488997196594
89,block1.Wo,transformer_block,71.31835314223056,0.8344498280484631
90,block1.Wo,transformer_block,69.96819598876547,0.8240267808296866
91,block1.Wo,transformer_block,64.6862361764042,0.8017386608153745
92,block1.Wo,transformer_block,73.87342521469229,1.0353393077168365
93,block1.Wo,transformer_block,76.59166060587717,0.7971483481616259
94,block1.Wo,transformer_block,63.54183532079857,0.7805187814932488
95,block1.Wo,transformer_block,60.87284960765255,0.7277210553428006
96,block1.Wo,transformer_block,59.75923920504881,0.7975059492051721
97,block1.Wo,transformer_block,58.092322744617675,0.7777664863076117
98,block1.Wo,transformer_block,71.82984424221901,0.9215049353389866
99,block1.Wo,transformer_block,60.55412158292396,0.7224159796900154
100,block1.Wo,transformer_block,61.3398646528085,0.8022829436854393
101,block1.Wo,transformer_block,61.871258601426774,0.6921215033416858
102,block1.Wo,transformer_block,54.826951374813035,0.7469473469981194
103,block1.Wo,transformer_block,57.859877973679076,0.7133742416320763
104,block1.Wo,transformer_block,59.00860035865873,0.7574701625534587
105,block1.Wo,transformer_block,61.55875402128145,0.7676087957794983
106,block1.Wo,transformer_block,57.81782671115368,0.7212694714831358
107,block1.Wo,transformer_block,59.52599336537059,0.7966386428714074
108,block1.Wo,transformer_block,67.73614548443318,0.856861687916878
109,block1.Wo,transformer_block,63.34006504105568,0.8904888771720478
110,block1.Wo,transformer_block,75.39922415990128,0.8915186806310194
111,block1.Wo,transformer_block,68.91923267950561,0.8005408387848683
112,block1.Wo,transformer_block,60.061571808614424,0.7369793759318664
113,block1.Wo,transformer_block,57.9640416732617,0.7805397352836232
114,block1.Wo,transformer_block,65.02661822865845,0.7658862591225705
115,block1.Wo,transformer_block,64.64672705742788,0.8340905412281681
116,block1.Wo,transformer_block,68.38725060151216,0.8926294191172235
117,block1.Wo,transformer_block,64.63491343815285,0.7306713867043657
118,block1.Wo,transformer_block,59.84358630865773,0.7555027121491646
119,block1.Wo,transformer_block,66.17175769918576,0.9050274012908817
120,block1.Wo,transformer_block,73.27158088753156,0.8620756455548113
121,block1.Wo,transformer_block,66.06942835971907,0.8054806546504514
122,block1.Wo,transformer_block,64.31065254068247,0.7873792482184924
123,block1.Wo,transformer_block,61.97634016514289,0.764400512261124
124,block1.Wo,transformer_block,57.069477972071994,0.6312188325702779
125,block1.Wo,transformer_block,52.435893024803434,0.7118332956542228
126,block1.Wo,transformer_block,63.4247874221326,0.8279054895909432
127,block1.Wo,transformer_block,61.31607948485075,0.7151005755510342
128,block1.Wo,transformer_block,57.52043174877928,0.7616481429454818
129,block1.Wo,transformer_block,62.169099262799655,0.8318562908486722
130,block1.Wo,transformer_block,64.2851466130461,0.7259807381329099
131,block1.Wo,transformer_block,63.285014379129386,0.7718785228654796
132,block1.Wo,transformer_block,65.09692218500433,0.8281239128393274
133,block1.Wo,transformer_block,65.38024327711351,0.8061057433331502
134,block1.Wo,transformer_block,66.9684458781772,0.7806693807890901
135,block1.Wo,transformer_block,51.34898378810576,0.6131876433142538
136,block1.Wo,transformer_block,58.720480302445345,0.800682033878769
137,block1.Wo,transformer_block,65.44346477866219,0.8184437913275269
138,block1.Wo,transformer_block,63.349354226785515,0.7479898116167162
139,block1.Wo,transformer_block,56.60135114353365,0.7673767473251811
140,block1.Wo,transformer_block,63.22805393963724,0.8303496624619103
141,block1.Wo,transformer_block,63.223914148859215,0.7060244981545796
142,block1.Wo,transformer_block,57.6399879066545,0.6976700679229388
143,block1.Wo,transformer_block,60.11961204806457,0.8302787547111543
144,block1.Wo,transformer_block,62.92631582887637,0.8550217654897116
145,block1.Wo,transformer_block,65.49383549670189,0.7649647550016849
146,block1.Wo,transformer_block,55.54675544887426,0.7007222285331479
147,block1.Wo,transformer_block,62.953600316955495,0.8384619757241862
148,block1.Wo,transformer_block,61.56232714181872,0.8199139279501154
149,block1.Wo,transformer_block,64.38226524637076,0.7838990739493121
150,block1.Wo,transformer_block,73.4284757474329,0.9433666412892423
151,block1.Wo,transformer_block,68.83758406350734,0.7706235281958045
152,block1.Wo,transformer_block,59.88892256455855,0.6597930999846691
153,block1.Wo,transformer_block,54.22235747275684,0.7502663785694754
154,block1.Wo,transformer_block,63.51190596251145,0.7658290384862005
155,block1.Wo,transformer_block,60.54909752079656,0.7680549335336254
156,block1.Wo,transformer_block,66.49096193848087,0.8353400515453688
157,block1.Wo,transformer_block,68.52381276965609,0.8215782204593448
158,block1.Wo,transformer_block,65.45011267501191,0.7902068972129971
159,block1.Wo,transformer_block,57.94056150492957,0.7087107815140492
160,block1.Wo,transformer_block,64.89456570013174,0.9079077895684768
161,block1.Wo,transformer_block,70.36106452460048,0.7589825561651264
162,block1.Wo,transformer_block,64.32131227720605,0.8510313009292136
163,block1.Wo,transformer_block,70.5607873161929,0.8228471321249071
164,block1.Wo,transformer_block,66.61029236214472,0.8184226001304605
165,block1.Wo,transformer_block,69.95039590228652,0.8222368320939608
166,block1.Wo,transformer_block,69.16289261469686,0.7651659741493099
167,block1.Wo,transformer_block,69.42434635370242,0.9169229546219915
168,block1.Wo,transformer_block,68.43838814467365,0.8234882186279964
169,block1.Wo,transformer_block,68.45354341582166,0.8381407108715055
170,block1.Wo,transformer_block,68.47962206415735,0.816769487029986
171,block1.Wo,transformer_block,70.58723769140312,0.924796308681457
172,block1.Wo,transformer_block,64.1088743421536,0.7103575042491996
173,block1.Wo,transformer_block,65.39124701601541,0.8174193256543791
174,block1.Wo,transformer_block,55.013894658994985,0.659244627806783
175,block1.Wo,transformer_block,63.000430189260015,0.8401698019526311
176,block1.Wo,transformer_block,59.8664020852014,0.6385873211448468
177,block1.Wo,transformer_block,67.9574858084119,1.0420502814101857
178,block1.Wo,transformer_block,72.89527859431402,0.8334641456847663
179,block1.Wo,transformer_block,67.85507300722803,0.7974285777962373
180,block1.Wo,transformer_block,68.71169779865575,0.861904605784449
181,block1.Wo,transformer_block,65.72375720145897,0.7487259751095685
182,block1.Wo,transformer_block,65.58028123099987,0.8081917499002857
183,block1.Wo,transformer_block,67.03975346260046,0.8391424006278868
184,block1.Wo,transformer_block,67.31686319921283,0.7913565984105853
185,block1.Wo,transformer_block,60.86182737473587,0.725882022228269
186,block1.Wo,transformer_block,55.696329289308615,0.7255137577113844
187,block1.Wo,transformer_block,60.42736838572064,0.7264153688968862
188,block1.Wo,transformer_block,59.08792802292562,0.7442420033247369
189,block1.Wo,transformer_block,68.00234229469119,0.895012679767996
190,block1.Wo,transformer_block,65.77195395380394,0.7184178177545232
191,block1.Wo,transformer_block,63.24251276357293,0.8363990514690909
192,block1.Wo,transformer_block,67.61872817443442,0.7896520282792486
193,block1.Wo,transformer_block,57.33341072856705,0.6771796663155827
194,block1.Wo,transformer_block,64.08838584908479,0.8940021671679262
195,block1.Wo,transformer_block,70.05301739386985,0.8419671808086877
196,block1.Wo,transformer_block,60.01418218063377,0.7260959715767852
197,block1.Wo,transformer_block,60.57233623941092,0.746127377995405
198,block1.Wo,transformer_block,56.99601875380249,0.6917142053326152
199,block1.Wo,transformer_block,57.0833556179573,0.7278325706764854
200,block1.Wo,transformer_block,49.8541424156316,0.649283593985266
201,block1.Wo,transformer_block,52.25981141269297,0.6664808784895819
202,block1.Wo,transformer_block,59.184898019879796,0.8153104074075609
203,block1.Wo,transformer_block,60.18772144848206,0.7872955749561517
204,block1.Wo,transformer_block,67.20693586955693,0.9256086733118409
205,block1.Wo,transformer_block,70.5819892722416,0.7547654531445447
206,block1.Wo,transformer_block,55.772910838415605,0.7678712612505485
207,block1.Wo,transformer_block,60.184131263206666,0.7161683898032014
208,block1.Wo,transformer_block,60.475141936709775,0.7949553083572399
209,block1.Wo,transformer_block,63.49408997832566,0.7702578729486207
210,block1.Wo,transformer_block,57.40039633781027,0.7535065152913585
211,block1.Wo,transformer_block,59.41696018335694,0.7890552324091941
212,block1.Wo,transformer_block,66.54167166400507,0.783119140269297
213,block1.Wo,transformer_block,59.70770355796108,0.7776319640206597
214,block1.Wo,transformer_block,59.159222350365646,0.8131928532922483
215,block1.Wo,transformer_block,58.54268356793694,0.7568351038148928
216,block1.Wo,transformer_block,57.28839385738607,0.8211357264884709
217,block1.Wo,transformer_block,61.000846338180246,0.770231295030272
218,block1.Wo,transformer_block,55.79008149917107,0.7777143090061039
219,block1.Wo,transformer_block,63.473747170058125,0.9059944944734912
220,block1.Wo,transformer_block,63.87253111221379,0.6539512147508594
221,block1.Wo,transformer_block,67.02005643667012,1.0189539162192176
222,block1.Wo,transformer_block,74.42035198360537,0.7727261350962431
223,block1.Wo,transformer_block,62.807161851958405,0.7919974342326128
224,block1.Wo,transformer_block,63.75022430739734,0.7646997145165063
225,block1.Wo,transformer_block,60.282909666078865,0.7151590878526786
226,block1.Wo,transformer_block,76.11265974491164,1.0275119048862582
227,block1.Wo,transformer_block,71.44102925357775,0.760051601122495
228,block1.Wo,transformer_block,58.44805565070681,0.7428285469388616
229,block1.Wo,transformer_block,55.335608041335796,0.7002023089791205
230,block1.Wo,transformer_block,50.378018327548084,0.7285291371097681
231,block1.Wo,transformer_block,62.592631492925676,0.7758036292933582
232,block1.Wo,transformer_block,56.908053323711115,0.7323570122018221
233,block1.Wo,transformer_block,59.37084948450271,0.7335106446668594
234,block1.Wo,transformer_block,60.69770353697226,0.8365762235553816
235,block1.Wo,transformer_block,68.27268615026453,0.8096435270189903
236,block1.Wo,transformer_block,68.42305973121009,0.8560478441581612
237,block1.Wo,transformer_block,59.47089607473975,0.6449649073150108
238,block1.Wo,transformer_block,56.08074751316519,0.7552811589424508
239,block1.Wo,transformer_block,61.248747296215015,0.9064055667048116
240,block1.Wo,transformer_block,68.32413372311322,0.7402863248844638
241,block1.Wo,transformer_block,59.69464388609157,0.8094822407993564
242,block1.Wo,transformer_block,68.80898206556867,0.8782959234181884
243,block1.Wo,transformer_block,73.43295201103672,0.9943994638664448
244,block1.Wo,transformer_block,70.05448570965184,0.6975133170773169
245,block1.Wo,transformer_block,55.385202108882375,0.732511274887444
246,block1.Wo,transformer_block,53.17309836535365,0.6356397388434499
247,block1.Wo,transformer_block,54.86100348161705,0.7216284880139245
248,block1.Wo,transformer_block,53.76861339612616,0.7066845542544197
249,block1.Wo,transformer_block,58.70450013321718,0.7278603795140642
250,block1.Wo,transformer_block,55.34997240644513,0.6899352817307625
251,block1.Wo,transformer_block,56.07857305662412,0.6945288534058393
252,block1.Wo,transformer_block,51.289668549248226,0.6635872994741645
253,block1.Wo,transformer_block,57.99169084988723,0.7423097766822939
254,block1.Wo,transformer_block,53.46166537088078,0.6835651213091396
255,block1.Wo,transformer_block,58.820208697212266,0.7469356125616986
256,block1.Wo,transformer_block,56.94025281180592,0.7156084114118416
257,block1.Wo,transformer_block,56.65158944664318,0.7339286847257163
258,block1.Wo,transformer_block,62.06119243982254,0.8604389268394903
259,block1.Wo,transformer_block,61.40852373445163,0.7132890356278209
260,block1.Wo,transformer_block,62.26736376595279,0.8207363283087998
261,block1.Wo,transformer_block,56.09038992293932,0.6825339614815726
262,block1.Wo,transformer_block,62.79190672444235,0.8278929229877946
263,block1.Wo,transformer_block,63.85527083468101,0.8073212826290077
264,block1.Wo,transformer_block,65.20587833553736,0.7302395648145308
265,block1.Wo,transformer_block,59.43008614466208,0.7532537680407707
266,block1.Wo,transformer_block,58.742948780044564,0.7525496988921081
267,block1.Wo,transformer_block,62.57501227027497,0.8039168051853421
268,block1.Wo,transformer_block,64.40117483509322,0.8017508917557018
269,block1.Wo,transformer_block,56.510287999887346,0.7201148234154054
270,block1.Wo,transformer_block,57.08755718388848,0.7229418923696036
271,block1.Wo,transformer_block,69.42733336133766,0.9619620632837141
272,block1.Wo,transformer_block,68.98941187876294,0.7917151929255917
273,block1.Wo,transformer_block,60.17970822837281,0.753973886198936
274,block1.Wo,transformer_block,67.81584266464034,0.8616298959347231
275,block1.Wo,transformer_block,56.5770361142246,0.6359936469301962
276,block1.Wo,transformer_block,51.96308780945944,0.6687676145004977
277,block1.Wo,transformer_block,59.15521101098608,0.7776929591977904
278,block1.Wo,transformer_block,58.5958479445064,0.7361915226155527
279,block1.Wo,transformer_block,60.000533944067946,0.7993226897239148
280,block1.Wo,transformer_block,58.742961224503766,0.720771148375142
281,block1.Wo,transformer_block,61.08440346440977,0.7677706043915052
282,block1.Wo,transformer_block,61.632109624386246,0.7464798357009366
283,block1.Wo,transformer_block,55.97356996887539,0.7132195221156836
284,block1.Wo,transformer_block,59.364738856309366,0.8097709817714898
285,block1.Wo,transformer_block,67.65641632276937,0.7656275301053084
286,block1.Wo,transformer_block,53.47862215221975,0.7028063842140996
287,block1.Wo,transformer_block,58.18223475212454,0.764505725545546
288,block1.Wo,transformer_block,60.2629683481185,0.7707811622727306
289,block1.Wo,transformer_block,66.43767665137364,0.8233399658125518
290,block1.Wo,transformer_block,69.25343610544333,0.8434490068204561
291,block1.Wo,transformer_block,68.91261565597004,0.7981319949971679
292,block1.Wo,transformer_block,64.42405889499231,0.7546502076912145
293,block1.Wo,transformer_block,57.54854639003147,0.7404444867800777
294,block1.Wo,transformer_block,58.159833244320616,0.6954695153921376
295,block1.Wo,transformer_block,61.794061228059704,0.8246539307123955
296,block1.Wo,transformer_block,56.95171098413717,0.6819883741853742
297,block1.Wo,transformer_block,53.89300758664189,0.645237990882881
298,block1.Wo,transformer_block,54.000626330080145,0.7090900632351826
299,block1.Wo,transformer_block,57.798233670361306,0.769048837577336
300,block1.Wo,transformer_block,56.684680934448494,0.6883037770826341
301,block1.Wo,transformer_block,52.85529691194667,0.6389304819355234
302,block1.Wo,transformer_block,57.09620660194501,0.8250989366831637
303,block1.Wo,transformer_block,66.61592077651922,0.8184609649364438
304,block1.Wo,transformer_block,63.691193719716566,0.7587964913271863
305,block1.Wo,transformer_block,60.17673288444098,0.7130473281756716
306,block1.Wo,transformer_block,58.431047298883406,0.8318237062047599
307,block1.Wo,transformer_block,60.73755317663894,0.6581737125175566
308,block1.Wo,transformer_block,57.39026029429229,0.7134434798618663
309,block1.Wo,transformer_block,61.24405317560351,0.8713620089837685
310,block1.Wo,transformer_block,54.56135916952689,0.6877610343684282
311,block1.Wo,transformer_block,58.12229884035341,0.7670684867216359
312,block1.Wo,transformer_block,63.315458574518054,0.8220886969576593
313,block1.Wo,transformer_block,59.90331713511197,0.7183169397789735
314,block1.Wo,transformer_block,67.78662390483899,0.8755233592437001
315,block1.Wo,transformer_block,69.90303726754078,0.8889765683354897
316,block1.Wo,transformer_block,68.4477769074166,0.8126890732410951
317,block1.Wo,transformer_block,62.03559270214176,0.7873599308840099
318,block1.Wo,transformer_block,63.97589173434408,0.8380971720742256
319,block1.Wo,transformer_block,69.66835771356006,0.9150914343360802
320,block1.Wo,transformer_block,63.970692163545,0.6484654686108963
321,block1.Wo,transformer_block,52.475252862563664,0.6693308351846585
322,block1.Wo,transformer_block,57.772344432775554,0.7290548242599717
323,block1.Wo,transformer_block,57.28817986556219,0.7317190225964538
324,block1.Wo,transformer_block,66.79292884325228,0.9485098726323522
325,block1.Wo,transformer_block,76.00305244176056,0.8809704448949991
326,block1.Wo,transformer_block,64.22104755826497,0.7057916171542213
327,block1.Wo,transformer_block,56.773924284738946,0.7573590458066608
328,block1.Wo,transformer_block,61.03204490246941,0.7528409227422115
329,block1.Wo,transformer_block,66.15986284943101,0.8240697699420213
330,block1.Wo,transformer_block,54.528357882915685,0.6970840679912829
331,block1.Wo,transformer_block,65.92879205302931,0.8946848092744444
332,block1.Wo,transformer_block,65.48705350152069,0.7045933560439812
333,block1.Wo,transformer_block,59.21424459401735,0.7196430708668984
334,block1.Wo,transformer_block,58.64210460954912,0.835074349664802
335,block1.Wo,transformer_block,62.17826770929225,0.7279242214759911
336,block1.Wo,transformer_block,61.07905401158889,0.7134311192515913
337,block1.Wo,transformer_block,58.67633265763689,0.7368589489207424
338,block1.Wo,transformer_block,60.513049237694695,0.7898021826262625
339,block1.Wo,transformer_block,60.171418741063235,0.7164063783439338
340,block1.Wo,transformer_block,60.64361392077581,0.7917676670648751
341,block1.Wo,transformer_block,63.55344486796696,0.7266317277452385
342,block1.Wo,transformer_block,59.77559151948371,0.803650522390033
343,block1.Wo,transformer_block,67.12928252622713,0.8062608127604456
344,block1.Wo,transformer_block,59.954751361089436,0.698746577152668
345,block1.Wo,transformer_block,59.8976909245601,0.7789028733803992
346,block1.Wo,transformer_block,52.767213785776086,0.6765416519983498
347,block1.Wo,transformer_block,56.34094442745829,0.7509486299140784
348,block1.Wo,transformer_block,61.34431468390151,0.8258666935031104
349,block1.Wo,transformer_block,64.63615739336953,0.7953740744809351
350,block1.Wo,transformer_block,60.02822391245283,0.7660594954541963
351,block1.Wo,transformer_block,64.55175677596924,0.8026506603810726
352,block1.Wo,transformer_block,57.585942329490585,0.687459051352679
353,block1.Wo,transformer_block,57.285042769050534,0.7721425085956996
354,block1.Wo,transformer_block,62.20682581608206,0.748597256990648
355,block1.Wo,transformer_block,62.9245817480188,0.755174376519976
356,block1.Wo,transformer_block,62.62118078827393,0.7137161933033702
357,block1.Wo,transformer_block,62.70407093447,0.8257597772284933
358,block1.Wo,transformer_block,63.41936132116429,0.7954532269198403
359,block1.Wo,transformer_block,56.97914176283444,0.7404219861695985
360,block1.Wo,transformer_block,57.85536198313169,0.717192058106314
361,block1.Wo,transformer_block,60.379608170689835,0.7883364138380133
362,block1.Wo,transformer_block,59.235744957166474,0.7842421294678832
363,block1.Wo,transformer_block,65.7966041749203,0.8214847147272626
364,block1.Wo,transformer_block,56.7858740603057,0.7254473091888314
365,block1.Wo,transformer_block,60.68020287818306,0.8375279364266555
366,block1.Wo,transformer_block,53.88881645731995,0.6705091753737614
367,block1.Wo,transformer_block,60.98901320684003,0.8274422794306753
368,block1.Wo,transformer_block,60.062228014959196,0.7142736995788145
369,block1.Wo,transformer_block,58.50448345931081,0.7184915765498416
370,block1.Wo,transformer_block,55.64952383129511,0.7192464462244953
371,block1.Wo,transformer_block,60.084203767654934,0.7689663670186131
372,block1.Wo,transformer_block,59.83438614646685,0.6945645382802336
373,block1.Wo,transformer_block,64.40699585718933,0.8550682432954962
374,block1.Wo,transformer_block,53.62442033440643,0.6004066722093997
375,block1.Wo,transformer_block,62.68169738262041,0.9416781494174629
376,block1.Wo,transformer_block,65.72830847858583,0.68085602818454
377,block1.Wo,transformer_block,57.86654580205828,0.7431212022080982
378,block1.Wo,transformer_block,62.64269292264332,0.8317227390201478
379,block1.Wo,transformer_block,60.900779377399545,0.7876631571234392
380,block1.Wo,transformer_block,63.8597475185231,0.8944541600868912
381,block1.Wo,transformer_block,59.628868739009064,0.6901577711528732
382,block1.Wo,transformer_block,59.48305832448783,0.8389947725516453
383,block1.Wo,transformer_block,61.040253162178075,0.6689523857892912
384,block1.Wo,transformer_block,55.315968785493425,0.7147039128105371
385,block1.Wo,transformer_block,65.19560093209027,0.8353196600864617
386,block1.Wo,transformer_block,60.01877327261964,0.7136855661827932
387,block1.Wo,transformer_block,61.01220060001742,0.7330135776584903
388,block1.Wo,transformer_block,71.61524569462546,0.906304438425448
389,block1.Wo,transformer_block,63.98434437390858,0.6840178395726436
390,block1.Wo,transformer_block,61.64741727273331,0.8019751796385871
391,block1.Wo,transformer_block,56.43971798946959,0.6277652127786217
392,block1.Wo,transformer_block,53.48138734393505,0.6604720608137895
393,block1.Wo,transformer_block,51.73321941966334,0.6723045125882264
394,block1.Wo,transformer_block,55.87359818482271,0.8807040686941783
395,block1.Wo,transformer_block,65.88344654079248,0.693268591039311
396,block1.Wo,transformer_block,54.834615649115115,0.7322934322776926
397,block1.Wo,transformer_block,54.59893058450308,0.6793404641825673
398,block1.Wo,transformer_block,55.63868283442106,0.7778564406061208
399,block1.Wo,transformer_block,59.92291574439445,0.7400192388328724
400,block1.Wo,transformer_block,60.19232759582781,0.7984281891963678
401,block1.Wo,transformer_block,68.29927818033916,0.8508292404105613
402,block1.Wo,transformer_block,59.873833813289,0.682725743094504
403,block1.Wo,transformer_block,59.7610252291583,0.7289016800669146
404,block1.Wo,transformer_block,62.41104397432943,0.8071960330575672
405,block1.Wo,transformer_block,62.48856221068653,0.7975185452849511
406,block1.Wo,transformer_block,63.38254808498836,0.7548808689380848
407,block1.Wo,transformer_block,68.03858300325807,0.8257694353808231
408,block1.Wo,transformer_block,61.132633354581024,0.804936932635385
409,block1.Wo,transformer_block,63.35744983423371,0.7111582438320956
410,block1.Wo,transformer_block,62.38938559790337,0.8500586314807791
411,block1.Wo,transformer_block,63.984585653060485,0.7200220033109377
412,block1.Wo,transformer_block,59.82126863587364,0.7950302287694491
413,block1.Wo,transformer_block,69.37172134320276,0.8205473165291948
414,block1.Wo,transformer_block,61.32016513481589,0.6756362724943188
415,block1.Wo,transformer_block,54.43789207242715,0.7996745088559503
416,block1.Wo,transformer_block,64.46052890597159,0.7565637390832836
417,block1.Wo,transformer_block,61.41559262673611,0.726689752571576
418,block1.Wo,transformer_block,60.112101852599224,0.7690526010995002
419,block1.Wo,transformer_block,57.964471711615225,0.7333312230241511
420,block1.Wo,transformer_block,58.76465286388314,0.8030671567514367
421,block1.Wo,transformer_block,62.858600606228386,0.7469236619028863
422,block1.Wo,transformer_block,55.224050900689754,0.7285117387051228
423,block1.Wo,transformer_block,57.640494551671665,0.7036389642092065
424,block1.Wo,transformer_block,55.83904717882313,0.7550405331571464
425,block1.Wo,transformer_block,57.39337284745744,0.7720495582832969
426,block1.Wo,transformer_block,55.569664000414434,0.750896689667448
427,block1.Wo,transformer_block,64.55606157766601,0.8244562189733613
428,block1.Wo,transformer_block,62.882642366277445,0.7744570114713516
429,block1.Wo,transformer_block,55.40593107900582,0.7153358628247114
430,block1.Wo,transformer_block,56.93101012253393,0.6842771372193779
431,block1.Wo,transformer_block,54.81744638139314,0.7783563010655639
432,block1.Wo,transformer_block,59.95494258244596,0.7633581211989962
433,block1.Wo,transformer_block,65.58616225466773,0.8509675919922646
434,block1.Wo,transformer_block,66.44871898159606,0.8083757532135218
435,block1.Wo,transformer_block,59.782821768474975,0.6746208256369026
436,block1.Wo,transformer_block,50.722732132997486,0.6192013828054016
437,block1.Wo,transformer_block,60.99954386405524,0.8784417714753301
438,block1.Wo,transformer_block,64.01884705705707,0.6864669440170779
439,block1.Wo,transformer_block,58.44500883961815,0.740502723176101
440,block1.Wo,transformer_block,54.89636524806015,0.7071139627229297
441,block1.Wo,transformer_block,56.04351669560851,0.7649844097470898
442,block1.Wo,transformer_block,63.11107155905571,0.820896514723078
443,block1.Wo,transformer_block,62.187375046601126,0.7556592298419472
444,block1.Wo,transformer_block,56.21199354816997,0.6813316547641489
445,block1.Wo,transformer_block,64.80276764034411,0.9329005490411233
446,block1.Wo,transformer_block,60.667764439366934,0.715009561884649
447,block1.Wo,transformer_block,62.69420228009138,0.7553374400673318
448,block1.Wo,transformer_block,54.99438878279552,0.7244918056102745
449,block1.Wo,transformer_block,59.15252755552967,0.7630542197762883
450,block1.Wo,transformer_block,55.18725883507572,0.6565899818180552
451,block1.Wo,transformer_block,52.747370282794336,0.7315795307993956
452,block1.Wo,transformer_block,63.39291607412988,0.86995226263729
453,block1.Wo,transformer_block,62.772113841447485,0.729145255912812
454,block1.Wo,transformer_block,66.95047614476682,0.8593084121060516
455,block1.Wo,transformer_block,65.62840449359697,0.8076149175762113
456,block1.Wo,transformer_block,58.861295099733866,0.6398313906597005
457,block1.Wo,transformer_block,52.45472331139815,0.744381438427121
458,block1.Wo,transformer_block,56.530062698188864,0.7100386663761968
459,block1.Wo,transformer_block,60.72080302206719,0.7748638074054077
460,block1.Wo,transformer_block,50.14091016605133,0.69393531801812
461,block1.Wo,transformer_block,64.34848979499948,0.9202850538819277
462,block1.Wo,transformer_block,69.79210276401295,0.8846287563265978
463,block1.Wo,transformer_block,61.41321196701669,0.6795238342510985
464,block1.Wo,transformer_block,59.10257344036019,0.7505193804836081
465,block1.Wo,transformer_block,56.48332702532013,0.7093794486494038
466,block1.Wo,transformer_block,56.076383378105824,0.7726464618195432
467,block1.Wo,transformer_block,69.15184075611774,0.8715059397878002
468,block1.Wo,transformer_block,71.74951466830397,0.8444244449894127
469,block1.Wo,transformer_block,60.30981850099112,0.7084583744961765
470,block1.Wo,transformer_block,54.270312250047965,0.6282869182863655
471,block1.Wo,transformer_block,54.659078103128444,0.7389179038618447
472,block1.Wo,transformer_block,62.735177619436364,0.8203707765994023
473,block1.Wo,transformer_block,58.68628216035174,0.6685989375213879
474,block1.Wo,transformer_block,48.32555894576258,0.6913096397574363
475,block1.Wo,transformer_block,57.80117808785983,0.8004666155203581
476,block1.Wo,transformer_block,60.735070154392936,0.7159692357524525
477,block1.Wo,transformer_block,52.197929802725746,0.6718056621323087
478,block1.Wo,transformer_block,51.027356376348315,0.6795071083240503
479,block1.Wo,transformer_block,57.1399632614546,0.7790259549011462
480,block1.Wo,transformer_block,55.81348237936558,0.6115897815306264
481,block1.Wo,transformer_block,68.68491607498943,1.04399722892878
482,block1.Wo,transformer_block,72.87413285863094,0.7799611252758624
483,block1.Wo,transformer_block,61.966142519697456,0.7356763928578735
484,block1.Wo,transformer_block,58.870689257357824,0.712356457759362
485,block1.Wo,transformer_block,54.2591794120948,0.6805992358452904
486,block1.Wo,transformer_block,59.537644090476824,0.787786040178132
487,block1.Wo,transformer_block,61.75278915285271,0.7651355298539996
488,block1.Wo,transformer_block,58.41351991918075,0.7251901462950131
489,block1.Wo,transformer_block,58.63481197828405,0.6971051329921576
490,block1.Wo,transformer_block,59.545675410400534,0.7704330948928445
491,block1.Wo,transformer_block,63.2244412212826,0.8425989689569007
492,block1.Wo,transformer_block,52.933315321083114,0.644978090883366
493,block1.Wo,transformer_block,52.22372683230779,0.6832916488226997
494,block1.Wo,transformer_block,50.0829587346761,0.7286419652196183
495,block1.Wo,transformer_block,55.87767309180254,0.7140600501770911
496,block1.Wo,transformer_block,55.91384125182036,0.8109919667892188
497,block1.Wo,transformer_block,66.46336935392127,0.8184422496132391
498,block1.Wo,transformer_block,65.70014674846648,0.8056107155648128
499,block1.Wo,transformer_block,60.51353848059733,0.6634385312409894
500,block1.Wo,transformer_block,47.726747211151554,0.6106316573504498
501,block1.Wo,transformer_block,49.280294373674586,0.7023169389166195
502,block1.Wo,transformer_block,63.52719397623523,0.8382956564824402
503,block1.Wo,transformer_block,65.26884613123576,0.7720350958869151
504,block1.Wo,transformer_block,60.545267742833126,0.7368219777579379
505,block1.Wo,transformer_block,61.023586659178974,0.8139237923161438
506,block1.Wo,transformer_block,61.22891474782014,0.6844176346744683
507,block1.Wo,transformer_block,56.211409897480216,0.7615531814665306
508,block1.Wo,transformer_block,66.73651692204433,0.8408906124714738
509,block1.Wo,transformer_block,62.933034360179725,0.7805712193214275
510,block1.Wo,transformer_block,57.67257737608844,0.7676795223563986
511,block1.Wo,transformer_block,57.20111758323934,0.6812876300933168
512,block1.Wo,transformer_block,59.3793940221166,0.7936203112177561
513,block1.Wo,transformer_block,64.34574100987405,0.7514998789453657
514,block1.Wo,transformer_block,60.43210358067888,0.7306689612514288
515,block1.Wo,transformer_block,61.418201822678874,0.802696729091867
516,block1.Wo,transformer_block,55.213977970270975,0.6737358420173377
517,block1.Wo,transformer_block,61.129872730115565,0.767294481789624
518,block1.Wo,transformer_block,61.726999841507656,0.706786761622452
519,block1.Wo,transformer_block,56.91979699527657,0.7921239621056975
520,block1.Wo,transformer_block,60.963192044616655,0.6786879568713842
521,block1.Wo,transformer_block,60.0032733575349,0.8242406428881983
522,block1.Wo,transformer_block,64.46725671976891,0.7458719365665427
523,block1.Wo,transformer_block,54.35122018848197,0.6549580390175205
524,block1.Wo,transformer_block,62.631298111561016,0.7924642976180301
525,block1.Wo,transformer_block,61.90837576286506,0.73598870714281
526,block1.Wo,transformer_block,54.28897514676382,0.6176849882556696
527,block1.Wo,transformer_block,53.205843001619336,0.6799122285641173
528,block1.Wo,transformer_block,66.28815006461532,0.9760423734800325
529,block1.Wo,transformer_block,66.7943111286294,0.6410933917220645
530,block1.Wo,transformer_block,49.393255620116236,0.6598683709448985
531,block1.Wo,transformer_block,55.73220853107645,0.7175174792389472
532,block1.Wo,transformer_block,56.23639705656918,0.7250489037873536
533,block1.Wo,transformer_block,57.76544085232452,0.7832346835982142
534,block1.Wo,transformer_block,52.16105245031826,0.613429877681159
535,block1.Wo,transformer_block,50.38887681229862,0.6784672113096927
536,block1.Wo,transformer_block,55.497271522528976,0.7469244114234432
537,block1.Wo,transformer_block,58.44112939508373,0.7021884541087535
538,block1.Wo,transformer_block,54.027866514180964,0.7867263012393144
539,block1.Wo,transformer_block,61.063238483749295,0.7284937286324157
540,block1.Wo,transformer_block,59.46236803003639,0.7544984497001559
541,block1.Wo,transformer_block,54.132268768451915,0.6741569182255924
542,block1.Wo,transformer_block,58.11819351839887,0.7274162784189793
543,block1.Wo,transformer_block,57.68474206904166,0.7297767132835844
544,block1.Wo,transformer_block,62.00050484955434,0.7984975254661234
545,block1.Wo,transformer_block,60.40609775926052,0.7395100990548575
546,block1.Wo,transformer_block,59.652048452337525,0.7107609632721286
547,block1.Wo,transformer_block,60.149300823276775,0.7542070095281335
548,block1.Wo,transformer_block,53.66211666829555,0.6407782186915073
549,block1.Wo,transformer_block,52.693292331242546,0.7295390478931486
550,block1.Wo,transformer_block,54.73909416995759,0.671165443121442
551,block1.Wo,transformer_block,65.06103910418298,0.9186593395800948
552,block1.Wo,transformer_block,60.88063559225131,0.7104200832283444
553,block1.Wo,transformer_block,58.18365916487596,0.7254963218549181
554,block1.Wo,transformer_block,51.42368056260896,0.7303419976115404
555,block1.Wo,transformer_block,66.3091123891042,0.8738920123675608
556,block1.Wo,transformer_block,64.44349251377044,0.7776641845879075
557,block1.Wo,transformer_block,68.08780064031228,0.7970043355943498
558,block1.Wo,transformer_block,57.46003101879623,0.6524471955886636
559,block1.Wo,transformer_block,49.03465177900999,0.6121515736465226
560,block1.Wo,transformer_block,59.775391640801814,0.8118332868892535
561,block1.Wo,transformer_block,64.42898679551175,0.7674541029097154
562,block1.Wo,transformer_block,57.577894695243636,0.7309138046761027
563,block1.Wo,transformer_block,58.61692199478331,0.7078194480616004
564,block1.Wo,transformer_block,54.75416459233127,0.7561564000768193
565,block1.Wo,transformer_block,64.13778047298233,0.8455377428874202
566,block1.Wo,transformer_block,63.51594354477448,0.7940113920046001
567,block1.Wo,transformer_block,58.38655416137172,0.6836381630592839
568,block1.Wo,transformer_block,55.066997064325406,0.6616833979329942
569,block1.Wo,transformer_block,58.42483081216981,0.7442167047144779
570,block1.Wo,transformer_block,59.46745771493016,0.786056299445026
571,block1.Wo,transformer_block,58.02636475362528,0.6846115560870474
572,block1.Wo,transformer_block,59.02337817155996,0.7769577561093026
573,block1.Wo,transformer_block,58.4950622383161,0.7333211881450759
574,block1.Wo,transformer_block,62.69419279815583,0.7327167421646273
575,block1.Wo,transformer_block,56.418579948398374,0.7252630811069092
576,block1.Wo,transformer_block,54.63978184691729,0.7779582825931095
577,block1.Wo,transformer_block,61.09632154732907,0.7605737901060872
578,block1.Wo,transformer_block,55.44994259439894,0.653032636408954
579,block1.Wo,transformer_block,62.78463710472452,0.8700706117561376
580,block1.Wo,transformer_block,67.39602548139142,0.832051438752431
581,block1.Wo,transformer_block,59.48666890235841,0.7127337843104469
582,block1.Wo,transformer_block,56.48714100445344,0.7179367171357718
583,block1.Wo,transformer_block,59.50283164601099,0.717797314510142
584,block1.Wo,transformer_block,62.332296605165915,0.8055830760847272
585,block1.Wo,transformer_block,54.400683342753396,0.674775023396724
586,block1.Wo,transformer_block,64.9530188068944,0.8812593115681463
587,block1.Wo,transformer_block,65.45954628000567,0.7612351969468263
588,block1.Wo,transformer_block,62.36972718593174,0.7352614460228514
589,block1.Wo,transformer_block,52.52834207654359,0.6501515317432971
590,block1.Wo,transformer_block,62.16033653018903,0.9233048394938265
591,block1.Wo,transformer_block,59.80941232534756,0.782390290226155
592,block1.Wo,transformer_block,61.43612829373962,0.6789197170693745
593,block1.Wo,transformer_block,60.81033160288733,0.8076294380785213
594,block1.Wo,transformer_block,62.01290244092036,0.786170682659448
595,block1.Wo,transformer_block,58.139799207862204,0.7128758638926279
596,block1.Wo,transformer_block,57.06227311537306,0.7265233826644321
597,block1.Wo,transformer_block,56.21666597967668,0.7536659236825056
598,block1.Wo,transformer_block,59.890374376798235,0.8522477294844343
599,block1.Wo,transformer_block,63.16655197125709,0.6645798545770943
600,block1.Wo,transformer_block,56.702266161916654,0.7368920568015102
601,block1.Wo,transformer_block,57.87563250751081,0.7343916918535613
602,block1.Wo,transformer_block,55.289098591354836,0.6142185634135924
603,block1.Wo,transformer_block,52.51968828007478,0.747603532020086
604,block1.Wo,transformer_block,55.8566414973746,0.644025979601977
605,block1.Wo,transformer_block,53.869897775542086,0.7487708694563211
606,block1.Wo,transformer_block,61.48693848670289,0.7306730032815834
607,block1.Wo,transformer_block,57.90019684540069,0.7907945325488438
608,block1.Wo,transformer_block,56.72011541399433,0.7674072387597654
609,block1.Wo,transformer_block,61.67931909139121,0.8057280103892547
610,block1.Wo,transformer_block,57.9224972596299,0.6942976321821439
611,block1.Wo,transformer_block,55.80592828101056,0.7380089437692785
612,block1.Wo,transformer_block,47.582171163541254,0.6155258255201449
613,block1.Wo,transformer_block,53.28541607808226,0.7691163158543463
614,block1.Wo,transformer_block,60.43825290913343,0.8710426558923621
615,block1.Wo,transformer_block,67.43894954347185,0.7456143016584591
616,block1.Wo,transformer_block,56.538662243110714,0.754958615076613
617,block1.Wo,transformer_block,53.32710721682331,0.6324625353955171
618,block1.Wo,transformer_block,58.19756938170458,0.7864480825425498
619,block1.Wo,transformer_block,61.940956482192696,0.842638965110377
620,block1.Wo,transformer_block,56.31803891343922,0.6121982195500222
621,block1.Wo,transformer_block,54.5220011418837,0.7094712355572245
622,block1.Wo,transformer_block,65.2780702202848,0.8963375984953779
623,block1.Wo,transformer_block,63.01550245557878,0.6707980950095456
624,block1.Wo,transformer_block,61.43603462333763,0.8597941469653012
625,block1.Wo,transformer_block,62.18684455893847,0.7809486861433161
626,block1.Wo,transformer_block,60.29078633155916,0.7443946425968262
627,block1.Wo,transformer_block,56.08689555033679,0.7757362216383935
628,block1.Wo,transformer_block,66.83995257717966,0.8589382457068125
629,block1.Wo,transformer_block,56.15699765681952,0.6554301453382927
630,block1.Wo,transformer_block,52.09940559654178,0.6591590030569593
631,block1.Wo,transformer_block,44.88514336179535,0.5304801007924631
632,block1.Wo,transformer_block,48.175290436216905,0.7102050869117811
633,block1.Wo,transformer_block,57.01310381081006,0.7037637902482687
634,block1.Wo,transformer_block,55.5791872728474,0.8293033172768118
635,block1.Wo,transformer_block,60.670636304284415,0.6935996215254456
636,block1.Wo,transformer_block,59.98487252578218,0.7483880275408116
637,block1.Wo,transformer_block,64.18505125800532,0.779678692984255
638,block1.Wo,transformer_block,56.837814447110645,0.6506552393814821
639,block1.Wo,transformer_block,61.75678904994029,0.855137928977493
640,block1.Wo,transformer_block,63.686815046056864,0.7803663426925147
641,block1.Wo,transformer_block,64.66980074629663,0.822275665942257
642,block1.Wo,transformer_block,63.243981432608976,0.7315011303951834
643,block1.Wo,transformer_block,56.141586802604614,0.6955367645273636
644,block1.Wo,transformer_block,60.33239238952457,0.8090937407775167
645,block1.Wo,transformer_block,60.682206990350586,0.7242838611084552
646,block1.Wo,transformer_block,59.80259475854048,0.7826362178506643
647,block1.Wo,transformer_block,56.58253705128663,0.6687138981557254
648,block1.Wo,transformer_block,51.09212451370293,0.6965481326733811
649,block1.Wo,transformer_block,61.80926237537048,0.878275007378041
650,block1.Wo,transformer_block,63.71032185787174,0.7401020761616659
651,block1.Wo,transformer_block,49.60552850436449,0.6084851830652162
652,block1.Wo,transformer_block,51.434928658017945,0.732679938955472
653,block1.Wo,transformer_block,60.09575093070141,0.791909256504493
654,block1.Wo,transformer_block,64.6554327140199,0.798514256280466
655,block1.Wo,transformer_block,60.59477476133457,0.6728310585048978
656,block1.Wo,transformer_block,53.41995864625828,0.6907759145335395
657,block1.Wo,transformer_block,59.513520392669555,0.7441056260194943
658,block1.Wo,transformer_block,62.26074759241135,0.7351103457817824
659,block1.Wo,transformer_block,54.17801641987462,0.7453625173974097
660,block1.Wo,transformer_block,63.310967719715215,0.7829436821597122
661,block1.Wo,transformer_block,69.72162096136184,0.8460715653440813
662,block1.Wo,transformer_block,66.54160076115154,0.847570758402487
663,block1.Wo,transformer_block,68.10876131722722,0.7332464963757209
664,block1.Wo,transformer_block,61.35239388425149,0.8151862131693275
665,block1.Wo,transformer_block,66.584590268246,0.8186551166586804
666,block1.Wo,transformer_block,65.62349543343369,0.8191309981652664
667,block1.Wo,transformer_block,60.72793651044165,0.7071211238376209
668,block1.Wo,transformer_block,55.9394022239565,0.7751162381935739
669,block1.Wo,transformer_block,56.189187492378224,0.6549120307164924
670,block1.Wo,transformer_block,56.400075409118806,0.6865989162378898
671,block1.Wo,transformer_block,50.89895285957864,0.7806502925924628
672,block1.Wo,transformer_block,61.719921097708,0.7972642839090885
673,block1.Wo,transformer_block,60.68173434232076,0.718634377567189
674,block1.Wo,transformer_block,58.930210511128436,0.8191939889546416
675,block1.Wo,transformer_block,62.12720749442197,0.7042702514628114
676,block1.Wo,transformer_block,65.15801460765502,0.8522874814875632
677,block1.Wo,transformer_block,72.25570308633972,0.8650450380138495
678,block1.Wo,transformer_block,69.92380195283906,0.7712498095269154
679,block1.Wo,transformer_block,64.68695534065625,0.7539266735995757
680,block1.Wo,transformer_block,58.35384325799307,0.7028810093703994
681,block1.Wo,transformer_block,55.43089108223497,0.7084472348847058
682,block1.Wo,transformer_block,56.82608978231699,0.7711181713082925
683,block1.Wo,transformer_block,57.23396005720459,0.7052582051406789
684,block1.Wo,transformer_block,61.83590243766487,0.8097097836971237
685,block1.Wo,transformer_block,60.91571853494976,0.7099350064052063
686,block1.Wo,transformer_block,62.674011610262674,0.7794524188139049
687,block1.Wo,transformer_block,60.72687252687429,0.6955672373244002
688,block1.Wo,transformer_block,60.199912346630896,0.7576730550922347
689,block1.Wo,transformer_block,60.38702414572898,0.8148065842710043
690,block1.Wo,transformer_block,66.54359609575832,0.8695292428876535
691,block1.Wo,transformer_block,62.61220864860999,0.7201576691883049
692,block1.Wo,transformer_block,60.2070640490064,0.7906095393079272
693,block1.Wo,transformer_block,58.16183657925713,0.7007578332999436
694,block1.Wo,transformer_block,54.94513771151096,0.6971348352338351
695,block1.Wo,transformer_block,60.25038537033614,0.7101928725629592
696,block1.Wo,transformer_block,60.964856801206906,0.8506898259488413
697,block1.Wo,transformer_block,65.00733219459586,0.6924933172976704
698,block1.Wo,transformer_block,56.46507771821921,0.7529913951855118
0,block1.W1,transformer_block,7.059402031186305,0.10124944650223919
1,block1.W1,transformer_block,8.141134222803114,0.14889734606205152
2,block1.W1,transformer_block,9.07142262773365,0.09659215667851691
3,block1.W1,transformer_block,9.467650970378354,0.15796320162668018
4,block1.W1,transformer_block,12.18948716656332,0.15349154106473223
5,block1.W1,transformer_block,11.540121829262189,0.14301643527107688
6,block1.W1,transformer_block,11.903135269989631,0.21009439656515128
7,block1.W1,transformer_block,14.74510370554718,0.17688437562462436
8,block1.W1,transformer_block,15.646765296081236,0.3051380023136005
9,block1.W1,transformer_block,18.90222522327577,0.2211257518415883
10,block1.W1,transformer_block,19.73469421460832,0.31110678627880733
11,block1.W1,transformer_block,22.979402912333523,0.3044759279810181
12,block1.W1,transformer_block,21.910149922709458,0.26716643704782417
13,block1.W1,transformer_block,21.093526046933054,0.3124504621897277
14,block1.W1,transformer_block,20.660672365186805,0.34303290540844766
15,block1.W1,transformer_block,27.038757803054605,0.4754435156192423
16,block1.W1,transformer_block,40.92778878793979,0.5422081682525166
17,block1.W1,transformer_block,47.286568463784675,0.6584977325417213
18,block1.W1,transformer_block,43.796385723640654,0.6296496496540664
19,block1.W1,transformer_block,50.425703200848105,0.7580653799741999
20,block1.W1,transformer_block,57.14448676165141,0.7649331120391953
21,block1.W1,transformer_block,58.08591389475708,0.8992472730880157
22,block1.W1,transformer_block,59.2112100769616,0.8661311207464544
23,block1.W1,transformer_block,66.40874865268495,0.9870621854235859
24,block1.W1,transformer_block,69.38824100335587,0.9973088340651313
25,block1.W1,transformer_block,74.6152964565719,1.1176884331235954
26,block1.W1,transformer_block,83.09999875775554,1.1283844793395947
27,block1.W1,transformer_block,86.05547605538848,1.228361394353044
28,block1.W1,transformer_block,90.00360253953032,1.2145608392062544
29,block1.W1,transformer_block,87.42968070704474,1.1638185649553208
30,block1.W1,transformer_block,87.29537182938206,1.2941556608804121
31,block1.W1,transformer_block,95.28784170421814,1.2523413367476615
32,block1.W1,transformer_block,106.30443339231013,1.5422110475802653
33,block1.W1,transformer_block,120.79584547860796,1.422403490511762
34,block1.W1,transformer_block,116.54070542149604,1.5184327062875802
35,block1.W1,transformer_block,105.22205631743697,1.2362742474759485
36,block1.W1,transformer_block,97.43154375781722,1.3125512661056773
37,block1.W1,transformer_block,101.4146591072245,1.3049664458109778
38,block1.W1,transformer_block,105.92545252380367,1.4703258724678514
39,block1.W1,transformer_block,97.73483128122427,1.149067046085825
40,block1.W1,transformer_block,97.77155436939483,1.4072807853273086
41,block1.W1,transformer_block,108.37501179316853,1.3417337166234207
42,block1.W1,transformer_block,93.89994603183041,1.1780090799395033
43,block1.W1,transformer_block,96.32384173801164,1.4545701945980858
44,block1.W1,transformer_block,121.01761882876694,1.6161452610171851
45,block1.W1,transformer_block,119.60321284021205,1.397451375701774
46,block1.W1,transformer_block,113.71553854544386,1.5329196421556857
47,block1.W1,transformer_block,113.53683397143433,1.4114403402288538
48,block1.W1,transformer_block,112.3581394067943,1.4065599178733446
49,block1.W1,transformer_block,107.12817152603486,1.3586399004215464
50,block1.W1,transformer_block,108.49614435578006,1.4359749452975858
51,block1.W1,transformer_block,118.20214899676685,1.5661242787046332
52,block1.W1,transformer_block,104.3531995457645,1.3328280211097834
53,block1.W1,transformer_block,98.48468080742883,1.2730913007943552
54,block1.W1,transformer_block,100.80381808695351,1.4697938059412181
55,block1.W1,transformer_block,118.96255536563463,1.6398969041618088
56,block1.W1,transformer_block,121.62025141350735,1.4884455063192203
57,block1.W1,transformer_block,111.85041990073267,1.367869280766671
58,block1.W1,transformer_block,118.58690367573588,1.5487907585679592
59,block1.W1,transformer_block,111.55314470139753,1.4017118803136583
60,block1.W1,transformer_block,120.56032693611327,1.6172939060726854
61,block1.W1,transformer_block,112.04930306044615,1.3552500740318303
62,block1.W1,transformer_block,98.6530154801225,1.394027892228764
63,block1.W1,transformer_block,107.57966991478608,1.4819479877139974
64,block1.W1,transformer_block,114.2855852573861,1.4561753532061326
65,block1.W1,transformer_block,115.46874705089522,1.4775177654435
66,block1.W1,transformer_block,119.97635824033028,1.5665133602418853
67,block1.W1,transformer_block,123.63665354518379,1.671286228692197
68,block1.W1,transformer_block,118.35037788631239,1.3881135804963773
69,block1.W1,transformer_block,107.63998525722303,1.5006615895814321
70,block1.W1,transformer_block,127.82288769157084,1.6629679392677605
71,block1.W1,transformer_block,114.33213009435723,1.3999508399883513
72,block1.W1,transformer_block,107.37138707495755,1.493945295740263
73,block1.W1,transformer_block,107.87430068025877,1.3879988909393044
74,block1.W1,transformer_block,117.36727845185749,1.5472131903132662
75,block1.W1,transformer_block,113.69066522528833,1.3518150736208057
76,block1.W1,transformer_block,109.35039247196926,1.5439786238872375
77,block1.W1,transformer_block,111.04184479830407,1.4341391845996947
78,block1.W1,transformer_block,104.23719178730512,1.366877757739935
79,block1.W1,transformer_block,106.85904709865224,1.4536981803032936
80,block1.W1,transformer_block,105.36958522949264,1.513970198551044
81,block1.W1,transformer_block,108.88536481645556,1.41411711997798
82,block1.W1,transformer_block,105.54969588162547,1.3973847514870825
83,block1.W1,transformer_block,112.5870566378651,1.4774602323350658
84,block1.W1,transformer_block,117.53955639481266,1.5457926604144157
85,block1.W1,transformer_block,115.37728953276101,1.433526228028257
86,block1.W1,transformer_block,124.28320462276348,1.7048406493632453
87,block1.W1,transformer_block,132.44813384806713,1.6266540242186065
88,block1.W1,transformer_block,124.71642729784085,1.5492934111461376
89,block1.W1,transformer_block,123.47280690244308,1.541671413272927
90,block1.W1,transformer_block,126.16450974494671,1.6794137175769408
91,block1.W1,transformer_block,124.96534158654326,1.5546675800044532
92,block1.W1,transformer_block,133.16475980429163,1.7973697944370128
93,block1.W1,transformer_block,134.87871892567068,1.6570442482091057
94,block1.W1,transformer_block,118.38420649849138,1.4600327449905044
95,block1.W1,transformer_block,109.32056613207722,1.4415291850504122
96,block1.W1,transformer_block,118.72687586583977,1.5824356914967497
97,block1.W1,transformer_block,115.6140789396597,1.5058743541680615
98,block1.W1,transformer_block,127.72741566627634,1.7219097287343526
99,block1.W1,transformer_block,114.37337805466188,1.419238836896647
100,block1.W1,transformer_block,110.99701754532043,1.5329486070416034
101,block1.W1,transformer_block,110.89172605274906,1.3144123356763826
102,block1.W1,transformer_block,105.50119636912707,1.5771404057656335
103,block1.W1,transformer_block,119.56372459702291,1.4391851289177755
104,block1.W1,transformer_block,112.87597061734489,1.4486064899430613
105,block1.W1,transformer_block,110.0938439599883,1.3697154550760444
106,block1.W1,transformer_block,112.3709366513187,1.5396635282967726
107,block1.W1,transformer_block,123.3040642229388,1.5874877570405812
108,block1.W1,transformer_block,135.41804644261398,1.7471281461593309
109,block1.W1,transformer_block,118.4106901896437,1.6504568339815142
110,block1.W1,transformer_block,137.05093292614015,1.6891312039790516
111,block1.W1,transformer_block,127.25052630614768,1.671238332117962
112,block1.W1,transformer_block,124.40038646659532,1.5104197607855303
113,block1.W1,transformer_block,119.94289638917002,1.6608558554370974
114,block1.W1,transformer_block,134.92387104478445,1.6506516097738673
115,block1.W1,transformer_block,131.98129680558534,1.6758530833663803
116,block1.W1,transformer_block,137.9272812998757,1.7241903659366309
117,block1.W1,transformer_block,120.13796448758046,1.4406132775480027
118,block1.W1,transformer_block,112.15038537726572,1.5701237259619072
119,block1.W1,transformer_block,123.47955776196653,1.6163481102887092
120,block1.W1,transformer_block,131.96429111382668,1.6430802365511923
121,block1.W1,transformer_block,127.03228848026613,1.586371218697023
122,block1.W1,transformer_block,119.50930638253219,1.5408252310271753
123,block1.W1,transformer_block,122.95004451327203,1.6329580954941731
124,block1.W1,transformer_block,118.07383615155001,1.3367683385757818
125,block1.W1,transformer_block,108.04486755040173,1.4894803053037458
126,block1.W1,transformer_block,118.14853268729229,1.5902818715477145
127,block1.W1,transformer_block,120.73585259901458,1.4242712091054086
128,block1.W1,transformer_block,116.05324871177463,1.653213233760311
129,block1.W1,transformer_block,139.08856649817815,1.8233463252401063
130,block1.W1,transformer_block,124.54255459723971,1.4093294765233366
131,block1.W1,transformer_block,120.06142749312956,1.5374142705775267
132,block1.W1,transformer_block,128.43263524208925,1.6519963260799715
133,block1.W1,transformer_block,130.1694919058405,1.592298111562937
134,block1.W1,transformer_block,125.88454863315515,1.5312836823806897
135,block1.W1,transformer_block,110.30806412416638,1.493116068240604
136,block1.W1,transformer_block,125.11431026824597,1.662216971637861
137,block1.W1,transformer_block,125.5130499973822,1.6608355426635648
138,block1.W1,transformer_block,130.6194539042638,1.5628769366650528
139,block1.W1,transformer_block,119.64810865513284,1.5822545168919375
140,block1.W1,transformer_block,120.03687004329423,1.5202196513379087
141,block1.W1,transformer_block,124.55603760690481,1.5699769915478332
142,block1.W1,transformer_block,120.77128482947026,1.5102293289794235
143,block1.W1,transformer_block,126.53213871871563,1.7451251447977842
144,block1.W1,transformer_block,130.14462393605447,1.6968915348057765
145,block1.W1,transformer_block,129.00258773091562,1.589213540313708
146,block1.W1,transformer_block,111.27342201697503,1.4893057606536988
147,block1.W1,transformer_block,119.56743733458792,1.4828049762951574
148,block1.W1,transformer_block,114.8273842765991,1.6509115209370155
149,block1.W1,transformer_block,130.91094263479016,1.6532227036232523
150,block1.W1,transformer_block,139.62989563718043,1.8095153956963124
151,block1.W1,transformer_block,137.95410731838842,1.633930726062057
152,block1.W1,transformer_block,123.5116364981794,1.5142443398660208
153,block1.W1,transformer_block,124.57055309194295,1.6404436035390235
154,block1.W1,transformer_block,132.74326649147366,1.6909336135935518
155,block1.W1,transformer_block,127.72821597212507,1.7444897162430808
156,block1.W1,transformer_block,147.47137759189692,1.82120418414003
157,block1.W1,transformer_block,139.13518385406442,1.6946581506217266
158,block1.W1,transformer_block,135.40367672833128,1.6580961683904176
159,block1.W1,transformer_block,126.34471413646735,1.5587376180717119
160,block1.W1,transformer_block,130.5168557895154,1.8140143096720984
161,block1.W1,transformer_block,139.3243503437496,1.5499458294366306
162,block1.W1,transformer_block,124.51742568132116,1.6605312911243186
163,block1.W1,transformer_block,142.40119816897126,1.7837055524980294
164,block1.W1,transformer_block,139.2211149360463,1.6648778474041686
165,block1.W1,transformer_block,136.44385292540795,1.7309312154011713
166,block1.W1,transformer_block,146.55129999703834,1.735930357805842
167,block1.W1,transformer_block,135.32859857107024,1.6830755377092015
168,block1.W1,transformer_block,129.5846985589454,1.6673925818112538
169,block1.W1,transformer_block,134.3633065669257,1.7315211673373214
170,block1.W1,transformer_block,136.6152871803977,1.6557500168098394
171,block1.W1,transformer_block,134.85986502106695,1.722124584745552
172,block1.W1,transformer_block,128.1531198342316,1.5583183643670706
173,block1.W1,transformer_block,132.05088916250207,1.6896784029068812
174,block1.W1,transformer_block,116.43829046972122,1.30918387376488
175,block1.W1,transformer_block,128.25969079614393,1.8337978739189926
176,block1.W1,transformer_block,135.51585133281893,1.4951000917248867
177,block1.W1,transformer_block,139.54329031677668,2.007375703609595
178,block1.W1,transformer_block,136.5054627581679,1.6316232264319575
179,block1.W1,transformer_block,132.87790513235373,1.6675050766094954
180,block1.W1,transformer_block,139.74602741883737,1.7659002445725593
181,block1.W1,transformer_block,125.33087565979595,1.4384186813610844
182,block1.W1,transformer_block,129.91679803043309,1.69745944686994
183,block1.W1,transformer_block,138.58930734738934,1.6703116807386849
184,block1.W1,transformer_block,134.1310443409173,1.7140594531517919
185,block1.W1,transformer_block,121.49072420395684,1.5058414278563732
186,block1.W1,transformer_block,113.37433332231375,1.5473941865537815
187,block1.W1,transformer_block,120.84730702873385,1.463103465832981
188,block1.W1,transformer_block,124.75971991329868,1.6291275522439168
189,block1.W1,transformer_block,140.57437485413215,1.8655907855509666
190,block1.W1,transformer_block,139.15116888030477,1.687196131087696
191,block1.W1,transformer_block,136.30544914621714,1.7371042352566022
192,block1.W1,transformer_block,142.07105981073929,1.6643894541109856
193,block1.W1,transformer_block,127.17316100014659,1.530105593754014
194,block1.W1,transformer_block,127.59163136738991,1.738588934045528
195,block1.W1,transformer_block,143.5349893201187,1.7595140612475437
196,block1.W1,transformer_block,129.1943760514271,1.525520032583149
197,block1.W1,transformer_block,112.25922772540635,1.490572352925028
198,block1.W1,transformer_block,116.99352253427114,1.4186540176627527
199,block1.W1,transformer_block,123.15588940337246,1.6492792672034644
200,block1.W1,transformer_block,112.66278011702317,1.4330343111105186
201,block1.W1,transformer_block,107.01025136573627,1.3582456208377713
202,block1.W1,transformer_block,113.70343937356922,1.6287344476656058
203,block1.W1,transformer_block,123.38009881630066,1.651318930424139
204,block1.W1,transformer_block,125.26767878658225,1.7099505790448357
205,block1.W1,transformer_block,137.90077275098147,1.7541827183727796
206,block1.W1,transformer_block,120.13407375125018,1.5628451150617582
207,block1.W1,transformer_block,126.10589438725872,1.5964534690614969
208,block1.W1,transformer_block,133.32764889415918,1.8092111173224712
209,block1.W1,transformer_block,125.60874722707133,1.5143583274091323
210,block1.W1,transformer_block,124.06519373639964,1.699174372546996
211,block1.W1,transformer_block,124.98183759023465,1.5324360280074036
212,block1.W1,transformer_block,134.21677246920657,1.7237348690758096
213,block1.W1,transformer_block,129.89813699275325,1.7562005756130012
214,block1.W1,transformer_block,131.72682466901145,1.79118940958956
215,block1.W1,transformer_block,121.91456021912981,1.6187040337077678
216,block1.W1,transformer_block,130.0456383273563,1.747799229921366
217,block1.W1,transformer_block,128.9364711366042,1.6600101806598786
218,block1.W1,transformer_block,118.9434622581506,1.6935508172995297
219,block1.W1,transformer_block,134.32401759363134,1.8185130381787997
220,block1.W1,transformer_block,131.59146487427162,1.5311290748446171
221,block1.W1,transformer_block,138.85911681452927,1.9184611093252588
222,block1.W1,transformer_block,141.5465729205802,1.6869393562340322
223,block1.W1,transformer_block,130.62410700036187,1.7089311929312525
224,block1.W1,transformer_block,125.96404785017756,1.5056640646650075
225,block1.W1,transformer_block,118.05453286273126,1.503951219145224
226,block1.W1,transformer_block,144.06078985630788,1.9694489802756214
227,block1.W1,transformer_block,137.17027442411364,1.5982888274150793
228,block1.W1,transformer_block,124.34185440003,1.614126976893862
229,block1.W1,transformer_block,127.0766570238101,1.654853925229206
230,block1.W1,transformer_block,120.43523081694727,1.610896977342722
231,block1.W1,transformer_block,135.37258126470115,1.6964701968644085
232,block1.W1,transformer_block,128.81118932789752,1.652972258574742
233,block1.W1,transformer_block,132.8829964760361,1.6201816128925324
234,block1.W1,transformer_block,129.72442403275926,1.8080147168982013
235,block1.W1,transformer_block,148.21036262933396,1.695261658219768
236,block1.W1,transformer_block,132.1371604455356,1.7092440805824967
237,block1.W1,transformer_block,126.55993435506663,1.481292956703559
238,block1.W1,transformer_block,126.30641592067443,1.6240752953204933
239,block1.W1,transformer_block,129.19505584005188,1.7387368793637767
240,block1.W1,transformer_block,132.66636534279186,1.604882768149089
241,block1.W1,transformer_block,128.0329775568602,1.7916312959530116
242,block1.W1,transformer_block,145.30425165721928,1.8306549879021716
243,block1.W1,transformer_block,141.86076132571068,1.9807703242404262
244,block1.W1,transformer_block,140.85999168175425,1.5474108809116156
245,block1.W1,transformer_block,119.5591719544734,1.6338348958169588
246,block1.W1,transformer_block,120.82720690206675,1.5388392766316428
247,block1.W1,transformer_block,125.58869036262503,1.624983166715742
248,block1.W1,transformer_block,115.44392411411624,1.4939485033528823
249,block1.W1,transformer_block,122.0152852938806,1.5875324799878052
250,block1.W1,transformer_block,121.99159586464894,1.619075525665117
251,block1.W1,transformer_block,131.9457467358246,1.622804519171672
252,block1.W1,transformer_block,117.10250586465321,1.5076497724441449
253,block1.W1,transformer_block,125.41201036716456,1.6162276536617406
254,block1.W1,transformer_block,120.778797859601,1.6217163397368446
255,block1.W1,transformer_block,126.24131494028939,1.6245803673663433
256,block1.W1,transformer_block,118.61065969558554,1.4716366474209153
257,block1.W1,transformer_block,122.60512692138222,1.683375865651421
258,block1.W1,transformer_block,141.50277996660657,1.8449210380839367
259,block1.W1,transformer_block,126.80460894292126,1.5080751605131117
260,block1.W1,transformer_block,127.8509478409855,1.6652424972309905
261,block1.W1,transformer_block,117.68550479834555,1.5092422804096566
262,block1.W1,transformer_block,123.50951255716882,1.6511335771354534
263,block1.W1,transformer_block,133.37269651883372,1.7055461702791384
264,block1.W1,transformer_block,139.3069931936547,1.6532838276928665
265,block1.W1,transformer_block,130.25485047560414,1.6314712303210677
266,block1.W1,transformer_block,125.2345353485941,1.6140246972407937
267,block1.W1,transformer_block,128.91355500921307,1.6481372211237406
268,block1.W1,transformer_block,122.65217119483955,1.6160334566011403
269,block1.W1,transformer_block,114.40841946987193,1.4902335794341197
270,block1.W1,transformer_block,124.40102778560973,1.5810574938125912
271,block1.W1,transformer_block,142.43240514213477,1.9646215169985803
272,block1.W1,transformer_block,143.93741755958618,1.6865765869651321
273,block1.W1,transformer_block,124.97357506759562,1.4546792772314479
274,block1.W1,transformer_block,132.37957058211805,1.7917125716352489
275,block1.W1,transformer_block,120.28116776216172,1.4122023339732346
276,block1.W1,transformer_block,109.6911854843178,1.48700721494659
277,block1.W1,transformer_block,132.77654650653338,1.691705136606033
278,block1.W1,transformer_block,121.89239780796302,1.5867217982282649
279,block1.W1,transformer_block,126.61042054795793,1.6212122257426453
280,block1.W1,transformer_block,124.72784578706586,1.654247969251503
281,block1.W1,transformer_block,135.70776722415093,1.6666835024838162
282,block1.W1,transformer_block,132.37900630467456,1.6468703966078735
283,block1.W1,transformer_block,126.33460315288525,1.6087820702551987
284,block1.W1,transformer_block,119.19452930726197,1.6154749509080988
285,block1.W1,transformer_block,135.7966346884854,1.6427117223817906
286,block1.W1,transformer_block,125.4057352916748,1.624103339021411
287,block1.W1,transformer_block,125.63231615143869,1.5423695400254231
288,block1.W1,transformer_block,116.63507551414803,1.5780721352075426
289,block1.W1,transformer_block,134.40261020574232,1.7267054547866771
290,block1.W1,transformer_block,148.40134712986523,1.8439932418301026
291,block1.W1,transformer_block,140.93112819956144,1.5821573361719867
292,block1.W1,transformer_block,128.77345497329964,1.6757460786211542
293,block1.W1,transformer_block,134.26249259999304,1.6726986269673034
294,block1.W1,transformer_block,127.70143027629328,1.4819920992423632
295,block1.W1,transformer_block,127.2495082649283,1.655849516576195
296,block1.W1,transformer_block,112.63462382498989,1.4495202499887343
297,block1.W1,transformer_block,115.30671173980814,1.4517044218414896
298,block1.W1,transformer_block,122.96999305485974,1.5727536438877119
299,block1.W1,transformer_block,121.06823941638068,1.6919735117625798
300,block1.W1,transformer_block,116.79517806013708,1.4032514230617485
301,block1.W1,transformer_block,115.67113585259413,1.4788814814159448
302,block1.W1,transformer_block,122.22040169011426,1.7459674772120144
303,block1.W1,transformer_block,134.27406599310075,1.5827605388051322
304,block1.W1,transformer_block,130.90891011395294,1.7022782903475262
305,block1.W1,transformer_block,132.81525987515246,1.571038847484527
306,block1.W1,transformer_block,122.18206074387182,1.6862439418016362
307,block1.W1,transformer_block,125.23783721623532,1.4573497228445336
308,block1.W1,transformer_block,120.6985390071873,1.5740879790690063
309,block1.W1,transformer_block,134.89923776581068,1.803396136659959
310,block1.W1,transformer_block,125.08244556340544,1.5195445887978805
311,block1.W1,transformer_block,123.7612469067324,1.6729764644021823
312,block1.W1,transformer_block,141.8370625170926,1.839769918642185
313,block1.W1,transformer_block,132.59104254080236,1.564208231088442
314,block1.W1,transformer_block,139.66492469469392,1.8576625207437265
315,block1.W1,transformer_block,144.6959204281252,1.7551199124546235
316,block1.W1,transformer_block,132.5952011145596,1.655200493750668
317,block1.W1,transformer_block,126.12504493527577,1.5965871513726824
318,block1.W1,transformer_block,132.73034696293516,1.7549229544618694
319,block1.W1,transformer_block,143.60103039861252,1.8631218855629013
320,block1.W1,transformer_block,128.04395227366288,1.454552880992559
321,block1.W1,transformer_block,119.72012600867399,1.6065918428620665
322,block1.W1,transformer_block,127.30955499258833,1.5568918081922103
323,block1.W1,transformer_block,132.38219987828145,1.7178515643316064
324,block1.W1,transformer_block,146.5508038120051,1.985025621746141
325,block1.W1,transformer_block,154.37669801663787,1.841448907003231
326,block1.W1,transformer_block,133.56512361819546,1.5828648385705049
327,block1.W1,transformer_block,133.8208554845224,1.766924329443045
328,block1.W1,transformer_block,129.48890941340875,1.5783518382485775
329,block1.W1,transformer_block,137.11607455926946,1.7502782248457005
330,block1.W1,transformer_block,129.16542067135083,1.6338411845514549
331,block1.W1,transformer_block,140.33431715324923,1.8858762737312615
332,block1.W1,transformer_block,136.3003346176063,1.6102079753124376
333,block1.W1,transformer_block,129.07580198183808,1.67845411170881
334,block1.W1,transformer_block,136.07646918283885,1.8264442932593115
335,block1.W1,transformer_block,134.94769990355263,1.5959831936461386
336,block1.W1,transformer_block,138.49087270409382,1.6598406478029628
337,block1.W1,transformer_block,121.98335031630171,1.6303634953679604
338,block1.W1,transformer_block,136.3453762368315,1.7620717708024092
339,block1.W1,transformer_block,134.81147982933783,1.5578191134969934
340,block1.W1,transformer_block,131.56689907842383,1.8038227958196504
341,block1.W1,transformer_block,145.136408748365,1.7456927343695117
342,block1.W1,transformer_block,138.53537883886517,1.8052116236252536
343,block1.W1,transformer_block,142.97593456786421,1.8205269437184033
344,block1.W1,transformer_block,136.25933846278468,1.5847793995728237
345,block1.W1,transformer_block,123.14724022106194,1.5777932215378896
346,block1.W1,transformer_block,112.81574312222381,1.4909445939069443
347,block1.W1,transformer_block,125.387154685855,1.6058708674819067
348,block1.W1,transformer_block,129.7583212026916,1.7698784433095744
349,block1.W1,transformer_block,133.4261267494906,1.7028796975179372
350,block1.W1,transformer_block,132.86801068555081,1.6652272658490574
351,block1.W1,transformer_block,131.1475850978251,1.6487384004285452
352,block1.W1,transformer_block,130.36671377668247,1.5619710324196134
353,block1.W1,transformer_block,122.23104803226204,1.674967520223891
354,block1.W1,transformer_block,130.92389779447797,1.6179060693793401
355,block1.W1,transformer_block,131.22451955762858,1.6359932715820071
356,block1.W1,transformer_block,132.4522964868995,1.5290371471478021
357,block1.W1,transformer_block,130.691701687144,1.7022242557106104
358,block1.W1,transformer_block,123.17342968517772,1.6074219494079187
359,block1.W1,transformer_block,121.81626226892813,1.6495709946841848
360,block1.W1,transformer_block,121.98713551923541,1.5266430743636383
361,block1.W1,transformer_block,128.5745220493625,1.6796958347619122
362,block1.W1,transformer_block,129.523273332988,1.7361741329690936
363,block1.W1,transformer_block,137.45418539198127,1.7402568745481022
364,block1.W1,transformer_block,134.83817678699018,1.6544474350555958
365,block1.W1,transformer_block,131.31318571077276,1.8179751348553583
366,block1.W1,transformer_block,117.7803883370081,1.5269346163752469
367,block1.W1,transformer_block,134.57055731459084,1.8150954457293298
368,block1.W1,transformer_block,127.02355175595842,1.4935349534453928
369,block1.W1,transformer_block,113.70421794428238,1.4446143374190181
370,block1.W1,transformer_block,117.96484605484575,1.5861816562147366
371,block1.W1,transformer_block,114.06055994167768,1.6055004216614654
372,block1.W1,transformer_block,134.68305488049157,1.6476429181905512
373,block1.W1,transformer_block,140.0350196231806,1.7441691307092313
374,block1.W1,transformer_block,114.71810407215882,1.388343314875432
375,block1.W1,transformer_block,129.37886385522745,1.8709491287335827
376,block1.W1,transformer_block,127.7893027063995,1.4391758679238977
377,block1.W1,transformer_block,122.42334100432804,1.6896891026473542
378,block1.W1,transformer_block,130.19756161955982,1.7490774696634155
379,block1.W1,transformer_block,131.21907973360587,1.6575758583815117
380,block1.W1,transformer_block,131.37224621652817,1.8787802362765167
381,block1.W1,transformer_block,127.98253741686736,1.4706087763328157
382,block1.W1,transformer_block,116.46383539766903,1.6664739025658675
383,block1.W1,transformer_block,126.04704190541702,1.5161798049411996
384,block1.W1,transformer_block,122.89350124806302,1.5924818178235882
385,block1.W1,transformer_block,143.08648350758196,1.8796199922530406
386,block1.W1,transformer_block,137.84407816330133,1.668798378395631
387,block1.W1,transformer_block,130.17105308777053,1.504984748738718
388,block1.W1,transformer_block,137.02874659456887,1.8483050880450862
389,block1.W1,transformer_block,129.40617367979146,1.4783161467299482
390,block1.W1,transformer_block,128.59791701769416,1.7324003081843156
391,block1.W1,transformer_block,125.46344424079568,1.4450879290953496
392,block1.W1,transformer_block,114.15516810860818,1.4665967059468779
393,block1.W1,transformer_block,110.28321762771009,1.3936208244713564
394,block1.W1,transformer_block,118.6163605835764,1.8948939353389769
395,block1.W1,transformer_block,148.00934444707008,1.6574887432743528
396,block1.W1,transformer_block,129.9396600060069,1.639441388137679
397,block1.W1,transformer_block,119.60966159293248,1.504700024596167
398,block1.W1,transformer_block,129.17371413240684,1.830685612490218
399,block1.W1,transformer_block,140.83751765244543,1.5964329536280766
400,block1.W1,transformer_block,129.70669535418045,1.7635908416929957
401,block1.W1,transformer_block,148.65181225071015,1.8480657068052118
402,block1.W1,transformer_block,133.54599996334449,1.5360803724391185
403,block1.W1,transformer_block,127.14622179881403,1.580893497056049
404,block1.W1,transformer_block,131.7522120859778,1.8345282240858936
405,block1.W1,transformer_block,140.77773161879068,1.7357262560294777
406,block1.W1,transformer_block,133.73313612044456,1.6886800901639878
407,block1.W1,transformer_block,146.5543782264527,1.8022935279373768
408,block1.W1,transformer_block,135.78341258130516,1.7290796742458787
409,block1.W1,transformer_block,135.91542916135023,1.611866179043157
410,block1.W1,transformer_block,135.71394247048312,1.7701485574626212
411,block1.W1,transformer_block,142.3704831737862,1.7571040422045208
412,block1.W1,transformer_block,138.66518555882928,1.8752986687670792
413,block1.W1,transformer_block,150.94461543385484,1.7915153924388614
414,block1.W1,transformer_block,136.01108936403605,1.6071230069393971
415,block1.W1,transformer_block,129.87985759395443,1.8250077927538215
416,block1.W1,transformer_block,144.24279706794707,1.6211676824705301
417,block1.W1,transformer_block,134.33946153294445,1.5870899719565081
418,block1.W1,transformer_block,129.53155973706438,1.712180761608998
419,block1.W1,transformer_block,123.86297322753262,1.507090399667617
420,block1.W1,transformer_block,128.71728208835074,1.8271253321916128
421,block1.W1,transformer_block,133.2638745415062,1.582794266010811
422,block1.W1,transformer_block,114.43202584521498,1.5677312747863772
423,block1.W1,transformer_block,119.85325413131736,1.5689869178159164
424,block1.W1,transformer_block,129.74066489372873,1.6928496504486321
425,block1.W1,transformer_block,127.35995646820983,1.5895388130029127
426,block1.W1,transformer_block,119.23910180722831,1.5252019309309108
427,block1.W1,transformer_block,134.83974227147002,1.8940050202613639
428,block1.W1,transformer_block,131.20340534807804,1.6815311651313978
429,block1.W1,transformer_block,124.6812630914107,1.5720473512958453
430,block1.W1,transformer_block,123.88605295423818,1.5363416438962822
431,block1.W1,transformer_block,130.6383122210129,1.817944378130691
432,block1.W1,transformer_block,134.78087113631258,1.5707425436410447
433,block1.W1,transformer_block,144.331887672886,1.9939929698187502
434,block1.W1,transformer_block,147.35508630505802,1.750127026851862
435,block1.W1,transformer_block,136.72825520254403,1.6430346423007816
436,block1.W1,transformer_block,119.70805217320778,1.3897067929854958
437,block1.W1,transformer_block,130.71970126789088,1.8376079787495168
438,block1.W1,transformer_block,134.8123680899239,1.5415553885137974
439,block1.W1,transformer_block,124.03212533480863,1.6100950763163042
440,block1.W1,transformer_block,129.10982247134393,1.7210615433202847
441,block1.W1,transformer_block,124.33680221216281,1.564195578644154
442,block1.W1,transformer_block,135.79840473791367,1.8046015020232555
443,block1.W1,transformer_block,135.78969995676562,1.6491297901692765
444,block1.W1,transformer_block,129.0007921088107,1.6069554230965186
445,block1.W1,transformer_block,145.76081863160223,1.965264211850806
446,block1.W1,transformer_block,131.90242636893623,1.5605587732185913
447,block1.W1,transformer_block,130.899294494823,1.627640265880876
448,block1.W1,transformer_block,118.29521899539213,1.4964366067827117
449,block1.W1,transformer_block,126.59956336794562,1.642446152647561
450,block1.W1,transformer_block,124.47049543455455,1.587996064544522
451,block1.W1,transformer_block,127.69388428990216,1.6078887756837021
452,block1.W1,transformer_block,129.1591857299036,1.8496811358614773
453,block1.W1,transformer_block,130.18969595030788,1.5322606308384648
454,block1.W1,transformer_block,138.212006010974,1.86429280847763
455,block1.W1,transformer_block,148.61826217644895,1.768537776838905
456,block1.W1,transformer_block,128.4741359253299,1.4712771421818212
457,block1.W1,transformer_block,123.8425812704655,1.8374368477933625
458,block1.W1,transformer_block,141.2425137304679,1.6995604381058236
459,block1.W1,transformer_block,136.53706920406617,1.6349159373458022
460,block1.W1,transformer_block,119.59379775067865,1.6082398561474787
461,block1.W1,transformer_block,140.51494857023917,2.064712726019666
462,block1.W1,transformer_block,152.3478123641679,2.0149825966756216
463,block1.W1,transformer_block,136.04727722549825,1.6038154562723381
464,block1.W1,transformer_block,128.66037893741782,1.5640739059042583
465,block1.W1,transformer_block,122.37089473436012,1.6021270069090419
466,block1.W1,transformer_block,126.30152747273908,1.7255234248994578
467,block1.W1,transformer_block,146.81234901161557,1.802866412887423
468,block1.W1,transformer_block,150.26162554619793,1.9156675416319926
469,block1.W1,transformer_block,144.59714136694183,1.674546682156064
470,block1.W1,transformer_block,130.12705635084677,1.474471151596751
471,block1.W1,transformer_block,118.40822506810615,1.5980381877841152
472,block1.W1,transformer_block,137.50361873223642,1.8070818410558287
473,block1.W1,transformer_block,134.39765053046034,1.6092797783299935
474,block1.W1,transformer_block,121.95961439942897,1.6607995456147489
475,block1.W1,transformer_block,136.78746060276856,1.7432664087948182
476,block1.W1,transformer_block,124.95890135757443,1.5836249239154414
477,block1.W1,transformer_block,117.2306406276921,1.5040774893496347
478,block1.W1,transformer_block,116.6243336729448,1.573477303891804
479,block1.W1,transformer_block,137.85184177713018,1.8747676780907316
480,block1.W1,transformer_block,133.15570426458805,1.5487659298889243
481,block1.W1,transformer_block,150.89948577948027,2.1935205541389386
482,block1.W1,transformer_block,164.59869733203973,1.7800800139709052
483,block1.W1,transformer_block,139.09553294565487,1.645660982898708
484,block1.W1,transformer_block,128.10799705875613,1.5670710470677638
485,block1.W1,transformer_block,124.5253998063764,1.6422354385305242
486,block1.W1,transformer_block,132.6064079653609,1.662047256872897
487,block1.W1,transformer_block,135.8170640390673,1.834266329369247
488,block1.W1,transformer_block,129.19412065778118,1.5228427381448648
489,block1.W1,transformer_block,123.46651943426565,1.5331727122329633
490,block1.W1,transformer_block,123.36635914099013,1.6674854934237269
491,block1.W1,transformer_block,130.0513485333124,1.7323595049845695
492,block1.W1,transformer_block,119.99188295731685,1.4688807481177832
493,block1.W1,transformer_block,115.24610749282547,1.5697361302953503
494,block1.W1,transformer_block,119.9484357011394,1.6209546042892113
495,block1.W1,transformer_block,130.3353041101404,1.7254564567114343
496,block1.W1,transformer_block,133.8384344072458,1.9061306076858155
497,block1.W1,transformer_block,155.94423703988525,1.946271788748306
498,block1.W1,transformer_block,148.485420929408,1.736029889990612
499,block1.W1,transformer_block,137.81095485468487,1.6534725335722982
500,block1.W1,transformer_block,124.13719921942383,1.616219070482276
501,block1.W1,transformer_block,119.32163820876697,1.6054247376436293
502,block1.W1,transformer_block,139.39036784678953,1.7590677198714821
503,block1.W1,transformer_block,141.72839467748847,1.8285060143706322
504,block1.W1,transformer_block,127.07385807013335,1.5914463082493926
505,block1.W1,transformer_block,135.83667843858834,1.7642857857987342
506,block1.W1,transformer_block,129.21599871185205,1.520534033985518
507,block1.W1,transformer_block,127.33754093194338,1.627752952049304
508,block1.W1,transformer_block,144.7349353530598,1.849009402400379
509,block1.W1,transformer_block,134.92029342955317,1.691337455081067
510,block1.W1,transformer_block,127.43798838742917,1.817049428858144
511,block1.W1,transformer_block,129.35569888658873,1.519949962162201
512,block1.W1,transformer_block,128.01871551307917,1.7190683642088713
513,block1.W1,transformer_block,144.11670906206757,1.7414377340370304
514,block1.W1,transformer_block,139.49772312670964,1.741034715890628
515,block1.W1,transformer_block,134.55316973784963,1.6458456401764925
516,block1.W1,transformer_block,128.33130217958214,1.6414793401680394
517,block1.W1,transformer_block,134.19196768247883,1.7283071571536328
518,block1.W1,transformer_block,146.81124667529136,1.7262337900319111
519,block1.W1,transformer_block,126.04250021748098,1.7295939388033084
520,block1.W1,transformer_block,135.67400365182215,1.5284933806016487
521,block1.W1,transformer_block,135.16021973324536,1.8553499930546256
522,block1.W1,transformer_block,133.55179554790524,1.5049029453307887
523,block1.W1,transformer_block,115.1400467115307,1.5258352458220612
524,block1.W1,transformer_block,139.98584595455847,1.879168208985703
525,block1.W1,transformer_block,143.50606629383682,1.6877292874288283
526,block1.W1,transformer_block,120.53526166081606,1.4354181343924035
527,block1.W1,transformer_block,116.5776934705632,1.5266285487542053
528,block1.W1,transformer_block,136.30767830669743,1.9873503518299165
529,block1.W1,transformer_block,146.1947676758423,1.6954018646581075
530,block1.W1,transformer_block,128.899681192251,1.550848687838648
531,block1.W1,transformer_block,122.11979745427189,1.5657732678615366
532,block1.W1,transformer_block,124.9592894619476,1.678794485023981
533,block1.W1,transformer_block,141.4637026755711,1.9678809674960744
534,block1.W1,transformer_block,140.1033025154428,1.500083253425067
535,block1.W1,transformer_block,125.34579167043147,1.700097433211048
536,block1.W1,transformer_block,137.71937039836064,1.7832879472930174
537,block1.W1,transformer_block,140.52050052334116,1.6473032617220102
538,block1.W1,transformer_block,126.4701315205494,1.8107085828411282
539,block1.W1,transformer_block,140.9331393437003,1.7258112831368582
540,block1.W1,transformer_block,130.34234710642127,1.7048635360019533
541,block1.W1,transformer_block,126.0310172559438,1.4981752643055555
542,block1.W1,transformer_block,125.15735255123246,1.622874552942835
543,block1.W1,transformer_block,132.623223819513,1.6927178503718836
544,block1.W1,transformer_block,136.28696944261534,1.6354508990287813
545,block1.W1,transformer_block,122.28486730346306,1.5450185448707296
546,block1.W1,transformer_block,130.00613007745415,1.691932388304632
547,block1.W1,transformer_block,131.16963681763627,1.6088794606963337
548,block1.W1,transformer_block,121.1166949181024,1.6086340038220597
549,block1.W1,transformer_block,127.32351931499646,1.53470107696719
550,block1.W1,transformer_block,117.38871877377873,1.5727541340146627
551,block1.W1,transformer_block,146.62578840283263,2.0445811599031187
552,block1.W1,transformer_block,137.66236537819137,1.5408692617965443
553,block1.W1,transformer_block,133.0770556919845,1.791072630836832
554,block1.W1,transformer_block,124.69054447224153,1.6949601903256417
555,block1.W1,transformer_block,140.63634527068174,1.8668530054559187
556,block1.W1,transformer_block,143.5679337546565,1.7232437701203336
557,block1.W1,transformer_block,145.86437497243097,1.683706746484932
558,block1.W1,transformer_block,123.14217203757774,1.4681441654459046
559,block1.W1,transformer_block,107.70867895536192,1.4220310080608471
560,block1.W1,transformer_block,136.1496744484421,1.8211340402166982
561,block1.W1,transformer_block,146.99425105307378,1.8395948732553746
562,block1.W1,transformer_block,132.79107610395727,1.6302249456278584
563,block1.W1,transformer_block,132.9493755648994,1.6726323966557226
564,block1.W1,transformer_block,133.25845590551182,1.6914946750377045
565,block1.W1,transformer_block,133.69116784433191,1.7042011694403882
566,block1.W1,transformer_block,138.13507848308572,1.756631719363301
567,block1.W1,transformer_block,144.1871437599221,1.7503362881988493
568,block1.W1,transformer_block,137.35622225854826,1.6654888842637854
569,block1.W1,transformer_block,134.17206898523585,1.612318015096184
570,block1.W1,transformer_block,135.56621868996552,1.7265875428663469
571,block1.W1,transformer_block,131.4973791861961,1.6184671337548293
572,block1.W1,transformer_block,140.7079212493529,1.8234270157815233
573,block1.W1,transformer_block,126.394890031957,1.5543827188995298
574,block1.W1,transformer_block,123.02606802975556,1.4509323810766923
575,block1.W1,transformer_block,119.45220063441633,1.7222081406518372
576,block1.W1,transformer_block,129.9166568785505,1.7552117590394478
577,block1.W1,transformer_block,136.18227342892877,1.6547423960432603
578,block1.W1,transformer_block,122.36195744216354,1.5378826979849958
579,block1.W1,transformer_block,143.3230664085563,1.9191183604067668
580,block1.W1,transformer_block,146.2220139687016,1.8946338878654134
581,block1.W1,transformer_block,141.0477111063895,1.564450875233899
582,block1.W1,transformer_block,120.76796423000845,1.6876245478550778
583,block1.W1,transformer_block,141.41514200196494,1.716027511572352
584,block1.W1,transformer_block,134.17694956844738,1.6411307954628827
585,block1.W1,transformer_block,119.90361881505201,1.580659258056865
586,block1.W1,transformer_block,140.9289851385857,1.8448123618550651
587,block1.W1,transformer_block,149.34932335131558,1.7817619335960948
588,block1.W1,transformer_block,137.1188864249497,1.5938476191868554
589,block1.W1,transformer_block,112.98619343313145,1.4028981168009946
590,block1.W1,transformer_block,136.48017980296052,2.1232974730088134
591,block1.W1,transformer_block,141.68885818637867,1.6870661760518915
592,block1.W1,transformer_block,133.3331682785083,1.5625797398854098
593,block1.W1,transformer_block,129.18941190432972,1.6641159951529116
594,block1.W1,transformer_block,130.1250404312407,1.6784071991097125
595,block1.W1,transformer_block,131.3326162663212,1.6621297286675767
596,block1.W1,transformer_block,132.63888430318198,1.641169193834339
597,block1.W1,transformer_block,131.67561006824351,1.7552630350276195
598,block1.W1,transformer_block,144.85777446482513,1.9188765105174461
599,block1.W1,transformer_block,138.9949892074052,1.5459812076957808
600,block1.W1,transformer_block,128.35024254833576,1.6916838240983514
601,block1.W1,transformer_block,128.4107203369315,1.679597202332274
602,block1.W1,transformer_block,125.04481161103995,1.4773106164193774
603,block1.W1,transformer_block,121.01923913622457,1.6976372619086764
604,block1.W1,transformer_block,129.47760850179174,1.4796516087612601
605,block1.W1,transformer_block,126.22640558635338,1.7657709658985108
606,block1.W1,transformer_block,127.97143618516657,1.4641660864335786
607,block1.W1,transformer_block,118.77306004300996,1.6612535758426819
608,block1.W1,transformer_block,126.6875653468327,1.7240503403929492
609,block1.W1,transformer_block,139.6461116065465,1.8573533119932777
610,block1.W1,transformer_block,133.63019691752962,1.6264260215031583
611,block1.W1,transformer_block,134.0428777849694,1.7239021032946995
612,block1.W1,transformer_block,117.34851371834472,1.3577405394164206
613,block1.W1,transformer_block,125.79178739424741,1.786919772886952
614,block1.W1,transformer_block,139.4849924932545,1.8748909556598998
615,block1.W1,transformer_block,143.57869324225075,1.608117059297045
616,block1.W1,transformer_block,139.6902882229616,1.8819559157588244
617,block1.W1,transformer_block,127.91611116233545,1.3988462051457842
618,block1.W1,transformer_block,132.77696714730607,1.7652767005891499
619,block1.W1,transformer_block,139.47766322541133,1.7747466868966977
620,block1.W1,transformer_block,131.89134735274152,1.5471046908689288
621,block1.W1,transformer_block,120.42516829737403,1.5134085382288132
622,block1.W1,transformer_block,138.46449792094023,1.9223240219194344
623,block1.W1,transformer_block,135.54648763464897,1.5695887043261476
624,block1.W1,transformer_block,130.1058189886743,1.8598443597878889
625,block1.W1,transformer_block,131.47840152505492,1.713986808197633
626,block1.W1,transformer_block,128.36405175016355,1.5938356745951001
627,block1.W1,transformer_block,129.8153640334464,1.6530441940826222
628,block1.W1,transformer_block,136.41460226985822,1.7264549647730993
629,block1.W1,transformer_block,124.06279459324617,1.4249696638221838
630,block1.W1,transformer_block,113.8569212395302,1.4968330865886907
631,block1.W1,transformer_block,106.4965292551508,1.2960783712092514
632,block1.W1,transformer_block,108.15458623645563,1.5550154471144766
633,block1.W1,transformer_block,120.4946167361196,1.5424524293348507
634,block1.W1,transformer_block,116.74217491241879,1.7240285626767577
635,block1.W1,transformer_block,127.08108577363465,1.5199523794714245
636,block1.W1,transformer_block,127.6376616410218,1.6028512827940276
637,block1.W1,transformer_block,140.73977625243157,1.7888805685770137
638,block1.W1,transformer_block,133.26379522512534,1.5968576756492956
639,block1.W1,transformer_block,138.55379071286464,1.822986263286745
640,block1.W1,transformer_block,139.4808509201293,1.738410048513192
641,block1.W1,transformer_block,137.29774051404087,1.7504314702010324
642,block1.W1,transformer_block,136.76902673089572,1.6648510951488977
643,block1.W1,transformer_block,130.93818795335855,1.6916489500646836
644,block1.W1,transformer_block,146.29332769020252,1.8383163354189982
645,block1.W1,transformer_block,140.47170555739373,1.6618606619337672
646,block1.W1,transformer_block,126.39068438287049,1.6241804217293134
647,block1.W1,transformer_block,130.76466372898497,1.6818781782176984
648,block1.W1,transformer_block,123.25802733502202,1.5449229503834045
649,block1.W1,transformer_block,136.3286638472188,1.9807324905582666
650,block1.W1,transformer_block,146.08857931792642,1.7084205903472232
651,block1.W1,transformer_block,117.62294680787814,1.4589249224326633
652,block1.W1,transformer_block,115.63057849317241,1.57903800823056
653,block1.W1,transformer_block,125.71486060201407,1.7178967379268701
654,block1.W1,transformer_block,143.6630390716175,1.8683341176522532
655,block1.W1,transformer_block,140.08522458108027,1.6174439756182304
656,block1.W1,transformer_block,123.83826654047657,1.5807704050603881
657,block1.W1,transformer_block,131.5221628803681,1.6802275117578762
658,block1.W1,transformer_block,143.20981270164324,1.8151578957669043
659,block1.W1,transformer_block,140.38137588700735,1.7657149247464368
660,block1.W1,transformer_block,133.58594968832654,1.6796153748528406
661,block1.W1,transformer_block,149.60769052553394,1.8994333194291142
662,block1.W1,transformer_block,150.79762132574135,1.989461249308839
663,block1.W1,transformer_block,152.06184905671384,1.6831548288417413
664,block1.W1,transformer_block,136.7788109095862,1.8614741747094783
665,block1.W1,transformer_block,144.73968663437626,1.7099439826652172
666,block1.W1,transformer_block,136.1161992457899,1.824621368542895
667,block1.W1,transformer_block,139.03607626190862,1.6972020461498696
668,block1.W1,transformer_block,128.22871794645062,1.6693080997068543
669,block1.W1,transformer_block,122.96217200750618,1.4489370795450942
670,block1.W1,transformer_block,125.48232159497094,1.5927420969968438
671,block1.W1,transformer_block,121.92559014927312,1.8559381298740179
672,block1.W1,transformer_block,155.46535887827642,1.9756755571315687
673,block1.W1,transformer_block,146.05291872418175,1.6500432196862587
674,block1.W1,transformer_block,133.36945546629457,1.8189538868789656
675,block1.W1,transformer_block,132.99342325376645,1.5988983896085383
676,block1.W1,transformer_block,142.1707463422004,1.8472405271039625
677,block1.W1,transformer_block,154.7156568792153,1.9030337221749205
678,block1.W1,transformer_block,155.1148395336861,1.7636838639210368
679,block1.W1,transformer_block,145.87689444338042,1.7818660701787659
680,block1.W1,transformer_block,144.01922608791008,1.6900277697209265
681,block1.W1,transformer_block,123.41649441182857,1.547978703324504
682,block1.W1,transformer_block,124.2763969362881,1.665279948802867
683,block1.W1,transformer_block,127.01543998032831,1.6161462503473718
684,block1.W1,transformer_block,138.96342326646771,1.869646095981481
685,block1.W1,transformer_block,147.03316027203138,1.7527018353900023
686,block1.W1,transformer_block,144.86234695372963,1.7488527732286256
687,block1.W1,transformer_block,132.9902506394115,1.5389307686353366
688,block1.W1,transformer_block,129.41944621232588,1.6173514488489011
689,block1.W1,transformer_block,126.14917582243916,1.7272872902109997
690,block1.W1,transformer_block,152.34200797258697,1.928105528379236
691,block1.W1,transformer_block,141.71925226858943,1.603155583762944
692,block1.W1,transformer_block,138.25942257775276,1.8766580641989616
693,block1.W1,transformer_block,133.9076058448628,1.6418932698258493
694,block1.W1,transformer_block,131.8980643953609,1.7371541387516451
695,block1.W1,transformer_block,142.76789382108092,1.5951023231064405
696,block1.W1,transformer_block,127.17575615580954,1.8081957053862676
697,block1.W1,transformer_block,138.76257857727325,1.5969754959172011
698,block1.W1,transformer_block,127.17004768880469,1.6205266326813197
0,block1.W2,transformer_block,3.5936683367060245,0.05010223201175246
1,block1.W2,transformer_block,4.013297288520422,0.07001536574171217
2,block1.W2,transformer_block,4.601547945756517,0.048173907845592216
3,block1.W2,transformer_block,4.443489673050587,0.07139942695767122
4,block1.W2,transformer_block,5.742101883931949,0.07456242437729273
5,block1.W2,transformer_block,5.519988281136674,0.06592133528150688
6,block1.W2,transformer_block,5.660784120761813,0.09978959301377957
7,block1.W2,transformer_block,6.9389194338847755,0.07862404180884343
8,block1.W2,transformer_block,7.185868676099968,0.13387673808617165
9,block1.W2,transformer_block,8.572577760471876,0.11122383266461872
10,block1.W2,transformer_block,9.75803259672654,0.1475780493835896
11,block1.W2,transformer_block,11.05935272477842,0.14047116295988726
12,block1.W2,transformer_block,10.229478628540775,0.1258583967068594
13,block1.W2,transformer_block,10.592780662343673,0.1512251151359537
14,block1.W2,transformer_block,9.576315271365546,0.1547674961072409
15,block1.W2,transformer_block,13.067032373789,0.23213815097008705
16,block1.W2,transformer_block,18.737424924410696,0.23800039920114194
17,block1.W2,transformer_block,21.80513060117447,0.30844630119003896
18,block1.W2,transformer_block,19.44042198132471,0.29511076228343425
19,block1.W2,transformer_block,23.332002159956286,0.33091513858675087
20,block1.W2,transformer_block,26.15823377581363,0.36073348751921086
21,block1.W2,transformer_block,27.940579112204993,0.41953459015802075
22,block1.W2,transformer_block,26.778031498333977,0.3918771481253339
23,block1.W2,transformer_block,30.038949892933005,0.44135339763218867
24,block1.W2,transformer_block,30.920553752321922,0.4604100159733231
25,block1.W2,transformer_block,32.33136607438824,0.4947094537619385
26,block1.W2,transformer_block,36.909889197239735,0.5130525374537208
27,block1.W2,transformer_block,41.1073277165923,0.5895885239252964
28,block1.W2,transformer_block,42.650314958711476,0.5473124828910967
29,block1.W2,transformer_block,38.406401550975204,0.5329858095325435
30,block1.W2,transformer_block,41.03418817622203,0.6224591853768531
31,block1.W2,transformer_block,45.31127623764657,0.5911649815454361
32,block1.W2,transformer_block,49.147779654215654,0.7273990083369681
33,block1.W2,transformer_block,57.620532242748105,0.6709739200652152
34,block1.W2,transformer_block,56.0931414852764,0.7175228392850228
35,block1.W2,transformer_block,49.74382732305981,0.6009236816567062
36,block1.W2,transformer_block,45.1261399503372,0.6128622261213503
37,block1.W2,transformer_block,48.56110853536353,0.6498870746059306
38,block1.W2,transformer_block,51.72921776457674,0.6885298925538079
39,block1.W2,transformer_block,47.259525446901186,0.5716645353435605
40,block1.W2,transformer_block,47.74804463403227,0.6965852968601673
41,block1.W2,transformer_block,55.46022803685778,0.6866543009105044
42,block1.W2,transformer_block,46.15448213162312,0.5603800953972105
43,block1.W2,transformer_block,47.7723306624561,0.7197582204235302
44,block1.W2,transformer_block,62.550380758755416,0.8426669992220438
45,block1.W2,transformer_block,62.556448126841204,0.7145006323597562
46,block1.W2,transformer_block,57.36927505114466,0.7690366273253176
47,block1.W2,transformer_block,57.402780174553946,0.7001144621534201
48,block1.W2,transformer_block,56.41883146169348,0.6977047046227566
49,block1.W2,transformer_block,53.788598618758336,0.6546860311512334
50,block1.W2,transformer_block,53.39084435181102,0.7122612595029187
51,block1.W2,transformer_block,59.16400035618543,0.7726372487062696
52,block1.W2,transformer_block,52.55893801642168,0.6726054330024396
53,block1.W2,transformer_block,50.52934628971981,0.6364427825159236
54,block1.W2,transformer_block,49.85651066283519,0.6970435454437144
55,block1.W2,transformer_block,59.08007217572593,0.8020175699946358
56,block1.W2,transformer_block,62.92383434874704,0.7617058634806014
57,block1.W2,transformer_block,58.25963197671987,0.688273413921544
58,block1.W2,transformer_block,59.13278384753743,0.7716893179118246
59,block1.W2,transformer_block,55.81479687815983,0.6930312134438843
60,block1.W2,transformer_block,61.18212897181177,0.8298012112593733
61,block1.W2,transformer_block,57.28319349396897,0.6476300426761178
62,block1.W2,transformer_block,47.57111716989508,0.7077278409453679
63,block1.W2,transformer_block,55.91446959354327,0.7346825255504661
64,block1.W2,transformer_block,58.77290428900528,0.7436572361828588
65,block1.W2,transformer_block,59.85559611613496,0.7409998326081706
66,block1.W2,transformer_block,60.61412915585587,0.7923096764756942
67,block1.W2,transformer_block,62.97352373105786,0.851116364100738
68,block1.W2,transformer_block,59.36214304561639,0.6691479767080515
69,block1.W2,transformer_block,54.79936157255293,0.7732752410880218
70,block1.W2,transformer_block,67.41007821498643,0.856639225861931
71,block1.W2,transformer_block,58.33072370791939,0.684934948433748
72,block1.W2,transformer_block,52.762541285405845,0.7314466286938082
73,block1.W2,transformer_block,53.38121030746563,0.6695793230923082
74,block1.W2,transformer_block,58.846293545450784,0.7740035304808811
75,block1.W2,transformer_block,57.3257994866248,0.6845326726866523
76,block1.W2,transformer_block,57.32693898073446,0.781964576115033
77,block1.W2,transformer_block,57.937380728648215,0.7386949989514207
78,block1.W2,transformer_block,53.39769293201814,0.7082727085333178
79,block1.W2,transformer_block,56.298665459041636,0.7356495255840168
80,block1.W2,transformer_block,52.23446683487848,0.7802112194652693
81,block1.W2,transformer_block,59.17438004342682,0.707428830498162
82,block1.W2,transformer_block,52.68901073862202,0.7191724220097561
83,block1.W2,transformer_block,58.37616996018006,0.7302148319617845
84,block1.W2,transformer_block,61.3668590457524,0.8156470562598088
85,block1.W2,transformer_block,60.75057904410582,0.6980764089965255
86,block1.W2,transformer_block,66.31110431952284,0.9162978924709891
87,block1.W2,transformer_block,70.29382615160448,0.8409204712300374
88,block1.W2,transformer_block,67.73026256187892,0.8442667280926495
89,block1.W2,transformer_block,70.27039297118111,0.8201341540427021
90,block1.W2,transformer_block,66.9343301518073,0.8788326273369867
91,block1.W2,transformer_block,65.05425525165687,0.8002550457833605
92,block1.W2,transformer_block,71.22646524882454,0.9516045597480656
93,block1.W2,transformer_block,71.76724041285472,0.8412369127113387
94,block1.W2,transformer_block,63.41587205025857,0.7929959324488245
95,block1.W2,transformer_block,58.7513369245353,0.7244684103312846
96,block1.W2,transformer_block,58.066503416695156,0.7666908031858835
97,block1.W2,transformer_block,56.19490595707449,0.7682774831318553
98,block1.W2,transformer_block,68.60491486779158,0.9253841739879138
99,block1.W2,transformer_block,62.84543071995969,0.7443567518507326
100,block1.W2,transformer_block,58.4000150661692,0.7750828310544926
101,block1.W2,transformer_block,56.006757654561156,0.6598984350390474
102,block1.W2,transformer_block,53.82643465596066,0.8079138451307792
103,block1.W2,transformer_block,60.739296717507514,0.7283492328952812
104,block1.W2,transformer_block,60.34224715207121,0.7734929843496186
105,block1.W2,transformer_block,60.613428080597366,0.7525213622810675
106,block1.W2,transformer_block,58.88111815728321,0.7970887718835447
107,block1.W2,transformer_block,64.31677257295492,0.795524270502909
108,block1.W2,transformer_block,67.99462070103473,0.8706689345096108
109,block1.W2,transformer_block,60.05296457036472,0.8233892744952059
110,block1.W2,transformer_block,69.83639515045721,0.8686010521279767
111,block1.W2,transformer_block,67.53752075128483,0.8716442240984875
112,block1.W2,transformer_block,66.56310533445351,0.8045968406061312
113,block1.W2,transformer_block,60.65282860958814,0.8459471386373176
114,block1.W2,transformer_block,69.373642948618,0.8493981816275766
115,block1.W2,transformer_block,71.43712548756913,0.9035609964246909
116,block1.W2,transformer_block,70.35826093129845,0.9128166842923409
117,block1.W2,transformer_block,65.78418166711009,0.7627394310700011
118,block1.W2,transformer_block,62.643354550284805,0.8450750429007126
119,block1.W2,transformer_block,69.22455869768652,0.8886862836197926
120,block1.W2,transformer_block,73.02196641008565,0.8900445897788676
121,block1.W2,transformer_block,70.35678930900849,0.8465192848003723
122,block1.W2,transformer_block,64.86663199350963,0.8038090242586599
123,block1.W2,transformer_block,65.9509016542816,0.8587554385299785
124,block1.W2,transformer_block,65.68570149811593,0.7420430558290141
125,block1.W2,transformer_block,63.78268734212592,0.8336211911015261
126,block1.W2,transformer_block,66.60702986753614,0.8689323323080456
127,block1.W2,transformer_block,66.00053920067742,0.7570908072614857
128,block1.W2,transformer_block,60.606681950010724,0.8560240181860277
129,block1.W2,transformer_block,74.1880641324966,0.9498147989346457
130,block1.W2,transformer_block,65.43019426317422,0.7264609991586374
131,block1.W2,transformer_block,62.63461913221383,0.8468215985500291
132,block1.W2,transformer_block,71.25377580457783,0.8798866281286607
133,block1.W2,transformer_block,70.429690077387,0.8679365184018493
134,block1.W2,transformer_block,69.35121721895986,0.8320255719991863
135,block1.W2,transformer_block,59.29666526326307,0.7637342278016361
136,block1.W2,transformer_block,67.55562776213237,0.9094305475927559
137,block1.W2,transformer_block,73.26164243291477,0.952581677221537
138,block1.W2,transformer_block,69.13671160234462,0.7897474474237202
139,block1.W2,transformer_block,62.33624172761713,0.8066468308846524
140,block1.W2,transformer_block,64.1105463491181,0.8506587184807481
141,block1.W2,transformer_block,69.7985087802719,0.8451017851976046
142,block1.W2,transformer_block,64.62058516096047,0.7997316917829141
143,block1.W2,transformer_block,67.61659430934498,0.9517465441303995
144,block1.W2,transformer_block,74.35015926592905,0.9475407799702034
145,block1.W2,transformer_block,72.04977088799116,0.8590583125473363
146,block1.W2,transformer_block,60.25459017522432,0.8241523783912974
147,block1.W2,transformer_block,64.49941041816754,0.7519455896297246
148,block1.W2,transformer_block,60.15510506006904,0.8974308722668232
149,block1.W2,transformer_block,72.29558194140341,0.895616937196703
150,block1.W2,transformer_block,78.50311563127293,0.9966470300314477
151,block1.W2,transformer_block,81.12129351485525,0.9651653115913112
152,block1.W2,transformer_block,69.01920892656709,0.7871435886186405
153,block1.W2,transformer_block,66.07054100026966,0.8638885955021046
154,block1.W2,transformer_block,72.46052716201483,0.9201775638530731
155,block1.W2,transformer_block,70.97659630621031,0.9423831383489598
156,block1.W2,transformer_block,81.56886526914353,0.9878509860253127
157,block1.W2,transformer_block,76.17607533959276,0.8867585870461216
158,block1.W2,transformer_block,73.02101280545348,0.8957670544880688
159,block1.W2,transformer_block,69.3018261628591,0.8308966537691104
160,block1.W2,transformer_block,73.56723075340979,0.9922167802821402
161,block1.W2,transformer_block,77.06405086210248,0.8627109399775217
162,block1.W2,transformer_block,70.80587881523488,0.9273344269482362
163,block1.W2,transformer_block,83.57462518382172,1.0058757485813343
164,block1.W2,transformer_block,78.70132459987376,0.9153982936104755
165,block1.W2,transformer_block,77.10215605853601,0.9894021990901548
166,block1.W2,transformer_block,82.40553445024811,0.9104075259211661
167,block1.W2,transformer_block,70.73637945620493,0.8785447994372058
168,block1.W2,transformer_block,69.29545127556187,0.9066302577992409
169,block1.W2,transformer_block,76.94158799333087,0.9668006435357213
170,block1.W2,transformer_block,76.04234702014034,0.9060939978365473
171,block1.W2,transformer_block,74.4284441656749,0.9411280545933454
172,block1.W2,transformer_block,71.81652902514361,0.856824373333879
173,block1.W2,transformer_block,75.12081410721366,0.9288352301092354
174,block1.W2,transformer_block,62.21444633033497,0.6883107715175232
175,block1.W2,transformer_block,68.70929644547071,0.9877851091592426
176,block1.W2,transformer_block,73.13028622981783,0.786180328923094
177,block1.W2,transformer_block,78.23488907667057,1.1496116874194826
178,block1.W2,transformer_block,77.61255565414567,0.8819208719111569
179,block1.W2,transformer_block,74.37814205760034,0.9362417282622526
180,block1.W2,transformer_block,80.57740592583903,0.9772514131281571
181,block1.W2,transformer_block,69.94090461590056,0.783253514063994
182,block1.W2,transformer_block,72.82447020323634,0.9415374185167351
183,block1.W2,transformer_block,78.49485234732809,0.9614309269854313
184,block1.W2,transformer_block,79.47823640003371,0.9523910305554545
185,block1.W2,transformer_block,68.02484563648886,0.8691974331442678
186,block1.W2,transformer_block,65.41709254428898,0.8550978388769789
187,block1.W2,transformer_block,70.38622342895057,0.8466470026150654
188,block1.W2,transformer_block,71.38173570418024,0.916118106467835
189,block1.W2,transformer_block,79.9820312260492,1.0404979523322277
190,block1.W2,transformer_block,79.24255251662377,0.9508068392527229
191,block1.W2,transformer_block,77.86189031509905,0.9809325584589674
192,block1.W2,transformer_block,80.58865059075848,0.9218416746350746
193,block1.W2,transformer_block,68.05765328383696,0.7959644261664598
194,block1.W2,transformer_block,70.84892500314888,0.9940498892769688
195,block1.W2,transformer_block,80.49890060084668,0.959684844439028
196,block1.W2,transformer_block,71.92970024216473,0.8735383830609361
197,block1.W2,transformer_block,64.65229101048541,0.8176885146746272
198,block1.W2,transformer_block,62.59913654050702,0.7733341975128942
199,block1.W2,transformer_block,67.51696629717516,0.9003508713031703
200,block1.W2,transformer_block,62.49300222529849,0.798901474980755
201,block1.W2,transformer_block,61.22451323759163,0.7606724247047274
202,block1.W2,transformer_block,67.50450302504031,0.9431188922370617
203,block1.W2,transformer_block,74.17238903478274,0.9189201638325398
204,block1.W2,transformer_block,69.79886461252269,0.9555832301229277
205,block1.W2,transformer_block,75.32346232685536,0.93903862329173
206,block1.W2,transformer_block,65.96412313472077,0.8554269377445852
207,block1.W2,transformer_block,69.31206483824697,0.880508425055295
208,block1.W2,transformer_block,76.01729410347929,0.9902087262941914
209,block1.W2,transformer_block,71.03343917491787,0.8525502141837429
210,block1.W2,transformer_block,70.73220994918546,0.9306126485466586
211,block1.W2,transformer_block,69.9097044537838,0.8891166125639269
212,block1.W2,transformer_block,75.27358099082197,0.9597422459930489
213,block1.W2,transformer_block,71.93834333199081,0.949238169804935
214,block1.W2,transformer_block,74.68622676716119,1.0115250913866745
215,block1.W2,transformer_block,68.86343903315917,0.9023240399443079
216,block1.W2,transformer_block,72.8049243776184,0.9886019307496113
217,block1.W2,transformer_block,73.95729549796954,0.9251493590489881
218,block1.W2,transformer_block,66.11186262928886,0.9383824069061939
219,block1.W2,transformer_block,76.30311598254418,1.0256323251342456
220,block1.W2,transformer_block,78.47778993923764,0.9013384357456935
221,block1.W2,transformer_block,81.88977262284344,1.1248904181824624
222,block1.W2,transformer_block,83.05338735738323,0.9583713485027052
223,block1.W2,transformer_block,75.55119257518041,0.9755716480100729
224,block1.W2,transformer_block,74.01939663183977,0.8782729579728913
225,block1.W2,transformer_block,66.36779180957718,0.8340515619892778
226,block1.W2,transformer_block,83.47885978187654,1.1273086058795392
227,block1.W2,transformer_block,82.05210534760552,0.9748992903644476
228,block1.W2,transformer_block,72.95506658575559,0.8770304798413591
229,block1.W2,transformer_block,72.72351391395384,0.9579340838183003
230,block1.W2,transformer_block,69.16534490605497,0.915433039927251
231,block1.W2,transformer_block,77.06702284895702,0.947760323279874
232,block1.W2,transformer_block,76.32156251270365,0.9602604707488591
233,block1.W2,transformer_block,80.52150505903788,0.9743936796574405
234,block1.W2,transformer_block,77.18663330484124,1.059993035120296
235,block1.W2,transformer_block,89.42814097553041,0.9963126050445085
236,block1.W2,transformer_block,75.18194627548122,0.9354024460775716
237,block1.W2,transformer_block,72.73885995158558,0.8628272218328519
238,block1.W2,transformer_block,74.98771917809076,0.9228205304400723
239,block1.W2,transformer_block,74.67349487333371,1.0029858063433355
240,block1.W2,transformer_block,73.08529980002454,0.8899097995769124
241,block1.W2,transformer_block,74.62495057039712,1.0462192921678066
242,block1.W2,transformer_block,85.6820517741801,1.0760774632299546
243,block1.W2,transformer_block,87.07020487188588,1.1961157570988206
244,block1.W2,transformer_block,85.40988371341393,0.8711808544589366
245,block1.W2,transformer_block,68.03679251063934,0.9428346488081064
246,block1.W2,transformer_block,69.46028587385226,0.8500023555154361
247,block1.W2,transformer_block,70.17124358612784,0.8910274287242376
248,block1.W2,transformer_block,67.68497628732035,0.8816887265513839
249,block1.W2,transformer_block,70.72533202115294,0.8710444983473853
250,block1.W2,transformer_block,70.31869850848881,0.9493425776705915
251,block1.W2,transformer_block,76.06700728885247,0.9116883393765421
252,block1.W2,transformer_block,61.64467718210308,0.7855390343137393
253,block1.W2,transformer_block,69.72474609583702,0.9195533093491285
254,block1.W2,transformer_block,69.89374230626072,0.8972882042084027
255,block1.W2,transformer_block,73.95671874812346,0.9338019392255406
256,block1.W2,transformer_block,67.1880985544993,0.8234400513064336
257,block1.W2,transformer_block,72.98212644279282,0.9984960771779762
258,block1.W2,transformer_block,80.39713700178254,1.0451623397976546
259,block1.W2,transformer_block,75.63282414454156,0.8775880498320675
260,block1.W2,transformer_block,76.5960908054964,0.9720865696944
261,block1.W2,transformer_block,66.17701226446329,0.8295969663496081
262,block1.W2,transformer_block,70.41170645698858,0.8996931936443187
263,block1.W2,transformer_block,74.17985527751284,0.9858937870372964
264,block1.W2,transformer_block,79.82318800798842,0.9268347333074328
265,block1.W2,transformer_block,71.50547659345607,0.8867545778329354
266,block1.W2,transformer_block,67.79686111919496,0.8842238237223591
267,block1.W2,transformer_block,74.97483411772758,0.9467578580869943
268,block1.W2,transformer_block,73.37169454964216,0.9504624841214476
269,block1.W2,transformer_block,66.26157820764739,0.8296992707259467
270,block1.W2,transformer_block,71.24343526442894,0.9185686318091
271,block1.W2,transformer_block,85.21838043966619,1.126891864373126
272,block1.W2,transformer_block,83.24202346972777,0.9859400790325373
273,block1.W2,transformer_block,73.63350071869134,0.8777106059261648
274,block1.W2,transformer_block,80.26990057014663,1.0327636573044559
275,block1.W2,transformer_block,68.55258525576373,0.7954086117703341
276,block1.W2,transformer_block,62.52175368232841,0.8159240583053471
277,block1.W2,transformer_block,79.05346654449338,1.0407823652355719
278,block1.W2,transformer_block,74.09273508694095,0.9065539919673342
279,block1.W2,transformer_block,73.5858769285725,0.9431814440871465
280,block1.W2,transformer_block,70.09590534928026,0.9075516819796029
281,block1.W2,transformer_block,75.86325686503884,0.928864112258708
282,block1.W2,transformer_block,73.33440575698268,0.8959738695643584
283,block1.W2,transformer_block,72.01741443662867,0.929529742815232
284,block1.W2,transformer_block,68.71652090722404,0.897036547927268
285,block1.W2,transformer_block,75.76072119497314,0.9369842645743065
286,block1.W2,transformer_block,72.00753434216654,0.966660964014476
287,block1.W2,transformer_block,77.94298426940442,0.9135736791050939
288,block1.W2,transformer_block,72.02163202280506,0.9339401482916768
289,block1.W2,transformer_block,82.63178261387971,1.0268748449273444
290,block1.W2,transformer_block,86.16270264840777,1.0826498493030607
291,block1.W2,transformer_block,82.32625046194448,0.8846840103044544
292,block1.W2,transformer_block,75.25294116731492,0.9735337562054246
293,block1.W2,transformer_block,75.43171985233836,0.9280304991259318
294,block1.W2,transformer_block,70.26435252069872,0.8024942995726436
295,block1.W2,transformer_block,76.0340721146801,1.01413146767245
296,block1.W2,transformer_block,65.54732134422247,0.7912273964503973
297,block1.W2,transformer_block,62.021175607057636,0.7780594494398062
298,block1.W2,transformer_block,66.66297831789305,0.879881172549732
299,block1.W2,transformer_block,71.94267512903757,1.0211375702338945
300,block1.W2,transformer_block,70.32015923805596,0.8045399409734186
301,block1.W2,transformer_block,67.4894914040252,0.8751424565804872
302,block1.W2,transformer_block,72.72814827296912,1.0329759776245684
303,block1.W2,transformer_block,79.53198398739394,0.8928078649088081
304,block1.W2,transformer_block,75.98735964312183,0.9947776941735522
305,block1.W2,transformer_block,77.62678141190965,0.9101672361534263
306,block1.W2,transformer_block,72.16634473067792,0.9916400678097604
307,block1.W2,transformer_block,73.48130012884006,0.8065452914338188
308,block1.W2,transformer_block,69.77823226762955,0.8829363656421064
309,block1.W2,transformer_block,76.07264145248261,1.0219753292520437
310,block1.W2,transformer_block,72.61436916818968,0.8757044219555249
311,block1.W2,transformer_block,74.39435675976604,0.9900430493382781
312,block1.W2,transformer_block,83.31428978826878,1.049321466706909
313,block1.W2,transformer_block,75.17096517007931,0.8911666205158617
314,block1.W2,transformer_block,82.30654108220621,1.0720244224570998
315,block1.W2,transformer_block,84.84910350541271,1.022428456377661
316,block1.W2,transformer_block,77.84210586355978,0.9318786063898146
317,block1.W2,transformer_block,71.41450064139353,0.9069897622267036
318,block1.W2,transformer_block,76.86261825201463,1.0055869150386254
319,block1.W2,transformer_block,84.93517728630057,1.0947116376359618
320,block1.W2,transformer_block,75.70178112522423,0.8245368030248781
321,block1.W2,transformer_block,71.10764572320092,0.9570243294694645
322,block1.W2,transformer_block,75.06456590068672,0.9054865113420028
323,block1.W2,transformer_block,78.62147980005349,0.9816952601851808
324,block1.W2,transformer_block,82.09753818429718,1.0959646471244304
325,block1.W2,transformer_block,91.575930738712,1.1437960047144897
326,block1.W2,transformer_block,79.82881480048522,0.9140388897602768
327,block1.W2,transformer_block,75.67492900763456,1.0049504627091235
328,block1.W2,transformer_block,72.41092433695368,0.9360779203449376
329,block1.W2,transformer_block,81.8017936714127,1.019773667002977
330,block1.W2,transformer_block,75.44971308935898,0.9228389664963985
331,block1.W2,transformer_block,82.86578785222268,1.1352713956677638
332,block1.W2,transformer_block,83.11177104381154,0.9431566294712623
333,block1.W2,transformer_block,75.10349489119295,0.9401380232836034
334,block1.W2,transformer_block,76.29094338351945,1.0735278578042022
335,block1.W2,transformer_block,82.8972478377347,0.9415576707807308
336,block1.W2,transformer_block,77.4509650673991,0.9072767087854485
337,block1.W2,transformer_block,69.77585726132763,0.9310451231736732
338,block1.W2,transformer_block,81.52845641884716,1.033355616463521
339,block1.W2,transformer_block,77.98077385590652,0.8815109815754001
340,block1.W2,transformer_block,77.4341176741823,1.061203405864024
341,block1.W2,transformer_block,88.57525147679881,1.011210359697492
342,block1.W2,transformer_block,79.68433920399464,1.0311680424932554
343,block1.W2,transformer_block,83.01265226504121,1.0723886171542605
344,block1.W2,transformer_block,78.51866539493362,0.870893932614861
345,block1.W2,transformer_block,72.59582375141827,0.9618245428099488
346,block1.W2,transformer_block,68.0188830515726,0.8618966005276809
347,block1.W2,transformer_block,75.67819577762621,0.9781148609593682
348,block1.W2,transformer_block,78.35539170546255,1.007999220050899
349,block1.W2,transformer_block,78.4019961973586,0.9750687574826964
350,block1.W2,transformer_block,76.78749963507083,0.9269927236520866
351,block1.W2,transformer_block,75.74485148446128,0.9279196036044887
352,block1.W2,transformer_block,74.39921935073237,0.9357817350634443
353,block1.W2,transformer_block,73.70677882144076,0.9934252689268828
354,block1.W2,transformer_block,77.76868889747458,0.9575080314263665
355,block1.W2,transformer_block,79.7163760555507,0.9844918797064316
356,block1.W2,transformer_block,79.22035010564792,0.897207449825131
357,block1.W2,transformer_block,78.44568997826951,0.9950073583202658
358,block1.W2,transformer_block,73.0347726296262,0.8994773911399744
359,block1.W2,transformer_block,72.05058684221038,0.9663592556823106
360,block1.W2,transformer_block,72.41795892063051,0.9165218456376484
361,block1.W2,transformer_block,76.5869323824088,0.9838960069640621
362,block1.W2,transformer_block,73.8943819177304,0.9942287937963825
363,block1.W2,transformer_block,80.91478393638701,1.017732481596974
364,block1.W2,transformer_block,72.55244299110143,0.9222333908260998
365,block1.W2,transformer_block,74.55940703175322,1.067643337272899
366,block1.W2,transformer_block,68.2211272282042,0.8266965878889077
367,block1.W2,transformer_block,74.01359675688386,0.9944456706630364
368,block1.W2,transformer_block,73.44747581419158,0.8885336557642681
369,block1.W2,transformer_block,69.84669575001892,0.9007605739545896
370,block1.W2,transformer_block,72.33001013944052,0.905304660866269
371,block1.W2,transformer_block,68.77171539720337,0.9674839097940737
372,block1.W2,transformer_block,80.64393308130208,0.9531025473019972
373,block1.W2,transformer_block,83.58155254222098,1.0189785095204755
374,block1.W2,transformer_block,68.71517606280774,0.7592883651433998
375,block1.W2,transformer_block,69.56942521191154,0.9868503155330015
376,block1.W2,transformer_block,69.28664626397583,0.8193254320808622
377,block1.W2,transformer_block,71.7978954579536,0.983589506302528
378,block1.W2,transformer_block,75.56015047352464,1.009697014287215
379,block1.W2,transformer_block,78.97398007810769,0.958959246607749
380,block1.W2,transformer_block,75.77975764907868,1.0783640731768571
381,block1.W2,transformer_block,71.67075799311372,0.7947670890125733
382,block1.W2,transformer_block,67.24148375102416,0.943143830261338
383,block1.W2,transformer_block,74.60349630987739,0.8933638611537336
384,block1.W2,transformer_block,75.08640778187088,0.9635158803624571
385,block1.W2,transformer_block,85.49280760313093,1.055592115917317
386,block1.W2,transformer_block,75.31058094291431,0.9258590395959693
387,block1.W2,transformer_block,76.57408935285956,0.8669491086578722
388,block1.W2,transformer_block,85.68915994714779,1.1419166835137724
389,block1.W2,transformer_block,80.1949791567267,0.8693258036354062
390,block1.W2,transformer_block,74.92342705289384,0.9704415257117648
391,block1.W2,transformer_block,71.91235002751401,0.837165838307444
392,block1.W2,transformer_block,67.83665796279257,0.8708565236407111
393,block1.W2,transformer_block,66.23048922938709,0.8158599280976573
394,block1.W2,transformer_block,69.09357246166317,1.0275455908935922
395,block1.W2,transformer_block,83.09442370358077,0.9273998619509571
396,block1.W2,transformer_block,72.45326558012614,0.9669809669617861
397,block1.W2,transformer_block,74.10499856394165,0.8786062662506411
398,block1.W2,transformer_block,74.44247700432342,1.0270080236540529
399,block1.W2,transformer_block,79.81052925560617,0.9252279187840597
400,block1.W2,transformer_block,76.3939433671702,1.0443125770224284
401,block1.W2,transformer_block,87.00598154898023,1.0638230701354936
402,block1.W2,transformer_block,75.282799824874,0.8907239417047785
403,block1.W2,transformer_block,78.13056800077393,0.982135357086365
404,block1.W2,transformer_block,78.41730658558433,1.0972625205807158
405,block1.W2,transformer_block,83.66198919349584,1.0430068622061375
406,block1.W2,transformer_block,78.97102695501248,0.9581220543525377
407,block1.W2,transformer_block,86.73702475594959,1.0693004297806195
408,block1.W2,transformer_block,76.6916493047093,0.9799775853527289
409,block1.W2,transformer_block,77.93066439082679,0.9364187636121016
410,block1.W2,transformer_block,80.80659121940498,1.0424696881371571
411,block1.W2,transformer_block,83.00889112018568,1.0371114086320365
412,block1.W2,transformer_block,82.46333508856212,1.118733489841559
413,block1.W2,transformer_block,89.31054220260775,1.0392845882081914
414,block1.W2,transformer_block,79.94049257029107,0.9135702460010882
415,block1.W2,transformer_block,77.32221613152058,1.0913320760751732
416,block1.W2,transformer_block,82.98463479583562,0.8972684992133614
417,block1.W2,transformer_block,78.22962152417777,0.9262163714803452
418,block1.W2,transformer_block,74.58093347374127,0.9298132415465776
419,block1.W2,transformer_block,73.00588669438314,0.9337665204128558
420,block1.W2,transformer_block,77.77481564387071,1.045020401205005
421,block1.W2,transformer_block,78.59329433246357,0.9198247386682379
422,block1.W2,transformer_block,66.93878952144067,0.893411781710657
423,block1.W2,transformer_block,69.55078288418379,0.8885483108109277
424,block1.W2,transformer_block,74.86009947636747,0.9830182040665644
425,block1.W2,transformer_block,73.54187554898282,0.9139631271121427
426,block1.W2,transformer_block,71.34528214478952,0.9197998491740886
427,block1.W2,transformer_block,82.37992934061285,1.1082680118949255
428,block1.W2,transformer_block,80.2548374226176,0.9995979160488591
429,block1.W2,transformer_block,72.7659231782323,0.8702689237221847
430,block1.W2,transformer_block,69.2939212575614,0.8879049118988644
431,block1.W2,transformer_block,78.66611427797544,1.0901419770585845
432,block1.W2,transformer_block,83.26380723183694,0.9780686300502696
433,block1.W2,transformer_block,87.3772101884127,1.1790279374261503
434,block1.W2,transformer_block,90.35792087522601,1.0820354273308013
435,block1.W2,transformer_block,81.7543235867013,0.8985330935169729
436,block1.W2,transformer_block,66.39314998662599,0.8142536852785538
437,block1.W2,transformer_block,76.61385431635783,1.07367586596241
438,block1.W2,transformer_block,82.16929319576849,0.9238474155762036
439,block1.W2,transformer_block,77.19085990673634,0.9900895861441887
440,block1.W2,transformer_block,76.77825845347485,0.9982720206705348
441,block1.W2,transformer_block,74.389402331999,0.9830929532894817
442,block1.W2,transformer_block,82.33333276456445,1.044573481089588
443,block1.W2,transformer_block,79.53305987757219,0.9888654868720825
444,block1.W2,transformer_block,80.75149570075975,1.0000524386408776
445,block1.W2,transformer_block,88.6822714241754,1.1672680810093183
446,block1.W2,transformer_block,78.42088465530881,0.9455598312362108
447,block1.W2,transformer_block,77.99880717052075,0.9302685874240759
448,block1.W2,transformer_block,69.87159225111591,0.8751939725374636
449,block1.W2,transformer_block,76.61876470073706,0.9730060239021601
450,block1.W2,transformer_block,77.5776053830462,1.0036775020696083
451,block1.W2,transformer_block,78.35495789324474,0.9424957938957949
452,block1.W2,transformer_block,78.51056775988111,1.1179458333255994
453,block1.W2,transformer_block,82.66227570368208,0.9555425332491733
454,block1.W2,transformer_block,86.869401778859,1.1520098074898006
455,block1.W2,transformer_block,90.26286989621555,1.0246706207181642
456,block1.W2,transformer_block,74.58201421237045,0.8436004125121326
457,block1.W2,transformer_block,76.70650287545458,1.0996104471359442
458,block1.W2,transformer_block,87.62069694836293,1.0455303802206921
459,block1.W2,transformer_block,85.53850105711084,0.9753140033548708
460,block1.W2,transformer_block,67.3533978867837,0.9295575510257325
461,block1.W2,transformer_block,80.48156079438533,1.1766035288053516
462,block1.W2,transformer_block,91.15013510949993,1.2281994216505305
463,block1.W2,transformer_block,81.21410588157993,0.9482848811112384
464,block1.W2,transformer_block,78.25259713671095,0.9361729384435984
465,block1.W2,transformer_block,75.10184015075922,0.9536006437611872
466,block1.W2,transformer_block,76.11834633395257,1.005797705549304
467,block1.W2,transformer_block,89.70616756239048,1.0855813580061353
468,block1.W2,transformer_block,86.06063890045075,1.0861511216776172
469,block1.W2,transformer_block,83.31011276330469,0.9836006594650212
470,block1.W2,transformer_block,76.1477379212141,0.8303772491510875
471,block1.W2,transformer_block,70.602205148748,0.9733862699382566
472,block1.W2,transformer_block,84.54253084037202,1.056517689064142
473,block1.W2,transformer_block,77.19731252850244,0.9022997033443235
474,block1.W2,transformer_block,70.74241729008854,1.0087486969370905
475,block1.W2,transformer_block,81.15092352165017,1.0550147811506685
476,block1.W2,transformer_block,74.92580476869341,0.9404084047136124
477,block1.W2,transformer_block,69.2697593784811,0.835286971027292
478,block1.W2,transformer_block,66.96262323935173,0.9237771371180006
479,block1.W2,transformer_block,81.30747730719128,1.0799916166617451
480,block1.W2,transformer_block,75.46194445834374,0.8365424408811828
481,block1.W2,transformer_block,80.35932979445572,1.1965977381225072
482,block1.W2,transformer_block,90.35173326061934,1.0274449726612698
483,block1.W2,transformer_block,84.74550919396793,1.002565078285314
484,block1.W2,transformer_block,77.44082965991467,0.9088396012489631
485,block1.W2,transformer_block,73.22292698732691,0.9200517096486208
486,block1.W2,transformer_block,75.25238970860335,0.9543273117896239
487,block1.W2,transformer_block,82.38251066940641,1.1081373306312745
488,block1.W2,transformer_block,79.1887583658543,0.9214146366836656
489,block1.W2,transformer_block,76.06670439113462,0.9097353516668049
490,block1.W2,transformer_block,77.27148736010307,1.013788064599114
491,block1.W2,transformer_block,79.10900203448674,1.0110675585890845
492,block1.W2,transformer_block,71.6425244423339,0.884294247842186
493,block1.W2,transformer_block,69.60027501470904,0.916745173272083
494,block1.W2,transformer_block,67.90015653295595,0.9517179889576541
495,block1.W2,transformer_block,75.66672052749476,1.0057580998706066
496,block1.W2,transformer_block,75.99454741276372,1.038267790749763
497,block1.W2,transformer_block,87.12861217314594,1.1020028516771045
498,block1.W2,transformer_block,87.83259600825534,1.037093535841121
499,block1.W2,transformer_block,84.59264231633652,0.9822886920784839
500,block1.W2,transformer_block,71.91240672692085,0.9689350866273055
501,block1.W2,transformer_block,72.542905454275,0.9276563849539005
502,block1.W2,transformer_block,79.9403664126849,1.0089950255849223
503,block1.W2,transformer_block,83.90704489688561,1.1047021260845726
504,block1.W2,transformer_block,75.79235134867085,0.9019043623145625
505,block1.W2,transformer_block,81.28546003409215,1.0689131270059369
506,block1.W2,transformer_block,80.45219382116152,0.9242635432697732
507,block1.W2,transformer_block,75.6946161316329,0.9268324857590358
508,block1.W2,transformer_block,80.2891805069986,1.0155055032602882
509,block1.W2,transformer_block,77.1641734437407,0.9967452883054453
510,block1.W2,transformer_block,73.66317821727465,1.03334738675174
511,block1.W2,transformer_block,78.59072473865822,0.9392559663593064
512,block1.W2,transformer_block,80.21284921836533,1.0234728845797696
513,block1.W2,transformer_block,87.56323443947565,1.032180671019993
514,block1.W2,transformer_block,82.52891268984855,1.0013314760065533
515,block1.W2,transformer_block,79.56247277632902,1.0342037079579112
516,block1.W2,transformer_block,79.12927676236103,0.9581544394691213
517,block1.W2,transformer_block,82.25425547691012,1.0591822913797408
518,block1.W2,transformer_block,89.23602662879638,0.9884288744112812
519,block1.W2,transformer_block,79.35269814223004,1.1277338583533063
520,block1.W2,transformer_block,86.99477059555335,0.8796434992828785
521,block1.W2,transformer_block,80.86336719398452,1.1030767941377326
522,block1.W2,transformer_block,80.67383274497918,0.9203391896412341
523,block1.W2,transformer_block,70.83928853905334,0.8815660760409099
524,block1.W2,transformer_block,84.00777920619197,1.1246150356638018
525,block1.W2,transformer_block,84.53324540114659,0.9780877083694617
526,block1.W2,transformer_block,71.4114335622828,0.8487283982855589
527,block1.W2,transformer_block,69.48999317124793,0.9206647671858033
528,block1.W2,transformer_block,88.06990361476645,1.2738133434224759
529,block1.W2,transformer_block,93.75265904929718,0.978938726625418
530,block1.W2,transformer_block,75.8802621558049,0.9219106561679046
531,block1.W2,transformer_block,73.67861976626985,0.9389090616361171
532,block1.W2,transformer_block,73.07913622385256,0.9399564856283371
533,block1.W2,transformer_block,82.48275686457751,1.151518579073555
534,block1.W2,transformer_block,85.89554358991784,0.9363271288183861
535,block1.W2,transformer_block,77.18035767453728,0.9809836957950471
536,block1.W2,transformer_block,81.43997082947477,1.0459886302902053
537,block1.W2,transformer_block,84.69805597919591,0.9985271744185907
538,block1.W2,transformer_block,72.14136827193505,1.0769142303471688
539,block1.W2,transformer_block,83.46206569245261,0.9958984494048146
540,block1.W2,transformer_block,79.30080090197514,1.0445026657939103
541,block1.W2,transformer_block,80.23434354352231,0.9259094637740964
542,block1.W2,transformer_block,77.4220473052221,0.9536597161380694
543,block1.W2,transformer_block,78.07446025376697,1.0139915809062001
544,block1.W2,transformer_block,80.8867338262139,0.988958587557813
545,block1.W2,transformer_block,77.79753391436346,0.9491061740585052
546,block1.W2,transformer_block,80.01921166071166,1.0107809038934696
547,block1.W2,transformer_block,78.31955227784583,0.9306354046831159
548,block1.W2,transformer_block,76.06375176533757,0.98162311330044
549,block1.W2,transformer_block,77.3299099851256,0.9433829329424055
550,block1.W2,transformer_block,70.0045163614726,0.8811187026461031
551,block1.W2,transformer_block,80.53882314354624,1.1425910453503942
552,block1.W2,transformer_block,78.19625000682242,0.9175115091712392
553,block1.W2,transformer_block,76.69107915525693,1.0127971133442168
554,block1.W2,transformer_block,72.99601997991292,0.9949318478041711
555,block1.W2,transformer_block,86.7293556712514,1.1446599518442986
556,block1.W2,transformer_block,90.9520217143243,1.070424189263957
557,block1.W2,transformer_block,93.43218939200231,1.051171018142564
558,block1.W2,transformer_block,78.60849263319693,0.8633997048888238
559,block1.W2,transformer_block,65.20189996761736,0.8659279763160743
560,block1.W2,transformer_block,84.22134119467671,1.1093752384981859
561,block1.W2,transformer_block,86.09003826011408,1.0242890839814283
562,block1.W2,transformer_block,74.61555875886246,0.925579519035342
563,block1.W2,transformer_block,79.58717095071908,1.0138710867976204
564,block1.W2,transformer_block,80.77648740368578,1.0319739921277464
565,block1.W2,transformer_block,86.27926381688776,1.08683052888022
566,block1.W2,transformer_block,87.64415653198036,1.0757547252711084
567,block1.W2,transformer_block,88.60130334241883,1.0491827264841342
568,block1.W2,transformer_block,78.54088939173697,0.910209835418165
569,block1.W2,transformer_block,78.58932395205049,0.9879469084396887
570,block1.W2,transformer_block,81.51434659258265,1.0353521571664157
571,block1.W2,transformer_block,80.90989345054764,0.9837572180741089
572,block1.W2,transformer_block,87.17121343881176,1.1132391087096334
573,block1.W2,transformer_block,77.20293364873622,0.8995853929116033
574,block1.W2,transformer_block,74.19276710582393,0.8915268303091382
575,block1.W2,transformer_block,73.01096850432592,1.0092759725836953
576,block1.W2,transformer_block,79.88685890889928,1.1462183456221353
577,block1.W2,transformer_block,90.31637267645442,1.0405370746801532
578,block1.W2,transformer_block,78.55524049864052,0.9116748860877353
579,block1.W2,transformer_block,89.21079911039453,1.2247184831698568
580,block1.W2,transformer_block,92.99549949905706,1.1383051286470351
581,block1.W2,transformer_block,81.8326827154663,0.8997456155677327
582,block1.W2,transformer_block,73.06674767497574,1.0389013906213695
583,block1.W2,transformer_block,84.05648004027445,0.9934499197600317
584,block1.W2,transformer_block,84.3335539370372,1.033025411698025
585,block1.W2,transformer_block,75.31676520368819,0.9417416388197409
586,block1.W2,transformer_block,83.7193449002555,1.0818324762150233
587,block1.W2,transformer_block,88.41859995191892,1.0274343727789474
588,block1.W2,transformer_block,83.41487765347436,0.9759730023741606
589,block1.W2,transformer_block,68.00664817068633,0.8516570681880202
590,block1.W2,transformer_block,90.202515837367,1.3498503147171366
591,block1.W2,transformer_block,82.85389345646679,0.9979546830271957
592,block1.W2,transformer_block,81.92216118439791,0.972530253982289
593,block1.W2,transformer_block,78.71836438642978,1.0450361175842882
594,block1.W2,transformer_block,81.92795176380199,1.042841428327023
595,block1.W2,transformer_block,84.60156901534664,1.0390142411787624
596,block1.W2,transformer_block,84.01345639974663,1.0149282715648753
597,block1.W2,transformer_block,78.87089520201063,1.0198414367121613
598,block1.W2,transformer_block,82.22577097354392,1.1022684811313994
599,block1.W2,transformer_block,85.5112616648564,0.985203429260515
600,block1.W2,transformer_block,79.125162966678,1.006427064892853
601,block1.W2,transformer_block,76.1155969592314,1.0196430792475661
602,block1.W2,transformer_block,75.74328649206682,0.8451536966161416
603,block1.W2,transformer_block,70.49089121177008,1.0207168452401247
604,block1.W2,transformer_block,78.88609369891941,0.8963829745604306
605,block1.W2,transformer_block,77.96778408305428,1.0439056358355732
606,block1.W2,transformer_block,79.71167925088507,0.9509739904719812
607,block1.W2,transformer_block,76.79254558103105,1.0588063461880188
608,block1.W2,transformer_block,82.19125237038126,1.0551337315520206
609,block1.W2,transformer_block,84.01894923028613,1.067988800864349
610,block1.W2,transformer_block,78.8182450550076,0.9465562680538073
611,block1.W2,transformer_block,79.72215266623205,1.013775149092504
612,block1.W2,transformer_block,68.4851399270379,0.829593690652623
613,block1.W2,transformer_block,73.41465852509491,1.00219916091923
614,block1.W2,transformer_block,85.96369493709533,1.1824143387148625
615,block1.W2,transformer_block,91.71139797024465,0.9906199174564475
616,block1.W2,transformer_block,85.88494158152142,1.11427307763469
617,block1.W2,transformer_block,76.36726790417796,0.8196764799367321
618,block1.W2,transformer_block,78.74123343585055,1.0571322710757531
619,block1.W2,transformer_block,83.17259992308577,1.0438095789291681
620,block1.W2,transformer_block,76.89764946910469,0.9246635167307894
621,block1.W2,transformer_block,74.27179546909424,0.9332710988355719
622,block1.W2,transformer_block,87.21058478486485,1.1636962585805892
623,block1.W2,transformer_block,86.21142835875632,0.9575145751085195
624,block1.W2,transformer_block,77.96371967759869,1.0965603551977618
625,block1.W2,transformer_block,81.15221481557627,1.0539404941369408
626,block1.W2,transformer_block,81.69408588228828,0.9747981182136192
627,block1.W2,transformer_block,80.02877313463668,1.0381605095099764
628,block1.W2,transformer_block,83.99916677007039,1.0238204289456316
629,block1.W2,transformer_block,69.99867501083116,0.8090724976394632
630,block1.W2,transformer_block,67.9365743498769,0.9007784605455887
631,block1.W2,transformer_block,60.99899018436225,0.7590661445118976
632,block1.W2,transformer_block,65.01482140461633,0.9698552882152349
633,block1.W2,transformer_block,74.03917887422378,0.908395386817517
634,block1.W2,transformer_block,69.99795229643833,1.0647177940132364
635,block1.W2,transformer_block,78.07718193628176,0.9182213389038104
636,block1.W2,transformer_block,78.26472544962739,0.9422077448748077
637,block1.W2,transformer_block,85.35033630408145,1.0554350459395945
638,block1.W2,transformer_block,82.2482246374208,1.003472282087671
639,block1.W2,transformer_block,83.87790626576665,1.0881772544144082
640,block1.W2,transformer_block,87.23283280279851,1.0810050982107922
641,block1.W2,transformer_block,81.90642394678247,1.0259992261319748
642,block1.W2,transformer_block,83.60130826368562,1.033512220702334
643,block1.W2,transformer_block,82.08308704833922,1.0462162498653411
644,block1.W2,transformer_block,88.91499672822962,1.0934663282028068
645,block1.W2,transformer_block,82.0328298673791,0.9455701153944905
646,block1.W2,transformer_block,72.63764713376055,0.9377143277392576
647,block1.W2,transformer_block,74.49256075498485,0.9296212248792007
648,block1.W2,transformer_block,72.12475706743105,0.9439231929509393
649,block1.W2,transformer_block,85.2951582014464,1.2218728998483048
650,block1.W2,transformer_block,90.53329183837852,1.0727785168290425
651,block1.W2,transformer_block,72.19291439978127,0.8589520397254728
652,block1.W2,transformer_block,68.96696398924476,0.9490297186029668
653,block1.W2,transformer_block,79.16838082173754,1.0438697342881595
654,block1.W2,transformer_block,88.83658432386443,1.1402742679978815
655,block1.W2,transformer_block,86.0155015414825,0.9851556506752039
656,block1.W2,transformer_block,75.14386422854082,0.9621987277891457
657,block1.W2,transformer_block,85.7476525162376,1.1015535376290626
658,block1.W2,transformer_block,92.553934270673,1.1169421646808138
659,block1.W2,transformer_block,86.36417779461732,1.0617934939421674
660,block1.W2,transformer_block,83.29234511778515,1.0460971657802387
661,block1.W2,transformer_block,95.10664058239783,1.1940732942025198
662,block1.W2,transformer_block,96.69154418090679,1.2378954299459348
663,block1.W2,transformer_block,99.26063602786436,1.035942946276753
664,block1.W2,transformer_block,90.39705081002913,1.220529029202393
665,block1.W2,transformer_block,93.38682642392261,1.1124848596207757
666,block1.W2,transformer_block,91.94645632778983,1.1412068414519858
667,block1.W2,transformer_block,86.93189688740065,1.0291284567889951
668,block1.W2,transformer_block,74.99681558668182,1.0090433005579555
669,block1.W2,transformer_block,75.99729778684976,0.9142560513664889
670,block1.W2,transformer_block,80.53483781809105,0.9954666384600572
671,block1.W2,transformer_block,76.07672268638568,1.1694432617641095
672,block1.W2,transformer_block,92.255052897708,1.1624956324449125
673,block1.W2,transformer_block,87.36193183668604,1.0100383957390127
674,block1.W2,transformer_block,80.93131946906692,1.0764643716121163
675,block1.W2,transformer_block,77.76461539549764,0.9377042553983981
676,block1.W2,transformer_block,86.10542793663387,1.1329849156796732
677,block1.W2,transformer_block,97.61687598565254,1.200286905679441
678,block1.W2,transformer_block,97.65297660643205,1.093031915168787
679,block1.W2,transformer_block,89.25432156687704,1.0504916345543447
680,block1.W2,transformer_block,88.27140407445023,1.0628199667335174
681,block1.W2,transformer_block,79.52768729380469,0.9556699706711549
682,block1.W2,transformer_block,77.40537888586792,1.0348139449266456
683,block1.W2,transformer_block,80.03971295361615,0.9849485280509209
684,block1.W2,transformer_block,83.85981072870618,1.1339721264120057
685,block1.W2,transformer_block,91.14630273342726,1.0534687620311143
686,block1.W2,transformer_block,90.4040823598007,1.1279452497820661
687,block1.W2,transformer_block,88.90153038949886,1.00116927445404
688,block1.W2,transformer_block,79.07236855859105,0.9835504554569471
689,block1.W2,transformer_block,81.10434781850978,1.1158372423421954
690,block1.W2,transformer_block,94.82106544535077,1.1764333666914715
691,block1.W2,transformer_block,88.00900441344635,1.0221656102508785
692,block1.W2,transformer_block,86.25605748675653,1.114712190288933
693,block1.W2,transformer_block,82.26962532747254,1.0161976218441962
694,block1.W2,transformer_block,82.68002352443973,1.0245212672975774
695,block1.W2,transformer_block,85.71540393399484,0.969718991856108
696,block1.W2,transformer_block,86.37982215924244,1.1583900837785572
697,block1.W2,transformer_block,89.78969801106254,1.0170990578071755
698,block1.W2,transformer_block,81.63153201457908,0.9877447081107911
